[2026-07-04T04:02:31.846+0000] {processor.py:186} INFO - Started process (PID=786) to work on /opt/airflow/dags/example_distributed_3.py
[2026-07-04T04:02:31.848+0000] {processor.py:914} INFO - Processing file /opt/airflow/dags/example_distributed_3.py for tasks to queue
[2026-07-04T04:02:31.851+0000] {logging_mixin.py:190} INFO - [2026-07-04T04:02:31.851+0000] {dagbag.py:588} INFO - Filling up the DagBag from /opt/airflow/dags/example_distributed_3.py
[2026-07-04T04:02:31.873+0000] {processor.py:925} INFO - DAG(s) 'example_distributed_celery_random_sleep' retrieved from /opt/airflow/dags/example_distributed_3.py
[2026-07-04T04:02:33.995+0000] {logging_mixin.py:190} INFO - [2026-07-04T04:02:33.991+0000] {override.py:1911} INFO - Created Permission View: can edit on DAG:example_distributed_celery_random_sleep
[2026-07-04T04:02:34.074+0000] {logging_mixin.py:190} INFO - [2026-07-04T04:02:34.072+0000] {override.py:1911} INFO - Created Permission View: can delete on DAG:example_distributed_celery_random_sleep
[2026-07-04T04:02:34.136+0000] {logging_mixin.py:190} INFO - [2026-07-04T04:02:34.135+0000] {override.py:1911} INFO - Created Permission View: can read on DAG:example_distributed_celery_random_sleep
[2026-07-04T04:02:34.185+0000] {logging_mixin.py:190} INFO - [2026-07-04T04:02:34.184+0000] {override.py:1911} INFO - Created Permission View: can delete on DAG Run:example_distributed_celery_random_sleep
[2026-07-04T04:02:34.255+0000] {logging_mixin.py:190} INFO - [2026-07-04T04:02:34.253+0000] {override.py:1911} INFO - Created Permission View: can create on DAG Run:example_distributed_celery_random_sleep
[2026-07-04T04:02:34.305+0000] {logging_mixin.py:190} INFO - [2026-07-04T04:02:34.304+0000] {override.py:1911} INFO - Created Permission View: menu access on DAG Run:example_distributed_celery_random_sleep
[2026-07-04T04:02:34.369+0000] {logging_mixin.py:190} INFO - [2026-07-04T04:02:34.368+0000] {override.py:1911} INFO - Created Permission View: can read on DAG Run:example_distributed_celery_random_sleep
[2026-07-04T04:02:34.372+0000] {logging_mixin.py:190} INFO - [2026-07-04T04:02:34.371+0000] {dag.py:3239} INFO - Sync 1 DAGs
[2026-07-04T04:02:34.460+0000] {logging_mixin.py:190} INFO - [2026-07-04T04:02:34.459+0000] {dag.py:3262} INFO - Creating ORM DAG for example_distributed_celery_random_sleep
[2026-07-04T04:02:34.461+0000] {logging_mixin.py:190} INFO - [2026-07-04T04:02:34.461+0000] {dag.py:4180} INFO - Setting next_dagrun for example_distributed_celery_random_sleep to None, run_after=None
[2026-07-04T04:02:34.972+0000] {processor.py:208} INFO - Processing /opt/airflow/dags/example_distributed_3.py took 3.139 seconds
[2026-07-04T04:03:05.144+0000] {processor.py:186} INFO - Started process (PID=795) to work on /opt/airflow/dags/example_distributed_3.py
[2026-07-04T04:03:05.147+0000] {processor.py:914} INFO - Processing file /opt/airflow/dags/example_distributed_3.py for tasks to queue
[2026-07-04T04:03:05.153+0000] {logging_mixin.py:190} INFO - [2026-07-04T04:03:05.152+0000] {dagbag.py:588} INFO - Filling up the DagBag from /opt/airflow/dags/example_distributed_3.py
[2026-07-04T04:03:05.192+0000] {processor.py:925} INFO - DAG(s) 'example_distributed_celery_random_sleep' retrieved from /opt/airflow/dags/example_distributed_3.py
[2026-07-04T04:03:05.284+0000] {logging_mixin.py:190} INFO - [2026-07-04T04:03:05.284+0000] {dag.py:3239} INFO - Sync 1 DAGs
[2026-07-04T04:03:05.344+0000] {logging_mixin.py:190} INFO - [2026-07-04T04:03:05.343+0000] {dag.py:4180} INFO - Setting next_dagrun for example_distributed_celery_random_sleep to None, run_after=None
[2026-07-04T04:03:05.455+0000] {processor.py:208} INFO - Processing /opt/airflow/dags/example_distributed_3.py took 0.326 seconds
[2026-07-04T04:03:36.297+0000] {processor.py:186} INFO - Started process (PID=804) to work on /opt/airflow/dags/example_distributed_3.py
[2026-07-04T04:03:36.299+0000] {processor.py:914} INFO - Processing file /opt/airflow/dags/example_distributed_3.py for tasks to queue
[2026-07-04T04:03:36.305+0000] {logging_mixin.py:190} INFO - [2026-07-04T04:03:36.304+0000] {dagbag.py:588} INFO - Filling up the DagBag from /opt/airflow/dags/example_distributed_3.py
[2026-07-04T04:03:36.351+0000] {processor.py:925} INFO - DAG(s) 'example_distributed_celery_random_sleep' retrieved from /opt/airflow/dags/example_distributed_3.py
[2026-07-04T04:03:36.508+0000] {logging_mixin.py:190} INFO - [2026-07-04T04:03:36.507+0000] {dag.py:3239} INFO - Sync 1 DAGs
[2026-07-04T04:03:36.587+0000] {logging_mixin.py:190} INFO - [2026-07-04T04:03:36.586+0000] {dag.py:4180} INFO - Setting next_dagrun for example_distributed_celery_random_sleep to None, run_after=None
[2026-07-04T04:03:36.689+0000] {processor.py:208} INFO - Processing /opt/airflow/dags/example_distributed_3.py took 0.412 seconds
[2026-07-04T04:04:07.034+0000] {processor.py:186} INFO - Started process (PID=807) to work on /opt/airflow/dags/example_distributed_3.py
[2026-07-04T04:04:07.037+0000] {processor.py:914} INFO - Processing file /opt/airflow/dags/example_distributed_3.py for tasks to queue
[2026-07-04T04:04:07.046+0000] {logging_mixin.py:190} INFO - [2026-07-04T04:04:07.045+0000] {dagbag.py:588} INFO - Filling up the DagBag from /opt/airflow/dags/example_distributed_3.py
[2026-07-04T04:04:07.079+0000] {processor.py:925} INFO - DAG(s) 'example_distributed_celery_random_sleep' retrieved from /opt/airflow/dags/example_distributed_3.py
[2026-07-04T04:04:07.231+0000] {logging_mixin.py:190} INFO - [2026-07-04T04:04:07.230+0000] {dag.py:3239} INFO - Sync 1 DAGs
[2026-07-04T04:04:07.281+0000] {logging_mixin.py:190} INFO - [2026-07-04T04:04:07.281+0000] {dag.py:4180} INFO - Setting next_dagrun for example_distributed_celery_random_sleep to None, run_after=None
[2026-07-04T04:04:07.697+0000] {processor.py:208} INFO - Processing /opt/airflow/dags/example_distributed_3.py took 0.696 seconds
[2026-07-04T04:04:38.024+0000] {processor.py:186} INFO - Started process (PID=816) to work on /opt/airflow/dags/example_distributed_3.py
[2026-07-04T04:04:38.029+0000] {processor.py:914} INFO - Processing file /opt/airflow/dags/example_distributed_3.py for tasks to queue
[2026-07-04T04:04:38.040+0000] {logging_mixin.py:190} INFO - [2026-07-04T04:04:38.039+0000] {dagbag.py:588} INFO - Filling up the DagBag from /opt/airflow/dags/example_distributed_3.py
[2026-07-04T04:04:38.073+0000] {processor.py:925} INFO - DAG(s) 'example_distributed_celery_random_sleep' retrieved from /opt/airflow/dags/example_distributed_3.py
[2026-07-04T04:04:39.036+0000] {logging_mixin.py:190} INFO - [2026-07-04T04:04:39.035+0000] {dag.py:3239} INFO - Sync 1 DAGs
[2026-07-04T04:04:39.125+0000] {logging_mixin.py:190} INFO - [2026-07-04T04:04:39.124+0000] {dag.py:4180} INFO - Setting next_dagrun for example_distributed_celery_random_sleep to None, run_after=None
[2026-07-04T04:04:39.273+0000] {processor.py:208} INFO - Processing /opt/airflow/dags/example_distributed_3.py took 1.276 seconds
[2026-07-04T04:05:10.231+0000] {processor.py:186} INFO - Started process (PID=825) to work on /opt/airflow/dags/example_distributed_3.py
[2026-07-04T04:05:10.235+0000] {processor.py:914} INFO - Processing file /opt/airflow/dags/example_distributed_3.py for tasks to queue
[2026-07-04T04:05:10.256+0000] {logging_mixin.py:190} INFO - [2026-07-04T04:05:10.254+0000] {dagbag.py:588} INFO - Filling up the DagBag from /opt/airflow/dags/example_distributed_3.py
[2026-07-04T04:05:10.301+0000] {processor.py:925} INFO - DAG(s) 'example_distributed_celery_random_sleep' retrieved from /opt/airflow/dags/example_distributed_3.py
[2026-07-04T04:05:10.455+0000] {logging_mixin.py:190} INFO - [2026-07-04T04:05:10.455+0000] {dag.py:3239} INFO - Sync 1 DAGs
[2026-07-04T04:05:10.531+0000] {logging_mixin.py:190} INFO - [2026-07-04T04:05:10.531+0000] {dag.py:4180} INFO - Setting next_dagrun for example_distributed_celery_random_sleep to None, run_after=None
[2026-07-04T04:05:10.651+0000] {processor.py:208} INFO - Processing /opt/airflow/dags/example_distributed_3.py took 0.449 seconds
[2026-07-04T04:05:40.834+0000] {processor.py:186} INFO - Started process (PID=833) to work on /opt/airflow/dags/example_distributed_3.py
[2026-07-04T04:05:40.840+0000] {processor.py:914} INFO - Processing file /opt/airflow/dags/example_distributed_3.py for tasks to queue
[2026-07-04T04:05:40.863+0000] {logging_mixin.py:190} INFO - [2026-07-04T04:05:40.860+0000] {dagbag.py:588} INFO - Filling up the DagBag from /opt/airflow/dags/example_distributed_3.py
[2026-07-04T04:05:40.967+0000] {processor.py:925} INFO - DAG(s) 'example_distributed_celery_random_sleep' retrieved from /opt/airflow/dags/example_distributed_3.py
[2026-07-04T04:05:41.342+0000] {logging_mixin.py:190} INFO - [2026-07-04T04:05:41.340+0000] {dag.py:3239} INFO - Sync 1 DAGs
[2026-07-04T04:05:41.420+0000] {logging_mixin.py:190} INFO - [2026-07-04T04:05:41.411+0000] {dag.py:4180} INFO - Setting next_dagrun for example_distributed_celery_random_sleep to None, run_after=None
[2026-07-04T04:05:41.505+0000] {processor.py:208} INFO - Processing /opt/airflow/dags/example_distributed_3.py took 0.711 seconds
[2026-07-04T04:06:11.643+0000] {processor.py:186} INFO - Started process (PID=836) to work on /opt/airflow/dags/example_distributed_3.py
[2026-07-04T04:06:11.650+0000] {processor.py:914} INFO - Processing file /opt/airflow/dags/example_distributed_3.py for tasks to queue
[2026-07-04T04:06:11.663+0000] {logging_mixin.py:190} INFO - [2026-07-04T04:06:11.661+0000] {dagbag.py:588} INFO - Filling up the DagBag from /opt/airflow/dags/example_distributed_3.py
[2026-07-04T04:06:11.725+0000] {processor.py:925} INFO - DAG(s) 'example_distributed_celery_random_sleep' retrieved from /opt/airflow/dags/example_distributed_3.py
[2026-07-04T04:06:11.870+0000] {logging_mixin.py:190} INFO - [2026-07-04T04:06:11.869+0000] {dag.py:3239} INFO - Sync 1 DAGs
[2026-07-04T04:06:11.936+0000] {logging_mixin.py:190} INFO - [2026-07-04T04:06:11.936+0000] {dag.py:4180} INFO - Setting next_dagrun for example_distributed_celery_random_sleep to None, run_after=None
[2026-07-04T04:06:12.037+0000] {processor.py:208} INFO - Processing /opt/airflow/dags/example_distributed_3.py took 0.433 seconds
[2026-07-04T04:06:42.274+0000] {processor.py:186} INFO - Started process (PID=846) to work on /opt/airflow/dags/example_distributed_3.py
[2026-07-04T04:06:42.277+0000] {processor.py:914} INFO - Processing file /opt/airflow/dags/example_distributed_3.py for tasks to queue
[2026-07-04T04:06:42.291+0000] {logging_mixin.py:190} INFO - [2026-07-04T04:06:42.290+0000] {dagbag.py:588} INFO - Filling up the DagBag from /opt/airflow/dags/example_distributed_3.py
[2026-07-04T04:06:42.317+0000] {processor.py:925} INFO - DAG(s) 'example_distributed_celery_random_sleep' retrieved from /opt/airflow/dags/example_distributed_3.py
[2026-07-04T04:06:42.403+0000] {logging_mixin.py:190} INFO - [2026-07-04T04:06:42.403+0000] {dag.py:3239} INFO - Sync 1 DAGs
[2026-07-04T04:06:42.438+0000] {logging_mixin.py:190} INFO - [2026-07-04T04:06:42.437+0000] {dag.py:4180} INFO - Setting next_dagrun for example_distributed_celery_random_sleep to None, run_after=None
[2026-07-04T04:06:42.500+0000] {processor.py:208} INFO - Processing /opt/airflow/dags/example_distributed_3.py took 0.237 seconds
[2026-07-04T04:07:12.950+0000] {processor.py:186} INFO - Started process (PID=855) to work on /opt/airflow/dags/example_distributed_3.py
[2026-07-04T04:07:12.952+0000] {processor.py:914} INFO - Processing file /opt/airflow/dags/example_distributed_3.py for tasks to queue
[2026-07-04T04:07:12.958+0000] {logging_mixin.py:190} INFO - [2026-07-04T04:07:12.956+0000] {dagbag.py:588} INFO - Filling up the DagBag from /opt/airflow/dags/example_distributed_3.py
[2026-07-04T04:07:12.982+0000] {processor.py:925} INFO - DAG(s) 'example_distributed_celery_random_sleep' retrieved from /opt/airflow/dags/example_distributed_3.py
[2026-07-04T04:07:13.048+0000] {logging_mixin.py:190} INFO - [2026-07-04T04:07:13.047+0000] {dag.py:3239} INFO - Sync 1 DAGs
[2026-07-04T04:07:13.072+0000] {logging_mixin.py:190} INFO - [2026-07-04T04:07:13.072+0000] {dag.py:4180} INFO - Setting next_dagrun for example_distributed_celery_random_sleep to None, run_after=None
[2026-07-04T04:07:13.207+0000] {processor.py:208} INFO - Processing /opt/airflow/dags/example_distributed_3.py took 0.267 seconds
[2026-07-04T04:07:43.626+0000] {processor.py:186} INFO - Started process (PID=866) to work on /opt/airflow/dags/example_distributed_3.py
[2026-07-04T04:07:43.630+0000] {processor.py:914} INFO - Processing file /opt/airflow/dags/example_distributed_3.py for tasks to queue
[2026-07-04T04:07:43.636+0000] {logging_mixin.py:190} INFO - [2026-07-04T04:07:43.635+0000] {dagbag.py:588} INFO - Filling up the DagBag from /opt/airflow/dags/example_distributed_3.py
[2026-07-04T04:07:43.670+0000] {processor.py:925} INFO - DAG(s) 'example_distributed_celery_random_sleep' retrieved from /opt/airflow/dags/example_distributed_3.py
[2026-07-04T04:07:43.766+0000] {logging_mixin.py:190} INFO - [2026-07-04T04:07:43.765+0000] {dag.py:3239} INFO - Sync 1 DAGs
[2026-07-04T04:07:43.813+0000] {logging_mixin.py:190} INFO - [2026-07-04T04:07:43.811+0000] {dag.py:4180} INFO - Setting next_dagrun for example_distributed_celery_random_sleep to None, run_after=None
[2026-07-04T04:07:43.963+0000] {processor.py:208} INFO - Processing /opt/airflow/dags/example_distributed_3.py took 0.352 seconds
[2026-07-04T04:08:14.035+0000] {processor.py:186} INFO - Started process (PID=876) to work on /opt/airflow/dags/example_distributed_3.py
[2026-07-04T04:08:14.043+0000] {processor.py:914} INFO - Processing file /opt/airflow/dags/example_distributed_3.py for tasks to queue
[2026-07-04T04:08:14.053+0000] {logging_mixin.py:190} INFO - [2026-07-04T04:08:14.050+0000] {dagbag.py:588} INFO - Filling up the DagBag from /opt/airflow/dags/example_distributed_3.py
[2026-07-04T04:08:14.101+0000] {processor.py:925} INFO - DAG(s) 'example_distributed_celery_random_sleep' retrieved from /opt/airflow/dags/example_distributed_3.py
[2026-07-04T04:08:14.266+0000] {logging_mixin.py:190} INFO - [2026-07-04T04:08:14.265+0000] {dag.py:3239} INFO - Sync 1 DAGs
[2026-07-04T04:08:14.309+0000] {logging_mixin.py:190} INFO - [2026-07-04T04:08:14.308+0000] {dag.py:4180} INFO - Setting next_dagrun for example_distributed_celery_random_sleep to None, run_after=None
[2026-07-04T04:08:14.397+0000] {processor.py:208} INFO - Processing /opt/airflow/dags/example_distributed_3.py took 0.384 seconds
[2026-07-04T04:08:45.087+0000] {processor.py:186} INFO - Started process (PID=880) to work on /opt/airflow/dags/example_distributed_3.py
[2026-07-04T04:08:45.092+0000] {processor.py:914} INFO - Processing file /opt/airflow/dags/example_distributed_3.py for tasks to queue
[2026-07-04T04:08:45.101+0000] {logging_mixin.py:190} INFO - [2026-07-04T04:08:45.100+0000] {dagbag.py:588} INFO - Filling up the DagBag from /opt/airflow/dags/example_distributed_3.py
[2026-07-04T04:08:45.153+0000] {processor.py:925} INFO - DAG(s) 'example_distributed_celery_random_sleep' retrieved from /opt/airflow/dags/example_distributed_3.py
[2026-07-04T04:08:45.281+0000] {logging_mixin.py:190} INFO - [2026-07-04T04:08:45.280+0000] {dag.py:3239} INFO - Sync 1 DAGs
[2026-07-04T04:08:45.345+0000] {logging_mixin.py:190} INFO - [2026-07-04T04:08:45.344+0000] {dag.py:4180} INFO - Setting next_dagrun for example_distributed_celery_random_sleep to None, run_after=None
[2026-07-04T04:08:45.445+0000] {processor.py:208} INFO - Processing /opt/airflow/dags/example_distributed_3.py took 0.374 seconds
[2026-07-04T04:09:16.985+0000] {processor.py:186} INFO - Started process (PID=889) to work on /opt/airflow/dags/example_distributed_3.py
[2026-07-04T04:09:16.988+0000] {processor.py:914} INFO - Processing file /opt/airflow/dags/example_distributed_3.py for tasks to queue
[2026-07-04T04:09:16.992+0000] {logging_mixin.py:190} INFO - [2026-07-04T04:09:16.991+0000] {dagbag.py:588} INFO - Filling up the DagBag from /opt/airflow/dags/example_distributed_3.py
[2026-07-04T04:09:17.024+0000] {processor.py:925} INFO - DAG(s) 'example_distributed_celery_random_sleep' retrieved from /opt/airflow/dags/example_distributed_3.py
[2026-07-04T04:09:17.137+0000] {logging_mixin.py:190} INFO - [2026-07-04T04:09:17.136+0000] {dag.py:3239} INFO - Sync 1 DAGs
[2026-07-04T04:09:17.181+0000] {logging_mixin.py:190} INFO - [2026-07-04T04:09:17.180+0000] {dag.py:4180} INFO - Setting next_dagrun for example_distributed_celery_random_sleep to None, run_after=None
[2026-07-04T04:09:17.228+0000] {processor.py:208} INFO - Processing /opt/airflow/dags/example_distributed_3.py took 0.256 seconds
[2026-07-04T04:09:47.933+0000] {processor.py:186} INFO - Started process (PID=898) to work on /opt/airflow/dags/example_distributed_3.py
[2026-07-04T04:09:47.934+0000] {processor.py:914} INFO - Processing file /opt/airflow/dags/example_distributed_3.py for tasks to queue
[2026-07-04T04:09:47.941+0000] {logging_mixin.py:190} INFO - [2026-07-04T04:09:47.940+0000] {dagbag.py:588} INFO - Filling up the DagBag from /opt/airflow/dags/example_distributed_3.py
[2026-07-04T04:09:47.972+0000] {processor.py:925} INFO - DAG(s) 'example_distributed_celery_random_sleep' retrieved from /opt/airflow/dags/example_distributed_3.py
[2026-07-04T04:09:48.091+0000] {logging_mixin.py:190} INFO - [2026-07-04T04:09:48.090+0000] {dag.py:3239} INFO - Sync 1 DAGs
[2026-07-04T04:09:48.128+0000] {logging_mixin.py:190} INFO - [2026-07-04T04:09:48.127+0000] {dag.py:4180} INFO - Setting next_dagrun for example_distributed_celery_random_sleep to None, run_after=None
[2026-07-04T04:09:48.178+0000] {processor.py:208} INFO - Processing /opt/airflow/dags/example_distributed_3.py took 0.268 seconds
[2026-07-04T04:10:19.108+0000] {processor.py:186} INFO - Started process (PID=908) to work on /opt/airflow/dags/example_distributed_3.py
[2026-07-04T04:10:19.111+0000] {processor.py:914} INFO - Processing file /opt/airflow/dags/example_distributed_3.py for tasks to queue
[2026-07-04T04:10:19.120+0000] {logging_mixin.py:190} INFO - [2026-07-04T04:10:19.119+0000] {dagbag.py:588} INFO - Filling up the DagBag from /opt/airflow/dags/example_distributed_3.py
[2026-07-04T04:10:19.169+0000] {processor.py:925} INFO - DAG(s) 'example_distributed_celery_random_sleep' retrieved from /opt/airflow/dags/example_distributed_3.py
[2026-07-04T04:10:19.285+0000] {logging_mixin.py:190} INFO - [2026-07-04T04:10:19.284+0000] {dag.py:3239} INFO - Sync 1 DAGs
[2026-07-04T04:10:19.335+0000] {logging_mixin.py:190} INFO - [2026-07-04T04:10:19.334+0000] {dag.py:4180} INFO - Setting next_dagrun for example_distributed_celery_random_sleep to None, run_after=None
[2026-07-04T04:10:19.398+0000] {processor.py:208} INFO - Processing /opt/airflow/dags/example_distributed_3.py took 0.309 seconds
[2026-07-04T04:10:50.121+0000] {processor.py:186} INFO - Started process (PID=918) to work on /opt/airflow/dags/example_distributed_3.py
[2026-07-04T04:10:50.122+0000] {processor.py:914} INFO - Processing file /opt/airflow/dags/example_distributed_3.py for tasks to queue
[2026-07-04T04:10:50.126+0000] {logging_mixin.py:190} INFO - [2026-07-04T04:10:50.125+0000] {dagbag.py:588} INFO - Filling up the DagBag from /opt/airflow/dags/example_distributed_3.py
[2026-07-04T04:10:50.139+0000] {processor.py:925} INFO - DAG(s) 'example_distributed_celery_random_sleep' retrieved from /opt/airflow/dags/example_distributed_3.py
[2026-07-04T04:10:50.180+0000] {logging_mixin.py:190} INFO - [2026-07-04T04:10:50.179+0000] {dag.py:3239} INFO - Sync 1 DAGs
[2026-07-04T04:10:50.196+0000] {logging_mixin.py:190} INFO - [2026-07-04T04:10:50.196+0000] {dag.py:4180} INFO - Setting next_dagrun for example_distributed_celery_random_sleep to None, run_after=None
[2026-07-04T04:10:50.227+0000] {processor.py:208} INFO - Processing /opt/airflow/dags/example_distributed_3.py took 0.113 seconds
[2026-07-04T04:11:20.317+0000] {processor.py:186} INFO - Started process (PID=928) to work on /opt/airflow/dags/example_distributed_3.py
[2026-07-04T04:11:20.321+0000] {processor.py:914} INFO - Processing file /opt/airflow/dags/example_distributed_3.py for tasks to queue
[2026-07-04T04:11:20.331+0000] {logging_mixin.py:190} INFO - [2026-07-04T04:11:20.328+0000] {dagbag.py:588} INFO - Filling up the DagBag from /opt/airflow/dags/example_distributed_3.py
[2026-07-04T04:11:20.371+0000] {processor.py:925} INFO - DAG(s) 'example_distributed_celery_random_sleep' retrieved from /opt/airflow/dags/example_distributed_3.py
[2026-07-04T04:11:20.488+0000] {logging_mixin.py:190} INFO - [2026-07-04T04:11:20.488+0000] {dag.py:3239} INFO - Sync 1 DAGs
[2026-07-04T04:11:20.541+0000] {logging_mixin.py:190} INFO - [2026-07-04T04:11:20.540+0000] {dag.py:4180} INFO - Setting next_dagrun for example_distributed_celery_random_sleep to None, run_after=None
[2026-07-04T04:11:20.605+0000] {processor.py:208} INFO - Processing /opt/airflow/dags/example_distributed_3.py took 0.306 seconds
[2026-07-04T04:11:51.835+0000] {processor.py:186} INFO - Started process (PID=941) to work on /opt/airflow/dags/example_distributed_3.py
[2026-07-04T04:11:52.974+0000] {processor.py:914} INFO - Processing file /opt/airflow/dags/example_distributed_3.py for tasks to queue
[2026-07-04T04:11:53.686+0000] {logging_mixin.py:190} INFO - [2026-07-04T04:11:53.686+0000] {dagbag.py:588} INFO - Filling up the DagBag from /opt/airflow/dags/example_distributed_3.py
[2026-07-04T04:12:02.690+0000] {processor.py:925} INFO - DAG(s) 'example_distributed_celery_random_sleep' retrieved from /opt/airflow/dags/example_distributed_3.py
[2026-07-04T04:12:02.868+0000] {logging_mixin.py:190} INFO - [2026-07-04T04:12:02.868+0000] {dag.py:3239} INFO - Sync 1 DAGs
[2026-07-04T04:12:02.926+0000] {logging_mixin.py:190} INFO - [2026-07-04T04:12:02.925+0000] {dag.py:4180} INFO - Setting next_dagrun for example_distributed_celery_random_sleep to None, run_after=None
[2026-07-04T04:12:03.135+0000] {processor.py:208} INFO - Processing /opt/airflow/dags/example_distributed_3.py took 11.466 seconds
[2026-07-04T04:12:33.467+0000] {processor.py:186} INFO - Started process (PID=950) to work on /opt/airflow/dags/example_distributed_3.py
[2026-07-04T04:12:33.484+0000] {processor.py:914} INFO - Processing file /opt/airflow/dags/example_distributed_3.py for tasks to queue
[2026-07-04T04:12:33.493+0000] {logging_mixin.py:190} INFO - [2026-07-04T04:12:33.492+0000] {dagbag.py:588} INFO - Filling up the DagBag from /opt/airflow/dags/example_distributed_3.py
[2026-07-04T04:12:33.511+0000] {processor.py:925} INFO - DAG(s) 'example_distributed_celery_random_sleep' retrieved from /opt/airflow/dags/example_distributed_3.py
[2026-07-04T04:12:33.699+0000] {logging_mixin.py:190} INFO - [2026-07-04T04:12:33.698+0000] {dag.py:3239} INFO - Sync 1 DAGs
[2026-07-04T04:12:33.749+0000] {logging_mixin.py:190} INFO - [2026-07-04T04:12:33.748+0000] {dag.py:4180} INFO - Setting next_dagrun for example_distributed_celery_random_sleep to None, run_after=None
[2026-07-04T04:12:34.161+0000] {processor.py:208} INFO - Processing /opt/airflow/dags/example_distributed_3.py took 0.709 seconds
[2026-07-04T04:13:04.893+0000] {processor.py:186} INFO - Started process (PID=954) to work on /opt/airflow/dags/example_distributed_3.py
[2026-07-04T04:13:04.896+0000] {processor.py:914} INFO - Processing file /opt/airflow/dags/example_distributed_3.py for tasks to queue
[2026-07-04T04:13:04.907+0000] {logging_mixin.py:190} INFO - [2026-07-04T04:13:04.906+0000] {dagbag.py:588} INFO - Filling up the DagBag from /opt/airflow/dags/example_distributed_3.py
[2026-07-04T04:13:04.941+0000] {processor.py:925} INFO - DAG(s) 'example_distributed_celery_random_sleep' retrieved from /opt/airflow/dags/example_distributed_3.py
[2026-07-04T04:13:05.106+0000] {logging_mixin.py:190} INFO - [2026-07-04T04:13:05.106+0000] {dag.py:3239} INFO - Sync 1 DAGs
[2026-07-04T04:13:05.164+0000] {logging_mixin.py:190} INFO - [2026-07-04T04:13:05.163+0000] {dag.py:4180} INFO - Setting next_dagrun for example_distributed_celery_random_sleep to None, run_after=None
[2026-07-04T04:13:05.348+0000] {processor.py:208} INFO - Processing /opt/airflow/dags/example_distributed_3.py took 0.474 seconds
[2026-07-04T04:13:36.067+0000] {processor.py:186} INFO - Started process (PID=964) to work on /opt/airflow/dags/example_distributed_3.py
[2026-07-04T04:13:36.097+0000] {processor.py:914} INFO - Processing file /opt/airflow/dags/example_distributed_3.py for tasks to queue
[2026-07-04T04:13:36.102+0000] {logging_mixin.py:190} INFO - [2026-07-04T04:13:36.101+0000] {dagbag.py:588} INFO - Filling up the DagBag from /opt/airflow/dags/example_distributed_3.py
[2026-07-04T04:13:36.118+0000] {processor.py:925} INFO - DAG(s) 'example_distributed_celery_random_sleep' retrieved from /opt/airflow/dags/example_distributed_3.py
[2026-07-04T04:13:36.166+0000] {logging_mixin.py:190} INFO - [2026-07-04T04:13:36.166+0000] {dag.py:3239} INFO - Sync 1 DAGs
[2026-07-04T04:13:36.189+0000] {logging_mixin.py:190} INFO - [2026-07-04T04:13:36.188+0000] {dag.py:4180} INFO - Setting next_dagrun for example_distributed_celery_random_sleep to None, run_after=None
[2026-07-04T04:13:36.260+0000] {processor.py:208} INFO - Processing /opt/airflow/dags/example_distributed_3.py took 0.205 seconds
[2026-07-04T04:14:07.120+0000] {processor.py:186} INFO - Started process (PID=974) to work on /opt/airflow/dags/example_distributed_3.py
[2026-07-04T04:14:07.123+0000] {processor.py:914} INFO - Processing file /opt/airflow/dags/example_distributed_3.py for tasks to queue
[2026-07-04T04:14:07.132+0000] {logging_mixin.py:190} INFO - [2026-07-04T04:14:07.131+0000] {dagbag.py:588} INFO - Filling up the DagBag from /opt/airflow/dags/example_distributed_3.py
[2026-07-04T04:14:07.160+0000] {processor.py:925} INFO - DAG(s) 'example_distributed_celery_random_sleep' retrieved from /opt/airflow/dags/example_distributed_3.py
[2026-07-04T04:14:07.252+0000] {logging_mixin.py:190} INFO - [2026-07-04T04:14:07.252+0000] {dag.py:3239} INFO - Sync 1 DAGs
[2026-07-04T04:14:07.279+0000] {logging_mixin.py:190} INFO - [2026-07-04T04:14:07.278+0000] {dag.py:4180} INFO - Setting next_dagrun for example_distributed_celery_random_sleep to None, run_after=None
[2026-07-04T04:14:07.426+0000] {processor.py:208} INFO - Processing /opt/airflow/dags/example_distributed_3.py took 0.318 seconds
[2026-07-04T04:14:37.492+0000] {processor.py:186} INFO - Started process (PID=983) to work on /opt/airflow/dags/example_distributed_3.py
[2026-07-04T04:14:37.494+0000] {processor.py:914} INFO - Processing file /opt/airflow/dags/example_distributed_3.py for tasks to queue
[2026-07-04T04:14:37.501+0000] {logging_mixin.py:190} INFO - [2026-07-04T04:14:37.500+0000] {dagbag.py:588} INFO - Filling up the DagBag from /opt/airflow/dags/example_distributed_3.py
[2026-07-04T04:14:37.523+0000] {processor.py:925} INFO - DAG(s) 'example_distributed_celery_random_sleep' retrieved from /opt/airflow/dags/example_distributed_3.py
[2026-07-04T04:14:37.572+0000] {logging_mixin.py:190} INFO - [2026-07-04T04:14:37.571+0000] {dag.py:3239} INFO - Sync 1 DAGs
[2026-07-04T04:14:37.593+0000] {logging_mixin.py:190} INFO - [2026-07-04T04:14:37.592+0000] {dag.py:4180} INFO - Setting next_dagrun for example_distributed_celery_random_sleep to None, run_after=None
[2026-07-04T04:14:37.676+0000] {processor.py:208} INFO - Processing /opt/airflow/dags/example_distributed_3.py took 0.197 seconds
[2026-07-04T04:15:07.769+0000] {processor.py:186} INFO - Started process (PID=993) to work on /opt/airflow/dags/example_distributed_3.py
[2026-07-04T04:15:07.773+0000] {processor.py:914} INFO - Processing file /opt/airflow/dags/example_distributed_3.py for tasks to queue
[2026-07-04T04:15:07.781+0000] {logging_mixin.py:190} INFO - [2026-07-04T04:15:07.781+0000] {dagbag.py:588} INFO - Filling up the DagBag from /opt/airflow/dags/example_distributed_3.py
[2026-07-04T04:15:07.809+0000] {processor.py:925} INFO - DAG(s) 'example_distributed_celery_random_sleep' retrieved from /opt/airflow/dags/example_distributed_3.py
[2026-07-04T04:15:07.907+0000] {logging_mixin.py:190} INFO - [2026-07-04T04:15:07.907+0000] {dag.py:3239} INFO - Sync 1 DAGs
[2026-07-04T04:15:07.970+0000] {logging_mixin.py:190} INFO - [2026-07-04T04:15:07.969+0000] {dag.py:4180} INFO - Setting next_dagrun for example_distributed_celery_random_sleep to None, run_after=None
[2026-07-04T04:15:08.088+0000] {processor.py:208} INFO - Processing /opt/airflow/dags/example_distributed_3.py took 0.338 seconds
[2026-07-04T04:15:39.129+0000] {processor.py:186} INFO - Started process (PID=1003) to work on /opt/airflow/dags/example_distributed_3.py
[2026-07-04T04:15:39.171+0000] {processor.py:914} INFO - Processing file /opt/airflow/dags/example_distributed_3.py for tasks to queue
[2026-07-04T04:15:39.181+0000] {logging_mixin.py:190} INFO - [2026-07-04T04:15:39.180+0000] {dagbag.py:588} INFO - Filling up the DagBag from /opt/airflow/dags/example_distributed_3.py
[2026-07-04T04:15:39.213+0000] {processor.py:925} INFO - DAG(s) 'example_distributed_celery_random_sleep' retrieved from /opt/airflow/dags/example_distributed_3.py
[2026-07-04T04:15:39.315+0000] {logging_mixin.py:190} INFO - [2026-07-04T04:15:39.314+0000] {dag.py:3239} INFO - Sync 1 DAGs
[2026-07-04T04:15:39.357+0000] {logging_mixin.py:190} INFO - [2026-07-04T04:15:39.357+0000] {dag.py:4180} INFO - Setting next_dagrun for example_distributed_celery_random_sleep to None, run_after=None
[2026-07-04T04:15:39.444+0000] {processor.py:208} INFO - Processing /opt/airflow/dags/example_distributed_3.py took 0.334 seconds
[2026-07-04T04:16:10.355+0000] {processor.py:186} INFO - Started process (PID=1012) to work on /opt/airflow/dags/example_distributed_3.py
[2026-07-04T04:16:10.359+0000] {processor.py:914} INFO - Processing file /opt/airflow/dags/example_distributed_3.py for tasks to queue
[2026-07-04T04:16:10.367+0000] {logging_mixin.py:190} INFO - [2026-07-04T04:16:10.367+0000] {dagbag.py:588} INFO - Filling up the DagBag from /opt/airflow/dags/example_distributed_3.py
[2026-07-04T04:16:10.409+0000] {processor.py:925} INFO - DAG(s) 'example_distributed_celery_random_sleep' retrieved from /opt/airflow/dags/example_distributed_3.py
[2026-07-04T04:16:10.513+0000] {logging_mixin.py:190} INFO - [2026-07-04T04:16:10.513+0000] {dag.py:3239} INFO - Sync 1 DAGs
[2026-07-04T04:16:10.566+0000] {logging_mixin.py:190} INFO - [2026-07-04T04:16:10.566+0000] {dag.py:4180} INFO - Setting next_dagrun for example_distributed_celery_random_sleep to None, run_after=None
[2026-07-04T04:16:10.665+0000] {processor.py:208} INFO - Processing /opt/airflow/dags/example_distributed_3.py took 0.328 seconds
[2026-07-04T04:16:41.486+0000] {processor.py:186} INFO - Started process (PID=1016) to work on /opt/airflow/dags/example_distributed_3.py
[2026-07-04T04:16:41.489+0000] {processor.py:914} INFO - Processing file /opt/airflow/dags/example_distributed_3.py for tasks to queue
[2026-07-04T04:16:41.495+0000] {logging_mixin.py:190} INFO - [2026-07-04T04:16:41.494+0000] {dagbag.py:588} INFO - Filling up the DagBag from /opt/airflow/dags/example_distributed_3.py
[2026-07-04T04:16:41.535+0000] {processor.py:925} INFO - DAG(s) 'example_distributed_celery_random_sleep' retrieved from /opt/airflow/dags/example_distributed_3.py
[2026-07-04T04:16:41.628+0000] {logging_mixin.py:190} INFO - [2026-07-04T04:16:41.627+0000] {dag.py:3239} INFO - Sync 1 DAGs
[2026-07-04T04:16:41.673+0000] {logging_mixin.py:190} INFO - [2026-07-04T04:16:41.672+0000] {dag.py:4180} INFO - Setting next_dagrun for example_distributed_celery_random_sleep to None, run_after=None
[2026-07-04T04:16:41.732+0000] {processor.py:208} INFO - Processing /opt/airflow/dags/example_distributed_3.py took 0.266 seconds
[2026-07-04T04:17:13.073+0000] {processor.py:186} INFO - Started process (PID=1026) to work on /opt/airflow/dags/example_distributed_3.py
[2026-07-04T04:17:13.076+0000] {processor.py:914} INFO - Processing file /opt/airflow/dags/example_distributed_3.py for tasks to queue
[2026-07-04T04:17:13.081+0000] {logging_mixin.py:190} INFO - [2026-07-04T04:17:13.080+0000] {dagbag.py:588} INFO - Filling up the DagBag from /opt/airflow/dags/example_distributed_3.py
[2026-07-04T04:17:13.113+0000] {processor.py:925} INFO - DAG(s) 'example_distributed_celery_random_sleep' retrieved from /opt/airflow/dags/example_distributed_3.py
[2026-07-04T04:17:13.188+0000] {logging_mixin.py:190} INFO - [2026-07-04T04:17:13.187+0000] {dag.py:3239} INFO - Sync 1 DAGs
[2026-07-04T04:17:13.219+0000] {logging_mixin.py:190} INFO - [2026-07-04T04:17:13.218+0000] {dag.py:4180} INFO - Setting next_dagrun for example_distributed_celery_random_sleep to None, run_after=None
[2026-07-04T04:17:13.260+0000] {processor.py:208} INFO - Processing /opt/airflow/dags/example_distributed_3.py took 0.201 seconds
[2026-07-04T04:17:44.064+0000] {processor.py:186} INFO - Started process (PID=1036) to work on /opt/airflow/dags/example_distributed_3.py
[2026-07-04T04:17:44.067+0000] {processor.py:914} INFO - Processing file /opt/airflow/dags/example_distributed_3.py for tasks to queue
[2026-07-04T04:17:44.076+0000] {logging_mixin.py:190} INFO - [2026-07-04T04:17:44.076+0000] {dagbag.py:588} INFO - Filling up the DagBag from /opt/airflow/dags/example_distributed_3.py
[2026-07-04T04:17:44.114+0000] {processor.py:925} INFO - DAG(s) 'example_distributed_celery_random_sleep' retrieved from /opt/airflow/dags/example_distributed_3.py
[2026-07-04T04:17:44.209+0000] {logging_mixin.py:190} INFO - [2026-07-04T04:17:44.208+0000] {dag.py:3239} INFO - Sync 1 DAGs
[2026-07-04T04:17:44.287+0000] {logging_mixin.py:190} INFO - [2026-07-04T04:17:44.287+0000] {dag.py:4180} INFO - Setting next_dagrun for example_distributed_celery_random_sleep to None, run_after=None
[2026-07-04T04:17:44.479+0000] {processor.py:208} INFO - Processing /opt/airflow/dags/example_distributed_3.py took 0.435 seconds
[2026-07-04T04:18:15.355+0000] {processor.py:186} INFO - Started process (PID=1046) to work on /opt/airflow/dags/example_distributed_3.py
[2026-07-04T04:18:15.357+0000] {processor.py:914} INFO - Processing file /opt/airflow/dags/example_distributed_3.py for tasks to queue
[2026-07-04T04:18:15.360+0000] {logging_mixin.py:190} INFO - [2026-07-04T04:18:15.360+0000] {dagbag.py:588} INFO - Filling up the DagBag from /opt/airflow/dags/example_distributed_3.py
[2026-07-04T04:18:15.381+0000] {processor.py:925} INFO - DAG(s) 'example_distributed_celery_random_sleep' retrieved from /opt/airflow/dags/example_distributed_3.py
[2026-07-04T04:18:15.460+0000] {logging_mixin.py:190} INFO - [2026-07-04T04:18:15.459+0000] {dag.py:3239} INFO - Sync 1 DAGs
[2026-07-04T04:18:15.489+0000] {logging_mixin.py:190} INFO - [2026-07-04T04:18:15.489+0000] {dag.py:4180} INFO - Setting next_dagrun for example_distributed_celery_random_sleep to None, run_after=None
[2026-07-04T04:18:15.524+0000] {processor.py:208} INFO - Processing /opt/airflow/dags/example_distributed_3.py took 0.177 seconds
[2026-07-04T04:18:46.160+0000] {processor.py:186} INFO - Started process (PID=1056) to work on /opt/airflow/dags/example_distributed_3.py
[2026-07-04T04:18:46.161+0000] {processor.py:914} INFO - Processing file /opt/airflow/dags/example_distributed_3.py for tasks to queue
[2026-07-04T04:18:46.165+0000] {logging_mixin.py:190} INFO - [2026-07-04T04:18:46.164+0000] {dagbag.py:588} INFO - Filling up the DagBag from /opt/airflow/dags/example_distributed_3.py
[2026-07-04T04:18:46.186+0000] {processor.py:925} INFO - DAG(s) 'example_distributed_celery_random_sleep' retrieved from /opt/airflow/dags/example_distributed_3.py
[2026-07-04T04:18:46.241+0000] {logging_mixin.py:190} INFO - [2026-07-04T04:18:46.240+0000] {dag.py:3239} INFO - Sync 1 DAGs
[2026-07-04T04:18:46.262+0000] {logging_mixin.py:190} INFO - [2026-07-04T04:18:46.262+0000] {dag.py:4180} INFO - Setting next_dagrun for example_distributed_celery_random_sleep to None, run_after=None
[2026-07-04T04:18:46.298+0000] {processor.py:208} INFO - Processing /opt/airflow/dags/example_distributed_3.py took 0.148 seconds
[2026-07-04T04:19:16.990+0000] {processor.py:186} INFO - Started process (PID=1067) to work on /opt/airflow/dags/example_distributed_3.py
[2026-07-04T04:19:16.991+0000] {processor.py:914} INFO - Processing file /opt/airflow/dags/example_distributed_3.py for tasks to queue
[2026-07-04T04:19:16.995+0000] {logging_mixin.py:190} INFO - [2026-07-04T04:19:16.995+0000] {dagbag.py:588} INFO - Filling up the DagBag from /opt/airflow/dags/example_distributed_3.py
[2026-07-04T04:19:17.011+0000] {processor.py:925} INFO - DAG(s) 'example_distributed_celery_random_sleep' retrieved from /opt/airflow/dags/example_distributed_3.py
[2026-07-04T04:19:17.065+0000] {logging_mixin.py:190} INFO - [2026-07-04T04:19:17.064+0000] {dag.py:3239} INFO - Sync 1 DAGs
[2026-07-04T04:19:17.086+0000] {logging_mixin.py:190} INFO - [2026-07-04T04:19:17.085+0000] {dag.py:4180} INFO - Setting next_dagrun for example_distributed_celery_random_sleep to None, run_after=None
[2026-07-04T04:19:17.121+0000] {processor.py:208} INFO - Processing /opt/airflow/dags/example_distributed_3.py took 0.142 seconds
[2026-07-04T04:19:47.390+0000] {processor.py:186} INFO - Started process (PID=1077) to work on /opt/airflow/dags/example_distributed_3.py
[2026-07-04T04:19:47.391+0000] {processor.py:914} INFO - Processing file /opt/airflow/dags/example_distributed_3.py for tasks to queue
[2026-07-04T04:19:47.395+0000] {logging_mixin.py:190} INFO - [2026-07-04T04:19:47.394+0000] {dagbag.py:588} INFO - Filling up the DagBag from /opt/airflow/dags/example_distributed_3.py
[2026-07-04T04:19:47.416+0000] {processor.py:925} INFO - DAG(s) 'example_distributed_celery_random_sleep' retrieved from /opt/airflow/dags/example_distributed_3.py
[2026-07-04T04:19:47.477+0000] {logging_mixin.py:190} INFO - [2026-07-04T04:19:47.476+0000] {dag.py:3239} INFO - Sync 1 DAGs
[2026-07-04T04:19:47.501+0000] {logging_mixin.py:190} INFO - [2026-07-04T04:19:47.500+0000] {dag.py:4180} INFO - Setting next_dagrun for example_distributed_celery_random_sleep to None, run_after=None
[2026-07-04T04:19:47.534+0000] {processor.py:208} INFO - Processing /opt/airflow/dags/example_distributed_3.py took 0.156 seconds
[2026-07-04T04:20:18.172+0000] {processor.py:186} INFO - Started process (PID=1086) to work on /opt/airflow/dags/example_distributed_3.py
[2026-07-04T04:20:18.174+0000] {processor.py:914} INFO - Processing file /opt/airflow/dags/example_distributed_3.py for tasks to queue
[2026-07-04T04:20:18.178+0000] {logging_mixin.py:190} INFO - [2026-07-04T04:20:18.178+0000] {dagbag.py:588} INFO - Filling up the DagBag from /opt/airflow/dags/example_distributed_3.py
[2026-07-04T04:20:18.194+0000] {processor.py:925} INFO - DAG(s) 'example_distributed_celery_random_sleep' retrieved from /opt/airflow/dags/example_distributed_3.py
[2026-07-04T04:20:18.238+0000] {logging_mixin.py:190} INFO - [2026-07-04T04:20:18.238+0000] {dag.py:3239} INFO - Sync 1 DAGs
[2026-07-04T04:20:18.259+0000] {logging_mixin.py:190} INFO - [2026-07-04T04:20:18.259+0000] {dag.py:4180} INFO - Setting next_dagrun for example_distributed_celery_random_sleep to None, run_after=None
[2026-07-04T04:20:18.363+0000] {processor.py:208} INFO - Processing /opt/airflow/dags/example_distributed_3.py took 0.202 seconds
[2026-07-04T04:20:48.909+0000] {processor.py:186} INFO - Started process (PID=1090) to work on /opt/airflow/dags/example_distributed_3.py
[2026-07-04T04:20:48.911+0000] {processor.py:914} INFO - Processing file /opt/airflow/dags/example_distributed_3.py for tasks to queue
[2026-07-04T04:20:48.916+0000] {logging_mixin.py:190} INFO - [2026-07-04T04:20:48.915+0000] {dagbag.py:588} INFO - Filling up the DagBag from /opt/airflow/dags/example_distributed_3.py
[2026-07-04T04:20:48.933+0000] {processor.py:925} INFO - DAG(s) 'example_distributed_celery_random_sleep' retrieved from /opt/airflow/dags/example_distributed_3.py
[2026-07-04T04:20:48.985+0000] {logging_mixin.py:190} INFO - [2026-07-04T04:20:48.985+0000] {dag.py:3239} INFO - Sync 1 DAGs
[2026-07-04T04:20:49.008+0000] {logging_mixin.py:190} INFO - [2026-07-04T04:20:49.007+0000] {dag.py:4180} INFO - Setting next_dagrun for example_distributed_celery_random_sleep to None, run_after=None
[2026-07-04T04:20:49.042+0000] {processor.py:208} INFO - Processing /opt/airflow/dags/example_distributed_3.py took 0.141 seconds
[2026-07-04T04:21:19.886+0000] {processor.py:186} INFO - Started process (PID=1101) to work on /opt/airflow/dags/example_distributed_3.py
[2026-07-04T04:21:19.928+0000] {processor.py:914} INFO - Processing file /opt/airflow/dags/example_distributed_3.py for tasks to queue
[2026-07-04T04:21:19.933+0000] {logging_mixin.py:190} INFO - [2026-07-04T04:21:19.933+0000] {dagbag.py:588} INFO - Filling up the DagBag from /opt/airflow/dags/example_distributed_3.py
[2026-07-04T04:21:19.953+0000] {processor.py:925} INFO - DAG(s) 'example_distributed_celery_random_sleep' retrieved from /opt/airflow/dags/example_distributed_3.py
[2026-07-04T04:21:20.005+0000] {logging_mixin.py:190} INFO - [2026-07-04T04:21:20.004+0000] {dag.py:3239} INFO - Sync 1 DAGs
[2026-07-04T04:21:20.028+0000] {logging_mixin.py:190} INFO - [2026-07-04T04:21:20.028+0000] {dag.py:4180} INFO - Setting next_dagrun for example_distributed_celery_random_sleep to None, run_after=None
[2026-07-04T04:21:20.073+0000] {processor.py:208} INFO - Processing /opt/airflow/dags/example_distributed_3.py took 0.198 seconds
[2026-07-04T04:21:50.281+0000] {processor.py:186} INFO - Started process (PID=1111) to work on /opt/airflow/dags/example_distributed_3.py
[2026-07-04T04:21:50.286+0000] {processor.py:914} INFO - Processing file /opt/airflow/dags/example_distributed_3.py for tasks to queue
[2026-07-04T04:21:50.302+0000] {logging_mixin.py:190} INFO - [2026-07-04T04:21:50.301+0000] {dagbag.py:588} INFO - Filling up the DagBag from /opt/airflow/dags/example_distributed_3.py
[2026-07-04T04:21:50.345+0000] {processor.py:925} INFO - DAG(s) 'example_distributed_celery_random_sleep' retrieved from /opt/airflow/dags/example_distributed_3.py
[2026-07-04T04:21:50.477+0000] {logging_mixin.py:190} INFO - [2026-07-04T04:21:50.476+0000] {dag.py:3239} INFO - Sync 1 DAGs
[2026-07-04T04:21:50.535+0000] {logging_mixin.py:190} INFO - [2026-07-04T04:21:50.534+0000] {dag.py:4180} INFO - Setting next_dagrun for example_distributed_celery_random_sleep to None, run_after=None
[2026-07-04T04:21:50.593+0000] {processor.py:208} INFO - Processing /opt/airflow/dags/example_distributed_3.py took 0.333 seconds
[2026-07-04T04:22:20.830+0000] {processor.py:186} INFO - Started process (PID=1122) to work on /opt/airflow/dags/example_distributed_3.py
[2026-07-04T04:22:20.841+0000] {processor.py:914} INFO - Processing file /opt/airflow/dags/example_distributed_3.py for tasks to queue
[2026-07-04T04:22:20.902+0000] {logging_mixin.py:190} INFO - [2026-07-04T04:22:20.886+0000] {dagbag.py:588} INFO - Filling up the DagBag from /opt/airflow/dags/example_distributed_3.py
[2026-07-04T04:22:21.094+0000] {processor.py:925} INFO - DAG(s) 'example_distributed_celery_random_sleep' retrieved from /opt/airflow/dags/example_distributed_3.py
[2026-07-04T04:22:21.667+0000] {logging_mixin.py:190} INFO - [2026-07-04T04:22:21.665+0000] {dag.py:3239} INFO - Sync 1 DAGs
[2026-07-04T04:22:21.733+0000] {logging_mixin.py:190} INFO - [2026-07-04T04:22:21.733+0000] {dag.py:4180} INFO - Setting next_dagrun for example_distributed_celery_random_sleep to None, run_after=None
[2026-07-04T04:22:21.846+0000] {processor.py:208} INFO - Processing /opt/airflow/dags/example_distributed_3.py took 1.057 seconds
[2026-07-04T04:22:52.132+0000] {processor.py:186} INFO - Started process (PID=1132) to work on /opt/airflow/dags/example_distributed_3.py
[2026-07-04T04:22:52.136+0000] {processor.py:914} INFO - Processing file /opt/airflow/dags/example_distributed_3.py for tasks to queue
[2026-07-04T04:22:52.147+0000] {logging_mixin.py:190} INFO - [2026-07-04T04:22:52.145+0000] {dagbag.py:588} INFO - Filling up the DagBag from /opt/airflow/dags/example_distributed_3.py
[2026-07-04T04:22:52.184+0000] {processor.py:925} INFO - DAG(s) 'example_distributed_celery_random_sleep' retrieved from /opt/airflow/dags/example_distributed_3.py
[2026-07-04T04:22:52.295+0000] {logging_mixin.py:190} INFO - [2026-07-04T04:22:52.295+0000] {dag.py:3239} INFO - Sync 1 DAGs
[2026-07-04T04:22:52.341+0000] {logging_mixin.py:190} INFO - [2026-07-04T04:22:52.340+0000] {dag.py:4180} INFO - Setting next_dagrun for example_distributed_celery_random_sleep to None, run_after=None
[2026-07-04T04:22:52.396+0000] {processor.py:208} INFO - Processing /opt/airflow/dags/example_distributed_3.py took 0.303 seconds
[2026-07-04T04:23:23.172+0000] {processor.py:186} INFO - Started process (PID=1141) to work on /opt/airflow/dags/example_distributed_3.py
[2026-07-04T04:23:23.264+0000] {processor.py:914} INFO - Processing file /opt/airflow/dags/example_distributed_3.py for tasks to queue
[2026-07-04T04:23:23.272+0000] {logging_mixin.py:190} INFO - [2026-07-04T04:23:23.271+0000] {dagbag.py:588} INFO - Filling up the DagBag from /opt/airflow/dags/example_distributed_3.py
[2026-07-04T04:23:23.320+0000] {processor.py:925} INFO - DAG(s) 'example_distributed_celery_random_sleep' retrieved from /opt/airflow/dags/example_distributed_3.py
[2026-07-04T04:23:23.440+0000] {logging_mixin.py:190} INFO - [2026-07-04T04:23:23.439+0000] {dag.py:3239} INFO - Sync 1 DAGs
[2026-07-04T04:23:23.495+0000] {logging_mixin.py:190} INFO - [2026-07-04T04:23:23.494+0000] {dag.py:4180} INFO - Setting next_dagrun for example_distributed_celery_random_sleep to None, run_after=None
[2026-07-04T04:23:23.588+0000] {processor.py:208} INFO - Processing /opt/airflow/dags/example_distributed_3.py took 0.435 seconds
[2026-07-04T04:23:54.139+0000] {processor.py:186} INFO - Started process (PID=1145) to work on /opt/airflow/dags/example_distributed_3.py
[2026-07-04T04:23:54.144+0000] {processor.py:914} INFO - Processing file /opt/airflow/dags/example_distributed_3.py for tasks to queue
[2026-07-04T04:23:54.152+0000] {logging_mixin.py:190} INFO - [2026-07-04T04:23:54.151+0000] {dagbag.py:588} INFO - Filling up the DagBag from /opt/airflow/dags/example_distributed_3.py
[2026-07-04T04:23:54.189+0000] {processor.py:925} INFO - DAG(s) 'example_distributed_celery_random_sleep' retrieved from /opt/airflow/dags/example_distributed_3.py
[2026-07-04T04:23:54.287+0000] {logging_mixin.py:190} INFO - [2026-07-04T04:23:54.287+0000] {dag.py:3239} INFO - Sync 1 DAGs
[2026-07-04T04:23:54.324+0000] {logging_mixin.py:190} INFO - [2026-07-04T04:23:54.323+0000] {dag.py:4180} INFO - Setting next_dagrun for example_distributed_celery_random_sleep to None, run_after=None
[2026-07-04T04:23:54.394+0000] {processor.py:208} INFO - Processing /opt/airflow/dags/example_distributed_3.py took 0.274 seconds
[2026-07-04T04:24:25.158+0000] {processor.py:186} INFO - Started process (PID=1156) to work on /opt/airflow/dags/example_distributed_3.py
[2026-07-04T04:24:25.160+0000] {processor.py:914} INFO - Processing file /opt/airflow/dags/example_distributed_3.py for tasks to queue
[2026-07-04T04:24:25.169+0000] {logging_mixin.py:190} INFO - [2026-07-04T04:24:25.168+0000] {dagbag.py:588} INFO - Filling up the DagBag from /opt/airflow/dags/example_distributed_3.py
[2026-07-04T04:24:25.200+0000] {processor.py:925} INFO - DAG(s) 'example_distributed_celery_random_sleep' retrieved from /opt/airflow/dags/example_distributed_3.py
[2026-07-04T04:24:25.287+0000] {logging_mixin.py:190} INFO - [2026-07-04T04:24:25.287+0000] {dag.py:3239} INFO - Sync 1 DAGs
[2026-07-04T04:24:25.328+0000] {logging_mixin.py:190} INFO - [2026-07-04T04:24:25.327+0000] {dag.py:4180} INFO - Setting next_dagrun for example_distributed_celery_random_sleep to None, run_after=None
[2026-07-04T04:24:25.381+0000] {processor.py:208} INFO - Processing /opt/airflow/dags/example_distributed_3.py took 0.233 seconds
[2026-07-04T04:24:55.628+0000] {processor.py:186} INFO - Started process (PID=1166) to work on /opt/airflow/dags/example_distributed_3.py
[2026-07-04T04:24:55.631+0000] {processor.py:914} INFO - Processing file /opt/airflow/dags/example_distributed_3.py for tasks to queue
[2026-07-04T04:24:55.639+0000] {logging_mixin.py:190} INFO - [2026-07-04T04:24:55.638+0000] {dagbag.py:588} INFO - Filling up the DagBag from /opt/airflow/dags/example_distributed_3.py
[2026-07-04T04:24:55.676+0000] {processor.py:925} INFO - DAG(s) 'example_distributed_celery_random_sleep' retrieved from /opt/airflow/dags/example_distributed_3.py
[2026-07-04T04:24:55.790+0000] {logging_mixin.py:190} INFO - [2026-07-04T04:24:55.789+0000] {dag.py:3239} INFO - Sync 1 DAGs
[2026-07-04T04:24:55.846+0000] {logging_mixin.py:190} INFO - [2026-07-04T04:24:55.845+0000] {dag.py:4180} INFO - Setting next_dagrun for example_distributed_celery_random_sleep to None, run_after=None
[2026-07-04T04:24:55.930+0000] {processor.py:208} INFO - Processing /opt/airflow/dags/example_distributed_3.py took 0.319 seconds
[2026-07-04T04:25:26.195+0000] {processor.py:186} INFO - Started process (PID=1176) to work on /opt/airflow/dags/example_distributed_3.py
[2026-07-04T04:25:26.199+0000] {processor.py:914} INFO - Processing file /opt/airflow/dags/example_distributed_3.py for tasks to queue
[2026-07-04T04:25:26.209+0000] {logging_mixin.py:190} INFO - [2026-07-04T04:25:26.207+0000] {dagbag.py:588} INFO - Filling up the DagBag from /opt/airflow/dags/example_distributed_3.py
[2026-07-04T04:25:26.261+0000] {processor.py:925} INFO - DAG(s) 'example_distributed_celery_random_sleep' retrieved from /opt/airflow/dags/example_distributed_3.py
[2026-07-04T04:25:26.373+0000] {logging_mixin.py:190} INFO - [2026-07-04T04:25:26.371+0000] {dag.py:3239} INFO - Sync 1 DAGs
[2026-07-04T04:25:26.428+0000] {logging_mixin.py:190} INFO - [2026-07-04T04:25:26.428+0000] {dag.py:4180} INFO - Setting next_dagrun for example_distributed_celery_random_sleep to None, run_after=None
[2026-07-04T04:25:26.485+0000] {processor.py:208} INFO - Processing /opt/airflow/dags/example_distributed_3.py took 0.308 seconds
[2026-07-04T04:25:57.312+0000] {processor.py:186} INFO - Started process (PID=1186) to work on /opt/airflow/dags/example_distributed_3.py
[2026-07-04T04:25:57.317+0000] {processor.py:914} INFO - Processing file /opt/airflow/dags/example_distributed_3.py for tasks to queue
[2026-07-04T04:25:57.328+0000] {logging_mixin.py:190} INFO - [2026-07-04T04:25:57.327+0000] {dagbag.py:588} INFO - Filling up the DagBag from /opt/airflow/dags/example_distributed_3.py
[2026-07-04T04:25:57.364+0000] {processor.py:925} INFO - DAG(s) 'example_distributed_celery_random_sleep' retrieved from /opt/airflow/dags/example_distributed_3.py
[2026-07-04T04:25:57.483+0000] {logging_mixin.py:190} INFO - [2026-07-04T04:25:57.482+0000] {dag.py:3239} INFO - Sync 1 DAGs
[2026-07-04T04:25:57.529+0000] {logging_mixin.py:190} INFO - [2026-07-04T04:25:57.524+0000] {dag.py:4180} INFO - Setting next_dagrun for example_distributed_celery_random_sleep to None, run_after=None
[2026-07-04T04:25:57.601+0000] {processor.py:208} INFO - Processing /opt/airflow/dags/example_distributed_3.py took 0.321 seconds
[2026-07-04T04:26:28.414+0000] {processor.py:186} INFO - Started process (PID=1195) to work on /opt/airflow/dags/example_distributed_3.py
[2026-07-04T04:26:28.419+0000] {processor.py:914} INFO - Processing file /opt/airflow/dags/example_distributed_3.py for tasks to queue
[2026-07-04T04:26:28.428+0000] {logging_mixin.py:190} INFO - [2026-07-04T04:26:28.427+0000] {dagbag.py:588} INFO - Filling up the DagBag from /opt/airflow/dags/example_distributed_3.py
[2026-07-04T04:26:28.478+0000] {processor.py:925} INFO - DAG(s) 'example_distributed_celery_random_sleep' retrieved from /opt/airflow/dags/example_distributed_3.py
[2026-07-04T04:26:28.589+0000] {logging_mixin.py:190} INFO - [2026-07-04T04:26:28.588+0000] {dag.py:3239} INFO - Sync 1 DAGs
[2026-07-04T04:26:28.637+0000] {logging_mixin.py:190} INFO - [2026-07-04T04:26:28.636+0000] {dag.py:4180} INFO - Setting next_dagrun for example_distributed_celery_random_sleep to None, run_after=None
[2026-07-04T04:26:28.705+0000] {processor.py:208} INFO - Processing /opt/airflow/dags/example_distributed_3.py took 0.309 seconds
[2026-07-04T04:26:58.871+0000] {processor.py:186} INFO - Started process (PID=1199) to work on /opt/airflow/dags/example_distributed_3.py
[2026-07-04T04:26:58.877+0000] {processor.py:914} INFO - Processing file /opt/airflow/dags/example_distributed_3.py for tasks to queue
[2026-07-04T04:26:58.887+0000] {logging_mixin.py:190} INFO - [2026-07-04T04:26:58.886+0000] {dagbag.py:588} INFO - Filling up the DagBag from /opt/airflow/dags/example_distributed_3.py
[2026-07-04T04:26:58.929+0000] {processor.py:925} INFO - DAG(s) 'example_distributed_celery_random_sleep' retrieved from /opt/airflow/dags/example_distributed_3.py
[2026-07-04T04:26:59.021+0000] {logging_mixin.py:190} INFO - [2026-07-04T04:26:59.020+0000] {dag.py:3239} INFO - Sync 1 DAGs
[2026-07-04T04:26:59.102+0000] {logging_mixin.py:190} INFO - [2026-07-04T04:26:59.102+0000] {dag.py:4180} INFO - Setting next_dagrun for example_distributed_celery_random_sleep to None, run_after=None
[2026-07-04T04:26:59.175+0000] {processor.py:208} INFO - Processing /opt/airflow/dags/example_distributed_3.py took 0.317 seconds
[2026-07-04T04:27:29.848+0000] {processor.py:186} INFO - Started process (PID=1208) to work on /opt/airflow/dags/example_distributed_3.py
[2026-07-04T04:27:29.852+0000] {processor.py:914} INFO - Processing file /opt/airflow/dags/example_distributed_3.py for tasks to queue
[2026-07-04T04:27:29.861+0000] {logging_mixin.py:190} INFO - [2026-07-04T04:27:29.861+0000] {dagbag.py:588} INFO - Filling up the DagBag from /opt/airflow/dags/example_distributed_3.py
[2026-07-04T04:27:29.902+0000] {processor.py:925} INFO - DAG(s) 'example_distributed_celery_random_sleep' retrieved from /opt/airflow/dags/example_distributed_3.py
[2026-07-04T04:27:30.008+0000] {logging_mixin.py:190} INFO - [2026-07-04T04:27:30.007+0000] {dag.py:3239} INFO - Sync 1 DAGs
[2026-07-04T04:27:30.065+0000] {logging_mixin.py:190} INFO - [2026-07-04T04:27:30.064+0000] {dag.py:4180} INFO - Setting next_dagrun for example_distributed_celery_random_sleep to None, run_after=None
[2026-07-04T04:27:30.133+0000] {processor.py:208} INFO - Processing /opt/airflow/dags/example_distributed_3.py took 0.310 seconds
[2026-07-04T04:28:00.369+0000] {processor.py:186} INFO - Started process (PID=1218) to work on /opt/airflow/dags/example_distributed_3.py
[2026-07-04T04:28:00.373+0000] {processor.py:914} INFO - Processing file /opt/airflow/dags/example_distributed_3.py for tasks to queue
[2026-07-04T04:28:00.385+0000] {logging_mixin.py:190} INFO - [2026-07-04T04:28:00.384+0000] {dagbag.py:588} INFO - Filling up the DagBag from /opt/airflow/dags/example_distributed_3.py
[2026-07-04T04:28:00.432+0000] {processor.py:925} INFO - DAG(s) 'example_distributed_celery_random_sleep' retrieved from /opt/airflow/dags/example_distributed_3.py
[2026-07-04T04:28:00.541+0000] {logging_mixin.py:190} INFO - [2026-07-04T04:28:00.540+0000] {dag.py:3239} INFO - Sync 1 DAGs
[2026-07-04T04:28:00.582+0000] {logging_mixin.py:190} INFO - [2026-07-04T04:28:00.581+0000] {dag.py:4180} INFO - Setting next_dagrun for example_distributed_celery_random_sleep to None, run_after=None
[2026-07-04T04:28:00.650+0000] {processor.py:208} INFO - Processing /opt/airflow/dags/example_distributed_3.py took 0.298 seconds
[2026-07-04T04:28:30.731+0000] {processor.py:186} INFO - Started process (PID=1229) to work on /opt/airflow/dags/example_distributed_3.py
[2026-07-04T04:28:30.733+0000] {processor.py:914} INFO - Processing file /opt/airflow/dags/example_distributed_3.py for tasks to queue
[2026-07-04T04:28:30.740+0000] {logging_mixin.py:190} INFO - [2026-07-04T04:28:30.739+0000] {dagbag.py:588} INFO - Filling up the DagBag from /opt/airflow/dags/example_distributed_3.py
[2026-07-04T04:28:30.782+0000] {processor.py:925} INFO - DAG(s) 'example_distributed_celery_random_sleep' retrieved from /opt/airflow/dags/example_distributed_3.py
[2026-07-04T04:28:30.867+0000] {logging_mixin.py:190} INFO - [2026-07-04T04:28:30.866+0000] {dag.py:3239} INFO - Sync 1 DAGs
[2026-07-04T04:28:30.907+0000] {logging_mixin.py:190} INFO - [2026-07-04T04:28:30.906+0000] {dag.py:4180} INFO - Setting next_dagrun for example_distributed_celery_random_sleep to None, run_after=None
[2026-07-04T04:28:30.965+0000] {processor.py:208} INFO - Processing /opt/airflow/dags/example_distributed_3.py took 0.253 seconds
[2026-07-04T04:29:01.623+0000] {processor.py:186} INFO - Started process (PID=1239) to work on /opt/airflow/dags/example_distributed_3.py
[2026-07-04T04:29:01.629+0000] {processor.py:914} INFO - Processing file /opt/airflow/dags/example_distributed_3.py for tasks to queue
[2026-07-04T04:29:01.636+0000] {logging_mixin.py:190} INFO - [2026-07-04T04:29:01.635+0000] {dagbag.py:588} INFO - Filling up the DagBag from /opt/airflow/dags/example_distributed_3.py
[2026-07-04T04:29:01.667+0000] {processor.py:925} INFO - DAG(s) 'example_distributed_celery_random_sleep' retrieved from /opt/airflow/dags/example_distributed_3.py
[2026-07-04T04:29:01.772+0000] {logging_mixin.py:190} INFO - [2026-07-04T04:29:01.771+0000] {dag.py:3239} INFO - Sync 1 DAGs
[2026-07-04T04:29:01.805+0000] {logging_mixin.py:190} INFO - [2026-07-04T04:29:01.804+0000] {dag.py:4180} INFO - Setting next_dagrun for example_distributed_celery_random_sleep to None, run_after=None
[2026-07-04T04:29:01.872+0000] {processor.py:208} INFO - Processing /opt/airflow/dags/example_distributed_3.py took 0.280 seconds
[2026-07-04T04:29:32.584+0000] {processor.py:186} INFO - Started process (PID=1243) to work on /opt/airflow/dags/example_distributed_3.py
[2026-07-04T04:29:32.587+0000] {processor.py:914} INFO - Processing file /opt/airflow/dags/example_distributed_3.py for tasks to queue
[2026-07-04T04:29:32.598+0000] {logging_mixin.py:190} INFO - [2026-07-04T04:29:32.597+0000] {dagbag.py:588} INFO - Filling up the DagBag from /opt/airflow/dags/example_distributed_3.py
[2026-07-04T04:29:32.638+0000] {processor.py:925} INFO - DAG(s) 'example_distributed_celery_random_sleep' retrieved from /opt/airflow/dags/example_distributed_3.py
[2026-07-04T04:29:32.732+0000] {logging_mixin.py:190} INFO - [2026-07-04T04:29:32.731+0000] {dag.py:3239} INFO - Sync 1 DAGs
[2026-07-04T04:29:32.778+0000] {logging_mixin.py:190} INFO - [2026-07-04T04:29:32.778+0000] {dag.py:4180} INFO - Setting next_dagrun for example_distributed_celery_random_sleep to None, run_after=None
[2026-07-04T04:29:32.822+0000] {processor.py:208} INFO - Processing /opt/airflow/dags/example_distributed_3.py took 0.255 seconds
[2026-07-04T04:30:03.129+0000] {processor.py:186} INFO - Started process (PID=1253) to work on /opt/airflow/dags/example_distributed_3.py
[2026-07-04T04:30:03.132+0000] {processor.py:914} INFO - Processing file /opt/airflow/dags/example_distributed_3.py for tasks to queue
[2026-07-04T04:30:03.139+0000] {logging_mixin.py:190} INFO - [2026-07-04T04:30:03.139+0000] {dagbag.py:588} INFO - Filling up the DagBag from /opt/airflow/dags/example_distributed_3.py
[2026-07-04T04:30:03.163+0000] {processor.py:925} INFO - DAG(s) 'example_distributed_celery_random_sleep' retrieved from /opt/airflow/dags/example_distributed_3.py
[2026-07-04T04:30:03.271+0000] {logging_mixin.py:190} INFO - [2026-07-04T04:30:03.271+0000] {dag.py:3239} INFO - Sync 1 DAGs
[2026-07-04T04:30:03.305+0000] {logging_mixin.py:190} INFO - [2026-07-04T04:30:03.304+0000] {dag.py:4180} INFO - Setting next_dagrun for example_distributed_celery_random_sleep to None, run_after=None
[2026-07-04T04:30:03.377+0000] {processor.py:208} INFO - Processing /opt/airflow/dags/example_distributed_3.py took 0.260 seconds
[2026-07-04T04:30:33.455+0000] {processor.py:186} INFO - Started process (PID=1263) to work on /opt/airflow/dags/example_distributed_3.py
[2026-07-04T04:30:33.551+0000] {processor.py:914} INFO - Processing file /opt/airflow/dags/example_distributed_3.py for tasks to queue
[2026-07-04T04:30:33.556+0000] {logging_mixin.py:190} INFO - [2026-07-04T04:30:33.555+0000] {dagbag.py:588} INFO - Filling up the DagBag from /opt/airflow/dags/example_distributed_3.py
[2026-07-04T04:30:33.570+0000] {processor.py:925} INFO - DAG(s) 'example_distributed_celery_random_sleep' retrieved from /opt/airflow/dags/example_distributed_3.py
[2026-07-04T04:30:33.637+0000] {logging_mixin.py:190} INFO - [2026-07-04T04:30:33.636+0000] {dag.py:3239} INFO - Sync 1 DAGs
[2026-07-04T04:30:33.656+0000] {logging_mixin.py:190} INFO - [2026-07-04T04:30:33.655+0000] {dag.py:4180} INFO - Setting next_dagrun for example_distributed_celery_random_sleep to None, run_after=None
[2026-07-04T04:30:33.697+0000] {processor.py:208} INFO - Processing /opt/airflow/dags/example_distributed_3.py took 0.250 seconds
[2026-07-04T04:31:04.119+0000] {processor.py:186} INFO - Started process (PID=1273) to work on /opt/airflow/dags/example_distributed_3.py
[2026-07-04T04:31:04.121+0000] {processor.py:914} INFO - Processing file /opt/airflow/dags/example_distributed_3.py for tasks to queue
[2026-07-04T04:31:04.126+0000] {logging_mixin.py:190} INFO - [2026-07-04T04:31:04.126+0000] {dagbag.py:588} INFO - Filling up the DagBag from /opt/airflow/dags/example_distributed_3.py
[2026-07-04T04:31:04.158+0000] {processor.py:925} INFO - DAG(s) 'example_distributed_celery_random_sleep' retrieved from /opt/airflow/dags/example_distributed_3.py
[2026-07-04T04:31:04.235+0000] {logging_mixin.py:190} INFO - [2026-07-04T04:31:04.235+0000] {dag.py:3239} INFO - Sync 1 DAGs
[2026-07-04T04:31:04.268+0000] {logging_mixin.py:190} INFO - [2026-07-04T04:31:04.268+0000] {dag.py:4180} INFO - Setting next_dagrun for example_distributed_celery_random_sleep to None, run_after=None
[2026-07-04T04:31:04.307+0000] {processor.py:208} INFO - Processing /opt/airflow/dags/example_distributed_3.py took 0.205 seconds
[2026-07-04T04:31:34.695+0000] {processor.py:186} INFO - Started process (PID=1283) to work on /opt/airflow/dags/example_distributed_3.py
[2026-07-04T04:31:34.788+0000] {processor.py:914} INFO - Processing file /opt/airflow/dags/example_distributed_3.py for tasks to queue
[2026-07-04T04:31:34.792+0000] {logging_mixin.py:190} INFO - [2026-07-04T04:31:34.791+0000] {dagbag.py:588} INFO - Filling up the DagBag from /opt/airflow/dags/example_distributed_3.py
[2026-07-04T04:31:34.807+0000] {processor.py:925} INFO - DAG(s) 'example_distributed_celery_random_sleep' retrieved from /opt/airflow/dags/example_distributed_3.py
[2026-07-04T04:31:34.896+0000] {logging_mixin.py:190} INFO - [2026-07-04T04:31:34.896+0000] {dag.py:3239} INFO - Sync 1 DAGs
[2026-07-04T04:31:34.924+0000] {logging_mixin.py:190} INFO - [2026-07-04T04:31:34.923+0000] {dag.py:4180} INFO - Setting next_dagrun for example_distributed_celery_random_sleep to None, run_after=None
[2026-07-04T04:31:34.974+0000] {processor.py:208} INFO - Processing /opt/airflow/dags/example_distributed_3.py took 0.287 seconds
[2026-07-04T04:32:05.344+0000] {processor.py:186} INFO - Started process (PID=1293) to work on /opt/airflow/dags/example_distributed_3.py
[2026-07-04T04:32:05.348+0000] {processor.py:914} INFO - Processing file /opt/airflow/dags/example_distributed_3.py for tasks to queue
[2026-07-04T04:32:05.352+0000] {logging_mixin.py:190} INFO - [2026-07-04T04:32:05.351+0000] {dagbag.py:588} INFO - Filling up the DagBag from /opt/airflow/dags/example_distributed_3.py
[2026-07-04T04:32:05.379+0000] {processor.py:925} INFO - DAG(s) 'example_distributed_celery_random_sleep' retrieved from /opt/airflow/dags/example_distributed_3.py
[2026-07-04T04:32:05.479+0000] {logging_mixin.py:190} INFO - [2026-07-04T04:32:05.479+0000] {dag.py:3239} INFO - Sync 1 DAGs
[2026-07-04T04:32:05.516+0000] {logging_mixin.py:190} INFO - [2026-07-04T04:32:05.516+0000] {dag.py:4180} INFO - Setting next_dagrun for example_distributed_celery_random_sleep to None, run_after=None
[2026-07-04T04:32:05.581+0000] {processor.py:208} INFO - Processing /opt/airflow/dags/example_distributed_3.py took 0.257 seconds
[2026-07-04T04:32:36.216+0000] {processor.py:186} INFO - Started process (PID=1303) to work on /opt/airflow/dags/example_distributed_3.py
[2026-07-04T04:32:36.221+0000] {processor.py:914} INFO - Processing file /opt/airflow/dags/example_distributed_3.py for tasks to queue
[2026-07-04T04:32:36.227+0000] {logging_mixin.py:190} INFO - [2026-07-04T04:32:36.226+0000] {dagbag.py:588} INFO - Filling up the DagBag from /opt/airflow/dags/example_distributed_3.py
[2026-07-04T04:32:36.330+0000] {processor.py:925} INFO - DAG(s) 'example_distributed_celery_random_sleep' retrieved from /opt/airflow/dags/example_distributed_3.py
[2026-07-04T04:32:36.449+0000] {logging_mixin.py:190} INFO - [2026-07-04T04:32:36.448+0000] {dag.py:3239} INFO - Sync 1 DAGs
[2026-07-04T04:32:36.499+0000] {logging_mixin.py:190} INFO - [2026-07-04T04:32:36.498+0000] {dag.py:4180} INFO - Setting next_dagrun for example_distributed_celery_random_sleep to None, run_after=None
[2026-07-04T04:32:36.560+0000] {processor.py:208} INFO - Processing /opt/airflow/dags/example_distributed_3.py took 0.362 seconds
[2026-07-04T04:33:07.028+0000] {processor.py:186} INFO - Started process (PID=1307) to work on /opt/airflow/dags/example_distributed_3.py
[2026-07-04T04:33:07.031+0000] {processor.py:914} INFO - Processing file /opt/airflow/dags/example_distributed_3.py for tasks to queue
[2026-07-04T04:33:07.040+0000] {logging_mixin.py:190} INFO - [2026-07-04T04:33:07.039+0000] {dagbag.py:588} INFO - Filling up the DagBag from /opt/airflow/dags/example_distributed_3.py
[2026-07-04T04:33:07.082+0000] {processor.py:925} INFO - DAG(s) 'example_distributed_celery_random_sleep' retrieved from /opt/airflow/dags/example_distributed_3.py
[2026-07-04T04:33:07.200+0000] {logging_mixin.py:190} INFO - [2026-07-04T04:33:07.199+0000] {dag.py:3239} INFO - Sync 1 DAGs
[2026-07-04T04:33:07.245+0000] {logging_mixin.py:190} INFO - [2026-07-04T04:33:07.244+0000] {dag.py:4180} INFO - Setting next_dagrun for example_distributed_celery_random_sleep to None, run_after=None
[2026-07-04T04:33:07.288+0000] {processor.py:208} INFO - Processing /opt/airflow/dags/example_distributed_3.py took 0.278 seconds
[2026-07-04T04:33:38.065+0000] {processor.py:186} INFO - Started process (PID=1318) to work on /opt/airflow/dags/example_distributed_3.py
[2026-07-04T04:33:38.101+0000] {processor.py:914} INFO - Processing file /opt/airflow/dags/example_distributed_3.py for tasks to queue
[2026-07-04T04:33:38.129+0000] {logging_mixin.py:190} INFO - [2026-07-04T04:33:38.128+0000] {dagbag.py:588} INFO - Filling up the DagBag from /opt/airflow/dags/example_distributed_3.py
[2026-07-04T04:33:38.176+0000] {processor.py:925} INFO - DAG(s) 'example_distributed_celery_random_sleep' retrieved from /opt/airflow/dags/example_distributed_3.py
[2026-07-04T04:33:38.394+0000] {logging_mixin.py:190} INFO - [2026-07-04T04:33:38.393+0000] {dag.py:3239} INFO - Sync 1 DAGs
[2026-07-04T04:33:38.482+0000] {logging_mixin.py:190} INFO - [2026-07-04T04:33:38.481+0000] {dag.py:4180} INFO - Setting next_dagrun for example_distributed_celery_random_sleep to None, run_after=None
[2026-07-04T04:33:38.535+0000] {processor.py:208} INFO - Processing /opt/airflow/dags/example_distributed_3.py took 0.493 seconds
[2026-07-04T04:34:09.277+0000] {processor.py:186} INFO - Started process (PID=1328) to work on /opt/airflow/dags/example_distributed_3.py
[2026-07-04T04:34:09.279+0000] {processor.py:914} INFO - Processing file /opt/airflow/dags/example_distributed_3.py for tasks to queue
[2026-07-04T04:34:09.291+0000] {logging_mixin.py:190} INFO - [2026-07-04T04:34:09.290+0000] {dagbag.py:588} INFO - Filling up the DagBag from /opt/airflow/dags/example_distributed_3.py
[2026-07-04T04:34:09.331+0000] {processor.py:925} INFO - DAG(s) 'example_distributed_celery_random_sleep' retrieved from /opt/airflow/dags/example_distributed_3.py
[2026-07-04T04:34:09.426+0000] {logging_mixin.py:190} INFO - [2026-07-04T04:34:09.425+0000] {dag.py:3239} INFO - Sync 1 DAGs
[2026-07-04T04:34:09.471+0000] {logging_mixin.py:190} INFO - [2026-07-04T04:34:09.470+0000] {dag.py:4180} INFO - Setting next_dagrun for example_distributed_celery_random_sleep to None, run_after=None
[2026-07-04T04:34:09.525+0000] {processor.py:208} INFO - Processing /opt/airflow/dags/example_distributed_3.py took 0.271 seconds
[2026-07-04T04:34:39.762+0000] {processor.py:186} INFO - Started process (PID=1338) to work on /opt/airflow/dags/example_distributed_3.py
[2026-07-04T04:34:39.765+0000] {processor.py:914} INFO - Processing file /opt/airflow/dags/example_distributed_3.py for tasks to queue
[2026-07-04T04:34:39.773+0000] {logging_mixin.py:190} INFO - [2026-07-04T04:34:39.771+0000] {dagbag.py:588} INFO - Filling up the DagBag from /opt/airflow/dags/example_distributed_3.py
[2026-07-04T04:34:39.807+0000] {processor.py:925} INFO - DAG(s) 'example_distributed_celery_random_sleep' retrieved from /opt/airflow/dags/example_distributed_3.py
[2026-07-04T04:34:40.027+0000] {logging_mixin.py:190} INFO - [2026-07-04T04:34:40.026+0000] {dag.py:3239} INFO - Sync 1 DAGs
[2026-07-04T04:34:40.213+0000] {logging_mixin.py:190} INFO - [2026-07-04T04:34:40.213+0000] {dag.py:4180} INFO - Setting next_dagrun for example_distributed_celery_random_sleep to None, run_after=None
[2026-07-04T04:34:40.277+0000] {processor.py:208} INFO - Processing /opt/airflow/dags/example_distributed_3.py took 0.531 seconds
[2026-07-04T04:35:11.062+0000] {processor.py:186} INFO - Started process (PID=1348) to work on /opt/airflow/dags/example_distributed_3.py
[2026-07-04T04:35:11.064+0000] {processor.py:914} INFO - Processing file /opt/airflow/dags/example_distributed_3.py for tasks to queue
[2026-07-04T04:35:11.072+0000] {logging_mixin.py:190} INFO - [2026-07-04T04:35:11.071+0000] {dagbag.py:588} INFO - Filling up the DagBag from /opt/airflow/dags/example_distributed_3.py
[2026-07-04T04:35:11.107+0000] {processor.py:925} INFO - DAG(s) 'example_distributed_celery_random_sleep' retrieved from /opt/airflow/dags/example_distributed_3.py
[2026-07-04T04:35:11.196+0000] {logging_mixin.py:190} INFO - [2026-07-04T04:35:11.195+0000] {dag.py:3239} INFO - Sync 1 DAGs
[2026-07-04T04:35:11.260+0000] {logging_mixin.py:190} INFO - [2026-07-04T04:35:11.260+0000] {dag.py:4180} INFO - Setting next_dagrun for example_distributed_celery_random_sleep to None, run_after=None
[2026-07-04T04:35:11.324+0000] {processor.py:208} INFO - Processing /opt/airflow/dags/example_distributed_3.py took 0.278 seconds
[2026-07-04T04:35:41.588+0000] {processor.py:186} INFO - Started process (PID=1358) to work on /opt/airflow/dags/example_distributed_3.py
[2026-07-04T04:35:41.590+0000] {processor.py:914} INFO - Processing file /opt/airflow/dags/example_distributed_3.py for tasks to queue
[2026-07-04T04:35:41.596+0000] {logging_mixin.py:190} INFO - [2026-07-04T04:35:41.595+0000] {dagbag.py:588} INFO - Filling up the DagBag from /opt/airflow/dags/example_distributed_3.py
[2026-07-04T04:35:41.622+0000] {processor.py:925} INFO - DAG(s) 'example_distributed_celery_random_sleep' retrieved from /opt/airflow/dags/example_distributed_3.py
[2026-07-04T04:35:41.709+0000] {logging_mixin.py:190} INFO - [2026-07-04T04:35:41.708+0000] {dag.py:3239} INFO - Sync 1 DAGs
[2026-07-04T04:35:41.736+0000] {logging_mixin.py:190} INFO - [2026-07-04T04:35:41.736+0000] {dag.py:4180} INFO - Setting next_dagrun for example_distributed_celery_random_sleep to None, run_after=None
[2026-07-04T04:35:41.778+0000] {processor.py:208} INFO - Processing /opt/airflow/dags/example_distributed_3.py took 0.206 seconds
[2026-07-04T04:36:12.883+0000] {processor.py:186} INFO - Started process (PID=1368) to work on /opt/airflow/dags/example_distributed_3.py
[2026-07-04T04:36:12.884+0000] {processor.py:914} INFO - Processing file /opt/airflow/dags/example_distributed_3.py for tasks to queue
[2026-07-04T04:36:12.889+0000] {logging_mixin.py:190} INFO - [2026-07-04T04:36:12.888+0000] {dagbag.py:588} INFO - Filling up the DagBag from /opt/airflow/dags/example_distributed_3.py
[2026-07-04T04:36:12.930+0000] {processor.py:925} INFO - DAG(s) 'example_distributed_celery_random_sleep' retrieved from /opt/airflow/dags/example_distributed_3.py
[2026-07-04T04:36:13.026+0000] {logging_mixin.py:190} INFO - [2026-07-04T04:36:13.025+0000] {dag.py:3239} INFO - Sync 1 DAGs
[2026-07-04T04:36:13.056+0000] {logging_mixin.py:190} INFO - [2026-07-04T04:36:13.055+0000] {dag.py:4180} INFO - Setting next_dagrun for example_distributed_celery_random_sleep to None, run_after=None
[2026-07-04T04:36:13.111+0000] {processor.py:208} INFO - Processing /opt/airflow/dags/example_distributed_3.py took 0.241 seconds
[2026-07-04T04:36:43.201+0000] {processor.py:186} INFO - Started process (PID=1371) to work on /opt/airflow/dags/example_distributed_3.py
[2026-07-04T04:36:43.230+0000] {processor.py:914} INFO - Processing file /opt/airflow/dags/example_distributed_3.py for tasks to queue
[2026-07-04T04:36:43.239+0000] {logging_mixin.py:190} INFO - [2026-07-04T04:36:43.238+0000] {dagbag.py:588} INFO - Filling up the DagBag from /opt/airflow/dags/example_distributed_3.py
[2026-07-04T04:36:43.270+0000] {processor.py:925} INFO - DAG(s) 'example_distributed_celery_random_sleep' retrieved from /opt/airflow/dags/example_distributed_3.py
[2026-07-04T04:36:43.381+0000] {logging_mixin.py:190} INFO - [2026-07-04T04:36:43.380+0000] {dag.py:3239} INFO - Sync 1 DAGs
[2026-07-04T04:36:43.430+0000] {logging_mixin.py:190} INFO - [2026-07-04T04:36:43.430+0000] {dag.py:4180} INFO - Setting next_dagrun for example_distributed_celery_random_sleep to None, run_after=None
[2026-07-04T04:36:43.508+0000] {processor.py:208} INFO - Processing /opt/airflow/dags/example_distributed_3.py took 0.323 seconds
[2026-07-04T04:37:14.233+0000] {processor.py:186} INFO - Started process (PID=1381) to work on /opt/airflow/dags/example_distributed_3.py
[2026-07-04T04:37:14.235+0000] {processor.py:914} INFO - Processing file /opt/airflow/dags/example_distributed_3.py for tasks to queue
[2026-07-04T04:37:14.239+0000] {logging_mixin.py:190} INFO - [2026-07-04T04:37:14.239+0000] {dagbag.py:588} INFO - Filling up the DagBag from /opt/airflow/dags/example_distributed_3.py
[2026-07-04T04:37:14.260+0000] {processor.py:925} INFO - DAG(s) 'example_distributed_celery_random_sleep' retrieved from /opt/airflow/dags/example_distributed_3.py
[2026-07-04T04:37:15.144+0000] {logging_mixin.py:190} INFO - [2026-07-04T04:37:15.144+0000] {dag.py:3239} INFO - Sync 1 DAGs
[2026-07-04T04:37:15.179+0000] {logging_mixin.py:190} INFO - [2026-07-04T04:37:15.179+0000] {dag.py:4180} INFO - Setting next_dagrun for example_distributed_celery_random_sleep to None, run_after=None
[2026-07-04T04:37:15.219+0000] {processor.py:208} INFO - Processing /opt/airflow/dags/example_distributed_3.py took 0.998 seconds
[2026-07-04T04:37:45.970+0000] {processor.py:186} INFO - Started process (PID=1391) to work on /opt/airflow/dags/example_distributed_3.py
[2026-07-04T04:37:45.971+0000] {processor.py:914} INFO - Processing file /opt/airflow/dags/example_distributed_3.py for tasks to queue
[2026-07-04T04:37:45.975+0000] {logging_mixin.py:190} INFO - [2026-07-04T04:37:45.975+0000] {dagbag.py:588} INFO - Filling up the DagBag from /opt/airflow/dags/example_distributed_3.py
[2026-07-04T04:37:45.993+0000] {processor.py:925} INFO - DAG(s) 'example_distributed_celery_random_sleep' retrieved from /opt/airflow/dags/example_distributed_3.py
[2026-07-04T04:37:46.064+0000] {logging_mixin.py:190} INFO - [2026-07-04T04:37:46.064+0000] {dag.py:3239} INFO - Sync 1 DAGs
[2026-07-04T04:37:46.103+0000] {logging_mixin.py:190} INFO - [2026-07-04T04:37:46.102+0000] {dag.py:4180} INFO - Setting next_dagrun for example_distributed_celery_random_sleep to None, run_after=None
[2026-07-04T04:37:46.148+0000] {processor.py:208} INFO - Processing /opt/airflow/dags/example_distributed_3.py took 0.192 seconds
[2026-07-04T04:38:16.865+0000] {processor.py:186} INFO - Started process (PID=1401) to work on /opt/airflow/dags/example_distributed_3.py
[2026-07-04T04:38:16.891+0000] {processor.py:914} INFO - Processing file /opt/airflow/dags/example_distributed_3.py for tasks to queue
[2026-07-04T04:38:16.900+0000] {logging_mixin.py:190} INFO - [2026-07-04T04:38:16.898+0000] {dagbag.py:588} INFO - Filling up the DagBag from /opt/airflow/dags/example_distributed_3.py
[2026-07-04T04:38:16.943+0000] {processor.py:925} INFO - DAG(s) 'example_distributed_celery_random_sleep' retrieved from /opt/airflow/dags/example_distributed_3.py
[2026-07-04T04:38:17.028+0000] {logging_mixin.py:190} INFO - [2026-07-04T04:38:17.027+0000] {dag.py:3239} INFO - Sync 1 DAGs
[2026-07-04T04:38:17.068+0000] {logging_mixin.py:190} INFO - [2026-07-04T04:38:17.066+0000] {dag.py:4180} INFO - Setting next_dagrun for example_distributed_celery_random_sleep to None, run_after=None
[2026-07-04T04:38:17.123+0000] {processor.py:208} INFO - Processing /opt/airflow/dags/example_distributed_3.py took 0.271 seconds
[2026-07-04T04:38:47.447+0000] {processor.py:186} INFO - Started process (PID=1411) to work on /opt/airflow/dags/example_distributed_3.py
[2026-07-04T04:38:47.451+0000] {processor.py:914} INFO - Processing file /opt/airflow/dags/example_distributed_3.py for tasks to queue
[2026-07-04T04:38:47.459+0000] {logging_mixin.py:190} INFO - [2026-07-04T04:38:47.459+0000] {dagbag.py:588} INFO - Filling up the DagBag from /opt/airflow/dags/example_distributed_3.py
[2026-07-04T04:38:47.539+0000] {processor.py:925} INFO - DAG(s) 'example_distributed_celery_random_sleep' retrieved from /opt/airflow/dags/example_distributed_3.py
[2026-07-04T04:38:47.632+0000] {logging_mixin.py:190} INFO - [2026-07-04T04:38:47.631+0000] {dag.py:3239} INFO - Sync 1 DAGs
[2026-07-04T04:38:47.656+0000] {logging_mixin.py:190} INFO - [2026-07-04T04:38:47.655+0000] {dag.py:4180} INFO - Setting next_dagrun for example_distributed_celery_random_sleep to None, run_after=None
[2026-07-04T04:38:47.700+0000] {processor.py:208} INFO - Processing /opt/airflow/dags/example_distributed_3.py took 0.268 seconds
[2026-07-04T04:39:18.246+0000] {processor.py:186} INFO - Started process (PID=1421) to work on /opt/airflow/dags/example_distributed_3.py
[2026-07-04T04:39:18.254+0000] {processor.py:914} INFO - Processing file /opt/airflow/dags/example_distributed_3.py for tasks to queue
[2026-07-04T04:39:18.265+0000] {logging_mixin.py:190} INFO - [2026-07-04T04:39:18.264+0000] {dagbag.py:588} INFO - Filling up the DagBag from /opt/airflow/dags/example_distributed_3.py
[2026-07-04T04:39:18.303+0000] {processor.py:925} INFO - DAG(s) 'example_distributed_celery_random_sleep' retrieved from /opt/airflow/dags/example_distributed_3.py
[2026-07-04T04:39:18.386+0000] {logging_mixin.py:190} INFO - [2026-07-04T04:39:18.386+0000] {dag.py:3239} INFO - Sync 1 DAGs
[2026-07-04T04:39:18.415+0000] {logging_mixin.py:190} INFO - [2026-07-04T04:39:18.413+0000] {dag.py:4180} INFO - Setting next_dagrun for example_distributed_celery_random_sleep to None, run_after=None
[2026-07-04T04:39:18.469+0000] {processor.py:208} INFO - Processing /opt/airflow/dags/example_distributed_3.py took 0.237 seconds
[2026-07-04T04:39:48.954+0000] {processor.py:186} INFO - Started process (PID=1432) to work on /opt/airflow/dags/example_distributed_3.py
[2026-07-04T04:39:48.961+0000] {processor.py:914} INFO - Processing file /opt/airflow/dags/example_distributed_3.py for tasks to queue
[2026-07-04T04:39:48.968+0000] {logging_mixin.py:190} INFO - [2026-07-04T04:39:48.968+0000] {dagbag.py:588} INFO - Filling up the DagBag from /opt/airflow/dags/example_distributed_3.py
[2026-07-04T04:39:48.990+0000] {processor.py:925} INFO - DAG(s) 'example_distributed_celery_random_sleep' retrieved from /opt/airflow/dags/example_distributed_3.py
[2026-07-04T04:39:49.086+0000] {logging_mixin.py:190} INFO - [2026-07-04T04:39:49.084+0000] {dag.py:3239} INFO - Sync 1 DAGs
[2026-07-04T04:39:49.129+0000] {logging_mixin.py:190} INFO - [2026-07-04T04:39:49.128+0000] {dag.py:4180} INFO - Setting next_dagrun for example_distributed_celery_random_sleep to None, run_after=None
[2026-07-04T04:39:49.197+0000] {processor.py:208} INFO - Processing /opt/airflow/dags/example_distributed_3.py took 0.271 seconds
[2026-07-04T04:40:19.295+0000] {processor.py:186} INFO - Started process (PID=1435) to work on /opt/airflow/dags/example_distributed_3.py
[2026-07-04T04:40:19.298+0000] {processor.py:914} INFO - Processing file /opt/airflow/dags/example_distributed_3.py for tasks to queue
[2026-07-04T04:40:19.303+0000] {logging_mixin.py:190} INFO - [2026-07-04T04:40:19.303+0000] {dagbag.py:588} INFO - Filling up the DagBag from /opt/airflow/dags/example_distributed_3.py
[2026-07-04T04:40:19.339+0000] {processor.py:925} INFO - DAG(s) 'example_distributed_celery_random_sleep' retrieved from /opt/airflow/dags/example_distributed_3.py
[2026-07-04T04:40:19.416+0000] {logging_mixin.py:190} INFO - [2026-07-04T04:40:19.416+0000] {dag.py:3239} INFO - Sync 1 DAGs
[2026-07-04T04:40:19.446+0000] {logging_mixin.py:190} INFO - [2026-07-04T04:40:19.445+0000] {dag.py:4180} INFO - Setting next_dagrun for example_distributed_celery_random_sleep to None, run_after=None
[2026-07-04T04:40:19.491+0000] {processor.py:208} INFO - Processing /opt/airflow/dags/example_distributed_3.py took 0.216 seconds
[2026-07-04T04:40:50.892+0000] {processor.py:186} INFO - Started process (PID=1446) to work on /opt/airflow/dags/example_distributed_3.py
[2026-07-04T04:40:50.894+0000] {processor.py:914} INFO - Processing file /opt/airflow/dags/example_distributed_3.py for tasks to queue
[2026-07-04T04:40:50.902+0000] {logging_mixin.py:190} INFO - [2026-07-04T04:40:50.901+0000] {dagbag.py:588} INFO - Filling up the DagBag from /opt/airflow/dags/example_distributed_3.py
[2026-07-04T04:40:50.920+0000] {processor.py:925} INFO - DAG(s) 'example_distributed_celery_random_sleep' retrieved from /opt/airflow/dags/example_distributed_3.py
[2026-07-04T04:40:50.976+0000] {logging_mixin.py:190} INFO - [2026-07-04T04:40:50.975+0000] {dag.py:3239} INFO - Sync 1 DAGs
[2026-07-04T04:40:51.069+0000] {logging_mixin.py:190} INFO - [2026-07-04T04:40:51.068+0000] {dag.py:4180} INFO - Setting next_dagrun for example_distributed_celery_random_sleep to None, run_after=None
[2026-07-04T04:40:51.112+0000] {processor.py:208} INFO - Processing /opt/airflow/dags/example_distributed_3.py took 0.231 seconds
[2026-07-04T04:41:21.633+0000] {processor.py:186} INFO - Started process (PID=1456) to work on /opt/airflow/dags/example_distributed_3.py
[2026-07-04T04:41:21.636+0000] {processor.py:914} INFO - Processing file /opt/airflow/dags/example_distributed_3.py for tasks to queue
[2026-07-04T04:41:21.640+0000] {logging_mixin.py:190} INFO - [2026-07-04T04:41:21.639+0000] {dagbag.py:588} INFO - Filling up the DagBag from /opt/airflow/dags/example_distributed_3.py
[2026-07-04T04:41:21.671+0000] {processor.py:925} INFO - DAG(s) 'example_distributed_celery_random_sleep' retrieved from /opt/airflow/dags/example_distributed_3.py
[2026-07-04T04:41:21.802+0000] {logging_mixin.py:190} INFO - [2026-07-04T04:41:21.801+0000] {dag.py:3239} INFO - Sync 1 DAGs
[2026-07-04T04:41:21.827+0000] {logging_mixin.py:190} INFO - [2026-07-04T04:41:21.827+0000] {dag.py:4180} INFO - Setting next_dagrun for example_distributed_celery_random_sleep to None, run_after=None
[2026-07-04T04:41:21.895+0000] {processor.py:208} INFO - Processing /opt/airflow/dags/example_distributed_3.py took 0.272 seconds
[2026-07-04T04:41:52.124+0000] {processor.py:186} INFO - Started process (PID=1466) to work on /opt/airflow/dags/example_distributed_3.py
[2026-07-04T04:41:52.126+0000] {processor.py:914} INFO - Processing file /opt/airflow/dags/example_distributed_3.py for tasks to queue
[2026-07-04T04:41:52.131+0000] {logging_mixin.py:190} INFO - [2026-07-04T04:41:52.131+0000] {dagbag.py:588} INFO - Filling up the DagBag from /opt/airflow/dags/example_distributed_3.py
[2026-07-04T04:41:52.148+0000] {processor.py:925} INFO - DAG(s) 'example_distributed_celery_random_sleep' retrieved from /opt/airflow/dags/example_distributed_3.py
[2026-07-04T04:41:52.217+0000] {logging_mixin.py:190} INFO - [2026-07-04T04:41:52.216+0000] {dag.py:3239} INFO - Sync 1 DAGs
[2026-07-04T04:41:52.271+0000] {logging_mixin.py:190} INFO - [2026-07-04T04:41:52.269+0000] {dag.py:4180} INFO - Setting next_dagrun for example_distributed_celery_random_sleep to None, run_after=None
[2026-07-04T04:41:52.318+0000] {processor.py:208} INFO - Processing /opt/airflow/dags/example_distributed_3.py took 0.202 seconds
[2026-07-04T04:42:22.868+0000] {processor.py:186} INFO - Started process (PID=1476) to work on /opt/airflow/dags/example_distributed_3.py
[2026-07-04T04:42:22.871+0000] {processor.py:914} INFO - Processing file /opt/airflow/dags/example_distributed_3.py for tasks to queue
[2026-07-04T04:42:22.878+0000] {logging_mixin.py:190} INFO - [2026-07-04T04:42:22.877+0000] {dagbag.py:588} INFO - Filling up the DagBag from /opt/airflow/dags/example_distributed_3.py
[2026-07-04T04:42:22.917+0000] {processor.py:925} INFO - DAG(s) 'example_distributed_celery_random_sleep' retrieved from /opt/airflow/dags/example_distributed_3.py
[2026-07-04T04:42:23.026+0000] {logging_mixin.py:190} INFO - [2026-07-04T04:42:23.026+0000] {dag.py:3239} INFO - Sync 1 DAGs
[2026-07-04T04:42:23.075+0000] {logging_mixin.py:190} INFO - [2026-07-04T04:42:23.074+0000] {dag.py:4180} INFO - Setting next_dagrun for example_distributed_celery_random_sleep to None, run_after=None
[2026-07-04T04:42:23.148+0000] {processor.py:208} INFO - Processing /opt/airflow/dags/example_distributed_3.py took 0.297 seconds
[2026-07-04T04:42:53.446+0000] {processor.py:186} INFO - Started process (PID=1486) to work on /opt/airflow/dags/example_distributed_3.py
[2026-07-04T04:42:53.448+0000] {processor.py:914} INFO - Processing file /opt/airflow/dags/example_distributed_3.py for tasks to queue
[2026-07-04T04:42:53.456+0000] {logging_mixin.py:190} INFO - [2026-07-04T04:42:53.455+0000] {dagbag.py:588} INFO - Filling up the DagBag from /opt/airflow/dags/example_distributed_3.py
[2026-07-04T04:42:53.484+0000] {processor.py:925} INFO - DAG(s) 'example_distributed_celery_random_sleep' retrieved from /opt/airflow/dags/example_distributed_3.py
[2026-07-04T04:42:53.568+0000] {logging_mixin.py:190} INFO - [2026-07-04T04:42:53.566+0000] {dag.py:3239} INFO - Sync 1 DAGs
[2026-07-04T04:42:53.596+0000] {logging_mixin.py:190} INFO - [2026-07-04T04:42:53.596+0000] {dag.py:4180} INFO - Setting next_dagrun for example_distributed_celery_random_sleep to None, run_after=None
[2026-07-04T04:42:53.636+0000] {processor.py:208} INFO - Processing /opt/airflow/dags/example_distributed_3.py took 0.201 seconds
[2026-07-04T04:43:23.793+0000] {processor.py:186} INFO - Started process (PID=1496) to work on /opt/airflow/dags/example_distributed_3.py
[2026-07-04T04:43:23.798+0000] {processor.py:914} INFO - Processing file /opt/airflow/dags/example_distributed_3.py for tasks to queue
[2026-07-04T04:43:23.808+0000] {logging_mixin.py:190} INFO - [2026-07-04T04:43:23.808+0000] {dagbag.py:588} INFO - Filling up the DagBag from /opt/airflow/dags/example_distributed_3.py
[2026-07-04T04:43:23.854+0000] {processor.py:925} INFO - DAG(s) 'example_distributed_celery_random_sleep' retrieved from /opt/airflow/dags/example_distributed_3.py
[2026-07-04T04:43:23.955+0000] {logging_mixin.py:190} INFO - [2026-07-04T04:43:23.953+0000] {dag.py:3239} INFO - Sync 1 DAGs
[2026-07-04T04:43:24.007+0000] {logging_mixin.py:190} INFO - [2026-07-04T04:43:24.006+0000] {dag.py:4180} INFO - Setting next_dagrun for example_distributed_celery_random_sleep to None, run_after=None
[2026-07-04T04:43:24.060+0000] {processor.py:208} INFO - Processing /opt/airflow/dags/example_distributed_3.py took 0.288 seconds
[2026-07-04T04:43:54.819+0000] {processor.py:186} INFO - Started process (PID=1505) to work on /opt/airflow/dags/example_distributed_3.py
[2026-07-04T04:43:54.821+0000] {processor.py:914} INFO - Processing file /opt/airflow/dags/example_distributed_3.py for tasks to queue
[2026-07-04T04:43:54.828+0000] {logging_mixin.py:190} INFO - [2026-07-04T04:43:54.827+0000] {dagbag.py:588} INFO - Filling up the DagBag from /opt/airflow/dags/example_distributed_3.py
[2026-07-04T04:43:54.853+0000] {processor.py:925} INFO - DAG(s) 'example_distributed_celery_random_sleep' retrieved from /opt/airflow/dags/example_distributed_3.py
[2026-07-04T04:43:54.928+0000] {logging_mixin.py:190} INFO - [2026-07-04T04:43:54.927+0000] {dag.py:3239} INFO - Sync 1 DAGs
[2026-07-04T04:43:54.963+0000] {logging_mixin.py:190} INFO - [2026-07-04T04:43:54.963+0000] {dag.py:4180} INFO - Setting next_dagrun for example_distributed_celery_random_sleep to None, run_after=None
[2026-07-04T04:43:55.007+0000] {processor.py:208} INFO - Processing /opt/airflow/dags/example_distributed_3.py took 0.199 seconds
[2026-07-04T04:44:25.252+0000] {processor.py:186} INFO - Started process (PID=1509) to work on /opt/airflow/dags/example_distributed_3.py
[2026-07-04T04:44:25.254+0000] {processor.py:914} INFO - Processing file /opt/airflow/dags/example_distributed_3.py for tasks to queue
[2026-07-04T04:44:25.265+0000] {logging_mixin.py:190} INFO - [2026-07-04T04:44:25.264+0000] {dagbag.py:588} INFO - Filling up the DagBag from /opt/airflow/dags/example_distributed_3.py
[2026-07-04T04:44:25.312+0000] {processor.py:925} INFO - DAG(s) 'example_distributed_celery_random_sleep' retrieved from /opt/airflow/dags/example_distributed_3.py
[2026-07-04T04:44:25.411+0000] {logging_mixin.py:190} INFO - [2026-07-04T04:44:25.410+0000] {dag.py:3239} INFO - Sync 1 DAGs
[2026-07-04T04:44:25.454+0000] {logging_mixin.py:190} INFO - [2026-07-04T04:44:25.453+0000] {dag.py:4180} INFO - Setting next_dagrun for example_distributed_celery_random_sleep to None, run_after=None
[2026-07-04T04:44:25.526+0000] {processor.py:208} INFO - Processing /opt/airflow/dags/example_distributed_3.py took 0.289 seconds
[2026-07-04T04:44:55.918+0000] {processor.py:186} INFO - Started process (PID=1519) to work on /opt/airflow/dags/example_distributed_3.py
[2026-07-04T04:44:55.924+0000] {processor.py:914} INFO - Processing file /opt/airflow/dags/example_distributed_3.py for tasks to queue
[2026-07-04T04:44:55.956+0000] {logging_mixin.py:190} INFO - [2026-07-04T04:44:55.956+0000] {dagbag.py:588} INFO - Filling up the DagBag from /opt/airflow/dags/example_distributed_3.py
[2026-07-04T04:44:56.011+0000] {processor.py:925} INFO - DAG(s) 'example_distributed_celery_random_sleep' retrieved from /opt/airflow/dags/example_distributed_3.py
[2026-07-04T04:44:56.122+0000] {logging_mixin.py:190} INFO - [2026-07-04T04:44:56.122+0000] {dag.py:3239} INFO - Sync 1 DAGs
[2026-07-04T04:44:56.149+0000] {logging_mixin.py:190} INFO - [2026-07-04T04:44:56.148+0000] {dag.py:4180} INFO - Setting next_dagrun for example_distributed_celery_random_sleep to None, run_after=None
[2026-07-04T04:44:56.196+0000] {processor.py:208} INFO - Processing /opt/airflow/dags/example_distributed_3.py took 0.295 seconds
[2026-07-04T04:45:26.279+0000] {processor.py:186} INFO - Started process (PID=1529) to work on /opt/airflow/dags/example_distributed_3.py
[2026-07-04T04:45:26.283+0000] {processor.py:914} INFO - Processing file /opt/airflow/dags/example_distributed_3.py for tasks to queue
[2026-07-04T04:45:26.291+0000] {logging_mixin.py:190} INFO - [2026-07-04T04:45:26.290+0000] {dagbag.py:588} INFO - Filling up the DagBag from /opt/airflow/dags/example_distributed_3.py
[2026-07-04T04:45:26.326+0000] {processor.py:925} INFO - DAG(s) 'example_distributed_celery_random_sleep' retrieved from /opt/airflow/dags/example_distributed_3.py
[2026-07-04T04:45:26.424+0000] {logging_mixin.py:190} INFO - [2026-07-04T04:45:26.423+0000] {dag.py:3239} INFO - Sync 1 DAGs
[2026-07-04T04:45:26.453+0000] {logging_mixin.py:190} INFO - [2026-07-04T04:45:26.452+0000] {dag.py:4180} INFO - Setting next_dagrun for example_distributed_celery_random_sleep to None, run_after=None
[2026-07-04T04:45:26.514+0000] {processor.py:208} INFO - Processing /opt/airflow/dags/example_distributed_3.py took 0.251 seconds
[2026-07-04T04:45:57.131+0000] {processor.py:186} INFO - Started process (PID=1540) to work on /opt/airflow/dags/example_distributed_3.py
[2026-07-04T04:45:57.135+0000] {processor.py:914} INFO - Processing file /opt/airflow/dags/example_distributed_3.py for tasks to queue
[2026-07-04T04:45:57.144+0000] {logging_mixin.py:190} INFO - [2026-07-04T04:45:57.143+0000] {dagbag.py:588} INFO - Filling up the DagBag from /opt/airflow/dags/example_distributed_3.py
[2026-07-04T04:45:57.176+0000] {processor.py:925} INFO - DAG(s) 'example_distributed_celery_random_sleep' retrieved from /opt/airflow/dags/example_distributed_3.py
[2026-07-04T04:45:57.264+0000] {logging_mixin.py:190} INFO - [2026-07-04T04:45:57.263+0000] {dag.py:3239} INFO - Sync 1 DAGs
[2026-07-04T04:45:57.301+0000] {logging_mixin.py:190} INFO - [2026-07-04T04:45:57.300+0000] {dag.py:4180} INFO - Setting next_dagrun for example_distributed_celery_random_sleep to None, run_after=None
[2026-07-04T04:45:57.362+0000] {processor.py:208} INFO - Processing /opt/airflow/dags/example_distributed_3.py took 0.252 seconds
[2026-07-04T04:46:27.539+0000] {processor.py:186} INFO - Started process (PID=1550) to work on /opt/airflow/dags/example_distributed_3.py
[2026-07-04T04:46:27.541+0000] {processor.py:914} INFO - Processing file /opt/airflow/dags/example_distributed_3.py for tasks to queue
[2026-07-04T04:46:27.552+0000] {logging_mixin.py:190} INFO - [2026-07-04T04:46:27.551+0000] {dagbag.py:588} INFO - Filling up the DagBag from /opt/airflow/dags/example_distributed_3.py
[2026-07-04T04:46:27.593+0000] {processor.py:925} INFO - DAG(s) 'example_distributed_celery_random_sleep' retrieved from /opt/airflow/dags/example_distributed_3.py
[2026-07-04T04:46:27.718+0000] {logging_mixin.py:190} INFO - [2026-07-04T04:46:27.717+0000] {dag.py:3239} INFO - Sync 1 DAGs
[2026-07-04T04:46:27.768+0000] {logging_mixin.py:190} INFO - [2026-07-04T04:46:27.767+0000] {dag.py:4180} INFO - Setting next_dagrun for example_distributed_celery_random_sleep to None, run_after=None
[2026-07-04T04:46:27.845+0000] {processor.py:208} INFO - Processing /opt/airflow/dags/example_distributed_3.py took 0.326 seconds
[2026-07-04T04:46:58.259+0000] {processor.py:186} INFO - Started process (PID=1553) to work on /opt/airflow/dags/example_distributed_3.py
[2026-07-04T04:46:58.263+0000] {processor.py:914} INFO - Processing file /opt/airflow/dags/example_distributed_3.py for tasks to queue
[2026-07-04T04:46:58.273+0000] {logging_mixin.py:190} INFO - [2026-07-04T04:46:58.272+0000] {dagbag.py:588} INFO - Filling up the DagBag from /opt/airflow/dags/example_distributed_3.py
[2026-07-04T04:46:58.317+0000] {processor.py:925} INFO - DAG(s) 'example_distributed_celery_random_sleep' retrieved from /opt/airflow/dags/example_distributed_3.py
[2026-07-04T04:46:58.447+0000] {logging_mixin.py:190} INFO - [2026-07-04T04:46:58.447+0000] {dag.py:3239} INFO - Sync 1 DAGs
[2026-07-04T04:46:58.494+0000] {logging_mixin.py:190} INFO - [2026-07-04T04:46:58.493+0000] {dag.py:4180} INFO - Setting next_dagrun for example_distributed_celery_random_sleep to None, run_after=None
[2026-07-04T04:46:58.553+0000] {processor.py:208} INFO - Processing /opt/airflow/dags/example_distributed_3.py took 0.316 seconds
[2026-07-04T04:47:29.034+0000] {processor.py:186} INFO - Started process (PID=1562) to work on /opt/airflow/dags/example_distributed_3.py
[2026-07-04T04:47:29.049+0000] {processor.py:914} INFO - Processing file /opt/airflow/dags/example_distributed_3.py for tasks to queue
[2026-07-04T04:47:29.071+0000] {logging_mixin.py:190} INFO - [2026-07-04T04:47:29.070+0000] {dagbag.py:588} INFO - Filling up the DagBag from /opt/airflow/dags/example_distributed_3.py
[2026-07-04T04:47:29.101+0000] {processor.py:925} INFO - DAG(s) 'example_distributed_celery_random_sleep' retrieved from /opt/airflow/dags/example_distributed_3.py
[2026-07-04T04:47:29.188+0000] {logging_mixin.py:190} INFO - [2026-07-04T04:47:29.187+0000] {dag.py:3239} INFO - Sync 1 DAGs
[2026-07-04T04:47:29.248+0000] {logging_mixin.py:190} INFO - [2026-07-04T04:47:29.247+0000] {dag.py:4180} INFO - Setting next_dagrun for example_distributed_celery_random_sleep to None, run_after=None
[2026-07-04T04:47:29.297+0000] {processor.py:208} INFO - Processing /opt/airflow/dags/example_distributed_3.py took 0.279 seconds
[2026-07-04T04:47:59.909+0000] {processor.py:186} INFO - Started process (PID=1572) to work on /opt/airflow/dags/example_distributed_3.py
[2026-07-04T04:47:59.914+0000] {processor.py:914} INFO - Processing file /opt/airflow/dags/example_distributed_3.py for tasks to queue
[2026-07-04T04:47:59.921+0000] {logging_mixin.py:190} INFO - [2026-07-04T04:47:59.920+0000] {dagbag.py:588} INFO - Filling up the DagBag from /opt/airflow/dags/example_distributed_3.py
[2026-07-04T04:47:59.953+0000] {processor.py:925} INFO - DAG(s) 'example_distributed_celery_random_sleep' retrieved from /opt/airflow/dags/example_distributed_3.py
[2026-07-04T04:48:00.048+0000] {logging_mixin.py:190} INFO - [2026-07-04T04:48:00.047+0000] {dag.py:3239} INFO - Sync 1 DAGs
[2026-07-04T04:48:00.085+0000] {logging_mixin.py:190} INFO - [2026-07-04T04:48:00.085+0000] {dag.py:4180} INFO - Setting next_dagrun for example_distributed_celery_random_sleep to None, run_after=None
[2026-07-04T04:48:00.163+0000] {processor.py:208} INFO - Processing /opt/airflow/dags/example_distributed_3.py took 0.268 seconds
[2026-07-04T04:48:30.827+0000] {processor.py:186} INFO - Started process (PID=1582) to work on /opt/airflow/dags/example_distributed_3.py
[2026-07-04T04:48:30.834+0000] {processor.py:914} INFO - Processing file /opt/airflow/dags/example_distributed_3.py for tasks to queue
[2026-07-04T04:48:30.844+0000] {logging_mixin.py:190} INFO - [2026-07-04T04:48:30.842+0000] {dagbag.py:588} INFO - Filling up the DagBag from /opt/airflow/dags/example_distributed_3.py
[2026-07-04T04:48:30.882+0000] {processor.py:925} INFO - DAG(s) 'example_distributed_celery_random_sleep' retrieved from /opt/airflow/dags/example_distributed_3.py
[2026-07-04T04:48:30.998+0000] {logging_mixin.py:190} INFO - [2026-07-04T04:48:30.998+0000] {dag.py:3239} INFO - Sync 1 DAGs
[2026-07-04T04:48:31.041+0000] {logging_mixin.py:190} INFO - [2026-07-04T04:48:31.041+0000] {dag.py:4180} INFO - Setting next_dagrun for example_distributed_celery_random_sleep to None, run_after=None
[2026-07-04T04:48:31.102+0000] {processor.py:208} INFO - Processing /opt/airflow/dags/example_distributed_3.py took 0.290 seconds
[2026-07-04T04:49:01.853+0000] {processor.py:186} INFO - Started process (PID=1592) to work on /opt/airflow/dags/example_distributed_3.py
[2026-07-04T04:49:01.856+0000] {processor.py:914} INFO - Processing file /opt/airflow/dags/example_distributed_3.py for tasks to queue
[2026-07-04T04:49:01.864+0000] {logging_mixin.py:190} INFO - [2026-07-04T04:49:01.864+0000] {dagbag.py:588} INFO - Filling up the DagBag from /opt/airflow/dags/example_distributed_3.py
[2026-07-04T04:49:01.907+0000] {processor.py:925} INFO - DAG(s) 'example_distributed_celery_random_sleep' retrieved from /opt/airflow/dags/example_distributed_3.py
[2026-07-04T04:49:02.027+0000] {logging_mixin.py:190} INFO - [2026-07-04T04:49:02.025+0000] {dag.py:3239} INFO - Sync 1 DAGs
[2026-07-04T04:49:02.068+0000] {logging_mixin.py:190} INFO - [2026-07-04T04:49:02.067+0000] {dag.py:4180} INFO - Setting next_dagrun for example_distributed_celery_random_sleep to None, run_after=None
[2026-07-04T04:49:02.135+0000] {processor.py:208} INFO - Processing /opt/airflow/dags/example_distributed_3.py took 0.297 seconds
[2026-07-04T04:49:32.307+0000] {processor.py:186} INFO - Started process (PID=1596) to work on /opt/airflow/dags/example_distributed_3.py
[2026-07-04T04:49:32.308+0000] {processor.py:914} INFO - Processing file /opt/airflow/dags/example_distributed_3.py for tasks to queue
[2026-07-04T04:49:32.311+0000] {logging_mixin.py:190} INFO - [2026-07-04T04:49:32.311+0000] {dagbag.py:588} INFO - Filling up the DagBag from /opt/airflow/dags/example_distributed_3.py
[2026-07-04T04:49:32.325+0000] {processor.py:925} INFO - DAG(s) 'example_distributed_celery_random_sleep' retrieved from /opt/airflow/dags/example_distributed_3.py
[2026-07-04T04:49:32.367+0000] {logging_mixin.py:190} INFO - [2026-07-04T04:49:32.366+0000] {dag.py:3239} INFO - Sync 1 DAGs
[2026-07-04T04:49:32.383+0000] {logging_mixin.py:190} INFO - [2026-07-04T04:49:32.382+0000] {dag.py:4180} INFO - Setting next_dagrun for example_distributed_celery_random_sleep to None, run_after=None
[2026-07-04T04:49:32.410+0000] {processor.py:208} INFO - Processing /opt/airflow/dags/example_distributed_3.py took 0.111 seconds
[2026-07-04T04:50:03.013+0000] {processor.py:186} INFO - Started process (PID=1606) to work on /opt/airflow/dags/example_distributed_3.py
[2026-07-04T04:50:03.015+0000] {processor.py:914} INFO - Processing file /opt/airflow/dags/example_distributed_3.py for tasks to queue
[2026-07-04T04:50:03.018+0000] {logging_mixin.py:190} INFO - [2026-07-04T04:50:03.017+0000] {dagbag.py:588} INFO - Filling up the DagBag from /opt/airflow/dags/example_distributed_3.py
[2026-07-04T04:50:03.036+0000] {processor.py:925} INFO - DAG(s) 'example_distributed_celery_random_sleep' retrieved from /opt/airflow/dags/example_distributed_3.py
[2026-07-04T04:50:03.110+0000] {logging_mixin.py:190} INFO - [2026-07-04T04:50:03.109+0000] {dag.py:3239} INFO - Sync 1 DAGs
[2026-07-04T04:50:03.132+0000] {logging_mixin.py:190} INFO - [2026-07-04T04:50:03.132+0000] {dag.py:4180} INFO - Setting next_dagrun for example_distributed_celery_random_sleep to None, run_after=None
[2026-07-04T04:50:03.167+0000] {processor.py:208} INFO - Processing /opt/airflow/dags/example_distributed_3.py took 0.165 seconds
[2026-07-04T04:50:33.668+0000] {processor.py:186} INFO - Started process (PID=1616) to work on /opt/airflow/dags/example_distributed_3.py
[2026-07-04T04:50:34.162+0000] {processor.py:914} INFO - Processing file /opt/airflow/dags/example_distributed_3.py for tasks to queue
[2026-07-04T04:50:34.168+0000] {logging_mixin.py:190} INFO - [2026-07-04T04:50:34.166+0000] {dagbag.py:588} INFO - Filling up the DagBag from /opt/airflow/dags/example_distributed_3.py
[2026-07-04T04:50:34.446+0000] {processor.py:925} INFO - DAG(s) 'example_distributed_celery_random_sleep' retrieved from /opt/airflow/dags/example_distributed_3.py
[2026-07-04T05:09:11.318+0000] {processor.py:186} INFO - Started process (PID=50) to work on /opt/airflow/dags/example_distributed_3.py
[2026-07-04T05:09:11.326+0000] {processor.py:914} INFO - Processing file /opt/airflow/dags/example_distributed_3.py for tasks to queue
[2026-07-04T05:09:11.329+0000] {logging_mixin.py:190} INFO - [2026-07-04T05:09:11.329+0000] {dagbag.py:588} INFO - Filling up the DagBag from /opt/airflow/dags/example_distributed_3.py
[2026-07-04T05:09:11.348+0000] {processor.py:925} INFO - DAG(s) 'example_distributed_celery_random_sleep' retrieved from /opt/airflow/dags/example_distributed_3.py
[2026-07-04T05:09:11.506+0000] {logging_mixin.py:190} INFO - [2026-07-04T05:09:11.506+0000] {dag.py:3239} INFO - Sync 1 DAGs
[2026-07-04T05:09:11.667+0000] {logging_mixin.py:190} INFO - [2026-07-04T05:09:11.667+0000] {dag.py:4180} INFO - Setting next_dagrun for example_distributed_celery_random_sleep to None, run_after=None
[2026-07-04T05:09:11.711+0000] {processor.py:208} INFO - Processing /opt/airflow/dags/example_distributed_3.py took 0.404 seconds
[2026-07-04T05:09:42.610+0000] {processor.py:186} INFO - Started process (PID=59) to work on /opt/airflow/dags/example_distributed_3.py
[2026-07-04T05:09:42.611+0000] {processor.py:914} INFO - Processing file /opt/airflow/dags/example_distributed_3.py for tasks to queue
[2026-07-04T05:09:42.622+0000] {logging_mixin.py:190} INFO - [2026-07-04T05:09:42.621+0000] {dagbag.py:588} INFO - Filling up the DagBag from /opt/airflow/dags/example_distributed_3.py
[2026-07-04T05:09:42.638+0000] {processor.py:925} INFO - DAG(s) 'example_distributed_celery_random_sleep' retrieved from /opt/airflow/dags/example_distributed_3.py
[2026-07-04T05:09:42.693+0000] {logging_mixin.py:190} INFO - [2026-07-04T05:09:42.693+0000] {dag.py:3239} INFO - Sync 1 DAGs
[2026-07-04T05:09:42.720+0000] {logging_mixin.py:190} INFO - [2026-07-04T05:09:42.719+0000] {dag.py:4180} INFO - Setting next_dagrun for example_distributed_celery_random_sleep to None, run_after=None
[2026-07-04T05:09:44.139+0000] {processor.py:208} INFO - Processing /opt/airflow/dags/example_distributed_3.py took 1.539 seconds
[2026-07-04T05:10:14.397+0000] {processor.py:186} INFO - Started process (PID=63) to work on /opt/airflow/dags/example_distributed_3.py
[2026-07-04T05:10:14.416+0000] {processor.py:914} INFO - Processing file /opt/airflow/dags/example_distributed_3.py for tasks to queue
[2026-07-04T05:10:14.418+0000] {logging_mixin.py:190} INFO - [2026-07-04T05:10:14.418+0000] {dagbag.py:588} INFO - Filling up the DagBag from /opt/airflow/dags/example_distributed_3.py
[2026-07-04T05:10:14.432+0000] {processor.py:925} INFO - DAG(s) 'example_distributed_celery_random_sleep' retrieved from /opt/airflow/dags/example_distributed_3.py
[2026-07-04T05:10:14.483+0000] {logging_mixin.py:190} INFO - [2026-07-04T05:10:14.482+0000] {dag.py:3239} INFO - Sync 1 DAGs
[2026-07-04T05:10:14.503+0000] {logging_mixin.py:190} INFO - [2026-07-04T05:10:14.502+0000] {dag.py:4180} INFO - Setting next_dagrun for example_distributed_celery_random_sleep to None, run_after=None
[2026-07-04T05:10:14.544+0000] {processor.py:208} INFO - Processing /opt/airflow/dags/example_distributed_3.py took 0.160 seconds
[2026-07-04T05:10:44.583+0000] {processor.py:186} INFO - Started process (PID=72) to work on /opt/airflow/dags/example_distributed_3.py
[2026-07-04T05:10:44.585+0000] {processor.py:914} INFO - Processing file /opt/airflow/dags/example_distributed_3.py for tasks to queue
[2026-07-04T05:10:44.588+0000] {logging_mixin.py:190} INFO - [2026-07-04T05:10:44.588+0000] {dagbag.py:588} INFO - Filling up the DagBag from /opt/airflow/dags/example_distributed_3.py
[2026-07-04T05:10:44.607+0000] {processor.py:925} INFO - DAG(s) 'example_distributed_celery_random_sleep' retrieved from /opt/airflow/dags/example_distributed_3.py
[2026-07-04T05:10:44.647+0000] {logging_mixin.py:190} INFO - [2026-07-04T05:10:44.646+0000] {dag.py:3239} INFO - Sync 1 DAGs
[2026-07-04T05:10:44.664+0000] {logging_mixin.py:190} INFO - [2026-07-04T05:10:44.663+0000] {dag.py:4180} INFO - Setting next_dagrun for example_distributed_celery_random_sleep to None, run_after=None
[2026-07-04T05:10:44.691+0000] {processor.py:208} INFO - Processing /opt/airflow/dags/example_distributed_3.py took 0.118 seconds
[2026-07-04T05:11:15.024+0000] {processor.py:186} INFO - Started process (PID=83) to work on /opt/airflow/dags/example_distributed_3.py
[2026-07-04T05:11:15.026+0000] {processor.py:914} INFO - Processing file /opt/airflow/dags/example_distributed_3.py for tasks to queue
[2026-07-04T05:11:15.030+0000] {logging_mixin.py:190} INFO - [2026-07-04T05:11:15.030+0000] {dagbag.py:588} INFO - Filling up the DagBag from /opt/airflow/dags/example_distributed_3.py
[2026-07-04T05:11:15.046+0000] {processor.py:925} INFO - DAG(s) 'example_distributed_celery_random_sleep' retrieved from /opt/airflow/dags/example_distributed_3.py
[2026-07-04T05:11:15.091+0000] {logging_mixin.py:190} INFO - [2026-07-04T05:11:15.091+0000] {dag.py:3239} INFO - Sync 1 DAGs
[2026-07-04T05:11:15.110+0000] {logging_mixin.py:190} INFO - [2026-07-04T05:11:15.110+0000] {dag.py:4180} INFO - Setting next_dagrun for example_distributed_celery_random_sleep to None, run_after=None
[2026-07-04T05:11:15.136+0000] {processor.py:208} INFO - Processing /opt/airflow/dags/example_distributed_3.py took 0.122 seconds
[2026-07-04T05:11:45.874+0000] {processor.py:186} INFO - Started process (PID=93) to work on /opt/airflow/dags/example_distributed_3.py
[2026-07-04T05:11:45.875+0000] {processor.py:914} INFO - Processing file /opt/airflow/dags/example_distributed_3.py for tasks to queue
[2026-07-04T05:11:45.878+0000] {logging_mixin.py:190} INFO - [2026-07-04T05:11:45.877+0000] {dagbag.py:588} INFO - Filling up the DagBag from /opt/airflow/dags/example_distributed_3.py
[2026-07-04T05:11:45.897+0000] {processor.py:925} INFO - DAG(s) 'example_distributed_celery_random_sleep' retrieved from /opt/airflow/dags/example_distributed_3.py
[2026-07-04T05:11:45.955+0000] {logging_mixin.py:190} INFO - [2026-07-04T05:11:45.954+0000] {dag.py:3239} INFO - Sync 1 DAGs
[2026-07-04T05:11:45.976+0000] {logging_mixin.py:190} INFO - [2026-07-04T05:11:45.976+0000] {dag.py:4180} INFO - Setting next_dagrun for example_distributed_celery_random_sleep to None, run_after=None
[2026-07-04T05:11:46.021+0000] {processor.py:208} INFO - Processing /opt/airflow/dags/example_distributed_3.py took 0.156 seconds
[2026-07-04T05:12:16.244+0000] {processor.py:186} INFO - Started process (PID=103) to work on /opt/airflow/dags/example_distributed_3.py
[2026-07-04T05:12:16.247+0000] {processor.py:914} INFO - Processing file /opt/airflow/dags/example_distributed_3.py for tasks to queue
[2026-07-04T05:12:16.251+0000] {logging_mixin.py:190} INFO - [2026-07-04T05:12:16.250+0000] {dagbag.py:588} INFO - Filling up the DagBag from /opt/airflow/dags/example_distributed_3.py
[2026-07-04T05:12:16.271+0000] {processor.py:925} INFO - DAG(s) 'example_distributed_celery_random_sleep' retrieved from /opt/airflow/dags/example_distributed_3.py
[2026-07-04T05:12:16.325+0000] {logging_mixin.py:190} INFO - [2026-07-04T05:12:16.325+0000] {dag.py:3239} INFO - Sync 1 DAGs
[2026-07-04T05:12:16.349+0000] {logging_mixin.py:190} INFO - [2026-07-04T05:12:16.348+0000] {dag.py:4180} INFO - Setting next_dagrun for example_distributed_celery_random_sleep to None, run_after=None
[2026-07-04T05:12:16.390+0000] {processor.py:208} INFO - Processing /opt/airflow/dags/example_distributed_3.py took 0.157 seconds
[2026-07-04T05:12:46.601+0000] {processor.py:186} INFO - Started process (PID=113) to work on /opt/airflow/dags/example_distributed_3.py
[2026-07-04T05:12:46.604+0000] {processor.py:914} INFO - Processing file /opt/airflow/dags/example_distributed_3.py for tasks to queue
[2026-07-04T05:12:46.608+0000] {logging_mixin.py:190} INFO - [2026-07-04T05:12:46.608+0000] {dagbag.py:588} INFO - Filling up the DagBag from /opt/airflow/dags/example_distributed_3.py
[2026-07-04T05:12:46.624+0000] {processor.py:925} INFO - DAG(s) 'example_distributed_celery_random_sleep' retrieved from /opt/airflow/dags/example_distributed_3.py
[2026-07-04T05:12:46.677+0000] {logging_mixin.py:190} INFO - [2026-07-04T05:12:46.677+0000] {dag.py:3239} INFO - Sync 1 DAGs
[2026-07-04T05:12:46.697+0000] {logging_mixin.py:190} INFO - [2026-07-04T05:12:46.696+0000] {dag.py:4180} INFO - Setting next_dagrun for example_distributed_celery_random_sleep to None, run_after=None
[2026-07-04T05:12:46.736+0000] {processor.py:208} INFO - Processing /opt/airflow/dags/example_distributed_3.py took 0.143 seconds
[2026-07-04T05:13:17.560+0000] {processor.py:186} INFO - Started process (PID=123) to work on /opt/airflow/dags/example_distributed_3.py
[2026-07-04T05:13:17.561+0000] {processor.py:914} INFO - Processing file /opt/airflow/dags/example_distributed_3.py for tasks to queue
[2026-07-04T05:13:17.563+0000] {logging_mixin.py:190} INFO - [2026-07-04T05:13:17.563+0000] {dagbag.py:588} INFO - Filling up the DagBag from /opt/airflow/dags/example_distributed_3.py
[2026-07-04T05:13:17.597+0000] {processor.py:925} INFO - DAG(s) 'example_distributed_celery_random_sleep' retrieved from /opt/airflow/dags/example_distributed_3.py
[2026-07-04T05:13:17.662+0000] {logging_mixin.py:190} INFO - [2026-07-04T05:13:17.662+0000] {dag.py:3239} INFO - Sync 1 DAGs
[2026-07-04T05:13:17.688+0000] {logging_mixin.py:190} INFO - [2026-07-04T05:13:17.687+0000] {dag.py:4180} INFO - Setting next_dagrun for example_distributed_celery_random_sleep to None, run_after=None
[2026-07-04T05:13:17.888+0000] {processor.py:208} INFO - Processing /opt/airflow/dags/example_distributed_3.py took 0.339 seconds
[2026-07-04T05:13:48.222+0000] {processor.py:186} INFO - Started process (PID=133) to work on /opt/airflow/dags/example_distributed_3.py
[2026-07-04T05:13:48.225+0000] {processor.py:914} INFO - Processing file /opt/airflow/dags/example_distributed_3.py for tasks to queue
[2026-07-04T05:13:48.232+0000] {logging_mixin.py:190} INFO - [2026-07-04T05:13:48.231+0000] {dagbag.py:588} INFO - Filling up the DagBag from /opt/airflow/dags/example_distributed_3.py
[2026-07-04T05:13:48.253+0000] {processor.py:925} INFO - DAG(s) 'example_distributed_celery_random_sleep' retrieved from /opt/airflow/dags/example_distributed_3.py
[2026-07-04T05:13:48.372+0000] {logging_mixin.py:190} INFO - [2026-07-04T05:13:48.371+0000] {dag.py:3239} INFO - Sync 1 DAGs
[2026-07-04T05:13:48.657+0000] {logging_mixin.py:190} INFO - [2026-07-04T05:13:48.656+0000] {dag.py:4180} INFO - Setting next_dagrun for example_distributed_celery_random_sleep to None, run_after=None
[2026-07-04T05:13:48.686+0000] {processor.py:208} INFO - Processing /opt/airflow/dags/example_distributed_3.py took 0.474 seconds
[2026-07-04T05:14:18.893+0000] {processor.py:186} INFO - Started process (PID=143) to work on /opt/airflow/dags/example_distributed_3.py
[2026-07-04T05:14:18.921+0000] {processor.py:914} INFO - Processing file /opt/airflow/dags/example_distributed_3.py for tasks to queue
[2026-07-04T05:14:18.928+0000] {logging_mixin.py:190} INFO - [2026-07-04T05:14:18.928+0000] {dagbag.py:588} INFO - Filling up the DagBag from /opt/airflow/dags/example_distributed_3.py
[2026-07-04T05:14:18.951+0000] {processor.py:925} INFO - DAG(s) 'example_distributed_celery_random_sleep' retrieved from /opt/airflow/dags/example_distributed_3.py
[2026-07-04T05:14:20.073+0000] {logging_mixin.py:190} INFO - [2026-07-04T05:14:20.066+0000] {dag.py:3239} INFO - Sync 1 DAGs
[2026-07-04T05:14:20.521+0000] {logging_mixin.py:190} INFO - [2026-07-04T05:14:20.520+0000] {dag.py:4180} INFO - Setting next_dagrun for example_distributed_celery_random_sleep to None, run_after=None
[2026-07-04T05:14:21.715+0000] {processor.py:208} INFO - Processing /opt/airflow/dags/example_distributed_3.py took 2.830 seconds
[2026-07-04T05:14:53.687+0000] {processor.py:186} INFO - Started process (PID=153) to work on /opt/airflow/dags/example_distributed_3.py
[2026-07-04T05:14:53.732+0000] {processor.py:914} INFO - Processing file /opt/airflow/dags/example_distributed_3.py for tasks to queue
[2026-07-04T05:14:53.738+0000] {logging_mixin.py:190} INFO - [2026-07-04T05:14:53.738+0000] {dagbag.py:588} INFO - Filling up the DagBag from /opt/airflow/dags/example_distributed_3.py
[2026-07-04T05:14:54.717+0000] {processor.py:925} INFO - DAG(s) 'example_distributed_celery_random_sleep' retrieved from /opt/airflow/dags/example_distributed_3.py
[2026-07-04T05:14:55.647+0000] {logging_mixin.py:190} INFO - [2026-07-04T05:14:55.647+0000] {dag.py:3239} INFO - Sync 1 DAGs
[2026-07-04T05:14:56.076+0000] {logging_mixin.py:190} INFO - [2026-07-04T05:14:56.075+0000] {dag.py:4180} INFO - Setting next_dagrun for example_distributed_celery_random_sleep to None, run_after=None
[2026-07-04T05:14:57.274+0000] {processor.py:208} INFO - Processing /opt/airflow/dags/example_distributed_3.py took 3.599 seconds
[2026-07-04T05:15:35.863+0000] {processor.py:186} INFO - Started process (PID=162) to work on /opt/airflow/dags/example_distributed_3.py
[2026-07-04T05:15:36.007+0000] {processor.py:914} INFO - Processing file /opt/airflow/dags/example_distributed_3.py for tasks to queue
[2026-07-04T05:15:36.045+0000] {logging_mixin.py:190} INFO - [2026-07-04T05:15:36.044+0000] {dagbag.py:588} INFO - Filling up the DagBag from /opt/airflow/dags/example_distributed_3.py
[2026-07-04T05:15:36.117+0000] {processor.py:925} INFO - DAG(s) 'example_distributed_celery_random_sleep' retrieved from /opt/airflow/dags/example_distributed_3.py
[2026-07-04T05:15:37.093+0000] {logging_mixin.py:190} INFO - [2026-07-04T05:15:37.045+0000] {dag.py:3239} INFO - Sync 1 DAGs
[2026-07-04T05:15:37.648+0000] {logging_mixin.py:190} INFO - [2026-07-04T05:15:37.648+0000] {dag.py:4180} INFO - Setting next_dagrun for example_distributed_celery_random_sleep to None, run_after=None
[2026-07-04T05:15:44.646+0000] {processor.py:208} INFO - Processing /opt/airflow/dags/example_distributed_3.py took 8.916 seconds
[2026-07-04T05:16:15.337+0000] {processor.py:186} INFO - Started process (PID=169) to work on /opt/airflow/dags/example_distributed_3.py
[2026-07-04T05:16:15.339+0000] {processor.py:914} INFO - Processing file /opt/airflow/dags/example_distributed_3.py for tasks to queue
[2026-07-04T05:16:15.343+0000] {logging_mixin.py:190} INFO - [2026-07-04T05:16:15.343+0000] {dagbag.py:588} INFO - Filling up the DagBag from /opt/airflow/dags/example_distributed_3.py
[2026-07-04T05:16:15.363+0000] {processor.py:925} INFO - DAG(s) 'example_distributed_celery_random_sleep' retrieved from /opt/airflow/dags/example_distributed_3.py
[2026-07-04T05:16:54.558+0000] {logging_mixin.py:190} INFO - [2026-07-04T05:16:54.557+0000] {dag.py:3239} INFO - Sync 1 DAGs
[2026-07-04T05:16:54.711+0000] {logging_mixin.py:190} INFO - [2026-07-04T05:16:54.710+0000] {dag.py:4180} INFO - Setting next_dagrun for example_distributed_celery_random_sleep to None, run_after=None
[2026-07-04T05:17:38.532+0000] {processor.py:186} INFO - Started process (PID=179) to work on /opt/airflow/dags/example_distributed_3.py
[2026-07-04T05:17:39.031+0000] {processor.py:914} INFO - Processing file /opt/airflow/dags/example_distributed_3.py for tasks to queue
[2026-07-04T05:17:39.037+0000] {logging_mixin.py:190} INFO - [2026-07-04T05:17:39.037+0000] {dagbag.py:588} INFO - Filling up the DagBag from /opt/airflow/dags/example_distributed_3.py
[2026-07-04T05:17:39.068+0000] {processor.py:925} INFO - DAG(s) 'example_distributed_celery_random_sleep' retrieved from /opt/airflow/dags/example_distributed_3.py
[2026-07-04T05:17:48.132+0000] {logging_mixin.py:190} INFO - [2026-07-04T05:17:48.132+0000] {dag.py:3239} INFO - Sync 1 DAGs
[2026-07-04T05:17:48.343+0000] {logging_mixin.py:190} INFO - [2026-07-04T05:17:48.342+0000] {dag.py:4180} INFO - Setting next_dagrun for example_distributed_celery_random_sleep to None, run_after=None
[2026-07-04T05:17:57.325+0000] {processor.py:208} INFO - Processing /opt/airflow/dags/example_distributed_3.py took 18.901 seconds
[2026-07-04T05:18:41.605+0000] {processor.py:186} INFO - Started process (PID=188) to work on /opt/airflow/dags/example_distributed_3.py
[2026-07-04T05:18:46.734+0000] {processor.py:914} INFO - Processing file /opt/airflow/dags/example_distributed_3.py for tasks to queue
[2026-07-04T05:18:47.238+0000] {logging_mixin.py:190} INFO - [2026-07-04T05:18:47.237+0000] {dagbag.py:588} INFO - Filling up the DagBag from /opt/airflow/dags/example_distributed_3.py
[2026-07-04T05:19:09.324+0000] {processor.py:925} INFO - DAG(s) 'example_distributed_celery_random_sleep' retrieved from /opt/airflow/dags/example_distributed_3.py
