[2026-07-04T03:07:26.132+0000] {processor.py:186} INFO - Started process (PID=41) to work on /opt/airflow/dags/example_distributed.py
[2026-07-04T03:07:26.138+0000] {processor.py:914} INFO - Processing file /opt/airflow/dags/example_distributed.py for tasks to queue
[2026-07-04T03:07:26.167+0000] {logging_mixin.py:190} INFO - [2026-07-04T03:07:26.163+0000] {dagbag.py:588} INFO - Filling up the DagBag from /opt/airflow/dags/example_distributed.py
[2026-07-04T03:07:26.344+0000] {processor.py:925} INFO - DAG(s) 'example_distributed_celery' retrieved from /opt/airflow/dags/example_distributed.py
[2026-07-04T03:07:27.492+0000] {logging_mixin.py:190} INFO - [2026-07-04T03:07:27.489+0000] {override.py:1911} INFO - Created Permission View: can edit on DAG:example_distributed_celery
[2026-07-04T03:07:27.685+0000] {logging_mixin.py:190} INFO - [2026-07-04T03:07:27.684+0000] {override.py:1911} INFO - Created Permission View: can delete on DAG:example_distributed_celery
[2026-07-04T03:07:27.832+0000] {logging_mixin.py:190} INFO - [2026-07-04T03:07:27.830+0000] {override.py:1911} INFO - Created Permission View: can read on DAG:example_distributed_celery
[2026-07-04T03:07:27.923+0000] {logging_mixin.py:190} INFO - [2026-07-04T03:07:27.922+0000] {override.py:1911} INFO - Created Permission View: can delete on DAG Run:example_distributed_celery
[2026-07-04T03:07:27.937+0000] {logging_mixin.py:190} INFO - [2026-07-04T03:07:27.937+0000] {override.py:1911} INFO - Created Permission View: can create on DAG Run:example_distributed_celery
[2026-07-04T03:07:27.961+0000] {logging_mixin.py:190} INFO - [2026-07-04T03:07:27.958+0000] {override.py:1911} INFO - Created Permission View: menu access on DAG Run:example_distributed_celery
[2026-07-04T03:07:28.005+0000] {logging_mixin.py:190} INFO - [2026-07-04T03:07:28.004+0000] {override.py:1911} INFO - Created Permission View: can read on DAG Run:example_distributed_celery
[2026-07-04T03:07:28.007+0000] {logging_mixin.py:190} INFO - [2026-07-04T03:07:28.006+0000] {dag.py:3239} INFO - Sync 1 DAGs
[2026-07-04T03:07:28.044+0000] {logging_mixin.py:190} INFO - [2026-07-04T03:07:28.044+0000] {dag.py:3262} INFO - Creating ORM DAG for example_distributed_celery
[2026-07-04T03:07:28.048+0000] {logging_mixin.py:190} INFO - [2026-07-04T03:07:28.047+0000] {dag.py:4180} INFO - Setting next_dagrun for example_distributed_celery to None, run_after=None
[2026-07-04T03:07:28.121+0000] {processor.py:208} INFO - Processing /opt/airflow/dags/example_distributed.py took 2.063 seconds
[2026-07-04T03:07:59.998+0000] {processor.py:186} INFO - Started process (PID=49) to work on /opt/airflow/dags/example_distributed.py
[2026-07-04T03:08:00.929+0000] {processor.py:914} INFO - Processing file /opt/airflow/dags/example_distributed.py for tasks to queue
[2026-07-04T03:08:01.761+0000] {logging_mixin.py:190} INFO - [2026-07-04T03:08:01.760+0000] {dagbag.py:588} INFO - Filling up the DagBag from /opt/airflow/dags/example_distributed.py
[2026-07-04T03:08:02.356+0000] {processor.py:925} INFO - DAG(s) 'example_distributed_celery' retrieved from /opt/airflow/dags/example_distributed.py
[2026-07-04T03:08:03.268+0000] {logging_mixin.py:190} INFO - [2026-07-04T03:08:03.267+0000] {dag.py:3239} INFO - Sync 1 DAGs
[2026-07-04T03:08:03.557+0000] {logging_mixin.py:190} INFO - [2026-07-04T03:08:03.556+0000] {dag.py:4180} INFO - Setting next_dagrun for example_distributed_celery to None, run_after=None
[2026-07-04T03:08:04.317+0000] {processor.py:208} INFO - Processing /opt/airflow/dags/example_distributed.py took 4.341 seconds
[2026-07-04T03:08:34.693+0000] {processor.py:186} INFO - Started process (PID=56) to work on /opt/airflow/dags/example_distributed.py
[2026-07-04T03:08:34.715+0000] {processor.py:914} INFO - Processing file /opt/airflow/dags/example_distributed.py for tasks to queue
[2026-07-04T03:08:34.732+0000] {logging_mixin.py:190} INFO - [2026-07-04T03:08:34.729+0000] {dagbag.py:588} INFO - Filling up the DagBag from /opt/airflow/dags/example_distributed.py
[2026-07-04T03:08:34.823+0000] {processor.py:925} INFO - DAG(s) 'example_distributed_celery' retrieved from /opt/airflow/dags/example_distributed.py
[2026-07-04T03:08:35.004+0000] {logging_mixin.py:190} INFO - [2026-07-04T03:08:35.004+0000] {dag.py:3239} INFO - Sync 1 DAGs
[2026-07-04T03:08:35.044+0000] {logging_mixin.py:190} INFO - [2026-07-04T03:08:35.044+0000] {dag.py:4180} INFO - Setting next_dagrun for example_distributed_celery to None, run_after=None
[2026-07-04T03:08:35.108+0000] {processor.py:208} INFO - Processing /opt/airflow/dags/example_distributed.py took 0.443 seconds
[2026-07-04T03:09:05.531+0000] {processor.py:186} INFO - Started process (PID=64) to work on /opt/airflow/dags/example_distributed.py
[2026-07-04T03:09:05.541+0000] {processor.py:914} INFO - Processing file /opt/airflow/dags/example_distributed.py for tasks to queue
[2026-07-04T03:09:05.547+0000] {logging_mixin.py:190} INFO - [2026-07-04T03:09:05.546+0000] {dagbag.py:588} INFO - Filling up the DagBag from /opt/airflow/dags/example_distributed.py
[2026-07-04T03:09:05.569+0000] {processor.py:925} INFO - DAG(s) 'example_distributed_celery' retrieved from /opt/airflow/dags/example_distributed.py
[2026-07-04T03:09:05.676+0000] {logging_mixin.py:190} INFO - [2026-07-04T03:09:05.675+0000] {dag.py:3239} INFO - Sync 1 DAGs
[2026-07-04T03:09:05.725+0000] {logging_mixin.py:190} INFO - [2026-07-04T03:09:05.724+0000] {dag.py:4180} INFO - Setting next_dagrun for example_distributed_celery to None, run_after=None
[2026-07-04T03:09:05.836+0000] {processor.py:208} INFO - Processing /opt/airflow/dags/example_distributed.py took 0.316 seconds
[2026-07-04T03:09:36.025+0000] {processor.py:186} INFO - Started process (PID=71) to work on /opt/airflow/dags/example_distributed.py
[2026-07-04T03:09:36.028+0000] {processor.py:914} INFO - Processing file /opt/airflow/dags/example_distributed.py for tasks to queue
[2026-07-04T03:09:36.032+0000] {logging_mixin.py:190} INFO - [2026-07-04T03:09:36.031+0000] {dagbag.py:588} INFO - Filling up the DagBag from /opt/airflow/dags/example_distributed.py
[2026-07-04T03:09:36.058+0000] {processor.py:925} INFO - DAG(s) 'example_distributed_celery' retrieved from /opt/airflow/dags/example_distributed.py
[2026-07-04T03:09:36.234+0000] {logging_mixin.py:190} INFO - [2026-07-04T03:09:36.233+0000] {dag.py:3239} INFO - Sync 1 DAGs
[2026-07-04T03:09:36.277+0000] {logging_mixin.py:190} INFO - [2026-07-04T03:09:36.276+0000] {dag.py:4180} INFO - Setting next_dagrun for example_distributed_celery to None, run_after=None
[2026-07-04T03:09:36.373+0000] {processor.py:208} INFO - Processing /opt/airflow/dags/example_distributed.py took 0.368 seconds
[2026-07-04T03:10:07.037+0000] {processor.py:186} INFO - Started process (PID=73) to work on /opt/airflow/dags/example_distributed.py
[2026-07-04T03:10:07.041+0000] {processor.py:914} INFO - Processing file /opt/airflow/dags/example_distributed.py for tasks to queue
[2026-07-04T03:10:07.049+0000] {logging_mixin.py:190} INFO - [2026-07-04T03:10:07.048+0000] {dagbag.py:588} INFO - Filling up the DagBag from /opt/airflow/dags/example_distributed.py
[2026-07-04T03:10:07.082+0000] {processor.py:925} INFO - DAG(s) 'example_distributed_celery' retrieved from /opt/airflow/dags/example_distributed.py
[2026-07-04T03:10:07.178+0000] {logging_mixin.py:190} INFO - [2026-07-04T03:10:07.177+0000] {dag.py:3239} INFO - Sync 1 DAGs
[2026-07-04T03:10:07.217+0000] {logging_mixin.py:190} INFO - [2026-07-04T03:10:07.217+0000] {dag.py:4180} INFO - Setting next_dagrun for example_distributed_celery to None, run_after=None
[2026-07-04T03:10:07.286+0000] {processor.py:208} INFO - Processing /opt/airflow/dags/example_distributed.py took 0.271 seconds
[2026-07-04T03:10:37.510+0000] {processor.py:186} INFO - Started process (PID=81) to work on /opt/airflow/dags/example_distributed.py
[2026-07-04T03:10:37.512+0000] {processor.py:914} INFO - Processing file /opt/airflow/dags/example_distributed.py for tasks to queue
[2026-07-04T03:10:37.516+0000] {logging_mixin.py:190} INFO - [2026-07-04T03:10:37.515+0000] {dagbag.py:588} INFO - Filling up the DagBag from /opt/airflow/dags/example_distributed.py
[2026-07-04T03:10:37.537+0000] {processor.py:925} INFO - DAG(s) 'example_distributed_celery' retrieved from /opt/airflow/dags/example_distributed.py
[2026-07-04T03:10:37.608+0000] {logging_mixin.py:190} INFO - [2026-07-04T03:10:37.607+0000] {dag.py:3239} INFO - Sync 1 DAGs
[2026-07-04T03:10:37.636+0000] {logging_mixin.py:190} INFO - [2026-07-04T03:10:37.635+0000] {dag.py:4180} INFO - Setting next_dagrun for example_distributed_celery to None, run_after=None
[2026-07-04T03:10:37.676+0000] {processor.py:208} INFO - Processing /opt/airflow/dags/example_distributed.py took 0.176 seconds
[2026-07-04T03:11:08.036+0000] {processor.py:186} INFO - Started process (PID=88) to work on /opt/airflow/dags/example_distributed.py
[2026-07-04T03:11:08.039+0000] {processor.py:914} INFO - Processing file /opt/airflow/dags/example_distributed.py for tasks to queue
[2026-07-04T03:11:08.043+0000] {logging_mixin.py:190} INFO - [2026-07-04T03:11:08.043+0000] {dagbag.py:588} INFO - Filling up the DagBag from /opt/airflow/dags/example_distributed.py
[2026-07-04T03:11:08.065+0000] {processor.py:925} INFO - DAG(s) 'example_distributed_celery' retrieved from /opt/airflow/dags/example_distributed.py
[2026-07-04T03:11:08.208+0000] {logging_mixin.py:190} INFO - [2026-07-04T03:11:08.207+0000] {dag.py:3239} INFO - Sync 1 DAGs
[2026-07-04T03:11:08.229+0000] {logging_mixin.py:190} INFO - [2026-07-04T03:11:08.228+0000] {dag.py:4180} INFO - Setting next_dagrun for example_distributed_celery to None, run_after=None
[2026-07-04T03:11:08.267+0000] {processor.py:208} INFO - Processing /opt/airflow/dags/example_distributed.py took 0.251 seconds
[2026-07-04T03:11:38.628+0000] {processor.py:186} INFO - Started process (PID=96) to work on /opt/airflow/dags/example_distributed.py
[2026-07-04T03:11:38.631+0000] {processor.py:914} INFO - Processing file /opt/airflow/dags/example_distributed.py for tasks to queue
[2026-07-04T03:11:38.637+0000] {logging_mixin.py:190} INFO - [2026-07-04T03:11:38.636+0000] {dagbag.py:588} INFO - Filling up the DagBag from /opt/airflow/dags/example_distributed.py
[2026-07-04T03:11:38.661+0000] {processor.py:925} INFO - DAG(s) 'example_distributed_celery' retrieved from /opt/airflow/dags/example_distributed.py
[2026-07-04T03:11:38.761+0000] {logging_mixin.py:190} INFO - [2026-07-04T03:11:38.760+0000] {dag.py:3239} INFO - Sync 1 DAGs
[2026-07-04T03:11:38.796+0000] {logging_mixin.py:190} INFO - [2026-07-04T03:11:38.796+0000] {dag.py:4180} INFO - Setting next_dagrun for example_distributed_celery to None, run_after=None
[2026-07-04T03:11:38.855+0000] {processor.py:208} INFO - Processing /opt/airflow/dags/example_distributed.py took 0.243 seconds
[2026-07-04T03:12:09.088+0000] {processor.py:186} INFO - Started process (PID=104) to work on /opt/airflow/dags/example_distributed.py
[2026-07-04T03:12:09.095+0000] {processor.py:914} INFO - Processing file /opt/airflow/dags/example_distributed.py for tasks to queue
[2026-07-04T03:12:09.100+0000] {logging_mixin.py:190} INFO - [2026-07-04T03:12:09.100+0000] {dagbag.py:588} INFO - Filling up the DagBag from /opt/airflow/dags/example_distributed.py
[2026-07-04T03:12:09.129+0000] {processor.py:925} INFO - DAG(s) 'example_distributed_celery' retrieved from /opt/airflow/dags/example_distributed.py
[2026-07-04T03:12:09.214+0000] {logging_mixin.py:190} INFO - [2026-07-04T03:12:09.213+0000] {dag.py:3239} INFO - Sync 1 DAGs
[2026-07-04T03:12:09.254+0000] {logging_mixin.py:190} INFO - [2026-07-04T03:12:09.253+0000] {dag.py:4180} INFO - Setting next_dagrun for example_distributed_celery to None, run_after=None
[2026-07-04T03:12:09.390+0000] {processor.py:208} INFO - Processing /opt/airflow/dags/example_distributed.py took 0.322 seconds
[2026-07-04T03:12:39.736+0000] {processor.py:186} INFO - Started process (PID=106) to work on /opt/airflow/dags/example_distributed.py
[2026-07-04T03:12:39.743+0000] {processor.py:914} INFO - Processing file /opt/airflow/dags/example_distributed.py for tasks to queue
[2026-07-04T03:12:39.750+0000] {logging_mixin.py:190} INFO - [2026-07-04T03:12:39.749+0000] {dagbag.py:588} INFO - Filling up the DagBag from /opt/airflow/dags/example_distributed.py
[2026-07-04T03:12:39.799+0000] {processor.py:925} INFO - DAG(s) 'example_distributed_celery' retrieved from /opt/airflow/dags/example_distributed.py
[2026-07-04T03:12:39.889+0000] {logging_mixin.py:190} INFO - [2026-07-04T03:12:39.888+0000] {dag.py:3239} INFO - Sync 1 DAGs
[2026-07-04T03:12:40.637+0000] {logging_mixin.py:190} INFO - [2026-07-04T03:12:40.636+0000] {dag.py:4180} INFO - Setting next_dagrun for example_distributed_celery to None, run_after=None
[2026-07-04T03:12:40.696+0000] {processor.py:208} INFO - Processing /opt/airflow/dags/example_distributed.py took 0.978 seconds
[2026-07-04T03:13:10.928+0000] {processor.py:186} INFO - Started process (PID=114) to work on /opt/airflow/dags/example_distributed.py
[2026-07-04T03:13:10.930+0000] {processor.py:914} INFO - Processing file /opt/airflow/dags/example_distributed.py for tasks to queue
[2026-07-04T03:13:10.933+0000] {logging_mixin.py:190} INFO - [2026-07-04T03:13:10.933+0000] {dagbag.py:588} INFO - Filling up the DagBag from /opt/airflow/dags/example_distributed.py
[2026-07-04T03:13:10.947+0000] {processor.py:925} INFO - DAG(s) 'example_distributed_celery' retrieved from /opt/airflow/dags/example_distributed.py
[2026-07-04T03:13:11.207+0000] {logging_mixin.py:190} INFO - [2026-07-04T03:13:11.207+0000] {dag.py:3239} INFO - Sync 1 DAGs
[2026-07-04T03:13:11.224+0000] {logging_mixin.py:190} INFO - [2026-07-04T03:13:11.223+0000] {dag.py:4180} INFO - Setting next_dagrun for example_distributed_celery to None, run_after=None
[2026-07-04T03:13:11.253+0000] {processor.py:208} INFO - Processing /opt/airflow/dags/example_distributed.py took 0.335 seconds
[2026-07-04T03:13:42.018+0000] {processor.py:186} INFO - Started process (PID=123) to work on /opt/airflow/dags/example_distributed.py
[2026-07-04T03:13:42.021+0000] {processor.py:914} INFO - Processing file /opt/airflow/dags/example_distributed.py for tasks to queue
[2026-07-04T03:13:42.026+0000] {logging_mixin.py:190} INFO - [2026-07-04T03:13:42.025+0000] {dagbag.py:588} INFO - Filling up the DagBag from /opt/airflow/dags/example_distributed.py
[2026-07-04T03:13:42.061+0000] {processor.py:925} INFO - DAG(s) 'example_distributed_celery' retrieved from /opt/airflow/dags/example_distributed.py
[2026-07-04T03:13:42.159+0000] {logging_mixin.py:190} INFO - [2026-07-04T03:13:42.158+0000] {dag.py:3239} INFO - Sync 1 DAGs
[2026-07-04T03:13:42.209+0000] {logging_mixin.py:190} INFO - [2026-07-04T03:13:42.209+0000] {dag.py:4180} INFO - Setting next_dagrun for example_distributed_celery to None, run_after=None
[2026-07-04T03:13:42.271+0000] {processor.py:208} INFO - Processing /opt/airflow/dags/example_distributed.py took 0.280 seconds
[2026-07-04T03:14:12.351+0000] {processor.py:186} INFO - Started process (PID=132) to work on /opt/airflow/dags/example_distributed.py
[2026-07-04T03:14:12.355+0000] {processor.py:914} INFO - Processing file /opt/airflow/dags/example_distributed.py for tasks to queue
[2026-07-04T03:14:12.360+0000] {logging_mixin.py:190} INFO - [2026-07-04T03:14:12.359+0000] {dagbag.py:588} INFO - Filling up the DagBag from /opt/airflow/dags/example_distributed.py
[2026-07-04T03:14:12.378+0000] {processor.py:925} INFO - DAG(s) 'example_distributed_celery' retrieved from /opt/airflow/dags/example_distributed.py
[2026-07-04T03:14:12.439+0000] {logging_mixin.py:190} INFO - [2026-07-04T03:14:12.439+0000] {dag.py:3239} INFO - Sync 1 DAGs
[2026-07-04T03:14:12.467+0000] {logging_mixin.py:190} INFO - [2026-07-04T03:14:12.466+0000] {dag.py:4180} INFO - Setting next_dagrun for example_distributed_celery to None, run_after=None
[2026-07-04T03:14:12.541+0000] {processor.py:208} INFO - Processing /opt/airflow/dags/example_distributed.py took 0.200 seconds
[2026-07-04T03:14:42.626+0000] {processor.py:186} INFO - Started process (PID=140) to work on /opt/airflow/dags/example_distributed.py
[2026-07-04T03:14:42.628+0000] {processor.py:914} INFO - Processing file /opt/airflow/dags/example_distributed.py for tasks to queue
[2026-07-04T03:14:42.633+0000] {logging_mixin.py:190} INFO - [2026-07-04T03:14:42.633+0000] {dagbag.py:588} INFO - Filling up the DagBag from /opt/airflow/dags/example_distributed.py
[2026-07-04T03:14:42.652+0000] {processor.py:925} INFO - DAG(s) 'example_distributed_celery' retrieved from /opt/airflow/dags/example_distributed.py
[2026-07-04T03:14:42.726+0000] {logging_mixin.py:190} INFO - [2026-07-04T03:14:42.725+0000] {dag.py:3239} INFO - Sync 1 DAGs
[2026-07-04T03:14:42.747+0000] {logging_mixin.py:190} INFO - [2026-07-04T03:14:42.747+0000] {dag.py:4180} INFO - Setting next_dagrun for example_distributed_celery to None, run_after=None
[2026-07-04T03:14:42.786+0000] {processor.py:208} INFO - Processing /opt/airflow/dags/example_distributed.py took 0.177 seconds
[2026-07-04T03:15:13.511+0000] {processor.py:186} INFO - Started process (PID=147) to work on /opt/airflow/dags/example_distributed.py
[2026-07-04T03:15:13.520+0000] {processor.py:914} INFO - Processing file /opt/airflow/dags/example_distributed.py for tasks to queue
[2026-07-04T03:15:13.529+0000] {logging_mixin.py:190} INFO - [2026-07-04T03:15:13.529+0000] {dagbag.py:588} INFO - Filling up the DagBag from /opt/airflow/dags/example_distributed.py
[2026-07-04T03:15:13.556+0000] {processor.py:925} INFO - DAG(s) 'example_distributed_celery' retrieved from /opt/airflow/dags/example_distributed.py
[2026-07-04T03:15:13.631+0000] {logging_mixin.py:190} INFO - [2026-07-04T03:15:13.631+0000] {dag.py:3239} INFO - Sync 1 DAGs
[2026-07-04T03:15:14.645+0000] {logging_mixin.py:190} INFO - [2026-07-04T03:15:14.645+0000] {dag.py:4180} INFO - Setting next_dagrun for example_distributed_celery to None, run_after=None
[2026-07-04T03:15:14.728+0000] {processor.py:208} INFO - Processing /opt/airflow/dags/example_distributed.py took 1.226 seconds
[2026-07-04T03:15:44.916+0000] {processor.py:186} INFO - Started process (PID=149) to work on /opt/airflow/dags/example_distributed.py
[2026-07-04T03:15:44.918+0000] {processor.py:914} INFO - Processing file /opt/airflow/dags/example_distributed.py for tasks to queue
[2026-07-04T03:15:44.922+0000] {logging_mixin.py:190} INFO - [2026-07-04T03:15:44.921+0000] {dagbag.py:588} INFO - Filling up the DagBag from /opt/airflow/dags/example_distributed.py
[2026-07-04T03:15:44.936+0000] {processor.py:925} INFO - DAG(s) 'example_distributed_celery' retrieved from /opt/airflow/dags/example_distributed.py
[2026-07-04T03:15:45.298+0000] {logging_mixin.py:190} INFO - [2026-07-04T03:15:45.298+0000] {dag.py:3239} INFO - Sync 1 DAGs
[2026-07-04T03:15:45.318+0000] {logging_mixin.py:190} INFO - [2026-07-04T03:15:45.317+0000] {dag.py:4180} INFO - Setting next_dagrun for example_distributed_celery to None, run_after=None
[2026-07-04T03:15:45.353+0000] {processor.py:208} INFO - Processing /opt/airflow/dags/example_distributed.py took 0.446 seconds
[2026-07-04T03:16:15.577+0000] {processor.py:186} INFO - Started process (PID=157) to work on /opt/airflow/dags/example_distributed.py
[2026-07-04T03:16:15.630+0000] {processor.py:914} INFO - Processing file /opt/airflow/dags/example_distributed.py for tasks to queue
[2026-07-04T03:16:15.636+0000] {logging_mixin.py:190} INFO - [2026-07-04T03:16:15.635+0000] {dagbag.py:588} INFO - Filling up the DagBag from /opt/airflow/dags/example_distributed.py
[2026-07-04T03:16:15.650+0000] {processor.py:925} INFO - DAG(s) 'example_distributed_celery' retrieved from /opt/airflow/dags/example_distributed.py
[2026-07-04T03:16:15.707+0000] {logging_mixin.py:190} INFO - [2026-07-04T03:16:15.706+0000] {dag.py:3239} INFO - Sync 1 DAGs
[2026-07-04T03:16:15.729+0000] {logging_mixin.py:190} INFO - [2026-07-04T03:16:15.728+0000] {dag.py:4180} INFO - Setting next_dagrun for example_distributed_celery to None, run_after=None
[2026-07-04T03:16:15.761+0000] {processor.py:208} INFO - Processing /opt/airflow/dags/example_distributed.py took 0.194 seconds
[2026-07-04T03:16:45.800+0000] {processor.py:186} INFO - Started process (PID=165) to work on /opt/airflow/dags/example_distributed.py
[2026-07-04T03:16:45.801+0000] {processor.py:914} INFO - Processing file /opt/airflow/dags/example_distributed.py for tasks to queue
[2026-07-04T03:16:45.806+0000] {logging_mixin.py:190} INFO - [2026-07-04T03:16:45.805+0000] {dagbag.py:588} INFO - Filling up the DagBag from /opt/airflow/dags/example_distributed.py
[2026-07-04T03:16:45.820+0000] {processor.py:925} INFO - DAG(s) 'example_distributed_celery' retrieved from /opt/airflow/dags/example_distributed.py
[2026-07-04T03:16:45.868+0000] {logging_mixin.py:190} INFO - [2026-07-04T03:16:45.868+0000] {dag.py:3239} INFO - Sync 1 DAGs
[2026-07-04T03:16:45.888+0000] {logging_mixin.py:190} INFO - [2026-07-04T03:16:45.887+0000] {dag.py:4180} INFO - Setting next_dagrun for example_distributed_celery to None, run_after=None
[2026-07-04T03:16:45.920+0000] {processor.py:208} INFO - Processing /opt/airflow/dags/example_distributed.py took 0.132 seconds
[2026-07-04T03:17:16.043+0000] {processor.py:186} INFO - Started process (PID=173) to work on /opt/airflow/dags/example_distributed.py
[2026-07-04T03:17:16.046+0000] {processor.py:914} INFO - Processing file /opt/airflow/dags/example_distributed.py for tasks to queue
[2026-07-04T03:17:16.050+0000] {logging_mixin.py:190} INFO - [2026-07-04T03:17:16.050+0000] {dagbag.py:588} INFO - Filling up the DagBag from /opt/airflow/dags/example_distributed.py
[2026-07-04T03:17:16.068+0000] {processor.py:925} INFO - DAG(s) 'example_distributed_celery' retrieved from /opt/airflow/dags/example_distributed.py
[2026-07-04T03:17:16.113+0000] {logging_mixin.py:190} INFO - [2026-07-04T03:17:16.112+0000] {dag.py:3239} INFO - Sync 1 DAGs
[2026-07-04T03:17:16.138+0000] {logging_mixin.py:190} INFO - [2026-07-04T03:17:16.137+0000] {dag.py:4180} INFO - Setting next_dagrun for example_distributed_celery to None, run_after=None
[2026-07-04T03:17:16.173+0000] {processor.py:208} INFO - Processing /opt/airflow/dags/example_distributed.py took 0.137 seconds
[2026-07-04T03:17:46.416+0000] {processor.py:186} INFO - Started process (PID=181) to work on /opt/airflow/dags/example_distributed.py
[2026-07-04T03:17:46.419+0000] {processor.py:914} INFO - Processing file /opt/airflow/dags/example_distributed.py for tasks to queue
[2026-07-04T03:17:46.426+0000] {logging_mixin.py:190} INFO - [2026-07-04T03:17:46.425+0000] {dagbag.py:588} INFO - Filling up the DagBag from /opt/airflow/dags/example_distributed.py
[2026-07-04T03:17:46.464+0000] {processor.py:925} INFO - DAG(s) 'example_distributed_celery' retrieved from /opt/airflow/dags/example_distributed.py
[2026-07-04T03:17:46.557+0000] {logging_mixin.py:190} INFO - [2026-07-04T03:17:46.555+0000] {dag.py:3239} INFO - Sync 1 DAGs
[2026-07-04T03:17:47.030+0000] {logging_mixin.py:190} INFO - [2026-07-04T03:17:47.029+0000] {dag.py:4180} INFO - Setting next_dagrun for example_distributed_celery to None, run_after=None
[2026-07-04T03:17:47.083+0000] {processor.py:208} INFO - Processing /opt/airflow/dags/example_distributed.py took 0.682 seconds
[2026-07-04T03:18:17.478+0000] {processor.py:186} INFO - Started process (PID=189) to work on /opt/airflow/dags/example_distributed.py
[2026-07-04T03:18:17.480+0000] {processor.py:914} INFO - Processing file /opt/airflow/dags/example_distributed.py for tasks to queue
[2026-07-04T03:18:17.484+0000] {logging_mixin.py:190} INFO - [2026-07-04T03:18:17.483+0000] {dagbag.py:588} INFO - Filling up the DagBag from /opt/airflow/dags/example_distributed.py
[2026-07-04T03:18:17.497+0000] {processor.py:925} INFO - DAG(s) 'example_distributed_celery' retrieved from /opt/airflow/dags/example_distributed.py
[2026-07-04T03:18:17.774+0000] {logging_mixin.py:190} INFO - [2026-07-04T03:18:17.774+0000] {dag.py:3239} INFO - Sync 1 DAGs
[2026-07-04T03:18:17.790+0000] {logging_mixin.py:190} INFO - [2026-07-04T03:18:17.790+0000] {dag.py:4180} INFO - Setting next_dagrun for example_distributed_celery to None, run_after=None
[2026-07-04T03:18:17.825+0000] {processor.py:208} INFO - Processing /opt/airflow/dags/example_distributed.py took 0.354 seconds
[2026-07-04T03:18:48.556+0000] {processor.py:186} INFO - Started process (PID=196) to work on /opt/airflow/dags/example_distributed.py
[2026-07-04T03:18:48.607+0000] {processor.py:914} INFO - Processing file /opt/airflow/dags/example_distributed.py for tasks to queue
[2026-07-04T03:18:48.835+0000] {logging_mixin.py:190} INFO - [2026-07-04T03:18:48.823+0000] {dagbag.py:588} INFO - Filling up the DagBag from /opt/airflow/dags/example_distributed.py
[2026-07-04T03:18:51.815+0000] {processor.py:925} INFO - DAG(s) 'example_distributed_celery' retrieved from /opt/airflow/dags/example_distributed.py
[2026-07-04T03:18:52.733+0000] {logging_mixin.py:190} INFO - [2026-07-04T03:18:52.733+0000] {dag.py:3239} INFO - Sync 1 DAGs
[2026-07-04T03:18:52.792+0000] {logging_mixin.py:190} INFO - [2026-07-04T03:18:52.791+0000] {dag.py:4180} INFO - Setting next_dagrun for example_distributed_celery to None, run_after=None
[2026-07-04T03:18:52.901+0000] {processor.py:208} INFO - Processing /opt/airflow/dags/example_distributed.py took 4.731 seconds
[2026-07-04T03:19:23.708+0000] {processor.py:186} INFO - Started process (PID=204) to work on /opt/airflow/dags/example_distributed.py
[2026-07-04T03:19:24.845+0000] {processor.py:914} INFO - Processing file /opt/airflow/dags/example_distributed.py for tasks to queue
[2026-07-04T03:19:24.879+0000] {logging_mixin.py:190} INFO - [2026-07-04T03:19:24.878+0000] {dagbag.py:588} INFO - Filling up the DagBag from /opt/airflow/dags/example_distributed.py
[2026-07-04T03:19:25.610+0000] {processor.py:925} INFO - DAG(s) 'example_distributed_celery' retrieved from /opt/airflow/dags/example_distributed.py
[2026-07-04T03:19:26.490+0000] {logging_mixin.py:190} INFO - [2026-07-04T03:19:26.488+0000] {dag.py:3239} INFO - Sync 1 DAGs
[2026-07-04T03:19:26.537+0000] {logging_mixin.py:190} INFO - [2026-07-04T03:19:26.536+0000] {dag.py:4180} INFO - Setting next_dagrun for example_distributed_celery to None, run_after=None
[2026-07-04T03:19:28.119+0000] {processor.py:208} INFO - Processing /opt/airflow/dags/example_distributed.py took 4.685 seconds
[2026-07-04T03:20:00.782+0000] {processor.py:186} INFO - Started process (PID=205) to work on /opt/airflow/dags/example_distributed.py
[2026-07-04T03:20:01.470+0000] {processor.py:914} INFO - Processing file /opt/airflow/dags/example_distributed.py for tasks to queue
[2026-07-04T03:20:01.476+0000] {logging_mixin.py:190} INFO - [2026-07-04T03:20:01.475+0000] {dagbag.py:588} INFO - Filling up the DagBag from /opt/airflow/dags/example_distributed.py
[2026-07-04T03:20:01.493+0000] {processor.py:925} INFO - DAG(s) 'example_distributed_celery' retrieved from /opt/airflow/dags/example_distributed.py
[2026-07-04T03:20:03.381+0000] {logging_mixin.py:190} INFO - [2026-07-04T03:20:03.380+0000] {dag.py:3239} INFO - Sync 1 DAGs
[2026-07-04T03:20:03.410+0000] {logging_mixin.py:190} INFO - [2026-07-04T03:20:03.410+0000] {dag.py:4180} INFO - Setting next_dagrun for example_distributed_celery to None, run_after=None
[2026-07-04T03:20:04.421+0000] {processor.py:208} INFO - Processing /opt/airflow/dags/example_distributed.py took 3.919 seconds
[2026-07-04T03:20:34.924+0000] {processor.py:186} INFO - Started process (PID=212) to work on /opt/airflow/dags/example_distributed.py
[2026-07-04T03:20:34.926+0000] {processor.py:914} INFO - Processing file /opt/airflow/dags/example_distributed.py for tasks to queue
[2026-07-04T03:20:34.932+0000] {logging_mixin.py:190} INFO - [2026-07-04T03:20:34.932+0000] {dagbag.py:588} INFO - Filling up the DagBag from /opt/airflow/dags/example_distributed.py
[2026-07-04T03:20:34.952+0000] {processor.py:925} INFO - DAG(s) 'example_distributed_celery' retrieved from /opt/airflow/dags/example_distributed.py
[2026-07-04T03:20:35.517+0000] {logging_mixin.py:190} INFO - [2026-07-04T03:20:35.507+0000] {dag.py:3239} INFO - Sync 1 DAGs
[2026-07-04T03:20:35.793+0000] {logging_mixin.py:190} INFO - [2026-07-04T03:20:35.792+0000] {dag.py:4180} INFO - Setting next_dagrun for example_distributed_celery to None, run_after=None
[2026-07-04T03:20:36.136+0000] {processor.py:208} INFO - Processing /opt/airflow/dags/example_distributed.py took 1.254 seconds
[2026-07-04T03:21:06.223+0000] {processor.py:186} INFO - Started process (PID=220) to work on /opt/airflow/dags/example_distributed.py
[2026-07-04T03:21:06.227+0000] {processor.py:914} INFO - Processing file /opt/airflow/dags/example_distributed.py for tasks to queue
[2026-07-04T03:21:06.236+0000] {logging_mixin.py:190} INFO - [2026-07-04T03:21:06.235+0000] {dagbag.py:588} INFO - Filling up the DagBag from /opt/airflow/dags/example_distributed.py
[2026-07-04T03:21:06.392+0000] {processor.py:925} INFO - DAG(s) 'example_distributed_celery' retrieved from /opt/airflow/dags/example_distributed.py
[2026-07-04T03:21:06.494+0000] {logging_mixin.py:190} INFO - [2026-07-04T03:21:06.493+0000] {dag.py:3239} INFO - Sync 1 DAGs
[2026-07-04T03:21:06.535+0000] {logging_mixin.py:190} INFO - [2026-07-04T03:21:06.534+0000] {dag.py:4180} INFO - Setting next_dagrun for example_distributed_celery to None, run_after=None
[2026-07-04T03:21:06.609+0000] {processor.py:208} INFO - Processing /opt/airflow/dags/example_distributed.py took 0.409 seconds
[2026-07-04T03:21:36.920+0000] {processor.py:186} INFO - Started process (PID=228) to work on /opt/airflow/dags/example_distributed.py
[2026-07-04T03:21:36.922+0000] {processor.py:914} INFO - Processing file /opt/airflow/dags/example_distributed.py for tasks to queue
[2026-07-04T03:21:36.925+0000] {logging_mixin.py:190} INFO - [2026-07-04T03:21:36.925+0000] {dagbag.py:588} INFO - Filling up the DagBag from /opt/airflow/dags/example_distributed.py
[2026-07-04T03:21:36.938+0000] {processor.py:925} INFO - DAG(s) 'example_distributed_celery' retrieved from /opt/airflow/dags/example_distributed.py
[2026-07-04T03:21:36.979+0000] {logging_mixin.py:190} INFO - [2026-07-04T03:21:36.979+0000] {dag.py:3239} INFO - Sync 1 DAGs
[2026-07-04T03:21:36.997+0000] {logging_mixin.py:190} INFO - [2026-07-04T03:21:36.997+0000] {dag.py:4180} INFO - Setting next_dagrun for example_distributed_celery to None, run_after=None
[2026-07-04T03:21:37.029+0000] {processor.py:208} INFO - Processing /opt/airflow/dags/example_distributed.py took 0.118 seconds
[2026-07-04T03:22:07.145+0000] {processor.py:186} INFO - Started process (PID=236) to work on /opt/airflow/dags/example_distributed.py
[2026-07-04T03:22:07.147+0000] {processor.py:914} INFO - Processing file /opt/airflow/dags/example_distributed.py for tasks to queue
[2026-07-04T03:22:07.151+0000] {logging_mixin.py:190} INFO - [2026-07-04T03:22:07.150+0000] {dagbag.py:588} INFO - Filling up the DagBag from /opt/airflow/dags/example_distributed.py
[2026-07-04T03:22:07.166+0000] {processor.py:925} INFO - DAG(s) 'example_distributed_celery' retrieved from /opt/airflow/dags/example_distributed.py
[2026-07-04T03:22:07.226+0000] {logging_mixin.py:190} INFO - [2026-07-04T03:22:07.225+0000] {dag.py:3239} INFO - Sync 1 DAGs
[2026-07-04T03:22:07.249+0000] {logging_mixin.py:190} INFO - [2026-07-04T03:22:07.249+0000] {dag.py:4180} INFO - Setting next_dagrun for example_distributed_celery to None, run_after=None
[2026-07-04T03:22:07.306+0000] {processor.py:208} INFO - Processing /opt/airflow/dags/example_distributed.py took 0.177 seconds
[2026-07-04T03:22:37.490+0000] {processor.py:186} INFO - Started process (PID=243) to work on /opt/airflow/dags/example_distributed.py
[2026-07-04T03:22:37.492+0000] {processor.py:914} INFO - Processing file /opt/airflow/dags/example_distributed.py for tasks to queue
[2026-07-04T03:22:37.495+0000] {logging_mixin.py:190} INFO - [2026-07-04T03:22:37.495+0000] {dagbag.py:588} INFO - Filling up the DagBag from /opt/airflow/dags/example_distributed.py
[2026-07-04T03:22:37.512+0000] {processor.py:925} INFO - DAG(s) 'example_distributed_celery' retrieved from /opt/airflow/dags/example_distributed.py
[2026-07-04T03:22:37.583+0000] {logging_mixin.py:190} INFO - [2026-07-04T03:22:37.583+0000] {dag.py:3239} INFO - Sync 1 DAGs
[2026-07-04T03:22:37.612+0000] {logging_mixin.py:190} INFO - [2026-07-04T03:22:37.611+0000] {dag.py:4180} INFO - Setting next_dagrun for example_distributed_celery to None, run_after=None
[2026-07-04T03:22:37.665+0000] {processor.py:208} INFO - Processing /opt/airflow/dags/example_distributed.py took 0.184 seconds
[2026-07-04T03:23:07.731+0000] {processor.py:186} INFO - Started process (PID=245) to work on /opt/airflow/dags/example_distributed.py
[2026-07-04T03:23:07.732+0000] {processor.py:914} INFO - Processing file /opt/airflow/dags/example_distributed.py for tasks to queue
[2026-07-04T03:23:07.736+0000] {logging_mixin.py:190} INFO - [2026-07-04T03:23:07.735+0000] {dagbag.py:588} INFO - Filling up the DagBag from /opt/airflow/dags/example_distributed.py
[2026-07-04T03:23:07.749+0000] {processor.py:925} INFO - DAG(s) 'example_distributed_celery' retrieved from /opt/airflow/dags/example_distributed.py
[2026-07-04T03:23:07.789+0000] {logging_mixin.py:190} INFO - [2026-07-04T03:23:07.789+0000] {dag.py:3239} INFO - Sync 1 DAGs
[2026-07-04T03:23:07.806+0000] {logging_mixin.py:190} INFO - [2026-07-04T03:23:07.806+0000] {dag.py:4180} INFO - Setting next_dagrun for example_distributed_celery to None, run_after=None
[2026-07-04T03:23:07.843+0000] {processor.py:208} INFO - Processing /opt/airflow/dags/example_distributed.py took 0.120 seconds
[2026-07-04T03:23:38.831+0000] {processor.py:186} INFO - Started process (PID=253) to work on /opt/airflow/dags/example_distributed.py
[2026-07-04T03:23:38.834+0000] {processor.py:914} INFO - Processing file /opt/airflow/dags/example_distributed.py for tasks to queue
[2026-07-04T03:23:38.838+0000] {logging_mixin.py:190} INFO - [2026-07-04T03:23:38.837+0000] {dagbag.py:588} INFO - Filling up the DagBag from /opt/airflow/dags/example_distributed.py
[2026-07-04T03:23:38.849+0000] {processor.py:925} INFO - DAG(s) 'example_distributed_celery' retrieved from /opt/airflow/dags/example_distributed.py
[2026-07-04T03:23:38.894+0000] {logging_mixin.py:190} INFO - [2026-07-04T03:23:38.893+0000] {dag.py:3239} INFO - Sync 1 DAGs
[2026-07-04T03:23:38.915+0000] {logging_mixin.py:190} INFO - [2026-07-04T03:23:38.914+0000] {dag.py:4180} INFO - Setting next_dagrun for example_distributed_celery to None, run_after=None
[2026-07-04T03:23:38.947+0000] {processor.py:208} INFO - Processing /opt/airflow/dags/example_distributed.py took 0.125 seconds
[2026-07-04T03:24:09.936+0000] {processor.py:186} INFO - Started process (PID=261) to work on /opt/airflow/dags/example_distributed.py
[2026-07-04T03:24:09.938+0000] {processor.py:914} INFO - Processing file /opt/airflow/dags/example_distributed.py for tasks to queue
[2026-07-04T03:24:09.942+0000] {logging_mixin.py:190} INFO - [2026-07-04T03:24:09.941+0000] {dagbag.py:588} INFO - Filling up the DagBag from /opt/airflow/dags/example_distributed.py
[2026-07-04T03:24:09.954+0000] {processor.py:925} INFO - DAG(s) 'example_distributed_celery' retrieved from /opt/airflow/dags/example_distributed.py
[2026-07-04T03:24:10.007+0000] {logging_mixin.py:190} INFO - [2026-07-04T03:24:10.007+0000] {dag.py:3239} INFO - Sync 1 DAGs
[2026-07-04T03:24:10.030+0000] {logging_mixin.py:190} INFO - [2026-07-04T03:24:10.030+0000] {dag.py:4180} INFO - Setting next_dagrun for example_distributed_celery to None, run_after=None
[2026-07-04T03:24:10.070+0000] {processor.py:208} INFO - Processing /opt/airflow/dags/example_distributed.py took 0.142 seconds
[2026-07-04T03:24:40.847+0000] {processor.py:186} INFO - Started process (PID=270) to work on /opt/airflow/dags/example_distributed.py
[2026-07-04T03:24:40.849+0000] {processor.py:914} INFO - Processing file /opt/airflow/dags/example_distributed.py for tasks to queue
[2026-07-04T03:24:40.855+0000] {logging_mixin.py:190} INFO - [2026-07-04T03:24:40.854+0000] {dagbag.py:588} INFO - Filling up the DagBag from /opt/airflow/dags/example_distributed.py
[2026-07-04T03:24:40.872+0000] {processor.py:925} INFO - DAG(s) 'example_distributed_celery' retrieved from /opt/airflow/dags/example_distributed.py
[2026-07-04T03:24:40.917+0000] {logging_mixin.py:190} INFO - [2026-07-04T03:24:40.917+0000] {dag.py:3239} INFO - Sync 1 DAGs
[2026-07-04T03:24:40.943+0000] {logging_mixin.py:190} INFO - [2026-07-04T03:24:40.943+0000] {dag.py:4180} INFO - Setting next_dagrun for example_distributed_celery to None, run_after=None
[2026-07-04T03:24:40.987+0000] {processor.py:208} INFO - Processing /opt/airflow/dags/example_distributed.py took 0.152 seconds
[2026-07-04T03:25:11.460+0000] {processor.py:186} INFO - Started process (PID=278) to work on /opt/airflow/dags/example_distributed.py
[2026-07-04T03:25:11.461+0000] {processor.py:914} INFO - Processing file /opt/airflow/dags/example_distributed.py for tasks to queue
[2026-07-04T03:25:11.464+0000] {logging_mixin.py:190} INFO - [2026-07-04T03:25:11.464+0000] {dagbag.py:588} INFO - Filling up the DagBag from /opt/airflow/dags/example_distributed.py
[2026-07-04T03:25:11.475+0000] {processor.py:925} INFO - DAG(s) 'example_distributed_celery' retrieved from /opt/airflow/dags/example_distributed.py
[2026-07-04T03:25:11.514+0000] {logging_mixin.py:190} INFO - [2026-07-04T03:25:11.514+0000] {dag.py:3239} INFO - Sync 1 DAGs
[2026-07-04T03:25:11.532+0000] {logging_mixin.py:190} INFO - [2026-07-04T03:25:11.532+0000] {dag.py:4180} INFO - Setting next_dagrun for example_distributed_celery to None, run_after=None
[2026-07-04T03:25:11.563+0000] {processor.py:208} INFO - Processing /opt/airflow/dags/example_distributed.py took 0.111 seconds
[2026-07-04T03:25:41.830+0000] {processor.py:186} INFO - Started process (PID=286) to work on /opt/airflow/dags/example_distributed.py
[2026-07-04T03:25:41.831+0000] {processor.py:914} INFO - Processing file /opt/airflow/dags/example_distributed.py for tasks to queue
[2026-07-04T03:25:41.835+0000] {logging_mixin.py:190} INFO - [2026-07-04T03:25:41.835+0000] {dagbag.py:588} INFO - Filling up the DagBag from /opt/airflow/dags/example_distributed.py
[2026-07-04T03:25:41.848+0000] {processor.py:925} INFO - DAG(s) 'example_distributed_celery' retrieved from /opt/airflow/dags/example_distributed.py
[2026-07-04T03:25:41.905+0000] {logging_mixin.py:190} INFO - [2026-07-04T03:25:41.905+0000] {dag.py:3239} INFO - Sync 1 DAGs
[2026-07-04T03:25:41.942+0000] {logging_mixin.py:190} INFO - [2026-07-04T03:25:41.941+0000] {dag.py:4180} INFO - Setting next_dagrun for example_distributed_celery to None, run_after=None
[2026-07-04T03:25:41.988+0000] {processor.py:208} INFO - Processing /opt/airflow/dags/example_distributed.py took 0.168 seconds
[2026-07-04T03:26:12.133+0000] {processor.py:186} INFO - Started process (PID=293) to work on /opt/airflow/dags/example_distributed.py
[2026-07-04T03:26:12.135+0000] {processor.py:914} INFO - Processing file /opt/airflow/dags/example_distributed.py for tasks to queue
[2026-07-04T03:26:12.140+0000] {logging_mixin.py:190} INFO - [2026-07-04T03:26:12.139+0000] {dagbag.py:588} INFO - Filling up the DagBag from /opt/airflow/dags/example_distributed.py
[2026-07-04T03:26:12.151+0000] {processor.py:925} INFO - DAG(s) 'example_distributed_celery' retrieved from /opt/airflow/dags/example_distributed.py
[2026-07-04T03:26:12.193+0000] {logging_mixin.py:190} INFO - [2026-07-04T03:26:12.192+0000] {dag.py:3239} INFO - Sync 1 DAGs
[2026-07-04T03:26:12.219+0000] {logging_mixin.py:190} INFO - [2026-07-04T03:26:12.218+0000] {dag.py:4180} INFO - Setting next_dagrun for example_distributed_celery to None, run_after=None
[2026-07-04T03:26:12.259+0000] {processor.py:208} INFO - Processing /opt/airflow/dags/example_distributed.py took 0.134 seconds
[2026-07-04T03:26:42.406+0000] {processor.py:186} INFO - Started process (PID=301) to work on /opt/airflow/dags/example_distributed.py
[2026-07-04T03:26:42.408+0000] {processor.py:914} INFO - Processing file /opt/airflow/dags/example_distributed.py for tasks to queue
[2026-07-04T03:26:42.413+0000] {logging_mixin.py:190} INFO - [2026-07-04T03:26:42.412+0000] {dagbag.py:588} INFO - Filling up the DagBag from /opt/airflow/dags/example_distributed.py
[2026-07-04T03:26:42.447+0000] {processor.py:925} INFO - DAG(s) 'example_distributed_celery' retrieved from /opt/airflow/dags/example_distributed.py
[2026-07-04T03:26:42.538+0000] {logging_mixin.py:190} INFO - [2026-07-04T03:26:42.537+0000] {dag.py:3239} INFO - Sync 1 DAGs
[2026-07-04T03:26:42.573+0000] {logging_mixin.py:190} INFO - [2026-07-04T03:26:42.572+0000] {dag.py:4180} INFO - Setting next_dagrun for example_distributed_celery to None, run_after=None
[2026-07-04T03:26:42.631+0000] {processor.py:208} INFO - Processing /opt/airflow/dags/example_distributed.py took 0.250 seconds
[2026-07-04T03:27:12.662+0000] {processor.py:186} INFO - Started process (PID=309) to work on /opt/airflow/dags/example_distributed.py
[2026-07-04T03:27:12.665+0000] {processor.py:914} INFO - Processing file /opt/airflow/dags/example_distributed.py for tasks to queue
[2026-07-04T03:27:12.669+0000] {logging_mixin.py:190} INFO - [2026-07-04T03:27:12.668+0000] {dagbag.py:588} INFO - Filling up the DagBag from /opt/airflow/dags/example_distributed.py
[2026-07-04T03:27:12.682+0000] {processor.py:925} INFO - DAG(s) 'example_distributed_celery' retrieved from /opt/airflow/dags/example_distributed.py
[2026-07-04T03:27:12.726+0000] {logging_mixin.py:190} INFO - [2026-07-04T03:27:12.726+0000] {dag.py:3239} INFO - Sync 1 DAGs
[2026-07-04T03:27:12.750+0000] {logging_mixin.py:190} INFO - [2026-07-04T03:27:12.749+0000] {dag.py:4180} INFO - Setting next_dagrun for example_distributed_celery to None, run_after=None
[2026-07-04T03:27:12.775+0000] {processor.py:208} INFO - Processing /opt/airflow/dags/example_distributed.py took 0.120 seconds
[2026-07-04T03:27:43.641+0000] {processor.py:186} INFO - Started process (PID=317) to work on /opt/airflow/dags/example_distributed.py
[2026-07-04T03:27:43.647+0000] {processor.py:914} INFO - Processing file /opt/airflow/dags/example_distributed.py for tasks to queue
[2026-07-04T03:27:43.652+0000] {logging_mixin.py:190} INFO - [2026-07-04T03:27:43.651+0000] {dagbag.py:588} INFO - Filling up the DagBag from /opt/airflow/dags/example_distributed.py
[2026-07-04T03:27:43.675+0000] {processor.py:925} INFO - DAG(s) 'example_distributed_celery' retrieved from /opt/airflow/dags/example_distributed.py
[2026-07-04T03:27:43.736+0000] {logging_mixin.py:190} INFO - [2026-07-04T03:27:43.735+0000] {dag.py:3239} INFO - Sync 1 DAGs
[2026-07-04T03:27:43.771+0000] {logging_mixin.py:190} INFO - [2026-07-04T03:27:43.770+0000] {dag.py:4180} INFO - Setting next_dagrun for example_distributed_celery to None, run_after=None
[2026-07-04T03:27:43.831+0000] {processor.py:208} INFO - Processing /opt/airflow/dags/example_distributed.py took 0.208 seconds
[2026-07-04T03:28:14.805+0000] {processor.py:186} INFO - Started process (PID=323) to work on /opt/airflow/dags/example_distributed.py
[2026-07-04T03:28:14.812+0000] {processor.py:914} INFO - Processing file /opt/airflow/dags/example_distributed.py for tasks to queue
[2026-07-04T03:28:14.818+0000] {logging_mixin.py:190} INFO - [2026-07-04T03:28:14.817+0000] {dagbag.py:588} INFO - Filling up the DagBag from /opt/airflow/dags/example_distributed.py
[2026-07-04T03:28:14.833+0000] {processor.py:925} INFO - DAG(s) 'example_distributed_celery' retrieved from /opt/airflow/dags/example_distributed.py
[2026-07-04T03:28:14.887+0000] {logging_mixin.py:190} INFO - [2026-07-04T03:28:14.886+0000] {dag.py:3239} INFO - Sync 1 DAGs
[2026-07-04T03:28:14.909+0000] {logging_mixin.py:190} INFO - [2026-07-04T03:28:14.908+0000] {dag.py:4180} INFO - Setting next_dagrun for example_distributed_celery to None, run_after=None
[2026-07-04T03:28:14.945+0000] {processor.py:208} INFO - Processing /opt/airflow/dags/example_distributed.py took 0.148 seconds
[2026-07-04T03:28:45.292+0000] {processor.py:186} INFO - Started process (PID=325) to work on /opt/airflow/dags/example_distributed.py
[2026-07-04T03:28:45.294+0000] {processor.py:914} INFO - Processing file /opt/airflow/dags/example_distributed.py for tasks to queue
[2026-07-04T03:28:45.297+0000] {logging_mixin.py:190} INFO - [2026-07-04T03:28:45.297+0000] {dagbag.py:588} INFO - Filling up the DagBag from /opt/airflow/dags/example_distributed.py
[2026-07-04T03:28:45.310+0000] {processor.py:925} INFO - DAG(s) 'example_distributed_celery' retrieved from /opt/airflow/dags/example_distributed.py
[2026-07-04T03:28:45.350+0000] {logging_mixin.py:190} INFO - [2026-07-04T03:28:45.349+0000] {dag.py:3239} INFO - Sync 1 DAGs
[2026-07-04T03:28:45.375+0000] {logging_mixin.py:190} INFO - [2026-07-04T03:28:45.375+0000] {dag.py:4180} INFO - Setting next_dagrun for example_distributed_celery to None, run_after=None
[2026-07-04T03:28:45.432+0000] {processor.py:208} INFO - Processing /opt/airflow/dags/example_distributed.py took 0.148 seconds
[2026-07-04T03:29:15.700+0000] {processor.py:186} INFO - Started process (PID=333) to work on /opt/airflow/dags/example_distributed.py
[2026-07-04T03:29:15.702+0000] {processor.py:914} INFO - Processing file /opt/airflow/dags/example_distributed.py for tasks to queue
[2026-07-04T03:29:15.705+0000] {logging_mixin.py:190} INFO - [2026-07-04T03:29:15.705+0000] {dagbag.py:588} INFO - Filling up the DagBag from /opt/airflow/dags/example_distributed.py
[2026-07-04T03:29:15.719+0000] {processor.py:925} INFO - DAG(s) 'example_distributed_celery' retrieved from /opt/airflow/dags/example_distributed.py
[2026-07-04T03:29:15.761+0000] {logging_mixin.py:190} INFO - [2026-07-04T03:29:15.760+0000] {dag.py:3239} INFO - Sync 1 DAGs
[2026-07-04T03:29:15.778+0000] {logging_mixin.py:190} INFO - [2026-07-04T03:29:15.777+0000] {dag.py:4180} INFO - Setting next_dagrun for example_distributed_celery to None, run_after=None
[2026-07-04T03:29:15.815+0000] {processor.py:208} INFO - Processing /opt/airflow/dags/example_distributed.py took 0.123 seconds
[2026-07-04T03:29:46.398+0000] {processor.py:186} INFO - Started process (PID=340) to work on /opt/airflow/dags/example_distributed.py
[2026-07-04T03:29:46.401+0000] {processor.py:914} INFO - Processing file /opt/airflow/dags/example_distributed.py for tasks to queue
[2026-07-04T03:29:46.404+0000] {logging_mixin.py:190} INFO - [2026-07-04T03:29:46.404+0000] {dagbag.py:588} INFO - Filling up the DagBag from /opt/airflow/dags/example_distributed.py
[2026-07-04T03:29:46.416+0000] {processor.py:925} INFO - DAG(s) 'example_distributed_celery' retrieved from /opt/airflow/dags/example_distributed.py
[2026-07-04T03:29:46.453+0000] {logging_mixin.py:190} INFO - [2026-07-04T03:29:46.453+0000] {dag.py:3239} INFO - Sync 1 DAGs
[2026-07-04T03:29:46.471+0000] {logging_mixin.py:190} INFO - [2026-07-04T03:29:46.471+0000] {dag.py:4180} INFO - Setting next_dagrun for example_distributed_celery to None, run_after=None
[2026-07-04T03:29:46.508+0000] {processor.py:208} INFO - Processing /opt/airflow/dags/example_distributed.py took 0.117 seconds
[2026-07-04T03:30:16.847+0000] {processor.py:186} INFO - Started process (PID=348) to work on /opt/airflow/dags/example_distributed.py
[2026-07-04T03:30:16.849+0000] {processor.py:914} INFO - Processing file /opt/airflow/dags/example_distributed.py for tasks to queue
[2026-07-04T03:30:16.853+0000] {logging_mixin.py:190} INFO - [2026-07-04T03:30:16.852+0000] {dagbag.py:588} INFO - Filling up the DagBag from /opt/airflow/dags/example_distributed.py
[2026-07-04T03:30:16.867+0000] {processor.py:925} INFO - DAG(s) 'example_distributed_celery' retrieved from /opt/airflow/dags/example_distributed.py
[2026-07-04T03:30:16.910+0000] {logging_mixin.py:190} INFO - [2026-07-04T03:30:16.909+0000] {dag.py:3239} INFO - Sync 1 DAGs
[2026-07-04T03:30:16.938+0000] {logging_mixin.py:190} INFO - [2026-07-04T03:30:16.938+0000] {dag.py:4180} INFO - Setting next_dagrun for example_distributed_celery to None, run_after=None
[2026-07-04T03:30:16.984+0000] {processor.py:208} INFO - Processing /opt/airflow/dags/example_distributed.py took 0.145 seconds
[2026-07-04T03:30:47.577+0000] {processor.py:186} INFO - Started process (PID=356) to work on /opt/airflow/dags/example_distributed.py
[2026-07-04T03:30:47.579+0000] {processor.py:914} INFO - Processing file /opt/airflow/dags/example_distributed.py for tasks to queue
[2026-07-04T03:30:47.583+0000] {logging_mixin.py:190} INFO - [2026-07-04T03:30:47.582+0000] {dagbag.py:588} INFO - Filling up the DagBag from /opt/airflow/dags/example_distributed.py
[2026-07-04T03:30:47.596+0000] {processor.py:925} INFO - DAG(s) 'example_distributed_celery' retrieved from /opt/airflow/dags/example_distributed.py
[2026-07-04T03:30:47.643+0000] {logging_mixin.py:190} INFO - [2026-07-04T03:30:47.642+0000] {dag.py:3239} INFO - Sync 1 DAGs
[2026-07-04T03:30:47.667+0000] {logging_mixin.py:190} INFO - [2026-07-04T03:30:47.667+0000] {dag.py:4180} INFO - Setting next_dagrun for example_distributed_celery to None, run_after=None
[2026-07-04T03:30:47.706+0000] {processor.py:208} INFO - Processing /opt/airflow/dags/example_distributed.py took 0.137 seconds
[2026-07-04T03:31:17.819+0000] {processor.py:186} INFO - Started process (PID=364) to work on /opt/airflow/dags/example_distributed.py
[2026-07-04T03:31:17.821+0000] {processor.py:914} INFO - Processing file /opt/airflow/dags/example_distributed.py for tasks to queue
[2026-07-04T03:31:17.824+0000] {logging_mixin.py:190} INFO - [2026-07-04T03:31:17.823+0000] {dagbag.py:588} INFO - Filling up the DagBag from /opt/airflow/dags/example_distributed.py
[2026-07-04T03:31:17.837+0000] {processor.py:925} INFO - DAG(s) 'example_distributed_celery' retrieved from /opt/airflow/dags/example_distributed.py
[2026-07-04T03:31:17.879+0000] {logging_mixin.py:190} INFO - [2026-07-04T03:31:17.879+0000] {dag.py:3239} INFO - Sync 1 DAGs
[2026-07-04T03:31:17.899+0000] {logging_mixin.py:190} INFO - [2026-07-04T03:31:17.898+0000] {dag.py:4180} INFO - Setting next_dagrun for example_distributed_celery to None, run_after=None
[2026-07-04T03:31:17.933+0000] {processor.py:208} INFO - Processing /opt/airflow/dags/example_distributed.py took 0.122 seconds
[2026-07-04T03:31:48.679+0000] {processor.py:186} INFO - Started process (PID=372) to work on /opt/airflow/dags/example_distributed.py
[2026-07-04T03:31:48.803+0000] {processor.py:914} INFO - Processing file /opt/airflow/dags/example_distributed.py for tasks to queue
[2026-07-04T03:31:48.807+0000] {logging_mixin.py:190} INFO - [2026-07-04T03:31:48.806+0000] {dagbag.py:588} INFO - Filling up the DagBag from /opt/airflow/dags/example_distributed.py
[2026-07-04T03:31:48.823+0000] {processor.py:925} INFO - DAG(s) 'example_distributed_celery' retrieved from /opt/airflow/dags/example_distributed.py
[2026-07-04T03:31:48.864+0000] {logging_mixin.py:190} INFO - [2026-07-04T03:31:48.863+0000] {dag.py:3239} INFO - Sync 1 DAGs
[2026-07-04T03:31:48.884+0000] {logging_mixin.py:190} INFO - [2026-07-04T03:31:48.884+0000] {dag.py:4180} INFO - Setting next_dagrun for example_distributed_celery to None, run_after=None
[2026-07-04T03:31:48.919+0000] {processor.py:208} INFO - Processing /opt/airflow/dags/example_distributed.py took 0.259 seconds
[2026-07-04T03:32:19.052+0000] {processor.py:186} INFO - Started process (PID=380) to work on /opt/airflow/dags/example_distributed.py
[2026-07-04T03:32:19.054+0000] {processor.py:914} INFO - Processing file /opt/airflow/dags/example_distributed.py for tasks to queue
[2026-07-04T03:32:19.059+0000] {logging_mixin.py:190} INFO - [2026-07-04T03:32:19.058+0000] {dagbag.py:588} INFO - Filling up the DagBag from /opt/airflow/dags/example_distributed.py
[2026-07-04T03:32:19.077+0000] {processor.py:925} INFO - DAG(s) 'example_distributed_celery' retrieved from /opt/airflow/dags/example_distributed.py
[2026-07-04T03:32:19.154+0000] {logging_mixin.py:190} INFO - [2026-07-04T03:32:19.153+0000] {dag.py:3239} INFO - Sync 1 DAGs
[2026-07-04T03:32:19.178+0000] {logging_mixin.py:190} INFO - [2026-07-04T03:32:19.178+0000] {dag.py:4180} INFO - Setting next_dagrun for example_distributed_celery to None, run_after=None
[2026-07-04T03:32:19.221+0000] {processor.py:208} INFO - Processing /opt/airflow/dags/example_distributed.py took 0.186 seconds
[2026-07-04T03:32:49.269+0000] {processor.py:186} INFO - Started process (PID=388) to work on /opt/airflow/dags/example_distributed.py
[2026-07-04T03:32:49.271+0000] {processor.py:914} INFO - Processing file /opt/airflow/dags/example_distributed.py for tasks to queue
[2026-07-04T03:32:49.274+0000] {logging_mixin.py:190} INFO - [2026-07-04T03:32:49.273+0000] {dagbag.py:588} INFO - Filling up the DagBag from /opt/airflow/dags/example_distributed.py
[2026-07-04T03:32:49.295+0000] {processor.py:925} INFO - DAG(s) 'example_distributed_celery' retrieved from /opt/airflow/dags/example_distributed.py
[2026-07-04T03:32:49.353+0000] {logging_mixin.py:190} INFO - [2026-07-04T03:32:49.352+0000] {dag.py:3239} INFO - Sync 1 DAGs
[2026-07-04T03:32:49.382+0000] {logging_mixin.py:190} INFO - [2026-07-04T03:32:49.381+0000] {dag.py:4180} INFO - Setting next_dagrun for example_distributed_celery to None, run_after=None
[2026-07-04T03:32:49.437+0000] {processor.py:208} INFO - Processing /opt/airflow/dags/example_distributed.py took 0.178 seconds
[2026-07-04T03:33:19.544+0000] {processor.py:186} INFO - Started process (PID=395) to work on /opt/airflow/dags/example_distributed.py
[2026-07-04T03:33:19.545+0000] {processor.py:914} INFO - Processing file /opt/airflow/dags/example_distributed.py for tasks to queue
[2026-07-04T03:33:19.549+0000] {logging_mixin.py:190} INFO - [2026-07-04T03:33:19.548+0000] {dagbag.py:588} INFO - Filling up the DagBag from /opt/airflow/dags/example_distributed.py
[2026-07-04T03:33:19.565+0000] {processor.py:925} INFO - DAG(s) 'example_distributed_celery' retrieved from /opt/airflow/dags/example_distributed.py
[2026-07-04T03:33:19.625+0000] {logging_mixin.py:190} INFO - [2026-07-04T03:33:19.625+0000] {dag.py:3239} INFO - Sync 1 DAGs
[2026-07-04T03:33:19.647+0000] {logging_mixin.py:190} INFO - [2026-07-04T03:33:19.646+0000] {dag.py:4180} INFO - Setting next_dagrun for example_distributed_celery to None, run_after=None
[2026-07-04T03:33:19.677+0000] {processor.py:208} INFO - Processing /opt/airflow/dags/example_distributed.py took 0.143 seconds
[2026-07-04T03:33:49.813+0000] {processor.py:186} INFO - Started process (PID=397) to work on /opt/airflow/dags/example_distributed.py
[2026-07-04T03:33:49.953+0000] {processor.py:914} INFO - Processing file /opt/airflow/dags/example_distributed.py for tasks to queue
[2026-07-04T03:33:49.956+0000] {logging_mixin.py:190} INFO - [2026-07-04T03:33:49.956+0000] {dagbag.py:588} INFO - Filling up the DagBag from /opt/airflow/dags/example_distributed.py
[2026-07-04T03:33:49.969+0000] {processor.py:925} INFO - DAG(s) 'example_distributed_celery' retrieved from /opt/airflow/dags/example_distributed.py
[2026-07-04T03:33:50.016+0000] {logging_mixin.py:190} INFO - [2026-07-04T03:33:50.016+0000] {dag.py:3239} INFO - Sync 1 DAGs
[2026-07-04T03:33:50.036+0000] {logging_mixin.py:190} INFO - [2026-07-04T03:33:50.035+0000] {dag.py:4180} INFO - Setting next_dagrun for example_distributed_celery to None, run_after=None
[2026-07-04T03:33:50.082+0000] {processor.py:208} INFO - Processing /opt/airflow/dags/example_distributed.py took 0.278 seconds
[2026-07-04T03:34:20.765+0000] {processor.py:186} INFO - Started process (PID=405) to work on /opt/airflow/dags/example_distributed.py
[2026-07-04T03:34:20.767+0000] {processor.py:914} INFO - Processing file /opt/airflow/dags/example_distributed.py for tasks to queue
[2026-07-04T03:34:20.772+0000] {logging_mixin.py:190} INFO - [2026-07-04T03:34:20.771+0000] {dagbag.py:588} INFO - Filling up the DagBag from /opt/airflow/dags/example_distributed.py
[2026-07-04T03:34:20.785+0000] {processor.py:925} INFO - DAG(s) 'example_distributed_celery' retrieved from /opt/airflow/dags/example_distributed.py
[2026-07-04T03:34:20.825+0000] {logging_mixin.py:190} INFO - [2026-07-04T03:34:20.825+0000] {dag.py:3239} INFO - Sync 1 DAGs
[2026-07-04T03:34:20.849+0000] {logging_mixin.py:190} INFO - [2026-07-04T03:34:20.849+0000] {dag.py:4180} INFO - Setting next_dagrun for example_distributed_celery to None, run_after=None
[2026-07-04T03:34:20.880+0000] {processor.py:208} INFO - Processing /opt/airflow/dags/example_distributed.py took 0.124 seconds
[2026-07-04T03:34:51.604+0000] {processor.py:186} INFO - Started process (PID=413) to work on /opt/airflow/dags/example_distributed.py
[2026-07-04T03:34:51.605+0000] {processor.py:914} INFO - Processing file /opt/airflow/dags/example_distributed.py for tasks to queue
[2026-07-04T03:34:51.609+0000] {logging_mixin.py:190} INFO - [2026-07-04T03:34:51.608+0000] {dagbag.py:588} INFO - Filling up the DagBag from /opt/airflow/dags/example_distributed.py
[2026-07-04T03:34:51.622+0000] {processor.py:925} INFO - DAG(s) 'example_distributed_celery' retrieved from /opt/airflow/dags/example_distributed.py
[2026-07-04T03:34:51.657+0000] {logging_mixin.py:190} INFO - [2026-07-04T03:34:51.657+0000] {dag.py:3239} INFO - Sync 1 DAGs
[2026-07-04T03:34:51.676+0000] {logging_mixin.py:190} INFO - [2026-07-04T03:34:51.675+0000] {dag.py:4180} INFO - Setting next_dagrun for example_distributed_celery to None, run_after=None
[2026-07-04T03:34:51.697+0000] {processor.py:208} INFO - Processing /opt/airflow/dags/example_distributed.py took 0.104 seconds
[2026-07-04T03:35:22.187+0000] {processor.py:186} INFO - Started process (PID=421) to work on /opt/airflow/dags/example_distributed.py
[2026-07-04T03:35:22.188+0000] {processor.py:914} INFO - Processing file /opt/airflow/dags/example_distributed.py for tasks to queue
[2026-07-04T03:35:22.192+0000] {logging_mixin.py:190} INFO - [2026-07-04T03:35:22.191+0000] {dagbag.py:588} INFO - Filling up the DagBag from /opt/airflow/dags/example_distributed.py
[2026-07-04T03:35:22.204+0000] {processor.py:925} INFO - DAG(s) 'example_distributed_celery' retrieved from /opt/airflow/dags/example_distributed.py
[2026-07-04T03:35:22.239+0000] {logging_mixin.py:190} INFO - [2026-07-04T03:35:22.239+0000] {dag.py:3239} INFO - Sync 1 DAGs
[2026-07-04T03:35:22.255+0000] {logging_mixin.py:190} INFO - [2026-07-04T03:35:22.255+0000] {dag.py:4180} INFO - Setting next_dagrun for example_distributed_celery to None, run_after=None
[2026-07-04T03:35:22.292+0000] {processor.py:208} INFO - Processing /opt/airflow/dags/example_distributed.py took 0.118 seconds
[2026-07-04T03:35:52.859+0000] {processor.py:186} INFO - Started process (PID=429) to work on /opt/airflow/dags/example_distributed.py
[2026-07-04T03:35:52.860+0000] {processor.py:914} INFO - Processing file /opt/airflow/dags/example_distributed.py for tasks to queue
[2026-07-04T03:35:52.867+0000] {logging_mixin.py:190} INFO - [2026-07-04T03:35:52.866+0000] {dagbag.py:588} INFO - Filling up the DagBag from /opt/airflow/dags/example_distributed.py
[2026-07-04T03:35:52.881+0000] {processor.py:925} INFO - DAG(s) 'example_distributed_celery' retrieved from /opt/airflow/dags/example_distributed.py
[2026-07-04T03:35:52.919+0000] {logging_mixin.py:190} INFO - [2026-07-04T03:35:52.918+0000] {dag.py:3239} INFO - Sync 1 DAGs
[2026-07-04T03:35:52.940+0000] {logging_mixin.py:190} INFO - [2026-07-04T03:35:52.940+0000] {dag.py:4180} INFO - Setting next_dagrun for example_distributed_celery to None, run_after=None
[2026-07-04T03:35:52.970+0000] {processor.py:208} INFO - Processing /opt/airflow/dags/example_distributed.py took 0.123 seconds
[2026-07-04T03:36:23.772+0000] {processor.py:186} INFO - Started process (PID=438) to work on /opt/airflow/dags/example_distributed.py
[2026-07-04T03:36:23.775+0000] {processor.py:914} INFO - Processing file /opt/airflow/dags/example_distributed.py for tasks to queue
[2026-07-04T03:36:23.780+0000] {logging_mixin.py:190} INFO - [2026-07-04T03:36:23.779+0000] {dagbag.py:588} INFO - Filling up the DagBag from /opt/airflow/dags/example_distributed.py
[2026-07-04T03:36:23.798+0000] {processor.py:925} INFO - DAG(s) 'example_distributed_celery' retrieved from /opt/airflow/dags/example_distributed.py
[2026-07-04T03:36:23.846+0000] {logging_mixin.py:190} INFO - [2026-07-04T03:36:23.845+0000] {dag.py:3239} INFO - Sync 1 DAGs
[2026-07-04T03:36:23.876+0000] {logging_mixin.py:190} INFO - [2026-07-04T03:36:23.875+0000] {dag.py:4180} INFO - Setting next_dagrun for example_distributed_celery to None, run_after=None
[2026-07-04T03:36:23.913+0000] {processor.py:208} INFO - Processing /opt/airflow/dags/example_distributed.py took 0.150 seconds
[2026-07-04T03:36:54.799+0000] {processor.py:186} INFO - Started process (PID=446) to work on /opt/airflow/dags/example_distributed.py
[2026-07-04T03:36:54.802+0000] {processor.py:914} INFO - Processing file /opt/airflow/dags/example_distributed.py for tasks to queue
[2026-07-04T03:36:54.809+0000] {logging_mixin.py:190} INFO - [2026-07-04T03:36:54.808+0000] {dagbag.py:588} INFO - Filling up the DagBag from /opt/airflow/dags/example_distributed.py
[2026-07-04T03:36:54.827+0000] {processor.py:925} INFO - DAG(s) 'example_distributed_celery' retrieved from /opt/airflow/dags/example_distributed.py
[2026-07-04T03:36:54.897+0000] {logging_mixin.py:190} INFO - [2026-07-04T03:36:54.896+0000] {dag.py:3239} INFO - Sync 1 DAGs
[2026-07-04T03:36:54.933+0000] {logging_mixin.py:190} INFO - [2026-07-04T03:36:54.932+0000] {dag.py:4180} INFO - Setting next_dagrun for example_distributed_celery to None, run_after=None
[2026-07-04T03:36:54.977+0000] {processor.py:208} INFO - Processing /opt/airflow/dags/example_distributed.py took 0.191 seconds
[2026-07-04T03:37:25.859+0000] {processor.py:186} INFO - Started process (PID=454) to work on /opt/airflow/dags/example_distributed.py
[2026-07-04T03:37:25.862+0000] {processor.py:914} INFO - Processing file /opt/airflow/dags/example_distributed.py for tasks to queue
[2026-07-04T03:37:25.866+0000] {logging_mixin.py:190} INFO - [2026-07-04T03:37:25.865+0000] {dagbag.py:588} INFO - Filling up the DagBag from /opt/airflow/dags/example_distributed.py
[2026-07-04T03:37:25.884+0000] {processor.py:925} INFO - DAG(s) 'example_distributed_celery' retrieved from /opt/airflow/dags/example_distributed.py
[2026-07-04T03:37:25.918+0000] {logging_mixin.py:190} INFO - [2026-07-04T03:37:25.918+0000] {dag.py:3239} INFO - Sync 1 DAGs
[2026-07-04T03:37:25.940+0000] {logging_mixin.py:190} INFO - [2026-07-04T03:37:25.940+0000] {dag.py:4180} INFO - Setting next_dagrun for example_distributed_celery to None, run_after=None
[2026-07-04T03:37:25.971+0000] {processor.py:208} INFO - Processing /opt/airflow/dags/example_distributed.py took 0.124 seconds
[2026-07-04T03:37:56.752+0000] {processor.py:186} INFO - Started process (PID=463) to work on /opt/airflow/dags/example_distributed.py
[2026-07-04T03:37:56.754+0000] {processor.py:914} INFO - Processing file /opt/airflow/dags/example_distributed.py for tasks to queue
[2026-07-04T03:37:56.757+0000] {logging_mixin.py:190} INFO - [2026-07-04T03:37:56.757+0000] {dagbag.py:588} INFO - Filling up the DagBag from /opt/airflow/dags/example_distributed.py
[2026-07-04T03:37:56.771+0000] {processor.py:925} INFO - DAG(s) 'example_distributed_celery' retrieved from /opt/airflow/dags/example_distributed.py
[2026-07-04T03:37:56.829+0000] {logging_mixin.py:190} INFO - [2026-07-04T03:37:56.828+0000] {dag.py:3239} INFO - Sync 1 DAGs
[2026-07-04T03:37:56.859+0000] {logging_mixin.py:190} INFO - [2026-07-04T03:37:56.859+0000] {dag.py:4180} INFO - Setting next_dagrun for example_distributed_celery to None, run_after=None
[2026-07-04T03:37:56.910+0000] {processor.py:208} INFO - Processing /opt/airflow/dags/example_distributed.py took 0.165 seconds
[2026-07-04T03:38:27.214+0000] {processor.py:186} INFO - Started process (PID=471) to work on /opt/airflow/dags/example_distributed.py
[2026-07-04T03:38:27.216+0000] {processor.py:914} INFO - Processing file /opt/airflow/dags/example_distributed.py for tasks to queue
[2026-07-04T03:38:27.221+0000] {logging_mixin.py:190} INFO - [2026-07-04T03:38:27.220+0000] {dagbag.py:588} INFO - Filling up the DagBag from /opt/airflow/dags/example_distributed.py
[2026-07-04T03:38:27.236+0000] {processor.py:925} INFO - DAG(s) 'example_distributed_celery' retrieved from /opt/airflow/dags/example_distributed.py
[2026-07-04T03:38:27.301+0000] {logging_mixin.py:190} INFO - [2026-07-04T03:38:27.300+0000] {dag.py:3239} INFO - Sync 1 DAGs
[2026-07-04T03:38:27.327+0000] {logging_mixin.py:190} INFO - [2026-07-04T03:38:27.326+0000] {dag.py:4180} INFO - Setting next_dagrun for example_distributed_celery to None, run_after=None
[2026-07-04T03:38:27.366+0000] {processor.py:208} INFO - Processing /opt/airflow/dags/example_distributed.py took 0.159 seconds
[2026-07-04T03:38:57.663+0000] {processor.py:186} INFO - Started process (PID=479) to work on /opt/airflow/dags/example_distributed.py
[2026-07-04T03:38:57.664+0000] {processor.py:914} INFO - Processing file /opt/airflow/dags/example_distributed.py for tasks to queue
[2026-07-04T03:38:57.672+0000] {logging_mixin.py:190} INFO - [2026-07-04T03:38:57.670+0000] {dagbag.py:588} INFO - Filling up the DagBag from /opt/airflow/dags/example_distributed.py
[2026-07-04T03:38:57.689+0000] {processor.py:925} INFO - DAG(s) 'example_distributed_celery' retrieved from /opt/airflow/dags/example_distributed.py
[2026-07-04T03:38:57.761+0000] {logging_mixin.py:190} INFO - [2026-07-04T03:38:57.760+0000] {dag.py:3239} INFO - Sync 1 DAGs
[2026-07-04T03:38:57.787+0000] {logging_mixin.py:190} INFO - [2026-07-04T03:38:57.786+0000] {dag.py:4180} INFO - Setting next_dagrun for example_distributed_celery to None, run_after=None
[2026-07-04T03:38:57.823+0000] {processor.py:208} INFO - Processing /opt/airflow/dags/example_distributed.py took 0.168 seconds
[2026-07-04T03:39:27.871+0000] {processor.py:186} INFO - Started process (PID=480) to work on /opt/airflow/dags/example_distributed.py
[2026-07-04T03:39:27.874+0000] {processor.py:914} INFO - Processing file /opt/airflow/dags/example_distributed.py for tasks to queue
[2026-07-04T03:39:27.879+0000] {logging_mixin.py:190} INFO - [2026-07-04T03:39:27.878+0000] {dagbag.py:588} INFO - Filling up the DagBag from /opt/airflow/dags/example_distributed.py
[2026-07-04T03:39:27.890+0000] {processor.py:925} INFO - DAG(s) 'example_distributed_celery' retrieved from /opt/airflow/dags/example_distributed.py
[2026-07-04T03:39:27.944+0000] {logging_mixin.py:190} INFO - [2026-07-04T03:39:27.944+0000] {dag.py:3239} INFO - Sync 1 DAGs
[2026-07-04T03:39:27.967+0000] {logging_mixin.py:190} INFO - [2026-07-04T03:39:27.966+0000] {dag.py:4180} INFO - Setting next_dagrun for example_distributed_celery to None, run_after=None
[2026-07-04T03:39:28.002+0000] {processor.py:208} INFO - Processing /opt/airflow/dags/example_distributed.py took 0.139 seconds
[2026-07-04T03:39:58.534+0000] {processor.py:186} INFO - Started process (PID=488) to work on /opt/airflow/dags/example_distributed.py
[2026-07-04T03:39:58.538+0000] {processor.py:914} INFO - Processing file /opt/airflow/dags/example_distributed.py for tasks to queue
[2026-07-04T03:39:58.548+0000] {logging_mixin.py:190} INFO - [2026-07-04T03:39:58.548+0000] {dagbag.py:588} INFO - Filling up the DagBag from /opt/airflow/dags/example_distributed.py
[2026-07-04T03:39:58.583+0000] {processor.py:925} INFO - DAG(s) 'example_distributed_celery' retrieved from /opt/airflow/dags/example_distributed.py
[2026-07-04T03:39:58.704+0000] {logging_mixin.py:190} INFO - [2026-07-04T03:39:58.703+0000] {dag.py:3239} INFO - Sync 1 DAGs
[2026-07-04T03:39:58.768+0000] {logging_mixin.py:190} INFO - [2026-07-04T03:39:58.767+0000] {dag.py:4180} INFO - Setting next_dagrun for example_distributed_celery to None, run_after=None
[2026-07-04T03:39:59.386+0000] {processor.py:208} INFO - Processing /opt/airflow/dags/example_distributed.py took 0.871 seconds
[2026-07-04T03:40:29.532+0000] {processor.py:186} INFO - Started process (PID=496) to work on /opt/airflow/dags/example_distributed.py
[2026-07-04T03:40:29.627+0000] {processor.py:914} INFO - Processing file /opt/airflow/dags/example_distributed.py for tasks to queue
[2026-07-04T03:40:29.631+0000] {logging_mixin.py:190} INFO - [2026-07-04T03:40:29.630+0000] {dagbag.py:588} INFO - Filling up the DagBag from /opt/airflow/dags/example_distributed.py
[2026-07-04T03:40:29.646+0000] {processor.py:925} INFO - DAG(s) 'example_distributed_celery' retrieved from /opt/airflow/dags/example_distributed.py
[2026-07-04T03:40:29.692+0000] {logging_mixin.py:190} INFO - [2026-07-04T03:40:29.692+0000] {dag.py:3239} INFO - Sync 1 DAGs
[2026-07-04T03:40:29.715+0000] {logging_mixin.py:190} INFO - [2026-07-04T03:40:29.715+0000] {dag.py:4180} INFO - Setting next_dagrun for example_distributed_celery to None, run_after=None
[2026-07-04T03:40:29.745+0000] {processor.py:208} INFO - Processing /opt/airflow/dags/example_distributed.py took 0.226 seconds
[2026-07-04T03:41:02.445+0000] {processor.py:186} INFO - Started process (PID=504) to work on /opt/airflow/dags/example_distributed.py
[2026-07-04T03:41:03.489+0000] {processor.py:914} INFO - Processing file /opt/airflow/dags/example_distributed.py for tasks to queue
[2026-07-04T03:41:04.181+0000] {logging_mixin.py:190} INFO - [2026-07-04T03:41:04.179+0000] {dagbag.py:588} INFO - Filling up the DagBag from /opt/airflow/dags/example_distributed.py
[2026-07-04T03:41:04.234+0000] {processor.py:925} INFO - DAG(s) 'example_distributed_celery' retrieved from /opt/airflow/dags/example_distributed.py
[2026-07-04T03:41:04.727+0000] {logging_mixin.py:190} INFO - [2026-07-04T03:41:04.719+0000] {dag.py:3239} INFO - Sync 1 DAGs
[2026-07-04T03:41:04.931+0000] {logging_mixin.py:190} INFO - [2026-07-04T03:41:04.930+0000] {dag.py:4180} INFO - Setting next_dagrun for example_distributed_celery to None, run_after=None
[2026-07-04T03:41:05.158+0000] {processor.py:208} INFO - Processing /opt/airflow/dags/example_distributed.py took 4.307 seconds
[2026-07-04T03:41:35.317+0000] {processor.py:186} INFO - Started process (PID=511) to work on /opt/airflow/dags/example_distributed.py
[2026-07-04T03:41:35.377+0000] {processor.py:914} INFO - Processing file /opt/airflow/dags/example_distributed.py for tasks to queue
[2026-07-04T03:41:35.384+0000] {logging_mixin.py:190} INFO - [2026-07-04T03:41:35.383+0000] {dagbag.py:588} INFO - Filling up the DagBag from /opt/airflow/dags/example_distributed.py
[2026-07-04T03:41:35.410+0000] {processor.py:925} INFO - DAG(s) 'example_distributed_celery' retrieved from /opt/airflow/dags/example_distributed.py
[2026-07-04T03:41:35.486+0000] {logging_mixin.py:190} INFO - [2026-07-04T03:41:35.486+0000] {dag.py:3239} INFO - Sync 1 DAGs
[2026-07-04T03:41:35.580+0000] {logging_mixin.py:190} INFO - [2026-07-04T03:41:35.579+0000] {dag.py:4180} INFO - Setting next_dagrun for example_distributed_celery to None, run_after=None
[2026-07-04T03:41:35.892+0000] {processor.py:208} INFO - Processing /opt/airflow/dags/example_distributed.py took 0.588 seconds
[2026-07-04T03:42:08.924+0000] {processor.py:186} INFO - Started process (PID=518) to work on /opt/airflow/dags/example_distributed.py
[2026-07-04T03:42:09.129+0000] {processor.py:914} INFO - Processing file /opt/airflow/dags/example_distributed.py for tasks to queue
[2026-07-04T03:42:10.405+0000] {logging_mixin.py:190} INFO - [2026-07-04T03:42:10.404+0000] {dagbag.py:588} INFO - Filling up the DagBag from /opt/airflow/dags/example_distributed.py
[2026-07-04T03:42:13.811+0000] {processor.py:925} INFO - DAG(s) 'example_distributed_celery' retrieved from /opt/airflow/dags/example_distributed.py
[2026-07-04T03:42:13.963+0000] {logging_mixin.py:190} INFO - [2026-07-04T03:42:13.962+0000] {dag.py:3239} INFO - Sync 1 DAGs
[2026-07-04T03:42:14.037+0000] {logging_mixin.py:190} INFO - [2026-07-04T03:42:14.037+0000] {dag.py:4180} INFO - Setting next_dagrun for example_distributed_celery to None, run_after=None
[2026-07-04T03:42:14.474+0000] {processor.py:208} INFO - Processing /opt/airflow/dags/example_distributed.py took 6.029 seconds
[2026-07-04T03:42:44.705+0000] {processor.py:186} INFO - Started process (PID=525) to work on /opt/airflow/dags/example_distributed.py
[2026-07-04T03:42:44.716+0000] {processor.py:914} INFO - Processing file /opt/airflow/dags/example_distributed.py for tasks to queue
[2026-07-04T03:42:44.725+0000] {logging_mixin.py:190} INFO - [2026-07-04T03:42:44.720+0000] {dagbag.py:588} INFO - Filling up the DagBag from /opt/airflow/dags/example_distributed.py
[2026-07-04T03:42:44.783+0000] {processor.py:925} INFO - DAG(s) 'example_distributed_celery' retrieved from /opt/airflow/dags/example_distributed.py
[2026-07-04T03:42:44.867+0000] {logging_mixin.py:190} INFO - [2026-07-04T03:42:44.867+0000] {dag.py:3239} INFO - Sync 1 DAGs
[2026-07-04T03:42:44.933+0000] {logging_mixin.py:190} INFO - [2026-07-04T03:42:44.932+0000] {dag.py:4180} INFO - Setting next_dagrun for example_distributed_celery to None, run_after=None
[2026-07-04T03:42:45.017+0000] {processor.py:208} INFO - Processing /opt/airflow/dags/example_distributed.py took 0.329 seconds
[2026-07-04T03:43:15.947+0000] {processor.py:186} INFO - Started process (PID=527) to work on /opt/airflow/dags/example_distributed.py
[2026-07-04T03:43:16.015+0000] {processor.py:914} INFO - Processing file /opt/airflow/dags/example_distributed.py for tasks to queue
[2026-07-04T03:43:16.020+0000] {logging_mixin.py:190} INFO - [2026-07-04T03:43:16.019+0000] {dagbag.py:588} INFO - Filling up the DagBag from /opt/airflow/dags/example_distributed.py
[2026-07-04T03:43:16.055+0000] {processor.py:925} INFO - DAG(s) 'example_distributed_celery' retrieved from /opt/airflow/dags/example_distributed.py
[2026-07-04T03:43:16.141+0000] {logging_mixin.py:190} INFO - [2026-07-04T03:43:16.140+0000] {dag.py:3239} INFO - Sync 1 DAGs
[2026-07-04T03:43:16.173+0000] {logging_mixin.py:190} INFO - [2026-07-04T03:43:16.172+0000] {dag.py:4180} INFO - Setting next_dagrun for example_distributed_celery to None, run_after=None
[2026-07-04T03:43:16.221+0000] {processor.py:208} INFO - Processing /opt/airflow/dags/example_distributed.py took 0.291 seconds
[2026-07-04T03:43:46.278+0000] {processor.py:186} INFO - Started process (PID=535) to work on /opt/airflow/dags/example_distributed.py
[2026-07-04T03:43:46.280+0000] {processor.py:914} INFO - Processing file /opt/airflow/dags/example_distributed.py for tasks to queue
[2026-07-04T03:43:46.284+0000] {logging_mixin.py:190} INFO - [2026-07-04T03:43:46.283+0000] {dagbag.py:588} INFO - Filling up the DagBag from /opt/airflow/dags/example_distributed.py
[2026-07-04T03:43:46.298+0000] {processor.py:925} INFO - DAG(s) 'example_distributed_celery' retrieved from /opt/airflow/dags/example_distributed.py
[2026-07-04T03:43:46.340+0000] {logging_mixin.py:190} INFO - [2026-07-04T03:43:46.339+0000] {dag.py:3239} INFO - Sync 1 DAGs
[2026-07-04T03:43:46.363+0000] {logging_mixin.py:190} INFO - [2026-07-04T03:43:46.362+0000] {dag.py:4180} INFO - Setting next_dagrun for example_distributed_celery to None, run_after=None
[2026-07-04T03:43:46.398+0000] {processor.py:208} INFO - Processing /opt/airflow/dags/example_distributed.py took 0.130 seconds
[2026-07-04T03:44:16.864+0000] {processor.py:186} INFO - Started process (PID=543) to work on /opt/airflow/dags/example_distributed.py
[2026-07-04T03:44:16.885+0000] {processor.py:914} INFO - Processing file /opt/airflow/dags/example_distributed.py for tasks to queue
[2026-07-04T03:44:16.890+0000] {logging_mixin.py:190} INFO - [2026-07-04T03:44:16.889+0000] {dagbag.py:588} INFO - Filling up the DagBag from /opt/airflow/dags/example_distributed.py
[2026-07-04T03:44:16.918+0000] {processor.py:925} INFO - DAG(s) 'example_distributed_celery' retrieved from /opt/airflow/dags/example_distributed.py
[2026-07-04T03:44:17.013+0000] {logging_mixin.py:190} INFO - [2026-07-04T03:44:17.012+0000] {dag.py:3239} INFO - Sync 1 DAGs
[2026-07-04T03:44:17.051+0000] {logging_mixin.py:190} INFO - [2026-07-04T03:44:17.050+0000] {dag.py:4180} INFO - Setting next_dagrun for example_distributed_celery to None, run_after=None
[2026-07-04T03:44:17.116+0000] {processor.py:208} INFO - Processing /opt/airflow/dags/example_distributed.py took 0.273 seconds
[2026-07-04T03:44:47.348+0000] {processor.py:186} INFO - Started process (PID=551) to work on /opt/airflow/dags/example_distributed.py
[2026-07-04T03:44:47.354+0000] {processor.py:914} INFO - Processing file /opt/airflow/dags/example_distributed.py for tasks to queue
[2026-07-04T03:44:47.364+0000] {logging_mixin.py:190} INFO - [2026-07-04T03:44:47.364+0000] {dagbag.py:588} INFO - Filling up the DagBag from /opt/airflow/dags/example_distributed.py
[2026-07-04T03:44:47.392+0000] {processor.py:925} INFO - DAG(s) 'example_distributed_celery' retrieved from /opt/airflow/dags/example_distributed.py
[2026-07-04T03:44:47.480+0000] {logging_mixin.py:190} INFO - [2026-07-04T03:44:47.480+0000] {dag.py:3239} INFO - Sync 1 DAGs
[2026-07-04T03:44:47.526+0000] {logging_mixin.py:190} INFO - [2026-07-04T03:44:47.526+0000] {dag.py:4180} INFO - Setting next_dagrun for example_distributed_celery to None, run_after=None
[2026-07-04T03:44:47.669+0000] {processor.py:208} INFO - Processing /opt/airflow/dags/example_distributed.py took 0.342 seconds
[2026-07-04T03:45:18.169+0000] {processor.py:186} INFO - Started process (PID=558) to work on /opt/airflow/dags/example_distributed.py
[2026-07-04T03:45:18.180+0000] {processor.py:914} INFO - Processing file /opt/airflow/dags/example_distributed.py for tasks to queue
[2026-07-04T03:45:18.188+0000] {logging_mixin.py:190} INFO - [2026-07-04T03:45:18.187+0000] {dagbag.py:588} INFO - Filling up the DagBag from /opt/airflow/dags/example_distributed.py
[2026-07-04T03:45:18.227+0000] {processor.py:925} INFO - DAG(s) 'example_distributed_celery' retrieved from /opt/airflow/dags/example_distributed.py
[2026-07-04T03:45:18.349+0000] {logging_mixin.py:190} INFO - [2026-07-04T03:45:18.348+0000] {dag.py:3239} INFO - Sync 1 DAGs
[2026-07-04T03:45:18.403+0000] {logging_mixin.py:190} INFO - [2026-07-04T03:45:18.402+0000] {dag.py:4180} INFO - Setting next_dagrun for example_distributed_celery to None, run_after=None
[2026-07-04T03:45:18.523+0000] {processor.py:208} INFO - Processing /opt/airflow/dags/example_distributed.py took 0.369 seconds
[2026-07-04T03:45:48.929+0000] {processor.py:186} INFO - Started process (PID=560) to work on /opt/airflow/dags/example_distributed.py
[2026-07-04T03:45:48.932+0000] {processor.py:914} INFO - Processing file /opt/airflow/dags/example_distributed.py for tasks to queue
[2026-07-04T03:45:48.939+0000] {logging_mixin.py:190} INFO - [2026-07-04T03:45:48.938+0000] {dagbag.py:588} INFO - Filling up the DagBag from /opt/airflow/dags/example_distributed.py
[2026-07-04T03:45:48.957+0000] {processor.py:925} INFO - DAG(s) 'example_distributed_celery' retrieved from /opt/airflow/dags/example_distributed.py
[2026-07-04T03:45:49.020+0000] {logging_mixin.py:190} INFO - [2026-07-04T03:45:49.019+0000] {dag.py:3239} INFO - Sync 1 DAGs
[2026-07-04T03:45:49.066+0000] {logging_mixin.py:190} INFO - [2026-07-04T03:45:49.066+0000] {dag.py:4180} INFO - Setting next_dagrun for example_distributed_celery to None, run_after=None
[2026-07-04T03:45:49.145+0000] {processor.py:208} INFO - Processing /opt/airflow/dags/example_distributed.py took 0.227 seconds
[2026-07-04T03:46:19.996+0000] {processor.py:186} INFO - Started process (PID=568) to work on /opt/airflow/dags/example_distributed.py
[2026-07-04T03:46:19.998+0000] {processor.py:914} INFO - Processing file /opt/airflow/dags/example_distributed.py for tasks to queue
[2026-07-04T03:46:20.007+0000] {logging_mixin.py:190} INFO - [2026-07-04T03:46:20.005+0000] {dagbag.py:588} INFO - Filling up the DagBag from /opt/airflow/dags/example_distributed.py
[2026-07-04T03:46:20.036+0000] {processor.py:925} INFO - DAG(s) 'example_distributed_celery' retrieved from /opt/airflow/dags/example_distributed.py
[2026-07-04T03:46:20.093+0000] {logging_mixin.py:190} INFO - [2026-07-04T03:46:20.093+0000] {dag.py:3239} INFO - Sync 1 DAGs
[2026-07-04T03:46:20.128+0000] {logging_mixin.py:190} INFO - [2026-07-04T03:46:20.128+0000] {dag.py:4180} INFO - Setting next_dagrun for example_distributed_celery to None, run_after=None
[2026-07-04T03:46:20.165+0000] {processor.py:208} INFO - Processing /opt/airflow/dags/example_distributed.py took 0.188 seconds
[2026-07-04T03:46:50.377+0000] {processor.py:186} INFO - Started process (PID=576) to work on /opt/airflow/dags/example_distributed.py
[2026-07-04T03:46:50.379+0000] {processor.py:914} INFO - Processing file /opt/airflow/dags/example_distributed.py for tasks to queue
[2026-07-04T03:46:50.385+0000] {logging_mixin.py:190} INFO - [2026-07-04T03:46:50.384+0000] {dagbag.py:588} INFO - Filling up the DagBag from /opt/airflow/dags/example_distributed.py
[2026-07-04T03:46:50.405+0000] {processor.py:925} INFO - DAG(s) 'example_distributed_celery' retrieved from /opt/airflow/dags/example_distributed.py
[2026-07-04T03:46:50.464+0000] {logging_mixin.py:190} INFO - [2026-07-04T03:46:50.463+0000] {dag.py:3239} INFO - Sync 1 DAGs
[2026-07-04T03:46:50.510+0000] {logging_mixin.py:190} INFO - [2026-07-04T03:46:50.509+0000] {dag.py:4180} INFO - Setting next_dagrun for example_distributed_celery to None, run_after=None
[2026-07-04T03:46:50.565+0000] {processor.py:208} INFO - Processing /opt/airflow/dags/example_distributed.py took 0.203 seconds
[2026-07-04T03:47:20.713+0000] {processor.py:186} INFO - Started process (PID=584) to work on /opt/airflow/dags/example_distributed.py
[2026-07-04T03:47:20.719+0000] {processor.py:914} INFO - Processing file /opt/airflow/dags/example_distributed.py for tasks to queue
[2026-07-04T03:47:20.729+0000] {logging_mixin.py:190} INFO - [2026-07-04T03:47:20.728+0000] {dagbag.py:588} INFO - Filling up the DagBag from /opt/airflow/dags/example_distributed.py
[2026-07-04T03:47:20.767+0000] {processor.py:925} INFO - DAG(s) 'example_distributed_celery' retrieved from /opt/airflow/dags/example_distributed.py
[2026-07-04T03:47:20.844+0000] {logging_mixin.py:190} INFO - [2026-07-04T03:47:20.843+0000] {dag.py:3239} INFO - Sync 1 DAGs
[2026-07-04T03:47:20.876+0000] {logging_mixin.py:190} INFO - [2026-07-04T03:47:20.876+0000] {dag.py:4180} INFO - Setting next_dagrun for example_distributed_celery to None, run_after=None
[2026-07-04T03:47:20.922+0000] {processor.py:208} INFO - Processing /opt/airflow/dags/example_distributed.py took 0.221 seconds
[2026-07-04T03:47:51.333+0000] {processor.py:186} INFO - Started process (PID=590) to work on /opt/airflow/dags/example_distributed.py
[2026-07-04T03:47:51.351+0000] {processor.py:914} INFO - Processing file /opt/airflow/dags/example_distributed.py for tasks to queue
[2026-07-04T03:47:51.369+0000] {logging_mixin.py:190} INFO - [2026-07-04T03:47:51.368+0000] {dagbag.py:588} INFO - Filling up the DagBag from /opt/airflow/dags/example_distributed.py
[2026-07-04T03:47:51.402+0000] {processor.py:925} INFO - DAG(s) 'example_distributed_celery' retrieved from /opt/airflow/dags/example_distributed.py
[2026-07-04T03:47:51.501+0000] {logging_mixin.py:190} INFO - [2026-07-04T03:47:51.500+0000] {dag.py:3239} INFO - Sync 1 DAGs
[2026-07-04T03:47:51.543+0000] {logging_mixin.py:190} INFO - [2026-07-04T03:47:51.542+0000] {dag.py:4180} INFO - Setting next_dagrun for example_distributed_celery to None, run_after=None
[2026-07-04T03:47:51.597+0000] {processor.py:208} INFO - Processing /opt/airflow/dags/example_distributed.py took 0.282 seconds
[2026-07-04T03:48:21.786+0000] {processor.py:186} INFO - Started process (PID=592) to work on /opt/airflow/dags/example_distributed.py
[2026-07-04T03:48:21.790+0000] {processor.py:914} INFO - Processing file /opt/airflow/dags/example_distributed.py for tasks to queue
[2026-07-04T03:48:21.810+0000] {logging_mixin.py:190} INFO - [2026-07-04T03:48:21.809+0000] {dagbag.py:588} INFO - Filling up the DagBag from /opt/airflow/dags/example_distributed.py
[2026-07-04T03:48:21.832+0000] {processor.py:925} INFO - DAG(s) 'example_distributed_celery' retrieved from /opt/airflow/dags/example_distributed.py
[2026-07-04T03:48:21.899+0000] {logging_mixin.py:190} INFO - [2026-07-04T03:48:21.899+0000] {dag.py:3239} INFO - Sync 1 DAGs
[2026-07-04T03:48:21.942+0000] {logging_mixin.py:190} INFO - [2026-07-04T03:48:21.941+0000] {dag.py:4180} INFO - Setting next_dagrun for example_distributed_celery to None, run_after=None
[2026-07-04T03:48:22.028+0000] {processor.py:208} INFO - Processing /opt/airflow/dags/example_distributed.py took 0.262 seconds
[2026-07-04T03:48:52.702+0000] {processor.py:186} INFO - Started process (PID=601) to work on /opt/airflow/dags/example_distributed.py
[2026-07-04T03:48:52.705+0000] {processor.py:914} INFO - Processing file /opt/airflow/dags/example_distributed.py for tasks to queue
[2026-07-04T03:48:52.713+0000] {logging_mixin.py:190} INFO - [2026-07-04T03:48:52.712+0000] {dagbag.py:588} INFO - Filling up the DagBag from /opt/airflow/dags/example_distributed.py
[2026-07-04T03:48:52.753+0000] {processor.py:925} INFO - DAG(s) 'example_distributed_celery' retrieved from /opt/airflow/dags/example_distributed.py
[2026-07-04T03:48:52.844+0000] {logging_mixin.py:190} INFO - [2026-07-04T03:48:52.843+0000] {dag.py:3239} INFO - Sync 1 DAGs
[2026-07-04T03:48:52.894+0000] {logging_mixin.py:190} INFO - [2026-07-04T03:48:52.893+0000] {dag.py:4180} INFO - Setting next_dagrun for example_distributed_celery to None, run_after=None
[2026-07-04T03:48:52.956+0000] {processor.py:208} INFO - Processing /opt/airflow/dags/example_distributed.py took 0.270 seconds
[2026-07-04T03:49:23.382+0000] {processor.py:186} INFO - Started process (PID=609) to work on /opt/airflow/dags/example_distributed.py
[2026-07-04T03:49:23.480+0000] {processor.py:914} INFO - Processing file /opt/airflow/dags/example_distributed.py for tasks to queue
[2026-07-04T03:49:23.490+0000] {logging_mixin.py:190} INFO - [2026-07-04T03:49:23.489+0000] {dagbag.py:588} INFO - Filling up the DagBag from /opt/airflow/dags/example_distributed.py
[2026-07-04T03:49:23.517+0000] {processor.py:925} INFO - DAG(s) 'example_distributed_celery' retrieved from /opt/airflow/dags/example_distributed.py
[2026-07-04T03:49:23.604+0000] {logging_mixin.py:190} INFO - [2026-07-04T03:49:23.604+0000] {dag.py:3239} INFO - Sync 1 DAGs
[2026-07-04T03:49:23.652+0000] {logging_mixin.py:190} INFO - [2026-07-04T03:49:23.651+0000] {dag.py:4180} INFO - Setting next_dagrun for example_distributed_celery to None, run_after=None
[2026-07-04T03:49:23.728+0000] {processor.py:208} INFO - Processing /opt/airflow/dags/example_distributed.py took 0.363 seconds
[2026-07-04T03:49:53.930+0000] {processor.py:186} INFO - Started process (PID=616) to work on /opt/airflow/dags/example_distributed.py
[2026-07-04T03:49:53.935+0000] {processor.py:914} INFO - Processing file /opt/airflow/dags/example_distributed.py for tasks to queue
[2026-07-04T03:49:53.941+0000] {logging_mixin.py:190} INFO - [2026-07-04T03:49:53.941+0000] {dagbag.py:588} INFO - Filling up the DagBag from /opt/airflow/dags/example_distributed.py
[2026-07-04T03:49:53.967+0000] {processor.py:925} INFO - DAG(s) 'example_distributed_celery' retrieved from /opt/airflow/dags/example_distributed.py
[2026-07-04T03:49:54.051+0000] {logging_mixin.py:190} INFO - [2026-07-04T03:49:54.050+0000] {dag.py:3239} INFO - Sync 1 DAGs
[2026-07-04T03:49:54.088+0000] {logging_mixin.py:190} INFO - [2026-07-04T03:49:54.087+0000] {dag.py:4180} INFO - Setting next_dagrun for example_distributed_celery to None, run_after=None
[2026-07-04T03:49:54.147+0000] {processor.py:208} INFO - Processing /opt/airflow/dags/example_distributed.py took 0.234 seconds
[2026-07-04T03:50:24.528+0000] {processor.py:186} INFO - Started process (PID=624) to work on /opt/airflow/dags/example_distributed.py
[2026-07-04T03:50:24.532+0000] {processor.py:914} INFO - Processing file /opt/airflow/dags/example_distributed.py for tasks to queue
[2026-07-04T03:50:24.536+0000] {logging_mixin.py:190} INFO - [2026-07-04T03:50:24.535+0000] {dagbag.py:588} INFO - Filling up the DagBag from /opt/airflow/dags/example_distributed.py
[2026-07-04T03:50:24.550+0000] {processor.py:925} INFO - DAG(s) 'example_distributed_celery' retrieved from /opt/airflow/dags/example_distributed.py
[2026-07-04T03:50:24.623+0000] {logging_mixin.py:190} INFO - [2026-07-04T03:50:24.622+0000] {dag.py:3239} INFO - Sync 1 DAGs
[2026-07-04T03:50:24.985+0000] {logging_mixin.py:190} INFO - [2026-07-04T03:50:24.984+0000] {dag.py:4180} INFO - Setting next_dagrun for example_distributed_celery to None, run_after=None
[2026-07-04T03:50:25.707+0000] {processor.py:208} INFO - Processing /opt/airflow/dags/example_distributed.py took 1.206 seconds
[2026-07-04T03:50:56.053+0000] {processor.py:186} INFO - Started process (PID=630) to work on /opt/airflow/dags/example_distributed.py
[2026-07-04T03:50:56.055+0000] {processor.py:914} INFO - Processing file /opt/airflow/dags/example_distributed.py for tasks to queue
[2026-07-04T03:50:56.061+0000] {logging_mixin.py:190} INFO - [2026-07-04T03:50:56.060+0000] {dagbag.py:588} INFO - Filling up the DagBag from /opt/airflow/dags/example_distributed.py
[2026-07-04T03:50:56.079+0000] {processor.py:925} INFO - DAG(s) 'example_distributed_celery' retrieved from /opt/airflow/dags/example_distributed.py
[2026-07-04T03:50:56.155+0000] {logging_mixin.py:190} INFO - [2026-07-04T03:50:56.155+0000] {dag.py:3239} INFO - Sync 1 DAGs
[2026-07-04T03:50:56.188+0000] {logging_mixin.py:190} INFO - [2026-07-04T03:50:56.187+0000] {dag.py:4180} INFO - Setting next_dagrun for example_distributed_celery to None, run_after=None
[2026-07-04T03:50:56.250+0000] {processor.py:208} INFO - Processing /opt/airflow/dags/example_distributed.py took 0.207 seconds
[2026-07-04T03:51:27.125+0000] {processor.py:186} INFO - Started process (PID=637) to work on /opt/airflow/dags/example_distributed.py
[2026-07-04T03:51:27.145+0000] {processor.py:914} INFO - Processing file /opt/airflow/dags/example_distributed.py for tasks to queue
[2026-07-04T03:51:27.156+0000] {logging_mixin.py:190} INFO - [2026-07-04T03:51:27.155+0000] {dagbag.py:588} INFO - Filling up the DagBag from /opt/airflow/dags/example_distributed.py
[2026-07-04T03:51:27.185+0000] {processor.py:925} INFO - DAG(s) 'example_distributed_celery' retrieved from /opt/airflow/dags/example_distributed.py
[2026-07-04T03:51:27.313+0000] {logging_mixin.py:190} INFO - [2026-07-04T03:51:27.313+0000] {dag.py:3239} INFO - Sync 1 DAGs
[2026-07-04T03:51:27.368+0000] {logging_mixin.py:190} INFO - [2026-07-04T03:51:27.368+0000] {dag.py:4180} INFO - Setting next_dagrun for example_distributed_celery to None, run_after=None
[2026-07-04T03:51:27.439+0000] {processor.py:208} INFO - Processing /opt/airflow/dags/example_distributed.py took 0.338 seconds
[2026-07-04T03:51:58.168+0000] {processor.py:186} INFO - Started process (PID=646) to work on /opt/airflow/dags/example_distributed.py
[2026-07-04T03:51:58.170+0000] {processor.py:914} INFO - Processing file /opt/airflow/dags/example_distributed.py for tasks to queue
[2026-07-04T03:51:58.175+0000] {logging_mixin.py:190} INFO - [2026-07-04T03:51:58.174+0000] {dagbag.py:588} INFO - Filling up the DagBag from /opt/airflow/dags/example_distributed.py
[2026-07-04T03:51:58.195+0000] {processor.py:925} INFO - DAG(s) 'example_distributed_celery' retrieved from /opt/airflow/dags/example_distributed.py
[2026-07-04T03:51:58.254+0000] {logging_mixin.py:190} INFO - [2026-07-04T03:51:58.253+0000] {dag.py:3239} INFO - Sync 1 DAGs
[2026-07-04T03:51:58.295+0000] {logging_mixin.py:190} INFO - [2026-07-04T03:51:58.294+0000] {dag.py:4180} INFO - Setting next_dagrun for example_distributed_celery to None, run_after=None
[2026-07-04T03:51:58.343+0000] {processor.py:208} INFO - Processing /opt/airflow/dags/example_distributed.py took 0.190 seconds
[2026-07-04T03:52:28.457+0000] {processor.py:186} INFO - Started process (PID=655) to work on /opt/airflow/dags/example_distributed.py
[2026-07-04T03:52:28.462+0000] {processor.py:914} INFO - Processing file /opt/airflow/dags/example_distributed.py for tasks to queue
[2026-07-04T03:52:28.469+0000] {logging_mixin.py:190} INFO - [2026-07-04T03:52:28.468+0000] {dagbag.py:588} INFO - Filling up the DagBag from /opt/airflow/dags/example_distributed.py
[2026-07-04T03:52:28.503+0000] {processor.py:925} INFO - DAG(s) 'example_distributed_celery' retrieved from /opt/airflow/dags/example_distributed.py
[2026-07-04T03:52:28.595+0000] {logging_mixin.py:190} INFO - [2026-07-04T03:52:28.593+0000] {dag.py:3239} INFO - Sync 1 DAGs
[2026-07-04T03:52:28.656+0000] {logging_mixin.py:190} INFO - [2026-07-04T03:52:28.655+0000] {dag.py:4180} INFO - Setting next_dagrun for example_distributed_celery to None, run_after=None
[2026-07-04T03:52:28.713+0000] {processor.py:208} INFO - Processing /opt/airflow/dags/example_distributed.py took 0.282 seconds
[2026-07-04T03:52:58.996+0000] {processor.py:186} INFO - Started process (PID=664) to work on /opt/airflow/dags/example_distributed.py
[2026-07-04T03:52:58.999+0000] {processor.py:914} INFO - Processing file /opt/airflow/dags/example_distributed.py for tasks to queue
[2026-07-04T03:52:59.007+0000] {logging_mixin.py:190} INFO - [2026-07-04T03:52:59.006+0000] {dagbag.py:588} INFO - Filling up the DagBag from /opt/airflow/dags/example_distributed.py
[2026-07-04T03:52:59.035+0000] {processor.py:925} INFO - DAG(s) 'example_distributed_celery' retrieved from /opt/airflow/dags/example_distributed.py
[2026-07-04T03:52:59.113+0000] {logging_mixin.py:190} INFO - [2026-07-04T03:52:59.112+0000] {dag.py:3239} INFO - Sync 1 DAGs
[2026-07-04T03:52:59.149+0000] {logging_mixin.py:190} INFO - [2026-07-04T03:52:59.149+0000] {dag.py:4180} INFO - Setting next_dagrun for example_distributed_celery to None, run_after=None
[2026-07-04T03:52:59.223+0000] {processor.py:208} INFO - Processing /opt/airflow/dags/example_distributed.py took 0.241 seconds
[2026-07-04T03:53:30.013+0000] {processor.py:186} INFO - Started process (PID=671) to work on /opt/airflow/dags/example_distributed.py
[2026-07-04T03:53:30.101+0000] {processor.py:914} INFO - Processing file /opt/airflow/dags/example_distributed.py for tasks to queue
[2026-07-04T03:53:30.110+0000] {logging_mixin.py:190} INFO - [2026-07-04T03:53:30.109+0000] {dagbag.py:588} INFO - Filling up the DagBag from /opt/airflow/dags/example_distributed.py
[2026-07-04T03:53:30.137+0000] {processor.py:925} INFO - DAG(s) 'example_distributed_celery' retrieved from /opt/airflow/dags/example_distributed.py
[2026-07-04T03:53:30.260+0000] {logging_mixin.py:190} INFO - [2026-07-04T03:53:30.260+0000] {dag.py:3239} INFO - Sync 1 DAGs
[2026-07-04T03:53:30.305+0000] {logging_mixin.py:190} INFO - [2026-07-04T03:53:30.305+0000] {dag.py:4180} INFO - Setting next_dagrun for example_distributed_celery to None, run_after=None
[2026-07-04T03:53:30.464+0000] {processor.py:208} INFO - Processing /opt/airflow/dags/example_distributed.py took 0.503 seconds
[2026-07-04T03:54:01.145+0000] {processor.py:186} INFO - Started process (PID=673) to work on /opt/airflow/dags/example_distributed.py
[2026-07-04T03:54:01.149+0000] {processor.py:914} INFO - Processing file /opt/airflow/dags/example_distributed.py for tasks to queue
[2026-07-04T03:54:01.155+0000] {logging_mixin.py:190} INFO - [2026-07-04T03:54:01.154+0000] {dagbag.py:588} INFO - Filling up the DagBag from /opt/airflow/dags/example_distributed.py
[2026-07-04T03:54:01.183+0000] {processor.py:925} INFO - DAG(s) 'example_distributed_celery' retrieved from /opt/airflow/dags/example_distributed.py
[2026-07-04T03:54:01.293+0000] {logging_mixin.py:190} INFO - [2026-07-04T03:54:01.292+0000] {dag.py:3239} INFO - Sync 1 DAGs
[2026-07-04T03:54:01.331+0000] {logging_mixin.py:190} INFO - [2026-07-04T03:54:01.331+0000] {dag.py:4180} INFO - Setting next_dagrun for example_distributed_celery to None, run_after=None
[2026-07-04T03:54:01.407+0000] {processor.py:208} INFO - Processing /opt/airflow/dags/example_distributed.py took 0.282 seconds
[2026-07-04T03:54:32.282+0000] {processor.py:186} INFO - Started process (PID=681) to work on /opt/airflow/dags/example_distributed.py
[2026-07-04T03:54:32.288+0000] {processor.py:914} INFO - Processing file /opt/airflow/dags/example_distributed.py for tasks to queue
[2026-07-04T03:54:32.295+0000] {logging_mixin.py:190} INFO - [2026-07-04T03:54:32.294+0000] {dagbag.py:588} INFO - Filling up the DagBag from /opt/airflow/dags/example_distributed.py
[2026-07-04T03:54:32.332+0000] {processor.py:925} INFO - DAG(s) 'example_distributed_celery' retrieved from /opt/airflow/dags/example_distributed.py
[2026-07-04T03:54:32.431+0000] {logging_mixin.py:190} INFO - [2026-07-04T03:54:32.430+0000] {dag.py:3239} INFO - Sync 1 DAGs
[2026-07-04T03:54:32.480+0000] {logging_mixin.py:190} INFO - [2026-07-04T03:54:32.480+0000] {dag.py:4180} INFO - Setting next_dagrun for example_distributed_celery to None, run_after=None
[2026-07-04T03:54:32.548+0000] {processor.py:208} INFO - Processing /opt/airflow/dags/example_distributed.py took 0.282 seconds
[2026-07-04T03:55:02.847+0000] {processor.py:186} INFO - Started process (PID=689) to work on /opt/airflow/dags/example_distributed.py
[2026-07-04T03:55:02.849+0000] {processor.py:914} INFO - Processing file /opt/airflow/dags/example_distributed.py for tasks to queue
[2026-07-04T03:55:02.857+0000] {logging_mixin.py:190} INFO - [2026-07-04T03:55:02.855+0000] {dagbag.py:588} INFO - Filling up the DagBag from /opt/airflow/dags/example_distributed.py
[2026-07-04T03:55:02.900+0000] {processor.py:925} INFO - DAG(s) 'example_distributed_celery' retrieved from /opt/airflow/dags/example_distributed.py
[2026-07-04T03:55:03.028+0000] {logging_mixin.py:190} INFO - [2026-07-04T03:55:03.027+0000] {dag.py:3239} INFO - Sync 1 DAGs
[2026-07-04T03:55:03.104+0000] {logging_mixin.py:190} INFO - [2026-07-04T03:55:03.104+0000] {dag.py:4180} INFO - Setting next_dagrun for example_distributed_celery to None, run_after=None
[2026-07-04T03:55:03.193+0000] {processor.py:208} INFO - Processing /opt/airflow/dags/example_distributed.py took 0.374 seconds
[2026-07-04T03:55:33.942+0000] {processor.py:186} INFO - Started process (PID=697) to work on /opt/airflow/dags/example_distributed.py
[2026-07-04T03:55:33.946+0000] {processor.py:914} INFO - Processing file /opt/airflow/dags/example_distributed.py for tasks to queue
[2026-07-04T03:55:33.956+0000] {logging_mixin.py:190} INFO - [2026-07-04T03:55:33.955+0000] {dagbag.py:588} INFO - Filling up the DagBag from /opt/airflow/dags/example_distributed.py
[2026-07-04T03:55:33.989+0000] {processor.py:925} INFO - DAG(s) 'example_distributed_celery' retrieved from /opt/airflow/dags/example_distributed.py
[2026-07-04T03:55:34.072+0000] {logging_mixin.py:190} INFO - [2026-07-04T03:55:34.071+0000] {dag.py:3239} INFO - Sync 1 DAGs
[2026-07-04T03:55:34.121+0000] {logging_mixin.py:190} INFO - [2026-07-04T03:55:34.120+0000] {dag.py:4180} INFO - Setting next_dagrun for example_distributed_celery to None, run_after=None
[2026-07-04T03:55:34.197+0000] {processor.py:208} INFO - Processing /opt/airflow/dags/example_distributed.py took 0.277 seconds
[2026-07-04T03:56:04.917+0000] {processor.py:186} INFO - Started process (PID=704) to work on /opt/airflow/dags/example_distributed.py
[2026-07-04T03:56:04.920+0000] {processor.py:914} INFO - Processing file /opt/airflow/dags/example_distributed.py for tasks to queue
[2026-07-04T03:56:04.925+0000] {logging_mixin.py:190} INFO - [2026-07-04T03:56:04.924+0000] {dagbag.py:588} INFO - Filling up the DagBag from /opt/airflow/dags/example_distributed.py
[2026-07-04T03:56:04.956+0000] {processor.py:925} INFO - DAG(s) 'example_distributed_celery' retrieved from /opt/airflow/dags/example_distributed.py
[2026-07-04T03:56:05.045+0000] {logging_mixin.py:190} INFO - [2026-07-04T03:56:05.044+0000] {dag.py:3239} INFO - Sync 1 DAGs
[2026-07-04T03:56:05.114+0000] {logging_mixin.py:190} INFO - [2026-07-04T03:56:05.113+0000] {dag.py:4180} INFO - Setting next_dagrun for example_distributed_celery to None, run_after=None
[2026-07-04T03:56:05.171+0000] {processor.py:208} INFO - Processing /opt/airflow/dags/example_distributed.py took 0.273 seconds
[2026-07-04T03:56:35.563+0000] {processor.py:186} INFO - Started process (PID=706) to work on /opt/airflow/dags/example_distributed.py
[2026-07-04T03:56:35.567+0000] {processor.py:914} INFO - Processing file /opt/airflow/dags/example_distributed.py for tasks to queue
[2026-07-04T03:56:35.579+0000] {logging_mixin.py:190} INFO - [2026-07-04T03:56:35.575+0000] {dagbag.py:588} INFO - Filling up the DagBag from /opt/airflow/dags/example_distributed.py
[2026-07-04T03:56:35.617+0000] {processor.py:925} INFO - DAG(s) 'example_distributed_celery' retrieved from /opt/airflow/dags/example_distributed.py
[2026-07-04T03:56:35.722+0000] {logging_mixin.py:190} INFO - [2026-07-04T03:56:35.721+0000] {dag.py:3239} INFO - Sync 1 DAGs
[2026-07-04T03:56:35.770+0000] {logging_mixin.py:190} INFO - [2026-07-04T03:56:35.769+0000] {dag.py:4180} INFO - Setting next_dagrun for example_distributed_celery to None, run_after=None
[2026-07-04T03:56:36.439+0000] {processor.py:208} INFO - Processing /opt/airflow/dags/example_distributed.py took 0.907 seconds
[2026-07-04T03:57:07.099+0000] {processor.py:186} INFO - Started process (PID=714) to work on /opt/airflow/dags/example_distributed.py
[2026-07-04T03:57:07.101+0000] {processor.py:914} INFO - Processing file /opt/airflow/dags/example_distributed.py for tasks to queue
[2026-07-04T03:57:07.110+0000] {logging_mixin.py:190} INFO - [2026-07-04T03:57:07.109+0000] {dagbag.py:588} INFO - Filling up the DagBag from /opt/airflow/dags/example_distributed.py
[2026-07-04T03:57:07.132+0000] {processor.py:925} INFO - DAG(s) 'example_distributed_celery' retrieved from /opt/airflow/dags/example_distributed.py
[2026-07-04T03:57:07.223+0000] {logging_mixin.py:190} INFO - [2026-07-04T03:57:07.222+0000] {dag.py:3239} INFO - Sync 1 DAGs
[2026-07-04T03:57:07.263+0000] {logging_mixin.py:190} INFO - [2026-07-04T03:57:07.262+0000] {dag.py:4180} INFO - Setting next_dagrun for example_distributed_celery to None, run_after=None
[2026-07-04T03:57:07.434+0000] {processor.py:208} INFO - Processing /opt/airflow/dags/example_distributed.py took 0.363 seconds
[2026-07-04T03:57:38.055+0000] {processor.py:186} INFO - Started process (PID=722) to work on /opt/airflow/dags/example_distributed.py
[2026-07-04T03:57:38.056+0000] {processor.py:914} INFO - Processing file /opt/airflow/dags/example_distributed.py for tasks to queue
[2026-07-04T03:57:38.061+0000] {logging_mixin.py:190} INFO - [2026-07-04T03:57:38.060+0000] {dagbag.py:588} INFO - Filling up the DagBag from /opt/airflow/dags/example_distributed.py
[2026-07-04T03:57:38.077+0000] {processor.py:925} INFO - DAG(s) 'example_distributed_celery' retrieved from /opt/airflow/dags/example_distributed.py
[2026-07-04T03:57:38.140+0000] {logging_mixin.py:190} INFO - [2026-07-04T03:57:38.140+0000] {dag.py:3239} INFO - Sync 1 DAGs
[2026-07-04T03:57:38.162+0000] {logging_mixin.py:190} INFO - [2026-07-04T03:57:38.161+0000] {dag.py:4180} INFO - Setting next_dagrun for example_distributed_celery to None, run_after=None
[2026-07-04T03:57:38.202+0000] {processor.py:208} INFO - Processing /opt/airflow/dags/example_distributed.py took 0.159 seconds
[2026-07-04T03:58:08.436+0000] {processor.py:186} INFO - Started process (PID=730) to work on /opt/airflow/dags/example_distributed.py
[2026-07-04T03:58:08.438+0000] {processor.py:914} INFO - Processing file /opt/airflow/dags/example_distributed.py for tasks to queue
[2026-07-04T03:58:08.441+0000] {logging_mixin.py:190} INFO - [2026-07-04T03:58:08.440+0000] {dagbag.py:588} INFO - Filling up the DagBag from /opt/airflow/dags/example_distributed.py
[2026-07-04T03:58:08.455+0000] {processor.py:925} INFO - DAG(s) 'example_distributed_celery' retrieved from /opt/airflow/dags/example_distributed.py
[2026-07-04T03:58:08.496+0000] {logging_mixin.py:190} INFO - [2026-07-04T03:58:08.495+0000] {dag.py:3239} INFO - Sync 1 DAGs
[2026-07-04T03:58:08.522+0000] {logging_mixin.py:190} INFO - [2026-07-04T03:58:08.522+0000] {dag.py:4180} INFO - Setting next_dagrun for example_distributed_celery to None, run_after=None
[2026-07-04T03:58:08.556+0000] {processor.py:208} INFO - Processing /opt/airflow/dags/example_distributed.py took 0.128 seconds
[2026-07-04T03:58:39.566+0000] {processor.py:186} INFO - Started process (PID=738) to work on /opt/airflow/dags/example_distributed.py
[2026-07-04T03:58:39.575+0000] {processor.py:914} INFO - Processing file /opt/airflow/dags/example_distributed.py for tasks to queue
[2026-07-04T03:58:39.582+0000] {logging_mixin.py:190} INFO - [2026-07-04T03:58:39.582+0000] {dagbag.py:588} INFO - Filling up the DagBag from /opt/airflow/dags/example_distributed.py
[2026-07-04T03:58:39.611+0000] {processor.py:925} INFO - DAG(s) 'example_distributed_celery' retrieved from /opt/airflow/dags/example_distributed.py
[2026-07-04T03:58:39.731+0000] {logging_mixin.py:190} INFO - [2026-07-04T03:58:39.730+0000] {dag.py:3239} INFO - Sync 1 DAGs
[2026-07-04T03:58:39.793+0000] {logging_mixin.py:190} INFO - [2026-07-04T03:58:39.792+0000] {dag.py:4180} INFO - Setting next_dagrun for example_distributed_celery to None, run_after=None
[2026-07-04T03:58:39.892+0000] {processor.py:208} INFO - Processing /opt/airflow/dags/example_distributed.py took 0.340 seconds
[2026-07-04T03:59:10.052+0000] {processor.py:186} INFO - Started process (PID=739) to work on /opt/airflow/dags/example_distributed.py
[2026-07-04T03:59:10.054+0000] {processor.py:914} INFO - Processing file /opt/airflow/dags/example_distributed.py for tasks to queue
[2026-07-04T03:59:10.060+0000] {logging_mixin.py:190} INFO - [2026-07-04T03:59:10.059+0000] {dagbag.py:588} INFO - Filling up the DagBag from /opt/airflow/dags/example_distributed.py
[2026-07-04T03:59:10.093+0000] {processor.py:925} INFO - DAG(s) 'example_distributed_celery' retrieved from /opt/airflow/dags/example_distributed.py
[2026-07-04T03:59:10.261+0000] {logging_mixin.py:190} INFO - [2026-07-04T03:59:10.260+0000] {dag.py:3239} INFO - Sync 1 DAGs
[2026-07-04T03:59:10.330+0000] {logging_mixin.py:190} INFO - [2026-07-04T03:59:10.330+0000] {dag.py:4180} INFO - Setting next_dagrun for example_distributed_celery to None, run_after=None
[2026-07-04T03:59:10.456+0000] {processor.py:208} INFO - Processing /opt/airflow/dags/example_distributed.py took 0.422 seconds
[2026-07-04T03:59:40.908+0000] {processor.py:186} INFO - Started process (PID=747) to work on /opt/airflow/dags/example_distributed.py
[2026-07-04T03:59:40.910+0000] {processor.py:914} INFO - Processing file /opt/airflow/dags/example_distributed.py for tasks to queue
[2026-07-04T03:59:40.935+0000] {logging_mixin.py:190} INFO - [2026-07-04T03:59:40.933+0000] {dagbag.py:588} INFO - Filling up the DagBag from /opt/airflow/dags/example_distributed.py
[2026-07-04T03:59:40.969+0000] {processor.py:925} INFO - DAG(s) 'example_distributed_celery' retrieved from /opt/airflow/dags/example_distributed.py
[2026-07-04T03:59:41.099+0000] {logging_mixin.py:190} INFO - [2026-07-04T03:59:41.098+0000] {dag.py:3239} INFO - Sync 1 DAGs
[2026-07-04T03:59:41.132+0000] {logging_mixin.py:190} INFO - [2026-07-04T03:59:41.132+0000] {dag.py:4180} INFO - Setting next_dagrun for example_distributed_celery to None, run_after=None
[2026-07-04T03:59:41.180+0000] {processor.py:208} INFO - Processing /opt/airflow/dags/example_distributed.py took 0.291 seconds
[2026-07-04T04:00:12.104+0000] {processor.py:186} INFO - Started process (PID=754) to work on /opt/airflow/dags/example_distributed.py
[2026-07-04T04:00:12.105+0000] {processor.py:914} INFO - Processing file /opt/airflow/dags/example_distributed.py for tasks to queue
[2026-07-04T04:00:12.109+0000] {logging_mixin.py:190} INFO - [2026-07-04T04:00:12.108+0000] {dagbag.py:588} INFO - Filling up the DagBag from /opt/airflow/dags/example_distributed.py
[2026-07-04T04:00:12.122+0000] {processor.py:925} INFO - DAG(s) 'example_distributed_celery' retrieved from /opt/airflow/dags/example_distributed.py
[2026-07-04T04:00:12.297+0000] {logging_mixin.py:190} INFO - [2026-07-04T04:00:12.297+0000] {dag.py:3239} INFO - Sync 1 DAGs
[2026-07-04T04:00:12.321+0000] {logging_mixin.py:190} INFO - [2026-07-04T04:00:12.320+0000] {dag.py:4180} INFO - Setting next_dagrun for example_distributed_celery to None, run_after=None
[2026-07-04T04:00:12.490+0000] {processor.py:208} INFO - Processing /opt/airflow/dags/example_distributed.py took 0.395 seconds
[2026-07-04T04:00:42.844+0000] {processor.py:186} INFO - Started process (PID=761) to work on /opt/airflow/dags/example_distributed.py
[2026-07-04T04:00:44.333+0000] {processor.py:914} INFO - Processing file /opt/airflow/dags/example_distributed.py for tasks to queue
[2026-07-04T04:00:44.339+0000] {logging_mixin.py:190} INFO - [2026-07-04T04:00:44.338+0000] {dagbag.py:588} INFO - Filling up the DagBag from /opt/airflow/dags/example_distributed.py
[2026-07-04T04:00:46.276+0000] {processor.py:925} INFO - DAG(s) 'example_distributed_celery' retrieved from /opt/airflow/dags/example_distributed.py
[2026-07-04T04:00:47.146+0000] {logging_mixin.py:190} INFO - [2026-07-04T04:00:47.145+0000] {dag.py:3239} INFO - Sync 1 DAGs
[2026-07-04T04:00:47.660+0000] {logging_mixin.py:190} INFO - [2026-07-04T04:00:47.660+0000] {dag.py:4180} INFO - Setting next_dagrun for example_distributed_celery to None, run_after=None
[2026-07-04T04:00:48.738+0000] {processor.py:208} INFO - Processing /opt/airflow/dags/example_distributed.py took 6.191 seconds
[2026-07-04T04:01:18.978+0000] {processor.py:186} INFO - Started process (PID=769) to work on /opt/airflow/dags/example_distributed.py
[2026-07-04T04:01:18.980+0000] {processor.py:914} INFO - Processing file /opt/airflow/dags/example_distributed.py for tasks to queue
[2026-07-04T04:01:18.983+0000] {logging_mixin.py:190} INFO - [2026-07-04T04:01:18.983+0000] {dagbag.py:588} INFO - Filling up the DagBag from /opt/airflow/dags/example_distributed.py
[2026-07-04T04:01:18.993+0000] {processor.py:925} INFO - DAG(s) 'example_distributed_celery' retrieved from /opt/airflow/dags/example_distributed.py
[2026-07-04T04:01:19.031+0000] {logging_mixin.py:190} INFO - [2026-07-04T04:01:19.030+0000] {dag.py:3239} INFO - Sync 1 DAGs
[2026-07-04T04:01:19.048+0000] {logging_mixin.py:190} INFO - [2026-07-04T04:01:19.048+0000] {dag.py:4180} INFO - Setting next_dagrun for example_distributed_celery to None, run_after=None
[2026-07-04T04:01:19.081+0000] {processor.py:208} INFO - Processing /opt/airflow/dags/example_distributed.py took 0.112 seconds
[2026-07-04T04:01:49.286+0000] {processor.py:186} INFO - Started process (PID=777) to work on /opt/airflow/dags/example_distributed.py
[2026-07-04T04:01:49.288+0000] {processor.py:914} INFO - Processing file /opt/airflow/dags/example_distributed.py for tasks to queue
[2026-07-04T04:01:49.292+0000] {logging_mixin.py:190} INFO - [2026-07-04T04:01:49.292+0000] {dagbag.py:588} INFO - Filling up the DagBag from /opt/airflow/dags/example_distributed.py
[2026-07-04T04:01:49.319+0000] {processor.py:925} INFO - DAG(s) 'example_distributed_celery' retrieved from /opt/airflow/dags/example_distributed.py
[2026-07-04T04:01:49.368+0000] {logging_mixin.py:190} INFO - [2026-07-04T04:01:49.367+0000] {dag.py:3239} INFO - Sync 1 DAGs
[2026-07-04T04:01:49.390+0000] {logging_mixin.py:190} INFO - [2026-07-04T04:01:49.390+0000] {dag.py:4180} INFO - Setting next_dagrun for example_distributed_celery to None, run_after=None
[2026-07-04T04:01:49.422+0000] {processor.py:208} INFO - Processing /opt/airflow/dags/example_distributed.py took 0.149 seconds
[2026-07-04T04:02:19.544+0000] {processor.py:186} INFO - Started process (PID=784) to work on /opt/airflow/dags/example_distributed.py
[2026-07-04T04:02:19.546+0000] {processor.py:914} INFO - Processing file /opt/airflow/dags/example_distributed.py for tasks to queue
[2026-07-04T04:02:19.551+0000] {logging_mixin.py:190} INFO - [2026-07-04T04:02:19.549+0000] {dagbag.py:588} INFO - Filling up the DagBag from /opt/airflow/dags/example_distributed.py
[2026-07-04T04:02:19.567+0000] {processor.py:925} INFO - DAG(s) 'example_distributed_celery' retrieved from /opt/airflow/dags/example_distributed.py
[2026-07-04T04:02:19.624+0000] {logging_mixin.py:190} INFO - [2026-07-04T04:02:19.623+0000] {dag.py:3239} INFO - Sync 1 DAGs
[2026-07-04T04:02:19.658+0000] {logging_mixin.py:190} INFO - [2026-07-04T04:02:19.657+0000] {dag.py:4180} INFO - Setting next_dagrun for example_distributed_celery to None, run_after=None
[2026-07-04T04:02:19.707+0000] {processor.py:208} INFO - Processing /opt/airflow/dags/example_distributed.py took 0.173 seconds
[2026-07-04T04:02:49.920+0000] {processor.py:186} INFO - Started process (PID=787) to work on /opt/airflow/dags/example_distributed.py
[2026-07-04T04:02:49.922+0000] {processor.py:914} INFO - Processing file /opt/airflow/dags/example_distributed.py for tasks to queue
[2026-07-04T04:02:49.929+0000] {logging_mixin.py:190} INFO - [2026-07-04T04:02:49.928+0000] {dagbag.py:588} INFO - Filling up the DagBag from /opt/airflow/dags/example_distributed.py
[2026-07-04T04:02:49.953+0000] {processor.py:925} INFO - DAG(s) 'example_distributed_celery' retrieved from /opt/airflow/dags/example_distributed.py
[2026-07-04T04:02:50.030+0000] {logging_mixin.py:190} INFO - [2026-07-04T04:02:50.029+0000] {dag.py:3239} INFO - Sync 1 DAGs
[2026-07-04T04:02:50.087+0000] {logging_mixin.py:190} INFO - [2026-07-04T04:02:50.087+0000] {dag.py:4180} INFO - Setting next_dagrun for example_distributed_celery to None, run_after=None
[2026-07-04T04:02:50.167+0000] {processor.py:208} INFO - Processing /opt/airflow/dags/example_distributed.py took 0.261 seconds
[2026-07-04T04:03:21.057+0000] {processor.py:186} INFO - Started process (PID=796) to work on /opt/airflow/dags/example_distributed.py
[2026-07-04T04:03:21.128+0000] {processor.py:914} INFO - Processing file /opt/airflow/dags/example_distributed.py for tasks to queue
[2026-07-04T04:03:21.136+0000] {logging_mixin.py:190} INFO - [2026-07-04T04:03:21.134+0000] {dagbag.py:588} INFO - Filling up the DagBag from /opt/airflow/dags/example_distributed.py
[2026-07-04T04:03:21.221+0000] {processor.py:925} INFO - DAG(s) 'example_distributed_celery' retrieved from /opt/airflow/dags/example_distributed.py
[2026-07-04T04:03:21.348+0000] {logging_mixin.py:190} INFO - [2026-07-04T04:03:21.347+0000] {dag.py:3239} INFO - Sync 1 DAGs
[2026-07-04T04:03:21.398+0000] {logging_mixin.py:190} INFO - [2026-07-04T04:03:21.397+0000] {dag.py:4180} INFO - Setting next_dagrun for example_distributed_celery to None, run_after=None
[2026-07-04T04:03:21.513+0000] {processor.py:208} INFO - Processing /opt/airflow/dags/example_distributed.py took 0.477 seconds
[2026-07-04T04:03:51.950+0000] {processor.py:186} INFO - Started process (PID=806) to work on /opt/airflow/dags/example_distributed.py
[2026-07-04T04:03:51.952+0000] {processor.py:914} INFO - Processing file /opt/airflow/dags/example_distributed.py for tasks to queue
[2026-07-04T04:03:51.958+0000] {logging_mixin.py:190} INFO - [2026-07-04T04:03:51.957+0000] {dagbag.py:588} INFO - Filling up the DagBag from /opt/airflow/dags/example_distributed.py
[2026-07-04T04:03:51.988+0000] {processor.py:925} INFO - DAG(s) 'example_distributed_celery' retrieved from /opt/airflow/dags/example_distributed.py
[2026-07-04T04:03:52.099+0000] {logging_mixin.py:190} INFO - [2026-07-04T04:03:52.098+0000] {dag.py:3239} INFO - Sync 1 DAGs
[2026-07-04T04:03:52.148+0000] {logging_mixin.py:190} INFO - [2026-07-04T04:03:52.147+0000] {dag.py:4180} INFO - Setting next_dagrun for example_distributed_celery to None, run_after=None
[2026-07-04T04:03:52.207+0000] {processor.py:208} INFO - Processing /opt/airflow/dags/example_distributed.py took 0.277 seconds
[2026-07-04T04:04:22.299+0000] {processor.py:186} INFO - Started process (PID=815) to work on /opt/airflow/dags/example_distributed.py
[2026-07-04T04:04:22.301+0000] {processor.py:914} INFO - Processing file /opt/airflow/dags/example_distributed.py for tasks to queue
[2026-07-04T04:04:22.307+0000] {logging_mixin.py:190} INFO - [2026-07-04T04:04:22.306+0000] {dagbag.py:588} INFO - Filling up the DagBag from /opt/airflow/dags/example_distributed.py
[2026-07-04T04:04:22.348+0000] {processor.py:925} INFO - DAG(s) 'example_distributed_celery' retrieved from /opt/airflow/dags/example_distributed.py
[2026-07-04T04:04:22.461+0000] {logging_mixin.py:190} INFO - [2026-07-04T04:04:22.461+0000] {dag.py:3239} INFO - Sync 1 DAGs
[2026-07-04T04:04:22.505+0000] {logging_mixin.py:190} INFO - [2026-07-04T04:04:22.504+0000] {dag.py:4180} INFO - Setting next_dagrun for example_distributed_celery to None, run_after=None
[2026-07-04T04:04:22.573+0000] {processor.py:208} INFO - Processing /opt/airflow/dags/example_distributed.py took 0.294 seconds
[2026-07-04T04:04:53.096+0000] {processor.py:186} INFO - Started process (PID=823) to work on /opt/airflow/dags/example_distributed.py
[2026-07-04T04:04:53.100+0000] {processor.py:914} INFO - Processing file /opt/airflow/dags/example_distributed.py for tasks to queue
[2026-07-04T04:04:53.104+0000] {logging_mixin.py:190} INFO - [2026-07-04T04:04:53.104+0000] {dagbag.py:588} INFO - Filling up the DagBag from /opt/airflow/dags/example_distributed.py
[2026-07-04T04:04:53.128+0000] {processor.py:925} INFO - DAG(s) 'example_distributed_celery' retrieved from /opt/airflow/dags/example_distributed.py
[2026-07-04T04:04:53.281+0000] {logging_mixin.py:190} INFO - [2026-07-04T04:04:53.279+0000] {dag.py:3239} INFO - Sync 1 DAGs
[2026-07-04T04:04:53.329+0000] {logging_mixin.py:190} INFO - [2026-07-04T04:04:53.328+0000] {dag.py:4180} INFO - Setting next_dagrun for example_distributed_celery to None, run_after=None
[2026-07-04T04:04:53.549+0000] {processor.py:208} INFO - Processing /opt/airflow/dags/example_distributed.py took 0.475 seconds
[2026-07-04T04:05:24.193+0000] {processor.py:186} INFO - Started process (PID=826) to work on /opt/airflow/dags/example_distributed.py
[2026-07-04T04:05:24.197+0000] {processor.py:914} INFO - Processing file /opt/airflow/dags/example_distributed.py for tasks to queue
[2026-07-04T04:05:24.213+0000] {logging_mixin.py:190} INFO - [2026-07-04T04:05:24.212+0000] {dagbag.py:588} INFO - Filling up the DagBag from /opt/airflow/dags/example_distributed.py
[2026-07-04T04:05:24.246+0000] {processor.py:925} INFO - DAG(s) 'example_distributed_celery' retrieved from /opt/airflow/dags/example_distributed.py
[2026-07-04T04:05:24.397+0000] {logging_mixin.py:190} INFO - [2026-07-04T04:05:24.396+0000] {dag.py:3239} INFO - Sync 1 DAGs
[2026-07-04T04:05:24.438+0000] {logging_mixin.py:190} INFO - [2026-07-04T04:05:24.438+0000] {dag.py:4180} INFO - Setting next_dagrun for example_distributed_celery to None, run_after=None
[2026-07-04T04:05:24.613+0000] {processor.py:208} INFO - Processing /opt/airflow/dags/example_distributed.py took 0.435 seconds
[2026-07-04T04:05:55.094+0000] {processor.py:186} INFO - Started process (PID=835) to work on /opt/airflow/dags/example_distributed.py
[2026-07-04T04:05:55.125+0000] {processor.py:914} INFO - Processing file /opt/airflow/dags/example_distributed.py for tasks to queue
[2026-07-04T04:05:55.133+0000] {logging_mixin.py:190} INFO - [2026-07-04T04:05:55.132+0000] {dagbag.py:588} INFO - Filling up the DagBag from /opt/airflow/dags/example_distributed.py
[2026-07-04T04:05:55.171+0000] {processor.py:925} INFO - DAG(s) 'example_distributed_celery' retrieved from /opt/airflow/dags/example_distributed.py
[2026-07-04T04:05:55.256+0000] {logging_mixin.py:190} INFO - [2026-07-04T04:05:55.255+0000] {dag.py:3239} INFO - Sync 1 DAGs
[2026-07-04T04:05:55.312+0000] {logging_mixin.py:190} INFO - [2026-07-04T04:05:55.312+0000] {dag.py:4180} INFO - Setting next_dagrun for example_distributed_celery to None, run_after=None
[2026-07-04T04:05:55.370+0000] {processor.py:208} INFO - Processing /opt/airflow/dags/example_distributed.py took 0.304 seconds
[2026-07-04T04:06:26.052+0000] {processor.py:186} INFO - Started process (PID=845) to work on /opt/airflow/dags/example_distributed.py
[2026-07-04T04:06:26.056+0000] {processor.py:914} INFO - Processing file /opt/airflow/dags/example_distributed.py for tasks to queue
[2026-07-04T04:06:26.068+0000] {logging_mixin.py:190} INFO - [2026-07-04T04:06:26.067+0000] {dagbag.py:588} INFO - Filling up the DagBag from /opt/airflow/dags/example_distributed.py
[2026-07-04T04:06:26.112+0000] {processor.py:925} INFO - DAG(s) 'example_distributed_celery' retrieved from /opt/airflow/dags/example_distributed.py
[2026-07-04T04:06:26.193+0000] {logging_mixin.py:190} INFO - [2026-07-04T04:06:26.192+0000] {dag.py:3239} INFO - Sync 1 DAGs
[2026-07-04T04:06:26.247+0000] {logging_mixin.py:190} INFO - [2026-07-04T04:06:26.246+0000] {dag.py:4180} INFO - Setting next_dagrun for example_distributed_celery to None, run_after=None
[2026-07-04T04:06:26.494+0000] {processor.py:208} INFO - Processing /opt/airflow/dags/example_distributed.py took 0.459 seconds
[2026-07-04T04:06:56.808+0000] {processor.py:186} INFO - Started process (PID=853) to work on /opt/airflow/dags/example_distributed.py
[2026-07-04T04:06:56.814+0000] {processor.py:914} INFO - Processing file /opt/airflow/dags/example_distributed.py for tasks to queue
[2026-07-04T04:06:56.823+0000] {logging_mixin.py:190} INFO - [2026-07-04T04:06:56.822+0000] {dagbag.py:588} INFO - Filling up the DagBag from /opt/airflow/dags/example_distributed.py
[2026-07-04T04:06:56.851+0000] {processor.py:925} INFO - DAG(s) 'example_distributed_celery' retrieved from /opt/airflow/dags/example_distributed.py
[2026-07-04T04:06:56.915+0000] {logging_mixin.py:190} INFO - [2026-07-04T04:06:56.914+0000] {dag.py:3239} INFO - Sync 1 DAGs
[2026-07-04T04:06:56.959+0000] {logging_mixin.py:190} INFO - [2026-07-04T04:06:56.959+0000] {dag.py:4180} INFO - Setting next_dagrun for example_distributed_celery to None, run_after=None
[2026-07-04T04:06:57.041+0000] {processor.py:208} INFO - Processing /opt/airflow/dags/example_distributed.py took 0.265 seconds
[2026-07-04T04:07:27.668+0000] {processor.py:186} INFO - Started process (PID=856) to work on /opt/airflow/dags/example_distributed.py
[2026-07-04T04:07:27.670+0000] {processor.py:914} INFO - Processing file /opt/airflow/dags/example_distributed.py for tasks to queue
[2026-07-04T04:07:27.676+0000] {logging_mixin.py:190} INFO - [2026-07-04T04:07:27.675+0000] {dagbag.py:588} INFO - Filling up the DagBag from /opt/airflow/dags/example_distributed.py
[2026-07-04T04:07:27.702+0000] {processor.py:925} INFO - DAG(s) 'example_distributed_celery' retrieved from /opt/airflow/dags/example_distributed.py
[2026-07-04T04:07:27.844+0000] {logging_mixin.py:190} INFO - [2026-07-04T04:07:27.843+0000] {dag.py:3239} INFO - Sync 1 DAGs
[2026-07-04T04:07:27.895+0000] {logging_mixin.py:190} INFO - [2026-07-04T04:07:27.894+0000] {dag.py:4180} INFO - Setting next_dagrun for example_distributed_celery to None, run_after=None
[2026-07-04T04:07:27.989+0000] {processor.py:208} INFO - Processing /opt/airflow/dags/example_distributed.py took 0.352 seconds
[2026-07-04T04:07:58.351+0000] {processor.py:186} INFO - Started process (PID=867) to work on /opt/airflow/dags/example_distributed.py
[2026-07-04T04:07:58.360+0000] {processor.py:914} INFO - Processing file /opt/airflow/dags/example_distributed.py for tasks to queue
[2026-07-04T04:07:58.368+0000] {logging_mixin.py:190} INFO - [2026-07-04T04:07:58.368+0000] {dagbag.py:588} INFO - Filling up the DagBag from /opt/airflow/dags/example_distributed.py
[2026-07-04T04:07:58.402+0000] {processor.py:925} INFO - DAG(s) 'example_distributed_celery' retrieved from /opt/airflow/dags/example_distributed.py
[2026-07-04T04:07:58.496+0000] {logging_mixin.py:190} INFO - [2026-07-04T04:07:58.496+0000] {dag.py:3239} INFO - Sync 1 DAGs
[2026-07-04T04:07:58.541+0000] {logging_mixin.py:190} INFO - [2026-07-04T04:07:58.541+0000] {dag.py:4180} INFO - Setting next_dagrun for example_distributed_celery to None, run_after=None
[2026-07-04T04:07:58.851+0000] {processor.py:208} INFO - Processing /opt/airflow/dags/example_distributed.py took 0.515 seconds
[2026-07-04T04:08:29.632+0000] {processor.py:186} INFO - Started process (PID=877) to work on /opt/airflow/dags/example_distributed.py
[2026-07-04T04:08:29.636+0000] {processor.py:914} INFO - Processing file /opt/airflow/dags/example_distributed.py for tasks to queue
[2026-07-04T04:08:29.646+0000] {logging_mixin.py:190} INFO - [2026-07-04T04:08:29.644+0000] {dagbag.py:588} INFO - Filling up the DagBag from /opt/airflow/dags/example_distributed.py
[2026-07-04T04:08:29.681+0000] {processor.py:925} INFO - DAG(s) 'example_distributed_celery' retrieved from /opt/airflow/dags/example_distributed.py
[2026-07-04T04:08:29.800+0000] {logging_mixin.py:190} INFO - [2026-07-04T04:08:29.799+0000] {dag.py:3239} INFO - Sync 1 DAGs
[2026-07-04T04:08:29.858+0000] {logging_mixin.py:190} INFO - [2026-07-04T04:08:29.857+0000] {dag.py:4180} INFO - Setting next_dagrun for example_distributed_celery to None, run_after=None
[2026-07-04T04:08:30.572+0000] {processor.py:208} INFO - Processing /opt/airflow/dags/example_distributed.py took 0.970 seconds
[2026-07-04T04:09:00.763+0000] {processor.py:186} INFO - Started process (PID=887) to work on /opt/airflow/dags/example_distributed.py
[2026-07-04T04:09:00.766+0000] {processor.py:914} INFO - Processing file /opt/airflow/dags/example_distributed.py for tasks to queue
[2026-07-04T04:09:00.773+0000] {logging_mixin.py:190} INFO - [2026-07-04T04:09:00.772+0000] {dagbag.py:588} INFO - Filling up the DagBag from /opt/airflow/dags/example_distributed.py
[2026-07-04T04:09:00.803+0000] {processor.py:925} INFO - DAG(s) 'example_distributed_celery' retrieved from /opt/airflow/dags/example_distributed.py
[2026-07-04T04:09:00.909+0000] {logging_mixin.py:190} INFO - [2026-07-04T04:09:00.908+0000] {dag.py:3239} INFO - Sync 1 DAGs
[2026-07-04T04:09:00.949+0000] {logging_mixin.py:190} INFO - [2026-07-04T04:09:00.948+0000] {dag.py:4180} INFO - Setting next_dagrun for example_distributed_celery to None, run_after=None
[2026-07-04T04:09:01.012+0000] {processor.py:208} INFO - Processing /opt/airflow/dags/example_distributed.py took 0.269 seconds
[2026-07-04T04:09:31.924+0000] {processor.py:186} INFO - Started process (PID=896) to work on /opt/airflow/dags/example_distributed.py
[2026-07-04T04:09:31.927+0000] {processor.py:914} INFO - Processing file /opt/airflow/dags/example_distributed.py for tasks to queue
[2026-07-04T04:09:31.935+0000] {logging_mixin.py:190} INFO - [2026-07-04T04:09:31.934+0000] {dagbag.py:588} INFO - Filling up the DagBag from /opt/airflow/dags/example_distributed.py
[2026-07-04T04:09:31.969+0000] {processor.py:925} INFO - DAG(s) 'example_distributed_celery' retrieved from /opt/airflow/dags/example_distributed.py
[2026-07-04T04:09:32.090+0000] {logging_mixin.py:190} INFO - [2026-07-04T04:09:32.088+0000] {dag.py:3239} INFO - Sync 1 DAGs
[2026-07-04T04:09:32.139+0000] {logging_mixin.py:190} INFO - [2026-07-04T04:09:32.138+0000] {dag.py:4180} INFO - Setting next_dagrun for example_distributed_celery to None, run_after=None
[2026-07-04T04:09:32.201+0000] {processor.py:208} INFO - Processing /opt/airflow/dags/example_distributed.py took 0.294 seconds
[2026-07-04T04:10:02.766+0000] {processor.py:186} INFO - Started process (PID=905) to work on /opt/airflow/dags/example_distributed.py
[2026-07-04T04:10:02.771+0000] {processor.py:914} INFO - Processing file /opt/airflow/dags/example_distributed.py for tasks to queue
[2026-07-04T04:10:02.777+0000] {logging_mixin.py:190} INFO - [2026-07-04T04:10:02.776+0000] {dagbag.py:588} INFO - Filling up the DagBag from /opt/airflow/dags/example_distributed.py
[2026-07-04T04:10:02.791+0000] {processor.py:925} INFO - DAG(s) 'example_distributed_celery' retrieved from /opt/airflow/dags/example_distributed.py
[2026-07-04T04:10:02.829+0000] {logging_mixin.py:190} INFO - [2026-07-04T04:10:02.829+0000] {dag.py:3239} INFO - Sync 1 DAGs
[2026-07-04T04:10:02.856+0000] {logging_mixin.py:190} INFO - [2026-07-04T04:10:02.856+0000] {dag.py:4180} INFO - Setting next_dagrun for example_distributed_celery to None, run_after=None
[2026-07-04T04:10:02.883+0000] {processor.py:208} INFO - Processing /opt/airflow/dags/example_distributed.py took 0.126 seconds
[2026-07-04T04:10:33.343+0000] {processor.py:186} INFO - Started process (PID=909) to work on /opt/airflow/dags/example_distributed.py
[2026-07-04T04:10:33.369+0000] {processor.py:914} INFO - Processing file /opt/airflow/dags/example_distributed.py for tasks to queue
[2026-07-04T04:10:33.377+0000] {logging_mixin.py:190} INFO - [2026-07-04T04:10:33.376+0000] {dagbag.py:588} INFO - Filling up the DagBag from /opt/airflow/dags/example_distributed.py
[2026-07-04T04:10:33.403+0000] {processor.py:925} INFO - DAG(s) 'example_distributed_celery' retrieved from /opt/airflow/dags/example_distributed.py
[2026-07-04T04:10:33.488+0000] {logging_mixin.py:190} INFO - [2026-07-04T04:10:33.486+0000] {dag.py:3239} INFO - Sync 1 DAGs
[2026-07-04T04:10:33.528+0000] {logging_mixin.py:190} INFO - [2026-07-04T04:10:33.528+0000] {dag.py:4180} INFO - Setting next_dagrun for example_distributed_celery to None, run_after=None
[2026-07-04T04:10:33.592+0000] {processor.py:208} INFO - Processing /opt/airflow/dags/example_distributed.py took 0.269 seconds
[2026-07-04T04:11:04.259+0000] {processor.py:186} INFO - Started process (PID=919) to work on /opt/airflow/dags/example_distributed.py
[2026-07-04T04:11:04.261+0000] {processor.py:914} INFO - Processing file /opt/airflow/dags/example_distributed.py for tasks to queue
[2026-07-04T04:11:04.264+0000] {logging_mixin.py:190} INFO - [2026-07-04T04:11:04.264+0000] {dagbag.py:588} INFO - Filling up the DagBag from /opt/airflow/dags/example_distributed.py
[2026-07-04T04:11:04.279+0000] {processor.py:925} INFO - DAG(s) 'example_distributed_celery' retrieved from /opt/airflow/dags/example_distributed.py
[2026-07-04T04:11:04.318+0000] {logging_mixin.py:190} INFO - [2026-07-04T04:11:04.318+0000] {dag.py:3239} INFO - Sync 1 DAGs
[2026-07-04T04:11:04.341+0000] {logging_mixin.py:190} INFO - [2026-07-04T04:11:04.338+0000] {dag.py:4180} INFO - Setting next_dagrun for example_distributed_celery to None, run_after=None
[2026-07-04T04:11:04.397+0000] {processor.py:208} INFO - Processing /opt/airflow/dags/example_distributed.py took 0.146 seconds
[2026-07-04T04:11:36.267+0000] {processor.py:186} INFO - Started process (PID=934) to work on /opt/airflow/dags/example_distributed.py
[2026-07-04T04:11:36.327+0000] {processor.py:914} INFO - Processing file /opt/airflow/dags/example_distributed.py for tasks to queue
[2026-07-04T04:11:36.394+0000] {logging_mixin.py:190} INFO - [2026-07-04T04:11:36.360+0000] {dagbag.py:588} INFO - Filling up the DagBag from /opt/airflow/dags/example_distributed.py
[2026-07-04T04:11:37.288+0000] {processor.py:925} INFO - DAG(s) 'example_distributed_celery' retrieved from /opt/airflow/dags/example_distributed.py
[2026-07-04T04:11:37.737+0000] {logging_mixin.py:190} INFO - [2026-07-04T04:11:37.736+0000] {dag.py:3239} INFO - Sync 1 DAGs
[2026-07-04T04:11:37.825+0000] {logging_mixin.py:190} INFO - [2026-07-04T04:11:37.824+0000] {dag.py:4180} INFO - Setting next_dagrun for example_distributed_celery to None, run_after=None
[2026-07-04T04:11:44.019+0000] {processor.py:208} INFO - Processing /opt/airflow/dags/example_distributed.py took 7.784 seconds
[2026-07-04T04:12:14.589+0000] {processor.py:186} INFO - Started process (PID=943) to work on /opt/airflow/dags/example_distributed.py
[2026-07-04T04:12:14.597+0000] {processor.py:914} INFO - Processing file /opt/airflow/dags/example_distributed.py for tasks to queue
[2026-07-04T04:12:14.610+0000] {logging_mixin.py:190} INFO - [2026-07-04T04:12:14.609+0000] {dagbag.py:588} INFO - Filling up the DagBag from /opt/airflow/dags/example_distributed.py
[2026-07-04T04:12:14.659+0000] {processor.py:925} INFO - DAG(s) 'example_distributed_celery' retrieved from /opt/airflow/dags/example_distributed.py
[2026-07-04T04:12:14.801+0000] {logging_mixin.py:190} INFO - [2026-07-04T04:12:14.800+0000] {dag.py:3239} INFO - Sync 1 DAGs
[2026-07-04T04:12:14.864+0000] {logging_mixin.py:190} INFO - [2026-07-04T04:12:14.863+0000] {dag.py:4180} INFO - Setting next_dagrun for example_distributed_celery to None, run_after=None
[2026-07-04T04:12:15.158+0000] {processor.py:208} INFO - Processing /opt/airflow/dags/example_distributed.py took 0.595 seconds
[2026-07-04T04:12:45.384+0000] {processor.py:186} INFO - Started process (PID=953) to work on /opt/airflow/dags/example_distributed.py
[2026-07-04T04:12:45.388+0000] {processor.py:914} INFO - Processing file /opt/airflow/dags/example_distributed.py for tasks to queue
[2026-07-04T04:12:45.402+0000] {logging_mixin.py:190} INFO - [2026-07-04T04:12:45.400+0000] {dagbag.py:588} INFO - Filling up the DagBag from /opt/airflow/dags/example_distributed.py
[2026-07-04T04:12:45.465+0000] {processor.py:925} INFO - DAG(s) 'example_distributed_celery' retrieved from /opt/airflow/dags/example_distributed.py
[2026-07-04T04:12:45.596+0000] {logging_mixin.py:190} INFO - [2026-07-04T04:12:45.596+0000] {dag.py:3239} INFO - Sync 1 DAGs
[2026-07-04T04:12:45.653+0000] {logging_mixin.py:190} INFO - [2026-07-04T04:12:45.652+0000] {dag.py:4180} INFO - Setting next_dagrun for example_distributed_celery to None, run_after=None
[2026-07-04T04:12:45.799+0000] {processor.py:208} INFO - Processing /opt/airflow/dags/example_distributed.py took 0.460 seconds
[2026-07-04T04:13:16.574+0000] {processor.py:186} INFO - Started process (PID=963) to work on /opt/airflow/dags/example_distributed.py
[2026-07-04T04:13:16.575+0000] {processor.py:914} INFO - Processing file /opt/airflow/dags/example_distributed.py for tasks to queue
[2026-07-04T04:13:16.580+0000] {logging_mixin.py:190} INFO - [2026-07-04T04:13:16.579+0000] {dagbag.py:588} INFO - Filling up the DagBag from /opt/airflow/dags/example_distributed.py
[2026-07-04T04:13:16.595+0000] {processor.py:925} INFO - DAG(s) 'example_distributed_celery' retrieved from /opt/airflow/dags/example_distributed.py
[2026-07-04T04:13:16.667+0000] {logging_mixin.py:190} INFO - [2026-07-04T04:13:16.667+0000] {dag.py:3239} INFO - Sync 1 DAGs
[2026-07-04T04:13:16.701+0000] {logging_mixin.py:190} INFO - [2026-07-04T04:13:16.701+0000] {dag.py:4180} INFO - Setting next_dagrun for example_distributed_celery to None, run_after=None
[2026-07-04T04:13:17.138+0000] {processor.py:208} INFO - Processing /opt/airflow/dags/example_distributed.py took 0.574 seconds
[2026-07-04T04:13:47.308+0000] {processor.py:186} INFO - Started process (PID=972) to work on /opt/airflow/dags/example_distributed.py
[2026-07-04T04:13:47.310+0000] {processor.py:914} INFO - Processing file /opt/airflow/dags/example_distributed.py for tasks to queue
[2026-07-04T04:13:47.317+0000] {logging_mixin.py:190} INFO - [2026-07-04T04:13:47.317+0000] {dagbag.py:588} INFO - Filling up the DagBag from /opt/airflow/dags/example_distributed.py
[2026-07-04T04:13:47.349+0000] {processor.py:925} INFO - DAG(s) 'example_distributed_celery' retrieved from /opt/airflow/dags/example_distributed.py
[2026-07-04T04:13:47.420+0000] {logging_mixin.py:190} INFO - [2026-07-04T04:13:47.419+0000] {dag.py:3239} INFO - Sync 1 DAGs
[2026-07-04T04:13:47.463+0000] {logging_mixin.py:190} INFO - [2026-07-04T04:13:47.459+0000] {dag.py:4180} INFO - Setting next_dagrun for example_distributed_celery to None, run_after=None
[2026-07-04T04:13:47.582+0000] {processor.py:208} INFO - Processing /opt/airflow/dags/example_distributed.py took 0.294 seconds
[2026-07-04T04:14:18.395+0000] {processor.py:186} INFO - Started process (PID=981) to work on /opt/airflow/dags/example_distributed.py
[2026-07-04T04:14:18.397+0000] {processor.py:914} INFO - Processing file /opt/airflow/dags/example_distributed.py for tasks to queue
[2026-07-04T04:14:18.404+0000] {logging_mixin.py:190} INFO - [2026-07-04T04:14:18.403+0000] {dagbag.py:588} INFO - Filling up the DagBag from /opt/airflow/dags/example_distributed.py
[2026-07-04T04:14:18.419+0000] {processor.py:925} INFO - DAG(s) 'example_distributed_celery' retrieved from /opt/airflow/dags/example_distributed.py
[2026-07-04T04:14:18.469+0000] {logging_mixin.py:190} INFO - [2026-07-04T04:14:18.469+0000] {dag.py:3239} INFO - Sync 1 DAGs
[2026-07-04T04:14:18.508+0000] {logging_mixin.py:190} INFO - [2026-07-04T04:14:18.508+0000] {dag.py:4180} INFO - Setting next_dagrun for example_distributed_celery to None, run_after=None
[2026-07-04T04:14:18.597+0000] {processor.py:208} INFO - Processing /opt/airflow/dags/example_distributed.py took 0.216 seconds
[2026-07-04T04:14:48.716+0000] {processor.py:186} INFO - Started process (PID=985) to work on /opt/airflow/dags/example_distributed.py
[2026-07-04T04:14:48.719+0000] {processor.py:914} INFO - Processing file /opt/airflow/dags/example_distributed.py for tasks to queue
[2026-07-04T04:14:48.726+0000] {logging_mixin.py:190} INFO - [2026-07-04T04:14:48.725+0000] {dagbag.py:588} INFO - Filling up the DagBag from /opt/airflow/dags/example_distributed.py
[2026-07-04T04:14:48.761+0000] {processor.py:925} INFO - DAG(s) 'example_distributed_celery' retrieved from /opt/airflow/dags/example_distributed.py
[2026-07-04T04:14:48.851+0000] {logging_mixin.py:190} INFO - [2026-07-04T04:14:48.850+0000] {dag.py:3239} INFO - Sync 1 DAGs
[2026-07-04T04:14:48.900+0000] {logging_mixin.py:190} INFO - [2026-07-04T04:14:48.899+0000] {dag.py:4180} INFO - Setting next_dagrun for example_distributed_celery to None, run_after=None
[2026-07-04T04:14:49.166+0000] {processor.py:208} INFO - Processing /opt/airflow/dags/example_distributed.py took 0.478 seconds
[2026-07-04T04:15:19.269+0000] {processor.py:186} INFO - Started process (PID=995) to work on /opt/airflow/dags/example_distributed.py
[2026-07-04T04:15:19.271+0000] {processor.py:914} INFO - Processing file /opt/airflow/dags/example_distributed.py for tasks to queue
[2026-07-04T04:15:19.330+0000] {logging_mixin.py:190} INFO - [2026-07-04T04:15:19.327+0000] {dagbag.py:588} INFO - Filling up the DagBag from /opt/airflow/dags/example_distributed.py
[2026-07-04T04:15:19.372+0000] {processor.py:925} INFO - DAG(s) 'example_distributed_celery' retrieved from /opt/airflow/dags/example_distributed.py
[2026-07-04T04:15:19.523+0000] {logging_mixin.py:190} INFO - [2026-07-04T04:15:19.521+0000] {dag.py:3239} INFO - Sync 1 DAGs
[2026-07-04T04:15:19.562+0000] {logging_mixin.py:190} INFO - [2026-07-04T04:15:19.561+0000] {dag.py:4180} INFO - Setting next_dagrun for example_distributed_celery to None, run_after=None
[2026-07-04T04:15:22.462+0000] {processor.py:208} INFO - Processing /opt/airflow/dags/example_distributed.py took 3.219 seconds
[2026-07-04T04:15:53.233+0000] {processor.py:186} INFO - Started process (PID=1005) to work on /opt/airflow/dags/example_distributed.py
[2026-07-04T04:15:53.240+0000] {processor.py:914} INFO - Processing file /opt/airflow/dags/example_distributed.py for tasks to queue
[2026-07-04T04:15:53.262+0000] {logging_mixin.py:190} INFO - [2026-07-04T04:15:53.260+0000] {dagbag.py:588} INFO - Filling up the DagBag from /opt/airflow/dags/example_distributed.py
[2026-07-04T04:15:53.330+0000] {processor.py:925} INFO - DAG(s) 'example_distributed_celery' retrieved from /opt/airflow/dags/example_distributed.py
[2026-07-04T04:15:53.469+0000] {logging_mixin.py:190} INFO - [2026-07-04T04:15:53.468+0000] {dag.py:3239} INFO - Sync 1 DAGs
[2026-07-04T04:15:53.523+0000] {logging_mixin.py:190} INFO - [2026-07-04T04:15:53.522+0000] {dag.py:4180} INFO - Setting next_dagrun for example_distributed_celery to None, run_after=None
[2026-07-04T04:15:53.689+0000] {processor.py:208} INFO - Processing /opt/airflow/dags/example_distributed.py took 0.494 seconds
[2026-07-04T04:16:23.998+0000] {processor.py:186} INFO - Started process (PID=1015) to work on /opt/airflow/dags/example_distributed.py
[2026-07-04T04:16:24.000+0000] {processor.py:914} INFO - Processing file /opt/airflow/dags/example_distributed.py for tasks to queue
[2026-07-04T04:16:24.005+0000] {logging_mixin.py:190} INFO - [2026-07-04T04:16:24.004+0000] {dagbag.py:588} INFO - Filling up the DagBag from /opt/airflow/dags/example_distributed.py
[2026-07-04T04:16:24.036+0000] {processor.py:925} INFO - DAG(s) 'example_distributed_celery' retrieved from /opt/airflow/dags/example_distributed.py
[2026-07-04T04:16:24.123+0000] {logging_mixin.py:190} INFO - [2026-07-04T04:16:24.122+0000] {dag.py:3239} INFO - Sync 1 DAGs
[2026-07-04T04:16:24.160+0000] {logging_mixin.py:190} INFO - [2026-07-04T04:16:24.160+0000] {dag.py:4180} INFO - Setting next_dagrun for example_distributed_celery to None, run_after=None
[2026-07-04T04:16:24.213+0000] {processor.py:208} INFO - Processing /opt/airflow/dags/example_distributed.py took 0.236 seconds
[2026-07-04T04:16:54.891+0000] {processor.py:186} INFO - Started process (PID=1025) to work on /opt/airflow/dags/example_distributed.py
[2026-07-04T04:16:54.919+0000] {processor.py:914} INFO - Processing file /opt/airflow/dags/example_distributed.py for tasks to queue
[2026-07-04T04:16:54.926+0000] {logging_mixin.py:190} INFO - [2026-07-04T04:16:54.924+0000] {dagbag.py:588} INFO - Filling up the DagBag from /opt/airflow/dags/example_distributed.py
[2026-07-04T04:16:54.948+0000] {processor.py:925} INFO - DAG(s) 'example_distributed_celery' retrieved from /opt/airflow/dags/example_distributed.py
[2026-07-04T04:16:55.036+0000] {logging_mixin.py:190} INFO - [2026-07-04T04:16:55.036+0000] {dag.py:3239} INFO - Sync 1 DAGs
[2026-07-04T04:16:55.082+0000] {logging_mixin.py:190} INFO - [2026-07-04T04:16:55.081+0000] {dag.py:4180} INFO - Setting next_dagrun for example_distributed_celery to None, run_after=None
[2026-07-04T04:16:55.144+0000] {processor.py:208} INFO - Processing /opt/airflow/dags/example_distributed.py took 0.277 seconds
[2026-07-04T04:17:25.759+0000] {processor.py:186} INFO - Started process (PID=1034) to work on /opt/airflow/dags/example_distributed.py
[2026-07-04T04:17:25.763+0000] {processor.py:914} INFO - Processing file /opt/airflow/dags/example_distributed.py for tasks to queue
[2026-07-04T04:17:25.777+0000] {logging_mixin.py:190} INFO - [2026-07-04T04:17:25.776+0000] {dagbag.py:588} INFO - Filling up the DagBag from /opt/airflow/dags/example_distributed.py
[2026-07-04T04:17:25.802+0000] {processor.py:925} INFO - DAG(s) 'example_distributed_celery' retrieved from /opt/airflow/dags/example_distributed.py
[2026-07-04T04:17:25.914+0000] {logging_mixin.py:190} INFO - [2026-07-04T04:17:25.913+0000] {dag.py:3239} INFO - Sync 1 DAGs
[2026-07-04T04:17:25.954+0000] {logging_mixin.py:190} INFO - [2026-07-04T04:17:25.954+0000] {dag.py:4180} INFO - Setting next_dagrun for example_distributed_celery to None, run_after=None
[2026-07-04T04:17:26.062+0000] {processor.py:208} INFO - Processing /opt/airflow/dags/example_distributed.py took 0.316 seconds
[2026-07-04T04:17:56.216+0000] {processor.py:186} INFO - Started process (PID=1038) to work on /opt/airflow/dags/example_distributed.py
[2026-07-04T04:17:56.219+0000] {processor.py:914} INFO - Processing file /opt/airflow/dags/example_distributed.py for tasks to queue
[2026-07-04T04:17:56.223+0000] {logging_mixin.py:190} INFO - [2026-07-04T04:17:56.222+0000] {dagbag.py:588} INFO - Filling up the DagBag from /opt/airflow/dags/example_distributed.py
[2026-07-04T04:17:56.238+0000] {processor.py:925} INFO - DAG(s) 'example_distributed_celery' retrieved from /opt/airflow/dags/example_distributed.py
[2026-07-04T04:17:56.287+0000] {logging_mixin.py:190} INFO - [2026-07-04T04:17:56.287+0000] {dag.py:3239} INFO - Sync 1 DAGs
[2026-07-04T04:17:56.321+0000] {logging_mixin.py:190} INFO - [2026-07-04T04:17:56.321+0000] {dag.py:4180} INFO - Setting next_dagrun for example_distributed_celery to None, run_after=None
[2026-07-04T04:17:56.361+0000] {processor.py:208} INFO - Processing /opt/airflow/dags/example_distributed.py took 0.154 seconds
[2026-07-04T04:18:27.101+0000] {processor.py:186} INFO - Started process (PID=1048) to work on /opt/airflow/dags/example_distributed.py
[2026-07-04T04:18:27.102+0000] {processor.py:914} INFO - Processing file /opt/airflow/dags/example_distributed.py for tasks to queue
[2026-07-04T04:18:27.106+0000] {logging_mixin.py:190} INFO - [2026-07-04T04:18:27.106+0000] {dagbag.py:588} INFO - Filling up the DagBag from /opt/airflow/dags/example_distributed.py
[2026-07-04T04:18:27.124+0000] {processor.py:925} INFO - DAG(s) 'example_distributed_celery' retrieved from /opt/airflow/dags/example_distributed.py
[2026-07-04T04:18:27.178+0000] {logging_mixin.py:190} INFO - [2026-07-04T04:18:27.178+0000] {dag.py:3239} INFO - Sync 1 DAGs
[2026-07-04T04:18:27.198+0000] {logging_mixin.py:190} INFO - [2026-07-04T04:18:27.197+0000] {dag.py:4180} INFO - Setting next_dagrun for example_distributed_celery to None, run_after=None
[2026-07-04T04:18:27.235+0000] {processor.py:208} INFO - Processing /opt/airflow/dags/example_distributed.py took 0.143 seconds
[2026-07-04T04:18:57.608+0000] {processor.py:186} INFO - Started process (PID=1058) to work on /opt/airflow/dags/example_distributed.py
[2026-07-04T04:18:57.609+0000] {processor.py:914} INFO - Processing file /opt/airflow/dags/example_distributed.py for tasks to queue
[2026-07-04T04:18:57.613+0000] {logging_mixin.py:190} INFO - [2026-07-04T04:18:57.612+0000] {dagbag.py:588} INFO - Filling up the DagBag from /opt/airflow/dags/example_distributed.py
[2026-07-04T04:18:57.639+0000] {processor.py:925} INFO - DAG(s) 'example_distributed_celery' retrieved from /opt/airflow/dags/example_distributed.py
[2026-07-04T04:18:57.761+0000] {logging_mixin.py:190} INFO - [2026-07-04T04:18:57.760+0000] {dag.py:3239} INFO - Sync 1 DAGs
[2026-07-04T04:18:57.806+0000] {logging_mixin.py:190} INFO - [2026-07-04T04:18:57.805+0000] {dag.py:4180} INFO - Setting next_dagrun for example_distributed_celery to None, run_after=None
[2026-07-04T04:18:57.884+0000] {processor.py:208} INFO - Processing /opt/airflow/dags/example_distributed.py took 0.295 seconds
[2026-07-04T04:19:28.162+0000] {processor.py:186} INFO - Started process (PID=1069) to work on /opt/airflow/dags/example_distributed.py
[2026-07-04T04:19:28.164+0000] {processor.py:914} INFO - Processing file /opt/airflow/dags/example_distributed.py for tasks to queue
[2026-07-04T04:19:28.169+0000] {logging_mixin.py:190} INFO - [2026-07-04T04:19:28.168+0000] {dagbag.py:588} INFO - Filling up the DagBag from /opt/airflow/dags/example_distributed.py
[2026-07-04T04:19:28.191+0000] {processor.py:925} INFO - DAG(s) 'example_distributed_celery' retrieved from /opt/airflow/dags/example_distributed.py
[2026-07-04T04:19:28.259+0000] {logging_mixin.py:190} INFO - [2026-07-04T04:19:28.258+0000] {dag.py:3239} INFO - Sync 1 DAGs
[2026-07-04T04:19:28.285+0000] {logging_mixin.py:190} INFO - [2026-07-04T04:19:28.284+0000] {dag.py:4180} INFO - Setting next_dagrun for example_distributed_celery to None, run_after=None
[2026-07-04T04:19:28.314+0000] {processor.py:208} INFO - Processing /opt/airflow/dags/example_distributed.py took 0.174 seconds
[2026-07-04T04:19:58.483+0000] {processor.py:186} INFO - Started process (PID=1079) to work on /opt/airflow/dags/example_distributed.py
[2026-07-04T04:19:58.487+0000] {processor.py:914} INFO - Processing file /opt/airflow/dags/example_distributed.py for tasks to queue
[2026-07-04T04:19:58.491+0000] {logging_mixin.py:190} INFO - [2026-07-04T04:19:58.490+0000] {dagbag.py:588} INFO - Filling up the DagBag from /opt/airflow/dags/example_distributed.py
[2026-07-04T04:19:58.505+0000] {processor.py:925} INFO - DAG(s) 'example_distributed_celery' retrieved from /opt/airflow/dags/example_distributed.py
[2026-07-04T04:19:58.545+0000] {logging_mixin.py:190} INFO - [2026-07-04T04:19:58.545+0000] {dag.py:3239} INFO - Sync 1 DAGs
[2026-07-04T04:19:58.566+0000] {logging_mixin.py:190} INFO - [2026-07-04T04:19:58.566+0000] {dag.py:4180} INFO - Setting next_dagrun for example_distributed_celery to None, run_after=None
[2026-07-04T04:19:58.602+0000] {processor.py:208} INFO - Processing /opt/airflow/dags/example_distributed.py took 0.128 seconds
[2026-07-04T04:20:28.701+0000] {processor.py:186} INFO - Started process (PID=1089) to work on /opt/airflow/dags/example_distributed.py
[2026-07-04T04:20:28.704+0000] {processor.py:914} INFO - Processing file /opt/airflow/dags/example_distributed.py for tasks to queue
[2026-07-04T04:20:28.709+0000] {logging_mixin.py:190} INFO - [2026-07-04T04:20:28.707+0000] {dagbag.py:588} INFO - Filling up the DagBag from /opt/airflow/dags/example_distributed.py
[2026-07-04T04:20:28.727+0000] {processor.py:925} INFO - DAG(s) 'example_distributed_celery' retrieved from /opt/airflow/dags/example_distributed.py
[2026-07-04T04:20:28.791+0000] {logging_mixin.py:190} INFO - [2026-07-04T04:20:28.791+0000] {dag.py:3239} INFO - Sync 1 DAGs
[2026-07-04T04:20:28.827+0000] {logging_mixin.py:190} INFO - [2026-07-04T04:20:28.827+0000] {dag.py:4180} INFO - Setting next_dagrun for example_distributed_celery to None, run_after=None
[2026-07-04T04:20:28.869+0000] {processor.py:208} INFO - Processing /opt/airflow/dags/example_distributed.py took 0.180 seconds
[2026-07-04T04:20:59.119+0000] {processor.py:186} INFO - Started process (PID=1100) to work on /opt/airflow/dags/example_distributed.py
[2026-07-04T04:20:59.121+0000] {processor.py:914} INFO - Processing file /opt/airflow/dags/example_distributed.py for tasks to queue
[2026-07-04T04:20:59.124+0000] {logging_mixin.py:190} INFO - [2026-07-04T04:20:59.123+0000] {dagbag.py:588} INFO - Filling up the DagBag from /opt/airflow/dags/example_distributed.py
[2026-07-04T04:20:59.144+0000] {processor.py:925} INFO - DAG(s) 'example_distributed_celery' retrieved from /opt/airflow/dags/example_distributed.py
[2026-07-04T04:20:59.202+0000] {logging_mixin.py:190} INFO - [2026-07-04T04:20:59.202+0000] {dag.py:3239} INFO - Sync 1 DAGs
[2026-07-04T04:20:59.227+0000] {logging_mixin.py:190} INFO - [2026-07-04T04:20:59.227+0000] {dag.py:4180} INFO - Setting next_dagrun for example_distributed_celery to None, run_after=None
[2026-07-04T04:20:59.275+0000] {processor.py:208} INFO - Processing /opt/airflow/dags/example_distributed.py took 0.174 seconds
[2026-07-04T04:21:30.086+0000] {processor.py:186} INFO - Started process (PID=1110) to work on /opt/airflow/dags/example_distributed.py
[2026-07-04T04:21:30.089+0000] {processor.py:914} INFO - Processing file /opt/airflow/dags/example_distributed.py for tasks to queue
[2026-07-04T04:21:30.099+0000] {logging_mixin.py:190} INFO - [2026-07-04T04:21:30.099+0000] {dagbag.py:588} INFO - Filling up the DagBag from /opt/airflow/dags/example_distributed.py
[2026-07-04T04:21:30.118+0000] {processor.py:925} INFO - DAG(s) 'example_distributed_celery' retrieved from /opt/airflow/dags/example_distributed.py
[2026-07-04T04:21:30.185+0000] {logging_mixin.py:190} INFO - [2026-07-04T04:21:30.184+0000] {dag.py:3239} INFO - Sync 1 DAGs
[2026-07-04T04:21:30.206+0000] {logging_mixin.py:190} INFO - [2026-07-04T04:21:30.206+0000] {dag.py:4180} INFO - Setting next_dagrun for example_distributed_celery to None, run_after=None
[2026-07-04T04:21:30.241+0000] {processor.py:208} INFO - Processing /opt/airflow/dags/example_distributed.py took 0.173 seconds
[2026-07-04T04:22:00.413+0000] {processor.py:186} INFO - Started process (PID=1120) to work on /opt/airflow/dags/example_distributed.py
[2026-07-04T04:22:00.416+0000] {processor.py:914} INFO - Processing file /opt/airflow/dags/example_distributed.py for tasks to queue
[2026-07-04T04:22:00.426+0000] {logging_mixin.py:190} INFO - [2026-07-04T04:22:00.425+0000] {dagbag.py:588} INFO - Filling up the DagBag from /opt/airflow/dags/example_distributed.py
[2026-07-04T04:22:00.458+0000] {processor.py:925} INFO - DAG(s) 'example_distributed_celery' retrieved from /opt/airflow/dags/example_distributed.py
[2026-07-04T04:22:00.534+0000] {logging_mixin.py:190} INFO - [2026-07-04T04:22:00.534+0000] {dag.py:3239} INFO - Sync 1 DAGs
[2026-07-04T04:22:00.586+0000] {logging_mixin.py:190} INFO - [2026-07-04T04:22:00.585+0000] {dag.py:4180} INFO - Setting next_dagrun for example_distributed_celery to None, run_after=None
[2026-07-04T04:22:00.635+0000] {processor.py:208} INFO - Processing /opt/airflow/dags/example_distributed.py took 0.256 seconds
[2026-07-04T04:22:31.329+0000] {processor.py:186} INFO - Started process (PID=1124) to work on /opt/airflow/dags/example_distributed.py
[2026-07-04T04:22:31.331+0000] {processor.py:914} INFO - Processing file /opt/airflow/dags/example_distributed.py for tasks to queue
[2026-07-04T04:22:31.338+0000] {logging_mixin.py:190} INFO - [2026-07-04T04:22:31.337+0000] {dagbag.py:588} INFO - Filling up the DagBag from /opt/airflow/dags/example_distributed.py
[2026-07-04T04:22:31.392+0000] {processor.py:925} INFO - DAG(s) 'example_distributed_celery' retrieved from /opt/airflow/dags/example_distributed.py
[2026-07-04T04:22:31.762+0000] {logging_mixin.py:190} INFO - [2026-07-04T04:22:31.762+0000] {dag.py:3239} INFO - Sync 1 DAGs
[2026-07-04T04:22:31.807+0000] {logging_mixin.py:190} INFO - [2026-07-04T04:22:31.806+0000] {dag.py:4180} INFO - Setting next_dagrun for example_distributed_celery to None, run_after=None
[2026-07-04T04:22:32.747+0000] {processor.py:208} INFO - Processing /opt/airflow/dags/example_distributed.py took 1.432 seconds
[2026-07-04T04:23:03.048+0000] {processor.py:186} INFO - Started process (PID=1134) to work on /opt/airflow/dags/example_distributed.py
[2026-07-04T04:23:03.053+0000] {processor.py:914} INFO - Processing file /opt/airflow/dags/example_distributed.py for tasks to queue
[2026-07-04T04:23:03.059+0000] {logging_mixin.py:190} INFO - [2026-07-04T04:23:03.058+0000] {dagbag.py:588} INFO - Filling up the DagBag from /opt/airflow/dags/example_distributed.py
[2026-07-04T04:23:03.090+0000] {processor.py:925} INFO - DAG(s) 'example_distributed_celery' retrieved from /opt/airflow/dags/example_distributed.py
[2026-07-04T04:23:03.222+0000] {logging_mixin.py:190} INFO - [2026-07-04T04:23:03.222+0000] {dag.py:3239} INFO - Sync 1 DAGs
[2026-07-04T04:23:03.266+0000] {logging_mixin.py:190} INFO - [2026-07-04T04:23:03.266+0000] {dag.py:4180} INFO - Setting next_dagrun for example_distributed_celery to None, run_after=None
[2026-07-04T04:23:03.334+0000] {processor.py:208} INFO - Processing /opt/airflow/dags/example_distributed.py took 0.306 seconds
[2026-07-04T04:23:33.700+0000] {processor.py:186} INFO - Started process (PID=1144) to work on /opt/airflow/dags/example_distributed.py
[2026-07-04T04:23:33.706+0000] {processor.py:914} INFO - Processing file /opt/airflow/dags/example_distributed.py for tasks to queue
[2026-07-04T04:23:33.712+0000] {logging_mixin.py:190} INFO - [2026-07-04T04:23:33.711+0000] {dagbag.py:588} INFO - Filling up the DagBag from /opt/airflow/dags/example_distributed.py
[2026-07-04T04:23:33.748+0000] {processor.py:925} INFO - DAG(s) 'example_distributed_celery' retrieved from /opt/airflow/dags/example_distributed.py
[2026-07-04T04:23:33.852+0000] {logging_mixin.py:190} INFO - [2026-07-04T04:23:33.852+0000] {dag.py:3239} INFO - Sync 1 DAGs
[2026-07-04T04:23:33.917+0000] {logging_mixin.py:190} INFO - [2026-07-04T04:23:33.917+0000] {dag.py:4180} INFO - Setting next_dagrun for example_distributed_celery to None, run_after=None
[2026-07-04T04:23:33.968+0000] {processor.py:208} INFO - Processing /opt/airflow/dags/example_distributed.py took 0.301 seconds
[2026-07-04T04:24:04.352+0000] {processor.py:186} INFO - Started process (PID=1155) to work on /opt/airflow/dags/example_distributed.py
[2026-07-04T04:24:04.363+0000] {processor.py:914} INFO - Processing file /opt/airflow/dags/example_distributed.py for tasks to queue
[2026-07-04T04:24:04.371+0000] {logging_mixin.py:190} INFO - [2026-07-04T04:24:04.370+0000] {dagbag.py:588} INFO - Filling up the DagBag from /opt/airflow/dags/example_distributed.py
[2026-07-04T04:24:04.400+0000] {processor.py:925} INFO - DAG(s) 'example_distributed_celery' retrieved from /opt/airflow/dags/example_distributed.py
[2026-07-04T04:24:04.478+0000] {logging_mixin.py:190} INFO - [2026-07-04T04:24:04.478+0000] {dag.py:3239} INFO - Sync 1 DAGs
[2026-07-04T04:24:04.533+0000] {logging_mixin.py:190} INFO - [2026-07-04T04:24:04.532+0000] {dag.py:4180} INFO - Setting next_dagrun for example_distributed_celery to None, run_after=None
[2026-07-04T04:24:04.609+0000] {processor.py:208} INFO - Processing /opt/airflow/dags/example_distributed.py took 0.283 seconds
[2026-07-04T04:24:35.119+0000] {processor.py:186} INFO - Started process (PID=1164) to work on /opt/airflow/dags/example_distributed.py
[2026-07-04T04:24:35.132+0000] {processor.py:914} INFO - Processing file /opt/airflow/dags/example_distributed.py for tasks to queue
[2026-07-04T04:24:35.138+0000] {logging_mixin.py:190} INFO - [2026-07-04T04:24:35.138+0000] {dagbag.py:588} INFO - Filling up the DagBag from /opt/airflow/dags/example_distributed.py
[2026-07-04T04:24:35.165+0000] {processor.py:925} INFO - DAG(s) 'example_distributed_celery' retrieved from /opt/airflow/dags/example_distributed.py
[2026-07-04T04:24:35.287+0000] {logging_mixin.py:190} INFO - [2026-07-04T04:24:35.287+0000] {dag.py:3239} INFO - Sync 1 DAGs
[2026-07-04T04:24:35.368+0000] {logging_mixin.py:190} INFO - [2026-07-04T04:24:35.368+0000] {dag.py:4180} INFO - Setting next_dagrun for example_distributed_celery to None, run_after=None
[2026-07-04T04:24:35.434+0000] {processor.py:208} INFO - Processing /opt/airflow/dags/example_distributed.py took 0.329 seconds
[2026-07-04T04:25:06.009+0000] {processor.py:186} INFO - Started process (PID=1168) to work on /opt/airflow/dags/example_distributed.py
[2026-07-04T04:25:06.014+0000] {processor.py:914} INFO - Processing file /opt/airflow/dags/example_distributed.py for tasks to queue
[2026-07-04T04:25:06.020+0000] {logging_mixin.py:190} INFO - [2026-07-04T04:25:06.019+0000] {dagbag.py:588} INFO - Filling up the DagBag from /opt/airflow/dags/example_distributed.py
[2026-07-04T04:25:06.082+0000] {processor.py:925} INFO - DAG(s) 'example_distributed_celery' retrieved from /opt/airflow/dags/example_distributed.py
[2026-07-04T04:25:06.176+0000] {logging_mixin.py:190} INFO - [2026-07-04T04:25:06.175+0000] {dag.py:3239} INFO - Sync 1 DAGs
[2026-07-04T04:25:06.220+0000] {logging_mixin.py:190} INFO - [2026-07-04T04:25:06.219+0000] {dag.py:4180} INFO - Setting next_dagrun for example_distributed_celery to None, run_after=None
[2026-07-04T04:25:06.298+0000] {processor.py:208} INFO - Processing /opt/airflow/dags/example_distributed.py took 0.316 seconds
[2026-07-04T04:25:36.535+0000] {processor.py:186} INFO - Started process (PID=1178) to work on /opt/airflow/dags/example_distributed.py
[2026-07-04T04:25:36.537+0000] {processor.py:914} INFO - Processing file /opt/airflow/dags/example_distributed.py for tasks to queue
[2026-07-04T04:25:36.545+0000] {logging_mixin.py:190} INFO - [2026-07-04T04:25:36.544+0000] {dagbag.py:588} INFO - Filling up the DagBag from /opt/airflow/dags/example_distributed.py
[2026-07-04T04:25:36.575+0000] {processor.py:925} INFO - DAG(s) 'example_distributed_celery' retrieved from /opt/airflow/dags/example_distributed.py
[2026-07-04T04:25:36.732+0000] {logging_mixin.py:190} INFO - [2026-07-04T04:25:36.731+0000] {dag.py:3239} INFO - Sync 1 DAGs
[2026-07-04T04:25:36.794+0000] {logging_mixin.py:190} INFO - [2026-07-04T04:25:36.792+0000] {dag.py:4180} INFO - Setting next_dagrun for example_distributed_celery to None, run_after=None
[2026-07-04T04:25:36.938+0000] {processor.py:208} INFO - Processing /opt/airflow/dags/example_distributed.py took 0.430 seconds
[2026-07-04T04:26:07.619+0000] {processor.py:186} INFO - Started process (PID=1188) to work on /opt/airflow/dags/example_distributed.py
[2026-07-04T04:26:07.730+0000] {processor.py:914} INFO - Processing file /opt/airflow/dags/example_distributed.py for tasks to queue
[2026-07-04T04:26:07.750+0000] {logging_mixin.py:190} INFO - [2026-07-04T04:26:07.738+0000] {dagbag.py:588} INFO - Filling up the DagBag from /opt/airflow/dags/example_distributed.py
[2026-07-04T04:26:07.838+0000] {processor.py:925} INFO - DAG(s) 'example_distributed_celery' retrieved from /opt/airflow/dags/example_distributed.py
[2026-07-04T04:26:08.146+0000] {logging_mixin.py:190} INFO - [2026-07-04T04:26:08.144+0000] {dag.py:3239} INFO - Sync 1 DAGs
[2026-07-04T04:26:08.202+0000] {logging_mixin.py:190} INFO - [2026-07-04T04:26:08.201+0000] {dag.py:4180} INFO - Setting next_dagrun for example_distributed_celery to None, run_after=None
[2026-07-04T04:26:08.278+0000] {processor.py:208} INFO - Processing /opt/airflow/dags/example_distributed.py took 0.691 seconds
[2026-07-04T04:26:38.365+0000] {processor.py:186} INFO - Started process (PID=1198) to work on /opt/airflow/dags/example_distributed.py
[2026-07-04T04:26:38.367+0000] {processor.py:914} INFO - Processing file /opt/airflow/dags/example_distributed.py for tasks to queue
[2026-07-04T04:26:38.374+0000] {logging_mixin.py:190} INFO - [2026-07-04T04:26:38.373+0000] {dagbag.py:588} INFO - Filling up the DagBag from /opt/airflow/dags/example_distributed.py
[2026-07-04T04:26:38.422+0000] {processor.py:925} INFO - DAG(s) 'example_distributed_celery' retrieved from /opt/airflow/dags/example_distributed.py
[2026-07-04T04:26:38.517+0000] {logging_mixin.py:190} INFO - [2026-07-04T04:26:38.516+0000] {dag.py:3239} INFO - Sync 1 DAGs
[2026-07-04T04:26:38.574+0000] {logging_mixin.py:190} INFO - [2026-07-04T04:26:38.573+0000] {dag.py:4180} INFO - Setting next_dagrun for example_distributed_celery to None, run_after=None
[2026-07-04T04:26:38.640+0000] {processor.py:208} INFO - Processing /opt/airflow/dags/example_distributed.py took 0.299 seconds
[2026-07-04T04:27:09.197+0000] {processor.py:186} INFO - Started process (PID=1206) to work on /opt/airflow/dags/example_distributed.py
[2026-07-04T04:27:09.204+0000] {processor.py:914} INFO - Processing file /opt/airflow/dags/example_distributed.py for tasks to queue
[2026-07-04T04:27:09.211+0000] {logging_mixin.py:190} INFO - [2026-07-04T04:27:09.210+0000] {dagbag.py:588} INFO - Filling up the DagBag from /opt/airflow/dags/example_distributed.py
[2026-07-04T04:27:09.265+0000] {processor.py:925} INFO - DAG(s) 'example_distributed_celery' retrieved from /opt/airflow/dags/example_distributed.py
[2026-07-04T04:27:09.393+0000] {logging_mixin.py:190} INFO - [2026-07-04T04:27:09.392+0000] {dag.py:3239} INFO - Sync 1 DAGs
[2026-07-04T04:27:09.464+0000] {logging_mixin.py:190} INFO - [2026-07-04T04:27:09.464+0000] {dag.py:4180} INFO - Setting next_dagrun for example_distributed_celery to None, run_after=None
[2026-07-04T04:27:09.543+0000] {processor.py:208} INFO - Processing /opt/airflow/dags/example_distributed.py took 0.385 seconds
[2026-07-04T04:27:40.413+0000] {processor.py:186} INFO - Started process (PID=1210) to work on /opt/airflow/dags/example_distributed.py
[2026-07-04T04:27:40.416+0000] {processor.py:914} INFO - Processing file /opt/airflow/dags/example_distributed.py for tasks to queue
[2026-07-04T04:27:40.422+0000] {logging_mixin.py:190} INFO - [2026-07-04T04:27:40.421+0000] {dagbag.py:588} INFO - Filling up the DagBag from /opt/airflow/dags/example_distributed.py
[2026-07-04T04:27:40.462+0000] {processor.py:925} INFO - DAG(s) 'example_distributed_celery' retrieved from /opt/airflow/dags/example_distributed.py
[2026-07-04T04:27:40.545+0000] {logging_mixin.py:190} INFO - [2026-07-04T04:27:40.544+0000] {dag.py:3239} INFO - Sync 1 DAGs
[2026-07-04T04:27:40.590+0000] {logging_mixin.py:190} INFO - [2026-07-04T04:27:40.589+0000] {dag.py:4180} INFO - Setting next_dagrun for example_distributed_celery to None, run_after=None
[2026-07-04T04:27:40.675+0000] {processor.py:208} INFO - Processing /opt/airflow/dags/example_distributed.py took 0.288 seconds
[2026-07-04T04:28:11.825+0000] {processor.py:186} INFO - Started process (PID=1220) to work on /opt/airflow/dags/example_distributed.py
[2026-07-04T04:28:11.828+0000] {processor.py:914} INFO - Processing file /opt/airflow/dags/example_distributed.py for tasks to queue
[2026-07-04T04:28:11.835+0000] {logging_mixin.py:190} INFO - [2026-07-04T04:28:11.834+0000] {dagbag.py:588} INFO - Filling up the DagBag from /opt/airflow/dags/example_distributed.py
[2026-07-04T04:28:11.855+0000] {processor.py:925} INFO - DAG(s) 'example_distributed_celery' retrieved from /opt/airflow/dags/example_distributed.py
[2026-07-04T04:28:12.105+0000] {logging_mixin.py:190} INFO - [2026-07-04T04:28:12.104+0000] {dag.py:3239} INFO - Sync 1 DAGs
[2026-07-04T04:28:12.175+0000] {logging_mixin.py:190} INFO - [2026-07-04T04:28:12.175+0000] {dag.py:4180} INFO - Setting next_dagrun for example_distributed_celery to None, run_after=None
[2026-07-04T04:28:12.261+0000] {processor.py:208} INFO - Processing /opt/airflow/dags/example_distributed.py took 0.450 seconds
[2026-07-04T04:28:42.356+0000] {processor.py:186} INFO - Started process (PID=1231) to work on /opt/airflow/dags/example_distributed.py
[2026-07-04T04:28:42.360+0000] {processor.py:914} INFO - Processing file /opt/airflow/dags/example_distributed.py for tasks to queue
[2026-07-04T04:28:42.370+0000] {logging_mixin.py:190} INFO - [2026-07-04T04:28:42.368+0000] {dagbag.py:588} INFO - Filling up the DagBag from /opt/airflow/dags/example_distributed.py
[2026-07-04T04:28:42.398+0000] {processor.py:925} INFO - DAG(s) 'example_distributed_celery' retrieved from /opt/airflow/dags/example_distributed.py
[2026-07-04T04:28:42.477+0000] {logging_mixin.py:190} INFO - [2026-07-04T04:28:42.476+0000] {dag.py:3239} INFO - Sync 1 DAGs
[2026-07-04T04:28:42.534+0000] {logging_mixin.py:190} INFO - [2026-07-04T04:28:42.533+0000] {dag.py:4180} INFO - Setting next_dagrun for example_distributed_celery to None, run_after=None
[2026-07-04T04:28:42.612+0000] {processor.py:208} INFO - Processing /opt/airflow/dags/example_distributed.py took 0.280 seconds
[2026-07-04T04:29:12.809+0000] {processor.py:186} INFO - Started process (PID=1242) to work on /opt/airflow/dags/example_distributed.py
[2026-07-04T04:29:12.813+0000] {processor.py:914} INFO - Processing file /opt/airflow/dags/example_distributed.py for tasks to queue
[2026-07-04T04:29:12.821+0000] {logging_mixin.py:190} INFO - [2026-07-04T04:29:12.820+0000] {dagbag.py:588} INFO - Filling up the DagBag from /opt/airflow/dags/example_distributed.py
[2026-07-04T04:29:12.843+0000] {processor.py:925} INFO - DAG(s) 'example_distributed_celery' retrieved from /opt/airflow/dags/example_distributed.py
[2026-07-04T04:29:12.894+0000] {logging_mixin.py:190} INFO - [2026-07-04T04:29:12.893+0000] {dag.py:3239} INFO - Sync 1 DAGs
[2026-07-04T04:29:12.920+0000] {logging_mixin.py:190} INFO - [2026-07-04T04:29:12.919+0000] {dag.py:4180} INFO - Setting next_dagrun for example_distributed_celery to None, run_after=None
[2026-07-04T04:29:13.008+0000] {processor.py:208} INFO - Processing /opt/airflow/dags/example_distributed.py took 0.223 seconds
[2026-07-04T04:29:43.597+0000] {processor.py:186} INFO - Started process (PID=1252) to work on /opt/airflow/dags/example_distributed.py
[2026-07-04T04:29:43.600+0000] {processor.py:914} INFO - Processing file /opt/airflow/dags/example_distributed.py for tasks to queue
[2026-07-04T04:29:43.604+0000] {logging_mixin.py:190} INFO - [2026-07-04T04:29:43.603+0000] {dagbag.py:588} INFO - Filling up the DagBag from /opt/airflow/dags/example_distributed.py
[2026-07-04T04:29:43.626+0000] {processor.py:925} INFO - DAG(s) 'example_distributed_celery' retrieved from /opt/airflow/dags/example_distributed.py
[2026-07-04T04:29:43.725+0000] {logging_mixin.py:190} INFO - [2026-07-04T04:29:43.725+0000] {dag.py:3239} INFO - Sync 1 DAGs
[2026-07-04T04:29:43.774+0000] {logging_mixin.py:190} INFO - [2026-07-04T04:29:43.774+0000] {dag.py:4180} INFO - Setting next_dagrun for example_distributed_celery to None, run_after=None
[2026-07-04T04:29:43.844+0000] {processor.py:208} INFO - Processing /opt/airflow/dags/example_distributed.py took 0.269 seconds
[2026-07-04T04:30:15.111+0000] {processor.py:186} INFO - Started process (PID=1262) to work on /opt/airflow/dags/example_distributed.py
[2026-07-04T04:30:15.113+0000] {processor.py:914} INFO - Processing file /opt/airflow/dags/example_distributed.py for tasks to queue
[2026-07-04T04:30:15.119+0000] {logging_mixin.py:190} INFO - [2026-07-04T04:30:15.118+0000] {dagbag.py:588} INFO - Filling up the DagBag from /opt/airflow/dags/example_distributed.py
[2026-07-04T04:30:15.145+0000] {processor.py:925} INFO - DAG(s) 'example_distributed_celery' retrieved from /opt/airflow/dags/example_distributed.py
[2026-07-04T04:30:15.227+0000] {logging_mixin.py:190} INFO - [2026-07-04T04:30:15.227+0000] {dag.py:3239} INFO - Sync 1 DAGs
[2026-07-04T04:30:15.270+0000] {logging_mixin.py:190} INFO - [2026-07-04T04:30:15.269+0000] {dag.py:4180} INFO - Setting next_dagrun for example_distributed_celery to None, run_after=None
[2026-07-04T04:30:15.320+0000] {processor.py:208} INFO - Processing /opt/airflow/dags/example_distributed.py took 0.223 seconds
[2026-07-04T04:30:45.750+0000] {processor.py:186} INFO - Started process (PID=1265) to work on /opt/airflow/dags/example_distributed.py
[2026-07-04T04:30:45.752+0000] {processor.py:914} INFO - Processing file /opt/airflow/dags/example_distributed.py for tasks to queue
[2026-07-04T04:30:45.755+0000] {logging_mixin.py:190} INFO - [2026-07-04T04:30:45.755+0000] {dagbag.py:588} INFO - Filling up the DagBag from /opt/airflow/dags/example_distributed.py
[2026-07-04T04:30:45.771+0000] {processor.py:925} INFO - DAG(s) 'example_distributed_celery' retrieved from /opt/airflow/dags/example_distributed.py
[2026-07-04T04:30:45.838+0000] {logging_mixin.py:190} INFO - [2026-07-04T04:30:45.837+0000] {dag.py:3239} INFO - Sync 1 DAGs
[2026-07-04T04:30:45.867+0000] {logging_mixin.py:190} INFO - [2026-07-04T04:30:45.866+0000] {dag.py:4180} INFO - Setting next_dagrun for example_distributed_celery to None, run_after=None
[2026-07-04T04:30:45.968+0000] {processor.py:208} INFO - Processing /opt/airflow/dags/example_distributed.py took 0.226 seconds
[2026-07-04T04:31:16.358+0000] {processor.py:186} INFO - Started process (PID=1275) to work on /opt/airflow/dags/example_distributed.py
[2026-07-04T04:31:16.360+0000] {processor.py:914} INFO - Processing file /opt/airflow/dags/example_distributed.py for tasks to queue
[2026-07-04T04:31:16.364+0000] {logging_mixin.py:190} INFO - [2026-07-04T04:31:16.364+0000] {dagbag.py:588} INFO - Filling up the DagBag from /opt/airflow/dags/example_distributed.py
[2026-07-04T04:31:16.378+0000] {processor.py:925} INFO - DAG(s) 'example_distributed_celery' retrieved from /opt/airflow/dags/example_distributed.py
[2026-07-04T04:31:16.425+0000] {logging_mixin.py:190} INFO - [2026-07-04T04:31:16.425+0000] {dag.py:3239} INFO - Sync 1 DAGs
[2026-07-04T04:31:16.447+0000] {logging_mixin.py:190} INFO - [2026-07-04T04:31:16.447+0000] {dag.py:4180} INFO - Setting next_dagrun for example_distributed_celery to None, run_after=None
[2026-07-04T04:31:16.472+0000] {processor.py:208} INFO - Processing /opt/airflow/dags/example_distributed.py took 0.127 seconds
[2026-07-04T04:31:47.315+0000] {processor.py:186} INFO - Started process (PID=1285) to work on /opt/airflow/dags/example_distributed.py
[2026-07-04T04:31:47.322+0000] {processor.py:914} INFO - Processing file /opt/airflow/dags/example_distributed.py for tasks to queue
[2026-07-04T04:31:47.325+0000] {logging_mixin.py:190} INFO - [2026-07-04T04:31:47.324+0000] {dagbag.py:588} INFO - Filling up the DagBag from /opt/airflow/dags/example_distributed.py
[2026-07-04T04:31:47.397+0000] {processor.py:925} INFO - DAG(s) 'example_distributed_celery' retrieved from /opt/airflow/dags/example_distributed.py
[2026-07-04T04:31:47.566+0000] {logging_mixin.py:190} INFO - [2026-07-04T04:31:47.566+0000] {dag.py:3239} INFO - Sync 1 DAGs
[2026-07-04T04:31:47.618+0000] {logging_mixin.py:190} INFO - [2026-07-04T04:31:47.617+0000] {dag.py:4180} INFO - Setting next_dagrun for example_distributed_celery to None, run_after=None
[2026-07-04T04:31:47.662+0000] {processor.py:208} INFO - Processing /opt/airflow/dags/example_distributed.py took 0.367 seconds
[2026-07-04T04:32:17.802+0000] {processor.py:186} INFO - Started process (PID=1295) to work on /opt/airflow/dags/example_distributed.py
[2026-07-04T04:32:17.805+0000] {processor.py:914} INFO - Processing file /opt/airflow/dags/example_distributed.py for tasks to queue
[2026-07-04T04:32:17.811+0000] {logging_mixin.py:190} INFO - [2026-07-04T04:32:17.809+0000] {dagbag.py:588} INFO - Filling up the DagBag from /opt/airflow/dags/example_distributed.py
[2026-07-04T04:32:17.856+0000] {processor.py:925} INFO - DAG(s) 'example_distributed_celery' retrieved from /opt/airflow/dags/example_distributed.py
[2026-07-04T04:32:17.939+0000] {logging_mixin.py:190} INFO - [2026-07-04T04:32:17.939+0000] {dag.py:3239} INFO - Sync 1 DAGs
[2026-07-04T04:32:17.983+0000] {logging_mixin.py:190} INFO - [2026-07-04T04:32:17.981+0000] {dag.py:4180} INFO - Setting next_dagrun for example_distributed_celery to None, run_after=None
[2026-07-04T04:32:18.037+0000] {processor.py:208} INFO - Processing /opt/airflow/dags/example_distributed.py took 0.260 seconds
[2026-07-04T04:32:48.658+0000] {processor.py:186} INFO - Started process (PID=1306) to work on /opt/airflow/dags/example_distributed.py
[2026-07-04T04:32:48.661+0000] {processor.py:914} INFO - Processing file /opt/airflow/dags/example_distributed.py for tasks to queue
[2026-07-04T04:32:48.668+0000] {logging_mixin.py:190} INFO - [2026-07-04T04:32:48.667+0000] {dagbag.py:588} INFO - Filling up the DagBag from /opt/airflow/dags/example_distributed.py
[2026-07-04T04:32:48.703+0000] {processor.py:925} INFO - DAG(s) 'example_distributed_celery' retrieved from /opt/airflow/dags/example_distributed.py
[2026-07-04T04:32:48.776+0000] {logging_mixin.py:190} INFO - [2026-07-04T04:32:48.775+0000] {dag.py:3239} INFO - Sync 1 DAGs
[2026-07-04T04:32:48.821+0000] {logging_mixin.py:190} INFO - [2026-07-04T04:32:48.820+0000] {dag.py:4180} INFO - Setting next_dagrun for example_distributed_celery to None, run_after=None
[2026-07-04T04:32:48.902+0000] {processor.py:208} INFO - Processing /opt/airflow/dags/example_distributed.py took 0.263 seconds
[2026-07-04T04:33:19.093+0000] {processor.py:186} INFO - Started process (PID=1317) to work on /opt/airflow/dags/example_distributed.py
[2026-07-04T04:33:19.096+0000] {processor.py:914} INFO - Processing file /opt/airflow/dags/example_distributed.py for tasks to queue
[2026-07-04T04:33:19.102+0000] {logging_mixin.py:190} INFO - [2026-07-04T04:33:19.101+0000] {dagbag.py:588} INFO - Filling up the DagBag from /opt/airflow/dags/example_distributed.py
[2026-07-04T04:33:19.140+0000] {processor.py:925} INFO - DAG(s) 'example_distributed_celery' retrieved from /opt/airflow/dags/example_distributed.py
[2026-07-04T04:33:19.204+0000] {logging_mixin.py:190} INFO - [2026-07-04T04:33:19.204+0000] {dag.py:3239} INFO - Sync 1 DAGs
[2026-07-04T04:33:19.234+0000] {logging_mixin.py:190} INFO - [2026-07-04T04:33:19.233+0000] {dag.py:4180} INFO - Setting next_dagrun for example_distributed_celery to None, run_after=None
[2026-07-04T04:33:19.296+0000] {processor.py:208} INFO - Processing /opt/airflow/dags/example_distributed.py took 0.217 seconds
[2026-07-04T04:33:50.808+0000] {processor.py:186} INFO - Started process (PID=1327) to work on /opt/airflow/dags/example_distributed.py
[2026-07-04T04:33:50.838+0000] {processor.py:914} INFO - Processing file /opt/airflow/dags/example_distributed.py for tasks to queue
[2026-07-04T04:33:50.847+0000] {logging_mixin.py:190} INFO - [2026-07-04T04:33:50.846+0000] {dagbag.py:588} INFO - Filling up the DagBag from /opt/airflow/dags/example_distributed.py
[2026-07-04T04:33:50.885+0000] {processor.py:925} INFO - DAG(s) 'example_distributed_celery' retrieved from /opt/airflow/dags/example_distributed.py
[2026-07-04T04:33:50.953+0000] {logging_mixin.py:190} INFO - [2026-07-04T04:33:50.952+0000] {dag.py:3239} INFO - Sync 1 DAGs
[2026-07-04T04:33:51.003+0000] {logging_mixin.py:190} INFO - [2026-07-04T04:33:51.002+0000] {dag.py:4180} INFO - Setting next_dagrun for example_distributed_celery to None, run_after=None
[2026-07-04T04:33:51.065+0000] {processor.py:208} INFO - Processing /opt/airflow/dags/example_distributed.py took 0.280 seconds
[2026-07-04T04:34:21.463+0000] {processor.py:186} INFO - Started process (PID=1336) to work on /opt/airflow/dags/example_distributed.py
[2026-07-04T04:34:21.465+0000] {processor.py:914} INFO - Processing file /opt/airflow/dags/example_distributed.py for tasks to queue
[2026-07-04T04:34:21.482+0000] {logging_mixin.py:190} INFO - [2026-07-04T04:34:21.481+0000] {dagbag.py:588} INFO - Filling up the DagBag from /opt/airflow/dags/example_distributed.py
[2026-07-04T04:34:21.520+0000] {processor.py:925} INFO - DAG(s) 'example_distributed_celery' retrieved from /opt/airflow/dags/example_distributed.py
[2026-07-04T04:34:21.586+0000] {logging_mixin.py:190} INFO - [2026-07-04T04:34:21.585+0000] {dag.py:3239} INFO - Sync 1 DAGs
[2026-07-04T04:34:21.681+0000] {logging_mixin.py:190} INFO - [2026-07-04T04:34:21.673+0000] {dag.py:4180} INFO - Setting next_dagrun for example_distributed_celery to None, run_after=None
[2026-07-04T04:34:21.753+0000] {processor.py:208} INFO - Processing /opt/airflow/dags/example_distributed.py took 0.316 seconds
[2026-07-04T04:34:52.114+0000] {processor.py:186} INFO - Started process (PID=1340) to work on /opt/airflow/dags/example_distributed.py
[2026-07-04T04:34:52.163+0000] {processor.py:914} INFO - Processing file /opt/airflow/dags/example_distributed.py for tasks to queue
[2026-07-04T04:34:52.167+0000] {logging_mixin.py:190} INFO - [2026-07-04T04:34:52.167+0000] {dagbag.py:588} INFO - Filling up the DagBag from /opt/airflow/dags/example_distributed.py
[2026-07-04T04:34:52.218+0000] {processor.py:925} INFO - DAG(s) 'example_distributed_celery' retrieved from /opt/airflow/dags/example_distributed.py
[2026-07-04T04:34:52.352+0000] {logging_mixin.py:190} INFO - [2026-07-04T04:34:52.351+0000] {dag.py:3239} INFO - Sync 1 DAGs
[2026-07-04T04:34:52.396+0000] {logging_mixin.py:190} INFO - [2026-07-04T04:34:52.396+0000] {dag.py:4180} INFO - Setting next_dagrun for example_distributed_celery to None, run_after=None
[2026-07-04T04:34:52.444+0000] {processor.py:208} INFO - Processing /opt/airflow/dags/example_distributed.py took 0.348 seconds
[2026-07-04T04:35:22.707+0000] {processor.py:186} INFO - Started process (PID=1350) to work on /opt/airflow/dags/example_distributed.py
[2026-07-04T04:35:22.711+0000] {processor.py:914} INFO - Processing file /opt/airflow/dags/example_distributed.py for tasks to queue
[2026-07-04T04:35:22.718+0000] {logging_mixin.py:190} INFO - [2026-07-04T04:35:22.718+0000] {dagbag.py:588} INFO - Filling up the DagBag from /opt/airflow/dags/example_distributed.py
[2026-07-04T04:35:22.754+0000] {processor.py:925} INFO - DAG(s) 'example_distributed_celery' retrieved from /opt/airflow/dags/example_distributed.py
[2026-07-04T04:35:22.857+0000] {logging_mixin.py:190} INFO - [2026-07-04T04:35:22.856+0000] {dag.py:3239} INFO - Sync 1 DAGs
[2026-07-04T04:35:22.910+0000] {logging_mixin.py:190} INFO - [2026-07-04T04:35:22.910+0000] {dag.py:4180} INFO - Setting next_dagrun for example_distributed_celery to None, run_after=None
[2026-07-04T04:35:22.965+0000] {processor.py:208} INFO - Processing /opt/airflow/dags/example_distributed.py took 0.279 seconds
[2026-07-04T04:35:53.040+0000] {processor.py:186} INFO - Started process (PID=1360) to work on /opt/airflow/dags/example_distributed.py
[2026-07-04T04:35:53.068+0000] {processor.py:914} INFO - Processing file /opt/airflow/dags/example_distributed.py for tasks to queue
[2026-07-04T04:35:53.074+0000] {logging_mixin.py:190} INFO - [2026-07-04T04:35:53.073+0000] {dagbag.py:588} INFO - Filling up the DagBag from /opt/airflow/dags/example_distributed.py
[2026-07-04T04:35:53.101+0000] {processor.py:925} INFO - DAG(s) 'example_distributed_celery' retrieved from /opt/airflow/dags/example_distributed.py
[2026-07-04T04:35:53.183+0000] {logging_mixin.py:190} INFO - [2026-07-04T04:35:53.182+0000] {dag.py:3239} INFO - Sync 1 DAGs
[2026-07-04T04:35:53.230+0000] {logging_mixin.py:190} INFO - [2026-07-04T04:35:53.228+0000] {dag.py:4180} INFO - Setting next_dagrun for example_distributed_celery to None, run_after=None
[2026-07-04T04:35:53.284+0000] {processor.py:208} INFO - Processing /opt/airflow/dags/example_distributed.py took 0.259 seconds
[2026-07-04T04:36:23.537+0000] {processor.py:186} INFO - Started process (PID=1370) to work on /opt/airflow/dags/example_distributed.py
[2026-07-04T04:36:23.539+0000] {processor.py:914} INFO - Processing file /opt/airflow/dags/example_distributed.py for tasks to queue
[2026-07-04T04:36:23.542+0000] {logging_mixin.py:190} INFO - [2026-07-04T04:36:23.542+0000] {dagbag.py:588} INFO - Filling up the DagBag from /opt/airflow/dags/example_distributed.py
[2026-07-04T04:36:23.569+0000] {processor.py:925} INFO - DAG(s) 'example_distributed_celery' retrieved from /opt/airflow/dags/example_distributed.py
[2026-07-04T04:36:23.647+0000] {logging_mixin.py:190} INFO - [2026-07-04T04:36:23.647+0000] {dag.py:3239} INFO - Sync 1 DAGs
[2026-07-04T04:36:23.682+0000] {logging_mixin.py:190} INFO - [2026-07-04T04:36:23.681+0000] {dag.py:4180} INFO - Setting next_dagrun for example_distributed_celery to None, run_after=None
[2026-07-04T04:36:23.740+0000] {processor.py:208} INFO - Processing /opt/airflow/dags/example_distributed.py took 0.217 seconds
[2026-07-04T04:36:53.938+0000] {processor.py:186} INFO - Started process (PID=1380) to work on /opt/airflow/dags/example_distributed.py
[2026-07-04T04:36:53.941+0000] {processor.py:914} INFO - Processing file /opt/airflow/dags/example_distributed.py for tasks to queue
[2026-07-04T04:36:53.944+0000] {logging_mixin.py:190} INFO - [2026-07-04T04:36:53.944+0000] {dagbag.py:588} INFO - Filling up the DagBag from /opt/airflow/dags/example_distributed.py
[2026-07-04T04:36:53.975+0000] {processor.py:925} INFO - DAG(s) 'example_distributed_celery' retrieved from /opt/airflow/dags/example_distributed.py
[2026-07-04T04:36:54.047+0000] {logging_mixin.py:190} INFO - [2026-07-04T04:36:54.047+0000] {dag.py:3239} INFO - Sync 1 DAGs
[2026-07-04T04:36:54.092+0000] {logging_mixin.py:190} INFO - [2026-07-04T04:36:54.091+0000] {dag.py:4180} INFO - Setting next_dagrun for example_distributed_celery to None, run_after=None
[2026-07-04T04:36:54.135+0000] {processor.py:208} INFO - Processing /opt/airflow/dags/example_distributed.py took 0.211 seconds
[2026-07-04T04:37:24.319+0000] {processor.py:186} INFO - Started process (PID=1389) to work on /opt/airflow/dags/example_distributed.py
[2026-07-04T04:37:24.323+0000] {processor.py:914} INFO - Processing file /opt/airflow/dags/example_distributed.py for tasks to queue
[2026-07-04T04:37:24.329+0000] {logging_mixin.py:190} INFO - [2026-07-04T04:37:24.328+0000] {dagbag.py:588} INFO - Filling up the DagBag from /opt/airflow/dags/example_distributed.py
[2026-07-04T04:37:24.352+0000] {processor.py:925} INFO - DAG(s) 'example_distributed_celery' retrieved from /opt/airflow/dags/example_distributed.py
[2026-07-04T04:37:24.412+0000] {logging_mixin.py:190} INFO - [2026-07-04T04:37:24.411+0000] {dag.py:3239} INFO - Sync 1 DAGs
[2026-07-04T04:37:24.441+0000] {logging_mixin.py:190} INFO - [2026-07-04T04:37:24.440+0000] {dag.py:4180} INFO - Setting next_dagrun for example_distributed_celery to None, run_after=None
[2026-07-04T04:37:24.506+0000] {processor.py:208} INFO - Processing /opt/airflow/dags/example_distributed.py took 0.206 seconds
[2026-07-04T04:37:54.726+0000] {processor.py:186} INFO - Started process (PID=1393) to work on /opt/airflow/dags/example_distributed.py
[2026-07-04T04:37:54.763+0000] {processor.py:914} INFO - Processing file /opt/airflow/dags/example_distributed.py for tasks to queue
[2026-07-04T04:37:54.771+0000] {logging_mixin.py:190} INFO - [2026-07-04T04:37:54.770+0000] {dagbag.py:588} INFO - Filling up the DagBag from /opt/airflow/dags/example_distributed.py
[2026-07-04T04:37:54.790+0000] {processor.py:925} INFO - DAG(s) 'example_distributed_celery' retrieved from /opt/airflow/dags/example_distributed.py
[2026-07-04T04:37:54.872+0000] {logging_mixin.py:190} INFO - [2026-07-04T04:37:54.871+0000] {dag.py:3239} INFO - Sync 1 DAGs
[2026-07-04T04:37:54.902+0000] {logging_mixin.py:190} INFO - [2026-07-04T04:37:54.902+0000] {dag.py:4180} INFO - Setting next_dagrun for example_distributed_celery to None, run_after=None
[2026-07-04T04:37:54.952+0000] {processor.py:208} INFO - Processing /opt/airflow/dags/example_distributed.py took 0.236 seconds
[2026-07-04T04:38:25.294+0000] {processor.py:186} INFO - Started process (PID=1403) to work on /opt/airflow/dags/example_distributed.py
[2026-07-04T04:38:25.300+0000] {processor.py:914} INFO - Processing file /opt/airflow/dags/example_distributed.py for tasks to queue
[2026-07-04T04:38:25.308+0000] {logging_mixin.py:190} INFO - [2026-07-04T04:38:25.307+0000] {dagbag.py:588} INFO - Filling up the DagBag from /opt/airflow/dags/example_distributed.py
[2026-07-04T04:38:25.329+0000] {processor.py:925} INFO - DAG(s) 'example_distributed_celery' retrieved from /opt/airflow/dags/example_distributed.py
[2026-07-04T04:38:25.388+0000] {logging_mixin.py:190} INFO - [2026-07-04T04:38:25.387+0000] {dag.py:3239} INFO - Sync 1 DAGs
[2026-07-04T04:38:25.452+0000] {logging_mixin.py:190} INFO - [2026-07-04T04:38:25.452+0000] {dag.py:4180} INFO - Setting next_dagrun for example_distributed_celery to None, run_after=None
[2026-07-04T04:38:25.491+0000] {processor.py:208} INFO - Processing /opt/airflow/dags/example_distributed.py took 0.219 seconds
[2026-07-04T04:38:56.010+0000] {processor.py:186} INFO - Started process (PID=1413) to work on /opt/airflow/dags/example_distributed.py
[2026-07-04T04:38:56.013+0000] {processor.py:914} INFO - Processing file /opt/airflow/dags/example_distributed.py for tasks to queue
[2026-07-04T04:38:56.017+0000] {logging_mixin.py:190} INFO - [2026-07-04T04:38:56.017+0000] {dagbag.py:588} INFO - Filling up the DagBag from /opt/airflow/dags/example_distributed.py
[2026-07-04T04:38:56.038+0000] {processor.py:925} INFO - DAG(s) 'example_distributed_celery' retrieved from /opt/airflow/dags/example_distributed.py
[2026-07-04T04:38:56.117+0000] {logging_mixin.py:190} INFO - [2026-07-04T04:38:56.117+0000] {dag.py:3239} INFO - Sync 1 DAGs
[2026-07-04T04:38:56.144+0000] {logging_mixin.py:190} INFO - [2026-07-04T04:38:56.144+0000] {dag.py:4180} INFO - Setting next_dagrun for example_distributed_celery to None, run_after=None
[2026-07-04T04:38:56.191+0000] {processor.py:208} INFO - Processing /opt/airflow/dags/example_distributed.py took 0.196 seconds
[2026-07-04T04:39:26.355+0000] {processor.py:186} INFO - Started process (PID=1423) to work on /opt/airflow/dags/example_distributed.py
[2026-07-04T04:39:26.357+0000] {processor.py:914} INFO - Processing file /opt/airflow/dags/example_distributed.py for tasks to queue
[2026-07-04T04:39:26.361+0000] {logging_mixin.py:190} INFO - [2026-07-04T04:39:26.361+0000] {dagbag.py:588} INFO - Filling up the DagBag from /opt/airflow/dags/example_distributed.py
[2026-07-04T04:39:26.373+0000] {processor.py:925} INFO - DAG(s) 'example_distributed_celery' retrieved from /opt/airflow/dags/example_distributed.py
[2026-07-04T04:39:26.456+0000] {logging_mixin.py:190} INFO - [2026-07-04T04:39:26.456+0000] {dag.py:3239} INFO - Sync 1 DAGs
[2026-07-04T04:39:26.502+0000] {logging_mixin.py:190} INFO - [2026-07-04T04:39:26.502+0000] {dag.py:4180} INFO - Setting next_dagrun for example_distributed_celery to None, run_after=None
[2026-07-04T04:39:26.564+0000] {processor.py:208} INFO - Processing /opt/airflow/dags/example_distributed.py took 0.221 seconds
[2026-07-04T04:39:57.049+0000] {processor.py:186} INFO - Started process (PID=1434) to work on /opt/airflow/dags/example_distributed.py
[2026-07-04T04:39:57.053+0000] {processor.py:914} INFO - Processing file /opt/airflow/dags/example_distributed.py for tasks to queue
[2026-07-04T04:39:57.058+0000] {logging_mixin.py:190} INFO - [2026-07-04T04:39:57.057+0000] {dagbag.py:588} INFO - Filling up the DagBag from /opt/airflow/dags/example_distributed.py
[2026-07-04T04:39:57.077+0000] {processor.py:925} INFO - DAG(s) 'example_distributed_celery' retrieved from /opt/airflow/dags/example_distributed.py
[2026-07-04T04:39:57.176+0000] {logging_mixin.py:190} INFO - [2026-07-04T04:39:57.174+0000] {dag.py:3239} INFO - Sync 1 DAGs
[2026-07-04T04:39:57.224+0000] {logging_mixin.py:190} INFO - [2026-07-04T04:39:57.224+0000] {dag.py:4180} INFO - Setting next_dagrun for example_distributed_celery to None, run_after=None
[2026-07-04T04:39:57.301+0000] {processor.py:208} INFO - Processing /opt/airflow/dags/example_distributed.py took 0.277 seconds
[2026-07-04T04:40:27.849+0000] {processor.py:186} INFO - Started process (PID=1445) to work on /opt/airflow/dags/example_distributed.py
[2026-07-04T04:40:27.851+0000] {processor.py:914} INFO - Processing file /opt/airflow/dags/example_distributed.py for tasks to queue
[2026-07-04T04:40:27.855+0000] {logging_mixin.py:190} INFO - [2026-07-04T04:40:27.855+0000] {dagbag.py:588} INFO - Filling up the DagBag from /opt/airflow/dags/example_distributed.py
[2026-07-04T04:40:27.883+0000] {processor.py:925} INFO - DAG(s) 'example_distributed_celery' retrieved from /opt/airflow/dags/example_distributed.py
[2026-07-04T04:40:27.964+0000] {logging_mixin.py:190} INFO - [2026-07-04T04:40:27.963+0000] {dag.py:3239} INFO - Sync 1 DAGs
[2026-07-04T04:40:27.990+0000] {logging_mixin.py:190} INFO - [2026-07-04T04:40:27.990+0000] {dag.py:4180} INFO - Setting next_dagrun for example_distributed_celery to None, run_after=None
[2026-07-04T04:40:28.022+0000] {processor.py:208} INFO - Processing /opt/airflow/dags/example_distributed.py took 0.180 seconds
[2026-07-04T04:40:58.520+0000] {processor.py:186} INFO - Started process (PID=1454) to work on /opt/airflow/dags/example_distributed.py
[2026-07-04T04:40:58.530+0000] {processor.py:914} INFO - Processing file /opt/airflow/dags/example_distributed.py for tasks to queue
[2026-07-04T04:40:58.536+0000] {logging_mixin.py:190} INFO - [2026-07-04T04:40:58.535+0000] {dagbag.py:588} INFO - Filling up the DagBag from /opt/airflow/dags/example_distributed.py
[2026-07-04T04:40:58.552+0000] {processor.py:925} INFO - DAG(s) 'example_distributed_celery' retrieved from /opt/airflow/dags/example_distributed.py
[2026-07-04T04:40:58.646+0000] {logging_mixin.py:190} INFO - [2026-07-04T04:40:58.646+0000] {dag.py:3239} INFO - Sync 1 DAGs
[2026-07-04T04:40:58.676+0000] {logging_mixin.py:190} INFO - [2026-07-04T04:40:58.675+0000] {dag.py:4180} INFO - Setting next_dagrun for example_distributed_celery to None, run_after=None
[2026-07-04T04:40:58.750+0000] {processor.py:208} INFO - Processing /opt/airflow/dags/example_distributed.py took 0.237 seconds
[2026-07-04T04:41:29.315+0000] {processor.py:186} INFO - Started process (PID=1458) to work on /opt/airflow/dags/example_distributed.py
[2026-07-04T04:41:29.321+0000] {processor.py:914} INFO - Processing file /opt/airflow/dags/example_distributed.py for tasks to queue
[2026-07-04T04:41:29.336+0000] {logging_mixin.py:190} INFO - [2026-07-04T04:41:29.332+0000] {dagbag.py:588} INFO - Filling up the DagBag from /opt/airflow/dags/example_distributed.py
[2026-07-04T04:41:29.362+0000] {processor.py:925} INFO - DAG(s) 'example_distributed_celery' retrieved from /opt/airflow/dags/example_distributed.py
[2026-07-04T04:41:29.431+0000] {logging_mixin.py:190} INFO - [2026-07-04T04:41:29.430+0000] {dag.py:3239} INFO - Sync 1 DAGs
[2026-07-04T04:41:29.461+0000] {logging_mixin.py:190} INFO - [2026-07-04T04:41:29.461+0000] {dag.py:4180} INFO - Setting next_dagrun for example_distributed_celery to None, run_after=None
[2026-07-04T04:41:29.508+0000] {processor.py:208} INFO - Processing /opt/airflow/dags/example_distributed.py took 0.208 seconds
[2026-07-04T04:42:00.220+0000] {processor.py:186} INFO - Started process (PID=1468) to work on /opt/airflow/dags/example_distributed.py
[2026-07-04T04:42:00.250+0000] {processor.py:914} INFO - Processing file /opt/airflow/dags/example_distributed.py for tasks to queue
[2026-07-04T04:42:00.254+0000] {logging_mixin.py:190} INFO - [2026-07-04T04:42:00.254+0000] {dagbag.py:588} INFO - Filling up the DagBag from /opt/airflow/dags/example_distributed.py
[2026-07-04T04:42:00.271+0000] {processor.py:925} INFO - DAG(s) 'example_distributed_celery' retrieved from /opt/airflow/dags/example_distributed.py
[2026-07-04T04:42:00.323+0000] {logging_mixin.py:190} INFO - [2026-07-04T04:42:00.322+0000] {dag.py:3239} INFO - Sync 1 DAGs
[2026-07-04T04:42:00.353+0000] {logging_mixin.py:190} INFO - [2026-07-04T04:42:00.352+0000] {dag.py:4180} INFO - Setting next_dagrun for example_distributed_celery to None, run_after=None
[2026-07-04T04:42:00.389+0000] {processor.py:208} INFO - Processing /opt/airflow/dags/example_distributed.py took 0.180 seconds
[2026-07-04T04:42:31.452+0000] {processor.py:186} INFO - Started process (PID=1478) to work on /opt/airflow/dags/example_distributed.py
[2026-07-04T04:42:31.453+0000] {processor.py:914} INFO - Processing file /opt/airflow/dags/example_distributed.py for tasks to queue
[2026-07-04T04:42:31.457+0000] {logging_mixin.py:190} INFO - [2026-07-04T04:42:31.456+0000] {dagbag.py:588} INFO - Filling up the DagBag from /opt/airflow/dags/example_distributed.py
[2026-07-04T04:42:31.475+0000] {processor.py:925} INFO - DAG(s) 'example_distributed_celery' retrieved from /opt/airflow/dags/example_distributed.py
[2026-07-04T04:42:31.530+0000] {logging_mixin.py:190} INFO - [2026-07-04T04:42:31.529+0000] {dag.py:3239} INFO - Sync 1 DAGs
[2026-07-04T04:42:31.562+0000] {logging_mixin.py:190} INFO - [2026-07-04T04:42:31.562+0000] {dag.py:4180} INFO - Setting next_dagrun for example_distributed_celery to None, run_after=None
[2026-07-04T04:42:31.619+0000] {processor.py:208} INFO - Processing /opt/airflow/dags/example_distributed.py took 0.179 seconds
[2026-07-04T04:43:01.775+0000] {processor.py:186} INFO - Started process (PID=1488) to work on /opt/airflow/dags/example_distributed.py
[2026-07-04T04:43:01.779+0000] {processor.py:914} INFO - Processing file /opt/airflow/dags/example_distributed.py for tasks to queue
[2026-07-04T04:43:01.784+0000] {logging_mixin.py:190} INFO - [2026-07-04T04:43:01.784+0000] {dagbag.py:588} INFO - Filling up the DagBag from /opt/airflow/dags/example_distributed.py
[2026-07-04T04:43:01.804+0000] {processor.py:925} INFO - DAG(s) 'example_distributed_celery' retrieved from /opt/airflow/dags/example_distributed.py
[2026-07-04T04:43:01.876+0000] {logging_mixin.py:190} INFO - [2026-07-04T04:43:01.876+0000] {dag.py:3239} INFO - Sync 1 DAGs
[2026-07-04T04:43:01.923+0000] {logging_mixin.py:190} INFO - [2026-07-04T04:43:01.922+0000] {dag.py:4180} INFO - Setting next_dagrun for example_distributed_celery to None, run_after=None
[2026-07-04T04:43:01.969+0000] {processor.py:208} INFO - Processing /opt/airflow/dags/example_distributed.py took 0.205 seconds
[2026-07-04T04:43:32.188+0000] {processor.py:186} INFO - Started process (PID=1498) to work on /opt/airflow/dags/example_distributed.py
[2026-07-04T04:43:32.190+0000] {processor.py:914} INFO - Processing file /opt/airflow/dags/example_distributed.py for tasks to queue
[2026-07-04T04:43:32.196+0000] {logging_mixin.py:190} INFO - [2026-07-04T04:43:32.195+0000] {dagbag.py:588} INFO - Filling up the DagBag from /opt/airflow/dags/example_distributed.py
[2026-07-04T04:43:32.216+0000] {processor.py:925} INFO - DAG(s) 'example_distributed_celery' retrieved from /opt/airflow/dags/example_distributed.py
[2026-07-04T04:43:32.303+0000] {logging_mixin.py:190} INFO - [2026-07-04T04:43:32.303+0000] {dag.py:3239} INFO - Sync 1 DAGs
[2026-07-04T04:43:32.339+0000] {logging_mixin.py:190} INFO - [2026-07-04T04:43:32.338+0000] {dag.py:4180} INFO - Setting next_dagrun for example_distributed_celery to None, run_after=None
[2026-07-04T04:43:32.409+0000] {processor.py:208} INFO - Processing /opt/airflow/dags/example_distributed.py took 0.241 seconds
[2026-07-04T04:44:03.286+0000] {processor.py:186} INFO - Started process (PID=1508) to work on /opt/airflow/dags/example_distributed.py
[2026-07-04T04:44:03.343+0000] {processor.py:914} INFO - Processing file /opt/airflow/dags/example_distributed.py for tasks to queue
[2026-07-04T04:44:03.351+0000] {logging_mixin.py:190} INFO - [2026-07-04T04:44:03.350+0000] {dagbag.py:588} INFO - Filling up the DagBag from /opt/airflow/dags/example_distributed.py
[2026-07-04T04:44:03.372+0000] {processor.py:925} INFO - DAG(s) 'example_distributed_celery' retrieved from /opt/airflow/dags/example_distributed.py
[2026-07-04T04:44:03.452+0000] {logging_mixin.py:190} INFO - [2026-07-04T04:44:03.452+0000] {dag.py:3239} INFO - Sync 1 DAGs
[2026-07-04T04:44:03.486+0000] {logging_mixin.py:190} INFO - [2026-07-04T04:44:03.485+0000] {dag.py:4180} INFO - Setting next_dagrun for example_distributed_celery to None, run_after=None
[2026-07-04T04:44:03.534+0000] {processor.py:208} INFO - Processing /opt/airflow/dags/example_distributed.py took 0.260 seconds
[2026-07-04T04:44:33.708+0000] {processor.py:186} INFO - Started process (PID=1517) to work on /opt/airflow/dags/example_distributed.py
[2026-07-04T04:44:33.711+0000] {processor.py:914} INFO - Processing file /opt/airflow/dags/example_distributed.py for tasks to queue
[2026-07-04T04:44:33.718+0000] {logging_mixin.py:190} INFO - [2026-07-04T04:44:33.717+0000] {dagbag.py:588} INFO - Filling up the DagBag from /opt/airflow/dags/example_distributed.py
[2026-07-04T04:44:33.757+0000] {processor.py:925} INFO - DAG(s) 'example_distributed_celery' retrieved from /opt/airflow/dags/example_distributed.py
[2026-07-04T04:44:33.922+0000] {logging_mixin.py:190} INFO - [2026-07-04T04:44:33.921+0000] {dag.py:3239} INFO - Sync 1 DAGs
[2026-07-04T04:44:33.966+0000] {logging_mixin.py:190} INFO - [2026-07-04T04:44:33.965+0000] {dag.py:4180} INFO - Setting next_dagrun for example_distributed_celery to None, run_after=None
[2026-07-04T04:44:34.030+0000] {processor.py:208} INFO - Processing /opt/airflow/dags/example_distributed.py took 0.340 seconds
[2026-07-04T04:45:04.378+0000] {processor.py:186} INFO - Started process (PID=1521) to work on /opt/airflow/dags/example_distributed.py
[2026-07-04T04:45:04.380+0000] {processor.py:914} INFO - Processing file /opt/airflow/dags/example_distributed.py for tasks to queue
[2026-07-04T04:45:04.388+0000] {logging_mixin.py:190} INFO - [2026-07-04T04:45:04.387+0000] {dagbag.py:588} INFO - Filling up the DagBag from /opt/airflow/dags/example_distributed.py
[2026-07-04T04:45:04.417+0000] {processor.py:925} INFO - DAG(s) 'example_distributed_celery' retrieved from /opt/airflow/dags/example_distributed.py
[2026-07-04T04:45:04.504+0000] {logging_mixin.py:190} INFO - [2026-07-04T04:45:04.504+0000] {dag.py:3239} INFO - Sync 1 DAGs
[2026-07-04T04:45:04.548+0000] {logging_mixin.py:190} INFO - [2026-07-04T04:45:04.547+0000] {dag.py:4180} INFO - Setting next_dagrun for example_distributed_celery to None, run_after=None
[2026-07-04T04:45:04.679+0000] {processor.py:208} INFO - Processing /opt/airflow/dags/example_distributed.py took 0.320 seconds
[2026-07-04T04:45:35.305+0000] {processor.py:186} INFO - Started process (PID=1531) to work on /opt/airflow/dags/example_distributed.py
[2026-07-04T04:45:35.306+0000] {processor.py:914} INFO - Processing file /opt/airflow/dags/example_distributed.py for tasks to queue
[2026-07-04T04:45:35.310+0000] {logging_mixin.py:190} INFO - [2026-07-04T04:45:35.309+0000] {dagbag.py:588} INFO - Filling up the DagBag from /opt/airflow/dags/example_distributed.py
[2026-07-04T04:45:35.348+0000] {processor.py:925} INFO - DAG(s) 'example_distributed_celery' retrieved from /opt/airflow/dags/example_distributed.py
[2026-07-04T04:45:35.506+0000] {logging_mixin.py:190} INFO - [2026-07-04T04:45:35.505+0000] {dag.py:3239} INFO - Sync 1 DAGs
[2026-07-04T04:45:35.557+0000] {logging_mixin.py:190} INFO - [2026-07-04T04:45:35.556+0000] {dag.py:4180} INFO - Setting next_dagrun for example_distributed_celery to None, run_after=None
[2026-07-04T04:45:35.605+0000] {processor.py:208} INFO - Processing /opt/airflow/dags/example_distributed.py took 0.312 seconds
[2026-07-04T04:46:06.296+0000] {processor.py:186} INFO - Started process (PID=1542) to work on /opt/airflow/dags/example_distributed.py
[2026-07-04T04:46:06.299+0000] {processor.py:914} INFO - Processing file /opt/airflow/dags/example_distributed.py for tasks to queue
[2026-07-04T04:46:06.307+0000] {logging_mixin.py:190} INFO - [2026-07-04T04:46:06.306+0000] {dagbag.py:588} INFO - Filling up the DagBag from /opt/airflow/dags/example_distributed.py
[2026-07-04T04:46:06.350+0000] {processor.py:925} INFO - DAG(s) 'example_distributed_celery' retrieved from /opt/airflow/dags/example_distributed.py
[2026-07-04T04:46:06.481+0000] {logging_mixin.py:190} INFO - [2026-07-04T04:46:06.480+0000] {dag.py:3239} INFO - Sync 1 DAGs
[2026-07-04T04:46:06.546+0000] {logging_mixin.py:190} INFO - [2026-07-04T04:46:06.545+0000] {dag.py:4180} INFO - Setting next_dagrun for example_distributed_celery to None, run_after=None
[2026-07-04T04:46:06.611+0000] {processor.py:208} INFO - Processing /opt/airflow/dags/example_distributed.py took 0.339 seconds
[2026-07-04T04:46:37.027+0000] {processor.py:186} INFO - Started process (PID=1552) to work on /opt/airflow/dags/example_distributed.py
[2026-07-04T04:46:37.032+0000] {processor.py:914} INFO - Processing file /opt/airflow/dags/example_distributed.py for tasks to queue
[2026-07-04T04:46:37.038+0000] {logging_mixin.py:190} INFO - [2026-07-04T04:46:37.037+0000] {dagbag.py:588} INFO - Filling up the DagBag from /opt/airflow/dags/example_distributed.py
[2026-07-04T04:46:37.086+0000] {processor.py:925} INFO - DAG(s) 'example_distributed_celery' retrieved from /opt/airflow/dags/example_distributed.py
[2026-07-04T04:46:37.194+0000] {logging_mixin.py:190} INFO - [2026-07-04T04:46:37.193+0000] {dag.py:3239} INFO - Sync 1 DAGs
[2026-07-04T04:46:37.246+0000] {logging_mixin.py:190} INFO - [2026-07-04T04:46:37.246+0000] {dag.py:4180} INFO - Setting next_dagrun for example_distributed_celery to None, run_after=None
[2026-07-04T04:46:37.308+0000] {processor.py:208} INFO - Processing /opt/airflow/dags/example_distributed.py took 0.297 seconds
[2026-07-04T04:47:11.414+0000] {processor.py:186} INFO - Started process (PID=1561) to work on /opt/airflow/dags/example_distributed.py
[2026-07-04T04:47:11.425+0000] {processor.py:914} INFO - Processing file /opt/airflow/dags/example_distributed.py for tasks to queue
[2026-07-04T04:47:11.429+0000] {logging_mixin.py:190} INFO - [2026-07-04T04:47:11.429+0000] {dagbag.py:588} INFO - Filling up the DagBag from /opt/airflow/dags/example_distributed.py
[2026-07-04T04:47:11.462+0000] {processor.py:925} INFO - DAG(s) 'example_distributed_celery' retrieved from /opt/airflow/dags/example_distributed.py
[2026-07-04T04:47:11.742+0000] {logging_mixin.py:190} INFO - [2026-07-04T04:47:11.741+0000] {dag.py:3239} INFO - Sync 1 DAGs
[2026-07-04T04:47:11.789+0000] {logging_mixin.py:190} INFO - [2026-07-04T04:47:11.789+0000] {dag.py:4180} INFO - Setting next_dagrun for example_distributed_celery to None, run_after=None
[2026-07-04T04:47:11.849+0000] {processor.py:208} INFO - Processing /opt/airflow/dags/example_distributed.py took 2.103 seconds
[2026-07-04T04:47:42.619+0000] {processor.py:186} INFO - Started process (PID=1564) to work on /opt/airflow/dags/example_distributed.py
[2026-07-04T04:47:42.626+0000] {processor.py:914} INFO - Processing file /opt/airflow/dags/example_distributed.py for tasks to queue
[2026-07-04T04:47:42.632+0000] {logging_mixin.py:190} INFO - [2026-07-04T04:47:42.631+0000] {dagbag.py:588} INFO - Filling up the DagBag from /opt/airflow/dags/example_distributed.py
[2026-07-04T04:47:42.672+0000] {processor.py:925} INFO - DAG(s) 'example_distributed_celery' retrieved from /opt/airflow/dags/example_distributed.py
[2026-07-04T04:47:42.769+0000] {logging_mixin.py:190} INFO - [2026-07-04T04:47:42.768+0000] {dag.py:3239} INFO - Sync 1 DAGs
[2026-07-04T04:47:42.821+0000] {logging_mixin.py:190} INFO - [2026-07-04T04:47:42.820+0000] {dag.py:4180} INFO - Setting next_dagrun for example_distributed_celery to None, run_after=None
[2026-07-04T04:47:42.899+0000] {processor.py:208} INFO - Processing /opt/airflow/dags/example_distributed.py took 0.304 seconds
[2026-07-04T04:48:13.368+0000] {processor.py:186} INFO - Started process (PID=1574) to work on /opt/airflow/dags/example_distributed.py
[2026-07-04T04:48:13.374+0000] {processor.py:914} INFO - Processing file /opt/airflow/dags/example_distributed.py for tasks to queue
[2026-07-04T04:48:13.382+0000] {logging_mixin.py:190} INFO - [2026-07-04T04:48:13.382+0000] {dagbag.py:588} INFO - Filling up the DagBag from /opt/airflow/dags/example_distributed.py
[2026-07-04T04:48:13.418+0000] {processor.py:925} INFO - DAG(s) 'example_distributed_celery' retrieved from /opt/airflow/dags/example_distributed.py
[2026-07-04T04:48:13.512+0000] {logging_mixin.py:190} INFO - [2026-07-04T04:48:13.512+0000] {dag.py:3239} INFO - Sync 1 DAGs
[2026-07-04T04:48:13.552+0000] {logging_mixin.py:190} INFO - [2026-07-04T04:48:13.552+0000] {dag.py:4180} INFO - Setting next_dagrun for example_distributed_celery to None, run_after=None
[2026-07-04T04:48:13.614+0000] {processor.py:208} INFO - Processing /opt/airflow/dags/example_distributed.py took 0.274 seconds
[2026-07-04T04:48:44.339+0000] {processor.py:186} INFO - Started process (PID=1584) to work on /opt/airflow/dags/example_distributed.py
[2026-07-04T04:48:44.344+0000] {processor.py:914} INFO - Processing file /opt/airflow/dags/example_distributed.py for tasks to queue
[2026-07-04T04:48:44.349+0000] {logging_mixin.py:190} INFO - [2026-07-04T04:48:44.349+0000] {dagbag.py:588} INFO - Filling up the DagBag from /opt/airflow/dags/example_distributed.py
[2026-07-04T04:48:44.382+0000] {processor.py:925} INFO - DAG(s) 'example_distributed_celery' retrieved from /opt/airflow/dags/example_distributed.py
[2026-07-04T04:48:44.513+0000] {logging_mixin.py:190} INFO - [2026-07-04T04:48:44.512+0000] {dag.py:3239} INFO - Sync 1 DAGs
[2026-07-04T04:48:44.582+0000] {logging_mixin.py:190} INFO - [2026-07-04T04:48:44.581+0000] {dag.py:4180} INFO - Setting next_dagrun for example_distributed_celery to None, run_after=None
[2026-07-04T04:48:44.660+0000] {processor.py:208} INFO - Processing /opt/airflow/dags/example_distributed.py took 0.345 seconds
[2026-07-04T04:49:15.154+0000] {processor.py:186} INFO - Started process (PID=1595) to work on /opt/airflow/dags/example_distributed.py
[2026-07-04T04:49:15.155+0000] {processor.py:914} INFO - Processing file /opt/airflow/dags/example_distributed.py for tasks to queue
[2026-07-04T04:49:15.161+0000] {logging_mixin.py:190} INFO - [2026-07-04T04:49:15.161+0000] {dagbag.py:588} INFO - Filling up the DagBag from /opt/airflow/dags/example_distributed.py
[2026-07-04T04:49:15.179+0000] {processor.py:925} INFO - DAG(s) 'example_distributed_celery' retrieved from /opt/airflow/dags/example_distributed.py
[2026-07-04T04:49:15.231+0000] {logging_mixin.py:190} INFO - [2026-07-04T04:49:15.231+0000] {dag.py:3239} INFO - Sync 1 DAGs
[2026-07-04T04:49:15.252+0000] {logging_mixin.py:190} INFO - [2026-07-04T04:49:15.252+0000] {dag.py:4180} INFO - Setting next_dagrun for example_distributed_celery to None, run_after=None
[2026-07-04T04:49:15.287+0000] {processor.py:208} INFO - Processing /opt/airflow/dags/example_distributed.py took 0.151 seconds
[2026-07-04T04:49:45.405+0000] {processor.py:186} INFO - Started process (PID=1605) to work on /opt/airflow/dags/example_distributed.py
[2026-07-04T04:49:45.407+0000] {processor.py:914} INFO - Processing file /opt/airflow/dags/example_distributed.py for tasks to queue
[2026-07-04T04:49:45.411+0000] {logging_mixin.py:190} INFO - [2026-07-04T04:49:45.411+0000] {dagbag.py:588} INFO - Filling up the DagBag from /opt/airflow/dags/example_distributed.py
[2026-07-04T04:49:45.423+0000] {processor.py:925} INFO - DAG(s) 'example_distributed_celery' retrieved from /opt/airflow/dags/example_distributed.py
[2026-07-04T04:49:45.477+0000] {logging_mixin.py:190} INFO - [2026-07-04T04:49:45.477+0000] {dag.py:3239} INFO - Sync 1 DAGs
[2026-07-04T04:49:45.497+0000] {logging_mixin.py:190} INFO - [2026-07-04T04:49:45.497+0000] {dag.py:4180} INFO - Setting next_dagrun for example_distributed_celery to None, run_after=None
[2026-07-04T04:49:45.532+0000] {processor.py:208} INFO - Processing /opt/airflow/dags/example_distributed.py took 0.134 seconds
[2026-07-04T04:50:16.265+0000] {processor.py:186} INFO - Started process (PID=1615) to work on /opt/airflow/dags/example_distributed.py
[2026-07-04T04:50:16.266+0000] {processor.py:914} INFO - Processing file /opt/airflow/dags/example_distributed.py for tasks to queue
[2026-07-04T04:50:16.270+0000] {logging_mixin.py:190} INFO - [2026-07-04T04:50:16.270+0000] {dagbag.py:588} INFO - Filling up the DagBag from /opt/airflow/dags/example_distributed.py
[2026-07-04T04:50:16.292+0000] {processor.py:925} INFO - DAG(s) 'example_distributed_celery' retrieved from /opt/airflow/dags/example_distributed.py
[2026-07-04T04:50:16.393+0000] {logging_mixin.py:190} INFO - [2026-07-04T04:50:16.393+0000] {dag.py:3239} INFO - Sync 1 DAGs
[2026-07-04T04:50:16.411+0000] {logging_mixin.py:190} INFO - [2026-07-04T04:50:16.411+0000] {dag.py:4180} INFO - Setting next_dagrun for example_distributed_celery to None, run_after=None
[2026-07-04T04:50:16.435+0000] {processor.py:208} INFO - Processing /opt/airflow/dags/example_distributed.py took 0.179 seconds
[2026-07-04T05:09:11.744+0000] {processor.py:186} INFO - Started process (PID=51) to work on /opt/airflow/dags/example_distributed.py
[2026-07-04T05:09:11.769+0000] {processor.py:914} INFO - Processing file /opt/airflow/dags/example_distributed.py for tasks to queue
[2026-07-04T05:09:11.776+0000] {logging_mixin.py:190} INFO - [2026-07-04T05:09:11.775+0000] {dagbag.py:588} INFO - Filling up the DagBag from /opt/airflow/dags/example_distributed.py
[2026-07-04T05:09:11.790+0000] {processor.py:925} INFO - DAG(s) 'example_distributed_celery' retrieved from /opt/airflow/dags/example_distributed.py
[2026-07-04T05:09:11.830+0000] {logging_mixin.py:190} INFO - [2026-07-04T05:09:11.830+0000] {dag.py:3239} INFO - Sync 1 DAGs
[2026-07-04T05:09:11.850+0000] {logging_mixin.py:190} INFO - [2026-07-04T05:09:11.849+0000] {dag.py:4180} INFO - Setting next_dagrun for example_distributed_celery to None, run_after=None
[2026-07-04T05:09:12.008+0000] {processor.py:208} INFO - Processing /opt/airflow/dags/example_distributed.py took 0.272 seconds
[2026-07-04T05:09:44.326+0000] {processor.py:186} INFO - Started process (PID=61) to work on /opt/airflow/dags/example_distributed.py
[2026-07-04T05:09:44.327+0000] {processor.py:914} INFO - Processing file /opt/airflow/dags/example_distributed.py for tasks to queue
[2026-07-04T05:09:44.334+0000] {logging_mixin.py:190} INFO - [2026-07-04T05:09:44.333+0000] {dagbag.py:588} INFO - Filling up the DagBag from /opt/airflow/dags/example_distributed.py
[2026-07-04T05:09:44.345+0000] {processor.py:925} INFO - DAG(s) 'example_distributed_celery' retrieved from /opt/airflow/dags/example_distributed.py
[2026-07-04T05:09:44.398+0000] {logging_mixin.py:190} INFO - [2026-07-04T05:09:44.397+0000] {dag.py:3239} INFO - Sync 1 DAGs
[2026-07-04T05:09:44.423+0000] {logging_mixin.py:190} INFO - [2026-07-04T05:09:44.423+0000] {dag.py:4180} INFO - Setting next_dagrun for example_distributed_celery to None, run_after=None
[2026-07-04T05:09:44.701+0000] {processor.py:208} INFO - Processing /opt/airflow/dags/example_distributed.py took 0.384 seconds
[2026-07-04T05:10:15.409+0000] {processor.py:186} INFO - Started process (PID=70) to work on /opt/airflow/dags/example_distributed.py
[2026-07-04T05:10:15.410+0000] {processor.py:914} INFO - Processing file /opt/airflow/dags/example_distributed.py for tasks to queue
[2026-07-04T05:10:15.413+0000] {logging_mixin.py:190} INFO - [2026-07-04T05:10:15.413+0000] {dagbag.py:588} INFO - Filling up the DagBag from /opt/airflow/dags/example_distributed.py
[2026-07-04T05:10:15.427+0000] {processor.py:925} INFO - DAG(s) 'example_distributed_celery' retrieved from /opt/airflow/dags/example_distributed.py
[2026-07-04T05:10:15.476+0000] {logging_mixin.py:190} INFO - [2026-07-04T05:10:15.475+0000] {dag.py:3239} INFO - Sync 1 DAGs
[2026-07-04T05:10:15.496+0000] {logging_mixin.py:190} INFO - [2026-07-04T05:10:15.495+0000] {dag.py:4180} INFO - Setting next_dagrun for example_distributed_celery to None, run_after=None
[2026-07-04T05:10:15.528+0000] {processor.py:208} INFO - Processing /opt/airflow/dags/example_distributed.py took 0.127 seconds
[2026-07-04T05:10:45.735+0000] {processor.py:186} INFO - Started process (PID=74) to work on /opt/airflow/dags/example_distributed.py
[2026-07-04T05:10:45.772+0000] {processor.py:914} INFO - Processing file /opt/airflow/dags/example_distributed.py for tasks to queue
[2026-07-04T05:10:45.775+0000] {logging_mixin.py:190} INFO - [2026-07-04T05:10:45.774+0000] {dagbag.py:588} INFO - Filling up the DagBag from /opt/airflow/dags/example_distributed.py
[2026-07-04T05:10:45.787+0000] {processor.py:925} INFO - DAG(s) 'example_distributed_celery' retrieved from /opt/airflow/dags/example_distributed.py
[2026-07-04T05:10:45.825+0000] {logging_mixin.py:190} INFO - [2026-07-04T05:10:45.825+0000] {dag.py:3239} INFO - Sync 1 DAGs
[2026-07-04T05:10:45.848+0000] {logging_mixin.py:190} INFO - [2026-07-04T05:10:45.848+0000] {dag.py:4180} INFO - Setting next_dagrun for example_distributed_celery to None, run_after=None
[2026-07-04T05:10:45.881+0000] {processor.py:208} INFO - Processing /opt/airflow/dags/example_distributed.py took 0.155 seconds
[2026-07-04T05:11:16.174+0000] {processor.py:186} INFO - Started process (PID=84) to work on /opt/airflow/dags/example_distributed.py
[2026-07-04T05:11:16.175+0000] {processor.py:914} INFO - Processing file /opt/airflow/dags/example_distributed.py for tasks to queue
[2026-07-04T05:11:16.178+0000] {logging_mixin.py:190} INFO - [2026-07-04T05:11:16.178+0000] {dagbag.py:588} INFO - Filling up the DagBag from /opt/airflow/dags/example_distributed.py
[2026-07-04T05:11:16.189+0000] {processor.py:925} INFO - DAG(s) 'example_distributed_celery' retrieved from /opt/airflow/dags/example_distributed.py
[2026-07-04T05:11:16.234+0000] {logging_mixin.py:190} INFO - [2026-07-04T05:11:16.234+0000] {dag.py:3239} INFO - Sync 1 DAGs
[2026-07-04T05:11:16.252+0000] {logging_mixin.py:190} INFO - [2026-07-04T05:11:16.252+0000] {dag.py:4180} INFO - Setting next_dagrun for example_distributed_celery to None, run_after=None
[2026-07-04T05:11:16.282+0000] {processor.py:208} INFO - Processing /opt/airflow/dags/example_distributed.py took 0.116 seconds
[2026-07-04T05:11:47.033+0000] {processor.py:186} INFO - Started process (PID=94) to work on /opt/airflow/dags/example_distributed.py
[2026-07-04T05:11:47.041+0000] {processor.py:914} INFO - Processing file /opt/airflow/dags/example_distributed.py for tasks to queue
[2026-07-04T05:11:47.044+0000] {logging_mixin.py:190} INFO - [2026-07-04T05:11:47.044+0000] {dagbag.py:588} INFO - Filling up the DagBag from /opt/airflow/dags/example_distributed.py
[2026-07-04T05:11:47.055+0000] {processor.py:925} INFO - DAG(s) 'example_distributed_celery' retrieved from /opt/airflow/dags/example_distributed.py
[2026-07-04T05:11:47.089+0000] {logging_mixin.py:190} INFO - [2026-07-04T05:11:47.089+0000] {dag.py:3239} INFO - Sync 1 DAGs
[2026-07-04T05:11:47.105+0000] {logging_mixin.py:190} INFO - [2026-07-04T05:11:47.105+0000] {dag.py:4180} INFO - Setting next_dagrun for example_distributed_celery to None, run_after=None
[2026-07-04T05:11:47.148+0000] {processor.py:208} INFO - Processing /opt/airflow/dags/example_distributed.py took 0.122 seconds
[2026-07-04T05:12:17.330+0000] {processor.py:186} INFO - Started process (PID=104) to work on /opt/airflow/dags/example_distributed.py
[2026-07-04T05:12:17.331+0000] {processor.py:914} INFO - Processing file /opt/airflow/dags/example_distributed.py for tasks to queue
[2026-07-04T05:12:17.335+0000] {logging_mixin.py:190} INFO - [2026-07-04T05:12:17.334+0000] {dagbag.py:588} INFO - Filling up the DagBag from /opt/airflow/dags/example_distributed.py
[2026-07-04T05:12:17.344+0000] {processor.py:925} INFO - DAG(s) 'example_distributed_celery' retrieved from /opt/airflow/dags/example_distributed.py
[2026-07-04T05:12:17.378+0000] {logging_mixin.py:190} INFO - [2026-07-04T05:12:17.378+0000] {dag.py:3239} INFO - Sync 1 DAGs
[2026-07-04T05:12:17.397+0000] {logging_mixin.py:190} INFO - [2026-07-04T05:12:17.396+0000] {dag.py:4180} INFO - Setting next_dagrun for example_distributed_celery to None, run_after=None
[2026-07-04T05:12:17.429+0000] {processor.py:208} INFO - Processing /opt/airflow/dags/example_distributed.py took 0.105 seconds
[2026-07-04T05:12:47.762+0000] {processor.py:186} INFO - Started process (PID=114) to work on /opt/airflow/dags/example_distributed.py
[2026-07-04T05:12:47.764+0000] {processor.py:914} INFO - Processing file /opt/airflow/dags/example_distributed.py for tasks to queue
[2026-07-04T05:12:47.767+0000] {logging_mixin.py:190} INFO - [2026-07-04T05:12:47.766+0000] {dagbag.py:588} INFO - Filling up the DagBag from /opt/airflow/dags/example_distributed.py
[2026-07-04T05:12:47.778+0000] {processor.py:925} INFO - DAG(s) 'example_distributed_celery' retrieved from /opt/airflow/dags/example_distributed.py
[2026-07-04T05:12:47.816+0000] {logging_mixin.py:190} INFO - [2026-07-04T05:12:47.816+0000] {dag.py:3239} INFO - Sync 1 DAGs
[2026-07-04T05:12:47.834+0000] {logging_mixin.py:190} INFO - [2026-07-04T05:12:47.834+0000] {dag.py:4180} INFO - Setting next_dagrun for example_distributed_celery to None, run_after=None
[2026-07-04T05:12:47.869+0000] {processor.py:208} INFO - Processing /opt/airflow/dags/example_distributed.py took 0.114 seconds
[2026-07-04T05:13:17.923+0000] {processor.py:186} INFO - Started process (PID=124) to work on /opt/airflow/dags/example_distributed.py
[2026-07-04T05:13:17.924+0000] {processor.py:914} INFO - Processing file /opt/airflow/dags/example_distributed.py for tasks to queue
[2026-07-04T05:13:17.927+0000] {logging_mixin.py:190} INFO - [2026-07-04T05:13:17.927+0000] {dagbag.py:588} INFO - Filling up the DagBag from /opt/airflow/dags/example_distributed.py
[2026-07-04T05:13:17.940+0000] {processor.py:925} INFO - DAG(s) 'example_distributed_celery' retrieved from /opt/airflow/dags/example_distributed.py
[2026-07-04T05:13:17.980+0000] {logging_mixin.py:190} INFO - [2026-07-04T05:13:17.979+0000] {dag.py:3239} INFO - Sync 1 DAGs
[2026-07-04T05:13:18.004+0000] {logging_mixin.py:190} INFO - [2026-07-04T05:13:18.004+0000] {dag.py:4180} INFO - Setting next_dagrun for example_distributed_celery to None, run_after=None
[2026-07-04T05:13:18.029+0000] {processor.py:208} INFO - Processing /opt/airflow/dags/example_distributed.py took 0.114 seconds
[2026-07-04T05:13:48.243+0000] {processor.py:186} INFO - Started process (PID=134) to work on /opt/airflow/dags/example_distributed.py
[2026-07-04T05:13:48.248+0000] {processor.py:914} INFO - Processing file /opt/airflow/dags/example_distributed.py for tasks to queue
[2026-07-04T05:13:48.253+0000] {logging_mixin.py:190} INFO - [2026-07-04T05:13:48.252+0000] {dagbag.py:588} INFO - Filling up the DagBag from /opt/airflow/dags/example_distributed.py
[2026-07-04T05:13:48.280+0000] {processor.py:925} INFO - DAG(s) 'example_distributed_celery' retrieved from /opt/airflow/dags/example_distributed.py
[2026-07-04T05:13:48.360+0000] {logging_mixin.py:190} INFO - [2026-07-04T05:13:48.359+0000] {dag.py:3239} INFO - Sync 1 DAGs
[2026-07-04T05:13:48.613+0000] {logging_mixin.py:190} INFO - [2026-07-04T05:13:48.613+0000] {dag.py:4180} INFO - Setting next_dagrun for example_distributed_celery to None, run_after=None
[2026-07-04T05:13:48.663+0000] {processor.py:208} INFO - Processing /opt/airflow/dags/example_distributed.py took 0.439 seconds
[2026-07-04T05:14:18.952+0000] {processor.py:186} INFO - Started process (PID=144) to work on /opt/airflow/dags/example_distributed.py
[2026-07-04T05:14:18.954+0000] {processor.py:914} INFO - Processing file /opt/airflow/dags/example_distributed.py for tasks to queue
[2026-07-04T05:14:18.957+0000] {logging_mixin.py:190} INFO - [2026-07-04T05:14:18.957+0000] {dagbag.py:588} INFO - Filling up the DagBag from /opt/airflow/dags/example_distributed.py
[2026-07-04T05:14:18.969+0000] {processor.py:925} INFO - DAG(s) 'example_distributed_celery' retrieved from /opt/airflow/dags/example_distributed.py
[2026-07-04T05:14:19.768+0000] {logging_mixin.py:190} INFO - [2026-07-04T05:14:19.768+0000] {dag.py:3239} INFO - Sync 1 DAGs
[2026-07-04T05:14:19.783+0000] {logging_mixin.py:190} INFO - [2026-07-04T05:14:19.783+0000] {dag.py:4180} INFO - Setting next_dagrun for example_distributed_celery to None, run_after=None
[2026-07-04T05:14:19.995+0000] {processor.py:208} INFO - Processing /opt/airflow/dags/example_distributed.py took 1.087 seconds
[2026-07-04T05:14:50.875+0000] {processor.py:186} INFO - Started process (PID=152) to work on /opt/airflow/dags/example_distributed.py
[2026-07-04T05:14:50.878+0000] {processor.py:914} INFO - Processing file /opt/airflow/dags/example_distributed.py for tasks to queue
[2026-07-04T05:14:51.128+0000] {logging_mixin.py:190} INFO - [2026-07-04T05:14:51.127+0000] {dagbag.py:588} INFO - Filling up the DagBag from /opt/airflow/dags/example_distributed.py
[2026-07-04T05:14:51.385+0000] {processor.py:925} INFO - DAG(s) 'example_distributed_celery' retrieved from /opt/airflow/dags/example_distributed.py
[2026-07-04T05:14:53.094+0000] {logging_mixin.py:190} INFO - [2026-07-04T05:14:53.094+0000] {dag.py:3239} INFO - Sync 1 DAGs
[2026-07-04T05:14:53.325+0000] {logging_mixin.py:190} INFO - [2026-07-04T05:14:53.324+0000] {dag.py:4180} INFO - Setting next_dagrun for example_distributed_celery to None, run_after=None
[2026-07-04T05:14:53.780+0000] {processor.py:208} INFO - Processing /opt/airflow/dags/example_distributed.py took 2.913 seconds
[2026-07-04T05:15:28.681+0000] {processor.py:186} INFO - Started process (PID=161) to work on /opt/airflow/dags/example_distributed.py
[2026-07-04T05:15:29.262+0000] {processor.py:914} INFO - Processing file /opt/airflow/dags/example_distributed.py for tasks to queue
[2026-07-04T05:15:29.279+0000] {logging_mixin.py:190} INFO - [2026-07-04T05:15:29.276+0000] {dagbag.py:588} INFO - Filling up the DagBag from /opt/airflow/dags/example_distributed.py
[2026-07-04T05:15:29.318+0000] {processor.py:925} INFO - DAG(s) 'example_distributed_celery' retrieved from /opt/airflow/dags/example_distributed.py
[2026-07-04T05:15:36.095+0000] {logging_mixin.py:190} INFO - [2026-07-04T05:15:36.095+0000] {dag.py:3239} INFO - Sync 1 DAGs
[2026-07-04T05:15:36.113+0000] {logging_mixin.py:190} INFO - [2026-07-04T05:15:36.112+0000] {dag.py:4180} INFO - Setting next_dagrun for example_distributed_celery to None, run_after=None
[2026-07-04T05:15:50.549+0000] {processor.py:208} INFO - Processing /opt/airflow/dags/example_distributed.py took 21.893 seconds
[2026-07-04T05:16:23.250+0000] {processor.py:186} INFO - Started process (PID=171) to work on /opt/airflow/dags/example_distributed.py
[2026-07-04T05:16:24.162+0000] {processor.py:914} INFO - Processing file /opt/airflow/dags/example_distributed.py for tasks to queue
[2026-07-04T05:16:24.165+0000] {logging_mixin.py:190} INFO - [2026-07-04T05:16:24.164+0000] {dagbag.py:588} INFO - Filling up the DagBag from /opt/airflow/dags/example_distributed.py
[2026-07-04T05:16:25.299+0000] {processor.py:925} INFO - DAG(s) 'example_distributed_celery' retrieved from /opt/airflow/dags/example_distributed.py
[2026-07-04T05:17:49.803+0000] {processor.py:186} INFO - Started process (PID=180) to work on /opt/airflow/dags/example_distributed.py
[2026-07-04T05:17:49.909+0000] {processor.py:914} INFO - Processing file /opt/airflow/dags/example_distributed.py for tasks to queue
[2026-07-04T05:18:11.004+0000] {logging_mixin.py:190} INFO - [2026-07-04T05:18:11.003+0000] {dagbag.py:588} INFO - Filling up the DagBag from /opt/airflow/dags/example_distributed.py
[2026-07-04T05:18:14.472+0000] {processor.py:925} INFO - DAG(s) 'example_distributed_celery' retrieved from /opt/airflow/dags/example_distributed.py
[2026-07-04T05:18:22.047+0000] {logging_mixin.py:190} INFO - [2026-07-04T05:18:22.046+0000] {dag.py:3239} INFO - Sync 1 DAGs
[2026-07-04T05:18:33.718+0000] {logging_mixin.py:190} INFO - [2026-07-04T05:18:33.718+0000] {dag.py:4180} INFO - Setting next_dagrun for example_distributed_celery to None, run_after=None
[2026-07-04T05:19:36.550+0000] {processor.py:186} INFO - Started process (PID=196) to work on /opt/airflow/dags/example_distributed.py
[2026-07-04T05:19:37.020+0000] {processor.py:914} INFO - Processing file /opt/airflow/dags/example_distributed.py for tasks to queue
[2026-07-04T05:19:37.023+0000] {logging_mixin.py:190} INFO - [2026-07-04T05:19:37.022+0000] {dagbag.py:588} INFO - Filling up the DagBag from /opt/airflow/dags/example_distributed.py
[2026-07-04T05:19:38.692+0000] {processor.py:925} INFO - DAG(s) 'example_distributed_celery' retrieved from /opt/airflow/dags/example_distributed.py
