[2026-07-04T04:07:31.885+0000] {processor.py:186} INFO - Started process (PID=864) to work on /opt/airflow/dags/example_distributed_2.py
[2026-07-04T04:07:31.889+0000] {processor.py:914} INFO - Processing file /opt/airflow/dags/example_distributed_2.py for tasks to queue
[2026-07-04T04:07:31.899+0000] {logging_mixin.py:190} INFO - [2026-07-04T04:07:31.898+0000] {dagbag.py:588} INFO - Filling up the DagBag from /opt/airflow/dags/example_distributed_2.py
[2026-07-04T04:07:31.942+0000] {processor.py:925} INFO - DAG(s) 'example_distributed_celery_fixed_sleep' retrieved from /opt/airflow/dags/example_distributed_2.py
[2026-07-04T04:07:32.296+0000] {logging_mixin.py:190} INFO - [2026-07-04T04:07:32.295+0000] {override.py:1911} INFO - Created Permission View: can edit on DAG:example_distributed_celery_fixed_sleep
[2026-07-04T04:07:32.324+0000] {logging_mixin.py:190} INFO - [2026-07-04T04:07:32.323+0000] {override.py:1911} INFO - Created Permission View: can delete on DAG:example_distributed_celery_fixed_sleep
[2026-07-04T04:07:32.371+0000] {logging_mixin.py:190} INFO - [2026-07-04T04:07:32.371+0000] {override.py:1911} INFO - Created Permission View: can read on DAG:example_distributed_celery_fixed_sleep
[2026-07-04T04:07:32.424+0000] {logging_mixin.py:190} INFO - [2026-07-04T04:07:32.423+0000] {override.py:1911} INFO - Created Permission View: can delete on DAG Run:example_distributed_celery_fixed_sleep
[2026-07-04T04:07:32.462+0000] {logging_mixin.py:190} INFO - [2026-07-04T04:07:32.460+0000] {override.py:1911} INFO - Created Permission View: can create on DAG Run:example_distributed_celery_fixed_sleep
[2026-07-04T04:07:32.495+0000] {logging_mixin.py:190} INFO - [2026-07-04T04:07:32.494+0000] {override.py:1911} INFO - Created Permission View: menu access on DAG Run:example_distributed_celery_fixed_sleep
[2026-07-04T04:07:32.531+0000] {logging_mixin.py:190} INFO - [2026-07-04T04:07:32.529+0000] {override.py:1911} INFO - Created Permission View: can read on DAG Run:example_distributed_celery_fixed_sleep
[2026-07-04T04:07:32.533+0000] {logging_mixin.py:190} INFO - [2026-07-04T04:07:32.533+0000] {dag.py:3239} INFO - Sync 1 DAGs
[2026-07-04T04:07:32.584+0000] {logging_mixin.py:190} INFO - [2026-07-04T04:07:32.581+0000] {dag.py:3262} INFO - Creating ORM DAG for example_distributed_celery_fixed_sleep
[2026-07-04T04:07:32.586+0000] {logging_mixin.py:190} INFO - [2026-07-04T04:07:32.585+0000] {dag.py:4180} INFO - Setting next_dagrun for example_distributed_celery_fixed_sleep to None, run_after=None
[2026-07-04T04:07:32.738+0000] {processor.py:208} INFO - Processing /opt/airflow/dags/example_distributed_2.py took 0.878 seconds
[2026-07-04T04:08:03.330+0000] {processor.py:186} INFO - Started process (PID=868) to work on /opt/airflow/dags/example_distributed_2.py
[2026-07-04T04:08:03.335+0000] {processor.py:914} INFO - Processing file /opt/airflow/dags/example_distributed_2.py for tasks to queue
[2026-07-04T04:08:03.345+0000] {logging_mixin.py:190} INFO - [2026-07-04T04:08:03.344+0000] {dagbag.py:588} INFO - Filling up the DagBag from /opt/airflow/dags/example_distributed_2.py
[2026-07-04T04:08:03.371+0000] {processor.py:925} INFO - DAG(s) 'example_distributed_celery_fixed_sleep' retrieved from /opt/airflow/dags/example_distributed_2.py
[2026-07-04T04:08:03.487+0000] {logging_mixin.py:190} INFO - [2026-07-04T04:08:03.486+0000] {dag.py:3239} INFO - Sync 1 DAGs
[2026-07-04T04:08:03.547+0000] {logging_mixin.py:190} INFO - [2026-07-04T04:08:03.546+0000] {dag.py:4180} INFO - Setting next_dagrun for example_distributed_celery_fixed_sleep to None, run_after=None
[2026-07-04T04:08:03.615+0000] {processor.py:208} INFO - Processing /opt/airflow/dags/example_distributed_2.py took 0.312 seconds
[2026-07-04T04:08:33.935+0000] {processor.py:186} INFO - Started process (PID=878) to work on /opt/airflow/dags/example_distributed_2.py
[2026-07-04T04:08:33.939+0000] {processor.py:914} INFO - Processing file /opt/airflow/dags/example_distributed_2.py for tasks to queue
[2026-07-04T04:08:33.946+0000] {logging_mixin.py:190} INFO - [2026-07-04T04:08:33.945+0000] {dagbag.py:588} INFO - Filling up the DagBag from /opt/airflow/dags/example_distributed_2.py
[2026-07-04T04:08:33.976+0000] {processor.py:925} INFO - DAG(s) 'example_distributed_celery_fixed_sleep' retrieved from /opt/airflow/dags/example_distributed_2.py
[2026-07-04T04:08:34.075+0000] {logging_mixin.py:190} INFO - [2026-07-04T04:08:34.075+0000] {dag.py:3239} INFO - Sync 1 DAGs
[2026-07-04T04:08:34.133+0000] {logging_mixin.py:190} INFO - [2026-07-04T04:08:34.132+0000] {dag.py:4180} INFO - Setting next_dagrun for example_distributed_celery_fixed_sleep to None, run_after=None
[2026-07-04T04:08:34.228+0000] {processor.py:208} INFO - Processing /opt/airflow/dags/example_distributed_2.py took 0.318 seconds
[2026-07-04T04:09:04.973+0000] {processor.py:186} INFO - Started process (PID=888) to work on /opt/airflow/dags/example_distributed_2.py
[2026-07-04T04:09:04.975+0000] {processor.py:914} INFO - Processing file /opt/airflow/dags/example_distributed_2.py for tasks to queue
[2026-07-04T04:09:04.983+0000] {logging_mixin.py:190} INFO - [2026-07-04T04:09:04.982+0000] {dagbag.py:588} INFO - Filling up the DagBag from /opt/airflow/dags/example_distributed_2.py
[2026-07-04T04:09:05.008+0000] {processor.py:925} INFO - DAG(s) 'example_distributed_celery_fixed_sleep' retrieved from /opt/airflow/dags/example_distributed_2.py
[2026-07-04T04:09:05.093+0000] {logging_mixin.py:190} INFO - [2026-07-04T04:09:05.092+0000] {dag.py:3239} INFO - Sync 1 DAGs
[2026-07-04T04:09:05.140+0000] {logging_mixin.py:190} INFO - [2026-07-04T04:09:05.140+0000] {dag.py:4180} INFO - Setting next_dagrun for example_distributed_celery_fixed_sleep to None, run_after=None
[2026-07-04T04:09:05.191+0000] {processor.py:208} INFO - Processing /opt/airflow/dags/example_distributed_2.py took 0.231 seconds
[2026-07-04T04:09:35.295+0000] {processor.py:186} INFO - Started process (PID=897) to work on /opt/airflow/dags/example_distributed_2.py
[2026-07-04T04:09:35.300+0000] {processor.py:914} INFO - Processing file /opt/airflow/dags/example_distributed_2.py for tasks to queue
[2026-07-04T04:09:35.309+0000] {logging_mixin.py:190} INFO - [2026-07-04T04:09:35.308+0000] {dagbag.py:588} INFO - Filling up the DagBag from /opt/airflow/dags/example_distributed_2.py
[2026-07-04T04:09:35.341+0000] {processor.py:925} INFO - DAG(s) 'example_distributed_celery_fixed_sleep' retrieved from /opt/airflow/dags/example_distributed_2.py
[2026-07-04T04:09:35.431+0000] {logging_mixin.py:190} INFO - [2026-07-04T04:09:35.430+0000] {dag.py:3239} INFO - Sync 1 DAGs
[2026-07-04T04:09:35.480+0000] {logging_mixin.py:190} INFO - [2026-07-04T04:09:35.479+0000] {dag.py:4180} INFO - Setting next_dagrun for example_distributed_celery_fixed_sleep to None, run_after=None
[2026-07-04T04:09:35.546+0000] {processor.py:208} INFO - Processing /opt/airflow/dags/example_distributed_2.py took 0.267 seconds
[2026-07-04T04:10:05.787+0000] {processor.py:186} INFO - Started process (PID=907) to work on /opt/airflow/dags/example_distributed_2.py
[2026-07-04T04:10:05.789+0000] {processor.py:914} INFO - Processing file /opt/airflow/dags/example_distributed_2.py for tasks to queue
[2026-07-04T04:10:05.792+0000] {logging_mixin.py:190} INFO - [2026-07-04T04:10:05.791+0000] {dagbag.py:588} INFO - Filling up the DagBag from /opt/airflow/dags/example_distributed_2.py
[2026-07-04T04:10:05.805+0000] {processor.py:925} INFO - DAG(s) 'example_distributed_celery_fixed_sleep' retrieved from /opt/airflow/dags/example_distributed_2.py
[2026-07-04T04:10:05.848+0000] {logging_mixin.py:190} INFO - [2026-07-04T04:10:05.847+0000] {dag.py:3239} INFO - Sync 1 DAGs
[2026-07-04T04:10:05.870+0000] {logging_mixin.py:190} INFO - [2026-07-04T04:10:05.870+0000] {dag.py:4180} INFO - Setting next_dagrun for example_distributed_celery_fixed_sleep to None, run_after=None
[2026-07-04T04:10:05.918+0000] {processor.py:208} INFO - Processing /opt/airflow/dags/example_distributed_2.py took 0.139 seconds
[2026-07-04T04:10:36.662+0000] {processor.py:186} INFO - Started process (PID=916) to work on /opt/airflow/dags/example_distributed_2.py
[2026-07-04T04:10:36.664+0000] {processor.py:914} INFO - Processing file /opt/airflow/dags/example_distributed_2.py for tasks to queue
[2026-07-04T04:10:36.677+0000] {logging_mixin.py:190} INFO - [2026-07-04T04:10:36.676+0000] {dagbag.py:588} INFO - Filling up the DagBag from /opt/airflow/dags/example_distributed_2.py
[2026-07-04T04:10:36.701+0000] {processor.py:925} INFO - DAG(s) 'example_distributed_celery_fixed_sleep' retrieved from /opt/airflow/dags/example_distributed_2.py
[2026-07-04T04:10:36.791+0000] {logging_mixin.py:190} INFO - [2026-07-04T04:10:36.790+0000] {dag.py:3239} INFO - Sync 1 DAGs
[2026-07-04T04:10:36.824+0000] {logging_mixin.py:190} INFO - [2026-07-04T04:10:36.823+0000] {dag.py:4180} INFO - Setting next_dagrun for example_distributed_celery_fixed_sleep to None, run_after=None
[2026-07-04T04:10:36.923+0000] {processor.py:208} INFO - Processing /opt/airflow/dags/example_distributed_2.py took 0.290 seconds
[2026-07-04T04:11:07.437+0000] {processor.py:186} INFO - Started process (PID=920) to work on /opt/airflow/dags/example_distributed_2.py
[2026-07-04T04:11:07.441+0000] {processor.py:914} INFO - Processing file /opt/airflow/dags/example_distributed_2.py for tasks to queue
[2026-07-04T04:11:07.454+0000] {logging_mixin.py:190} INFO - [2026-07-04T04:11:07.452+0000] {dagbag.py:588} INFO - Filling up the DagBag from /opt/airflow/dags/example_distributed_2.py
[2026-07-04T04:11:07.487+0000] {processor.py:925} INFO - DAG(s) 'example_distributed_celery_fixed_sleep' retrieved from /opt/airflow/dags/example_distributed_2.py
[2026-07-04T04:11:07.581+0000] {logging_mixin.py:190} INFO - [2026-07-04T04:11:07.580+0000] {dag.py:3239} INFO - Sync 1 DAGs
[2026-07-04T04:11:07.621+0000] {logging_mixin.py:190} INFO - [2026-07-04T04:11:07.620+0000] {dag.py:4180} INFO - Setting next_dagrun for example_distributed_celery_fixed_sleep to None, run_after=None
[2026-07-04T04:11:07.683+0000] {processor.py:208} INFO - Processing /opt/airflow/dags/example_distributed_2.py took 0.269 seconds
[2026-07-04T04:11:39.521+0000] {processor.py:186} INFO - Started process (PID=935) to work on /opt/airflow/dags/example_distributed_2.py
[2026-07-04T04:11:39.522+0000] {processor.py:914} INFO - Processing file /opt/airflow/dags/example_distributed_2.py for tasks to queue
[2026-07-04T04:11:39.524+0000] {logging_mixin.py:190} INFO - [2026-07-04T04:11:39.524+0000] {dagbag.py:588} INFO - Filling up the DagBag from /opt/airflow/dags/example_distributed_2.py
[2026-07-04T04:11:39.915+0000] {processor.py:925} INFO - DAG(s) 'example_distributed_celery_fixed_sleep' retrieved from /opt/airflow/dags/example_distributed_2.py
[2026-07-04T04:11:40.086+0000] {logging_mixin.py:190} INFO - [2026-07-04T04:11:40.086+0000] {dag.py:3239} INFO - Sync 1 DAGs
[2026-07-04T04:11:40.156+0000] {logging_mixin.py:190} INFO - [2026-07-04T04:11:40.155+0000] {dag.py:4180} INFO - Setting next_dagrun for example_distributed_celery_fixed_sleep to None, run_after=None
[2026-07-04T04:11:44.124+0000] {processor.py:208} INFO - Processing /opt/airflow/dags/example_distributed_2.py took 4.615 seconds
[2026-07-04T04:12:14.562+0000] {processor.py:186} INFO - Started process (PID=942) to work on /opt/airflow/dags/example_distributed_2.py
[2026-07-04T04:12:14.566+0000] {processor.py:914} INFO - Processing file /opt/airflow/dags/example_distributed_2.py for tasks to queue
[2026-07-04T04:12:14.585+0000] {logging_mixin.py:190} INFO - [2026-07-04T04:12:14.584+0000] {dagbag.py:588} INFO - Filling up the DagBag from /opt/airflow/dags/example_distributed_2.py
[2026-07-04T04:12:14.648+0000] {processor.py:925} INFO - DAG(s) 'example_distributed_celery_fixed_sleep' retrieved from /opt/airflow/dags/example_distributed_2.py
[2026-07-04T04:12:14.807+0000] {logging_mixin.py:190} INFO - [2026-07-04T04:12:14.807+0000] {dag.py:3239} INFO - Sync 1 DAGs
[2026-07-04T04:12:14.888+0000] {logging_mixin.py:190} INFO - [2026-07-04T04:12:14.887+0000] {dag.py:4180} INFO - Setting next_dagrun for example_distributed_celery_fixed_sleep to None, run_after=None
[2026-07-04T04:12:15.177+0000] {processor.py:208} INFO - Processing /opt/airflow/dags/example_distributed_2.py took 0.635 seconds
[2026-07-04T04:12:45.339+0000] {processor.py:186} INFO - Started process (PID=952) to work on /opt/airflow/dags/example_distributed_2.py
[2026-07-04T04:12:45.342+0000] {processor.py:914} INFO - Processing file /opt/airflow/dags/example_distributed_2.py for tasks to queue
[2026-07-04T04:12:45.350+0000] {logging_mixin.py:190} INFO - [2026-07-04T04:12:45.349+0000] {dagbag.py:588} INFO - Filling up the DagBag from /opt/airflow/dags/example_distributed_2.py
[2026-07-04T04:12:45.384+0000] {processor.py:925} INFO - DAG(s) 'example_distributed_celery_fixed_sleep' retrieved from /opt/airflow/dags/example_distributed_2.py
[2026-07-04T04:12:45.480+0000] {logging_mixin.py:190} INFO - [2026-07-04T04:12:45.480+0000] {dag.py:3239} INFO - Sync 1 DAGs
[2026-07-04T04:12:45.550+0000] {logging_mixin.py:190} INFO - [2026-07-04T04:12:45.549+0000] {dag.py:4180} INFO - Setting next_dagrun for example_distributed_celery_fixed_sleep to None, run_after=None
[2026-07-04T04:12:45.655+0000] {processor.py:208} INFO - Processing /opt/airflow/dags/example_distributed_2.py took 0.349 seconds
[2026-07-04T04:13:16.573+0000] {processor.py:186} INFO - Started process (PID=962) to work on /opt/airflow/dags/example_distributed_2.py
[2026-07-04T04:13:16.575+0000] {processor.py:914} INFO - Processing file /opt/airflow/dags/example_distributed_2.py for tasks to queue
[2026-07-04T04:13:16.580+0000] {logging_mixin.py:190} INFO - [2026-07-04T04:13:16.580+0000] {dagbag.py:588} INFO - Filling up the DagBag from /opt/airflow/dags/example_distributed_2.py
[2026-07-04T04:13:16.595+0000] {processor.py:925} INFO - DAG(s) 'example_distributed_celery_fixed_sleep' retrieved from /opt/airflow/dags/example_distributed_2.py
[2026-07-04T04:13:16.682+0000] {logging_mixin.py:190} INFO - [2026-07-04T04:13:16.682+0000] {dag.py:3239} INFO - Sync 1 DAGs
[2026-07-04T04:13:16.712+0000] {logging_mixin.py:190} INFO - [2026-07-04T04:13:16.711+0000] {dag.py:4180} INFO - Setting next_dagrun for example_distributed_celery_fixed_sleep to None, run_after=None
[2026-07-04T04:13:17.244+0000] {processor.py:208} INFO - Processing /opt/airflow/dags/example_distributed_2.py took 0.680 seconds
[2026-07-04T04:13:47.655+0000] {processor.py:186} INFO - Started process (PID=973) to work on /opt/airflow/dags/example_distributed_2.py
[2026-07-04T04:13:47.656+0000] {processor.py:914} INFO - Processing file /opt/airflow/dags/example_distributed_2.py for tasks to queue
[2026-07-04T04:13:47.659+0000] {logging_mixin.py:190} INFO - [2026-07-04T04:13:47.659+0000] {dagbag.py:588} INFO - Filling up the DagBag from /opt/airflow/dags/example_distributed_2.py
[2026-07-04T04:13:47.675+0000] {processor.py:925} INFO - DAG(s) 'example_distributed_celery_fixed_sleep' retrieved from /opt/airflow/dags/example_distributed_2.py
[2026-07-04T04:13:47.760+0000] {logging_mixin.py:190} INFO - [2026-07-04T04:13:47.758+0000] {dag.py:3239} INFO - Sync 1 DAGs
[2026-07-04T04:13:47.794+0000] {logging_mixin.py:190} INFO - [2026-07-04T04:13:47.793+0000] {dag.py:4180} INFO - Setting next_dagrun for example_distributed_celery_fixed_sleep to None, run_after=None
[2026-07-04T04:13:47.930+0000] {processor.py:208} INFO - Processing /opt/airflow/dags/example_distributed_2.py took 0.284 seconds
[2026-07-04T04:14:18.318+0000] {processor.py:186} INFO - Started process (PID=980) to work on /opt/airflow/dags/example_distributed_2.py
[2026-07-04T04:14:18.320+0000] {processor.py:914} INFO - Processing file /opt/airflow/dags/example_distributed_2.py for tasks to queue
[2026-07-04T04:14:18.322+0000] {logging_mixin.py:190} INFO - [2026-07-04T04:14:18.322+0000] {dagbag.py:588} INFO - Filling up the DagBag from /opt/airflow/dags/example_distributed_2.py
[2026-07-04T04:14:18.332+0000] {processor.py:925} INFO - DAG(s) 'example_distributed_celery_fixed_sleep' retrieved from /opt/airflow/dags/example_distributed_2.py
[2026-07-04T04:14:18.373+0000] {logging_mixin.py:190} INFO - [2026-07-04T04:14:18.373+0000] {dag.py:3239} INFO - Sync 1 DAGs
[2026-07-04T04:14:18.396+0000] {logging_mixin.py:190} INFO - [2026-07-04T04:14:18.395+0000] {dag.py:4180} INFO - Setting next_dagrun for example_distributed_celery_fixed_sleep to None, run_after=None
[2026-07-04T04:14:18.472+0000] {processor.py:208} INFO - Processing /opt/airflow/dags/example_distributed_2.py took 0.161 seconds
[2026-07-04T04:14:48.687+0000] {processor.py:186} INFO - Started process (PID=984) to work on /opt/airflow/dags/example_distributed_2.py
[2026-07-04T04:14:48.691+0000] {processor.py:914} INFO - Processing file /opt/airflow/dags/example_distributed_2.py for tasks to queue
[2026-07-04T04:14:48.702+0000] {logging_mixin.py:190} INFO - [2026-07-04T04:14:48.701+0000] {dagbag.py:588} INFO - Filling up the DagBag from /opt/airflow/dags/example_distributed_2.py
[2026-07-04T04:14:48.739+0000] {processor.py:925} INFO - DAG(s) 'example_distributed_celery_fixed_sleep' retrieved from /opt/airflow/dags/example_distributed_2.py
[2026-07-04T04:14:48.810+0000] {logging_mixin.py:190} INFO - [2026-07-04T04:14:48.810+0000] {dag.py:3239} INFO - Sync 1 DAGs
[2026-07-04T04:14:48.897+0000] {logging_mixin.py:190} INFO - [2026-07-04T04:14:48.897+0000] {dag.py:4180} INFO - Setting next_dagrun for example_distributed_celery_fixed_sleep to None, run_after=None
[2026-07-04T04:14:49.077+0000] {processor.py:208} INFO - Processing /opt/airflow/dags/example_distributed_2.py took 0.409 seconds
[2026-07-04T04:15:19.254+0000] {processor.py:186} INFO - Started process (PID=994) to work on /opt/airflow/dags/example_distributed_2.py
[2026-07-04T04:15:19.257+0000] {processor.py:914} INFO - Processing file /opt/airflow/dags/example_distributed_2.py for tasks to queue
[2026-07-04T04:15:19.265+0000] {logging_mixin.py:190} INFO - [2026-07-04T04:15:19.264+0000] {dagbag.py:588} INFO - Filling up the DagBag from /opt/airflow/dags/example_distributed_2.py
[2026-07-04T04:15:19.318+0000] {processor.py:925} INFO - DAG(s) 'example_distributed_celery_fixed_sleep' retrieved from /opt/airflow/dags/example_distributed_2.py
[2026-07-04T04:15:19.410+0000] {logging_mixin.py:190} INFO - [2026-07-04T04:15:19.409+0000] {dag.py:3239} INFO - Sync 1 DAGs
[2026-07-04T04:15:19.504+0000] {logging_mixin.py:190} INFO - [2026-07-04T04:15:19.503+0000] {dag.py:4180} INFO - Setting next_dagrun for example_distributed_celery_fixed_sleep to None, run_after=None
[2026-07-04T04:15:22.052+0000] {processor.py:208} INFO - Processing /opt/airflow/dags/example_distributed_2.py took 2.820 seconds
[2026-07-04T04:15:53.197+0000] {processor.py:186} INFO - Started process (PID=1004) to work on /opt/airflow/dags/example_distributed_2.py
[2026-07-04T04:15:53.216+0000] {processor.py:914} INFO - Processing file /opt/airflow/dags/example_distributed_2.py for tasks to queue
[2026-07-04T04:15:53.231+0000] {logging_mixin.py:190} INFO - [2026-07-04T04:15:53.228+0000] {dagbag.py:588} INFO - Filling up the DagBag from /opt/airflow/dags/example_distributed_2.py
[2026-07-04T04:15:53.274+0000] {processor.py:925} INFO - DAG(s) 'example_distributed_celery_fixed_sleep' retrieved from /opt/airflow/dags/example_distributed_2.py
[2026-07-04T04:15:53.463+0000] {logging_mixin.py:190} INFO - [2026-07-04T04:15:53.462+0000] {dag.py:3239} INFO - Sync 1 DAGs
[2026-07-04T04:15:53.526+0000] {logging_mixin.py:190} INFO - [2026-07-04T04:15:53.525+0000] {dag.py:4180} INFO - Setting next_dagrun for example_distributed_celery_fixed_sleep to None, run_after=None
[2026-07-04T04:15:53.852+0000] {processor.py:208} INFO - Processing /opt/airflow/dags/example_distributed_2.py took 0.708 seconds
[2026-07-04T04:16:23.979+0000] {processor.py:186} INFO - Started process (PID=1014) to work on /opt/airflow/dags/example_distributed_2.py
[2026-07-04T04:16:23.983+0000] {processor.py:914} INFO - Processing file /opt/airflow/dags/example_distributed_2.py for tasks to queue
[2026-07-04T04:16:23.988+0000] {logging_mixin.py:190} INFO - [2026-07-04T04:16:23.987+0000] {dagbag.py:588} INFO - Filling up the DagBag from /opt/airflow/dags/example_distributed_2.py
[2026-07-04T04:16:24.015+0000] {processor.py:925} INFO - DAG(s) 'example_distributed_celery_fixed_sleep' retrieved from /opt/airflow/dags/example_distributed_2.py
[2026-07-04T04:16:24.112+0000] {logging_mixin.py:190} INFO - [2026-07-04T04:16:24.112+0000] {dag.py:3239} INFO - Sync 1 DAGs
[2026-07-04T04:16:24.173+0000] {logging_mixin.py:190} INFO - [2026-07-04T04:16:24.172+0000] {dag.py:4180} INFO - Setting next_dagrun for example_distributed_celery_fixed_sleep to None, run_after=None
[2026-07-04T04:16:24.240+0000] {processor.py:208} INFO - Processing /opt/airflow/dags/example_distributed_2.py took 0.279 seconds
[2026-07-04T04:16:54.860+0000] {processor.py:186} INFO - Started process (PID=1024) to work on /opt/airflow/dags/example_distributed_2.py
[2026-07-04T04:16:54.862+0000] {processor.py:914} INFO - Processing file /opt/airflow/dags/example_distributed_2.py for tasks to queue
[2026-07-04T04:16:54.870+0000] {logging_mixin.py:190} INFO - [2026-07-04T04:16:54.869+0000] {dagbag.py:588} INFO - Filling up the DagBag from /opt/airflow/dags/example_distributed_2.py
[2026-07-04T04:16:54.903+0000] {processor.py:925} INFO - DAG(s) 'example_distributed_celery_fixed_sleep' retrieved from /opt/airflow/dags/example_distributed_2.py
[2026-07-04T04:16:54.989+0000] {logging_mixin.py:190} INFO - [2026-07-04T04:16:54.988+0000] {dag.py:3239} INFO - Sync 1 DAGs
[2026-07-04T04:16:55.036+0000] {logging_mixin.py:190} INFO - [2026-07-04T04:16:55.036+0000] {dag.py:4180} INFO - Setting next_dagrun for example_distributed_celery_fixed_sleep to None, run_after=None
[2026-07-04T04:16:55.093+0000] {processor.py:208} INFO - Processing /opt/airflow/dags/example_distributed_2.py took 0.249 seconds
[2026-07-04T04:17:25.774+0000] {processor.py:186} INFO - Started process (PID=1033) to work on /opt/airflow/dags/example_distributed_2.py
[2026-07-04T04:17:25.777+0000] {processor.py:914} INFO - Processing file /opt/airflow/dags/example_distributed_2.py for tasks to queue
[2026-07-04T04:17:25.782+0000] {logging_mixin.py:190} INFO - [2026-07-04T04:17:25.781+0000] {dagbag.py:588} INFO - Filling up the DagBag from /opt/airflow/dags/example_distributed_2.py
[2026-07-04T04:17:25.821+0000] {processor.py:925} INFO - DAG(s) 'example_distributed_celery_fixed_sleep' retrieved from /opt/airflow/dags/example_distributed_2.py
[2026-07-04T04:17:25.915+0000] {logging_mixin.py:190} INFO - [2026-07-04T04:17:25.915+0000] {dag.py:3239} INFO - Sync 1 DAGs
[2026-07-04T04:17:25.966+0000] {logging_mixin.py:190} INFO - [2026-07-04T04:17:25.966+0000] {dag.py:4180} INFO - Setting next_dagrun for example_distributed_celery_fixed_sleep to None, run_after=None
[2026-07-04T04:17:26.062+0000] {processor.py:208} INFO - Processing /opt/airflow/dags/example_distributed_2.py took 0.312 seconds
[2026-07-04T04:17:56.206+0000] {processor.py:186} INFO - Started process (PID=1037) to work on /opt/airflow/dags/example_distributed_2.py
[2026-07-04T04:17:56.254+0000] {processor.py:914} INFO - Processing file /opt/airflow/dags/example_distributed_2.py for tasks to queue
[2026-07-04T04:17:56.260+0000] {logging_mixin.py:190} INFO - [2026-07-04T04:17:56.260+0000] {dagbag.py:588} INFO - Filling up the DagBag from /opt/airflow/dags/example_distributed_2.py
[2026-07-04T04:17:56.282+0000] {processor.py:925} INFO - DAG(s) 'example_distributed_celery_fixed_sleep' retrieved from /opt/airflow/dags/example_distributed_2.py
[2026-07-04T04:17:56.353+0000] {logging_mixin.py:190} INFO - [2026-07-04T04:17:56.353+0000] {dag.py:3239} INFO - Sync 1 DAGs
[2026-07-04T04:17:56.386+0000] {logging_mixin.py:190} INFO - [2026-07-04T04:17:56.385+0000] {dag.py:4180} INFO - Setting next_dagrun for example_distributed_celery_fixed_sleep to None, run_after=None
[2026-07-04T04:17:56.439+0000] {processor.py:208} INFO - Processing /opt/airflow/dags/example_distributed_2.py took 0.243 seconds
[2026-07-04T04:18:27.093+0000] {processor.py:186} INFO - Started process (PID=1047) to work on /opt/airflow/dags/example_distributed_2.py
[2026-07-04T04:18:27.094+0000] {processor.py:914} INFO - Processing file /opt/airflow/dags/example_distributed_2.py for tasks to queue
[2026-07-04T04:18:27.097+0000] {logging_mixin.py:190} INFO - [2026-07-04T04:18:27.097+0000] {dagbag.py:588} INFO - Filling up the DagBag from /opt/airflow/dags/example_distributed_2.py
[2026-07-04T04:18:27.112+0000] {processor.py:925} INFO - DAG(s) 'example_distributed_celery_fixed_sleep' retrieved from /opt/airflow/dags/example_distributed_2.py
[2026-07-04T04:18:27.161+0000] {logging_mixin.py:190} INFO - [2026-07-04T04:18:27.160+0000] {dag.py:3239} INFO - Sync 1 DAGs
[2026-07-04T04:18:27.185+0000] {logging_mixin.py:190} INFO - [2026-07-04T04:18:27.185+0000] {dag.py:4180} INFO - Setting next_dagrun for example_distributed_celery_fixed_sleep to None, run_after=None
[2026-07-04T04:18:27.216+0000] {processor.py:208} INFO - Processing /opt/airflow/dags/example_distributed_2.py took 0.133 seconds
[2026-07-04T04:18:57.587+0000] {processor.py:186} INFO - Started process (PID=1057) to work on /opt/airflow/dags/example_distributed_2.py
[2026-07-04T04:18:57.591+0000] {processor.py:914} INFO - Processing file /opt/airflow/dags/example_distributed_2.py for tasks to queue
[2026-07-04T04:18:57.597+0000] {logging_mixin.py:190} INFO - [2026-07-04T04:18:57.596+0000] {dagbag.py:588} INFO - Filling up the DagBag from /opt/airflow/dags/example_distributed_2.py
[2026-07-04T04:18:57.619+0000] {processor.py:925} INFO - DAG(s) 'example_distributed_celery_fixed_sleep' retrieved from /opt/airflow/dags/example_distributed_2.py
[2026-07-04T04:18:57.691+0000] {logging_mixin.py:190} INFO - [2026-07-04T04:18:57.690+0000] {dag.py:3239} INFO - Sync 1 DAGs
[2026-07-04T04:18:57.734+0000] {logging_mixin.py:190} INFO - [2026-07-04T04:18:57.734+0000] {dag.py:4180} INFO - Setting next_dagrun for example_distributed_celery_fixed_sleep to None, run_after=None
[2026-07-04T04:18:57.792+0000] {processor.py:208} INFO - Processing /opt/airflow/dags/example_distributed_2.py took 0.216 seconds
[2026-07-04T04:19:28.142+0000] {processor.py:186} INFO - Started process (PID=1068) to work on /opt/airflow/dags/example_distributed_2.py
[2026-07-04T04:19:28.143+0000] {processor.py:914} INFO - Processing file /opt/airflow/dags/example_distributed_2.py for tasks to queue
[2026-07-04T04:19:28.146+0000] {logging_mixin.py:190} INFO - [2026-07-04T04:19:28.145+0000] {dagbag.py:588} INFO - Filling up the DagBag from /opt/airflow/dags/example_distributed_2.py
[2026-07-04T04:19:28.168+0000] {processor.py:925} INFO - DAG(s) 'example_distributed_celery_fixed_sleep' retrieved from /opt/airflow/dags/example_distributed_2.py
[2026-07-04T04:19:28.229+0000] {logging_mixin.py:190} INFO - [2026-07-04T04:19:28.229+0000] {dag.py:3239} INFO - Sync 1 DAGs
[2026-07-04T04:19:28.260+0000] {logging_mixin.py:190} INFO - [2026-07-04T04:19:28.260+0000] {dag.py:4180} INFO - Setting next_dagrun for example_distributed_celery_fixed_sleep to None, run_after=None
[2026-07-04T04:19:28.306+0000] {processor.py:208} INFO - Processing /opt/airflow/dags/example_distributed_2.py took 0.177 seconds
[2026-07-04T04:19:58.475+0000] {processor.py:186} INFO - Started process (PID=1078) to work on /opt/airflow/dags/example_distributed_2.py
[2026-07-04T04:19:58.478+0000] {processor.py:914} INFO - Processing file /opt/airflow/dags/example_distributed_2.py for tasks to queue
[2026-07-04T04:19:58.481+0000] {logging_mixin.py:190} INFO - [2026-07-04T04:19:58.480+0000] {dagbag.py:588} INFO - Filling up the DagBag from /opt/airflow/dags/example_distributed_2.py
[2026-07-04T04:19:58.497+0000] {processor.py:925} INFO - DAG(s) 'example_distributed_celery_fixed_sleep' retrieved from /opt/airflow/dags/example_distributed_2.py
[2026-07-04T04:19:58.539+0000] {logging_mixin.py:190} INFO - [2026-07-04T04:19:58.538+0000] {dag.py:3239} INFO - Sync 1 DAGs
[2026-07-04T04:19:58.563+0000] {logging_mixin.py:190} INFO - [2026-07-04T04:19:58.563+0000] {dag.py:4180} INFO - Setting next_dagrun for example_distributed_celery_fixed_sleep to None, run_after=None
[2026-07-04T04:19:58.605+0000] {processor.py:208} INFO - Processing /opt/airflow/dags/example_distributed_2.py took 0.140 seconds
[2026-07-04T04:20:28.691+0000] {processor.py:186} INFO - Started process (PID=1088) to work on /opt/airflow/dags/example_distributed_2.py
[2026-07-04T04:20:28.694+0000] {processor.py:914} INFO - Processing file /opt/airflow/dags/example_distributed_2.py for tasks to queue
[2026-07-04T04:20:28.699+0000] {logging_mixin.py:190} INFO - [2026-07-04T04:20:28.698+0000] {dagbag.py:588} INFO - Filling up the DagBag from /opt/airflow/dags/example_distributed_2.py
[2026-07-04T04:20:28.720+0000] {processor.py:925} INFO - DAG(s) 'example_distributed_celery_fixed_sleep' retrieved from /opt/airflow/dags/example_distributed_2.py
[2026-07-04T04:20:28.793+0000] {logging_mixin.py:190} INFO - [2026-07-04T04:20:28.792+0000] {dag.py:3239} INFO - Sync 1 DAGs
[2026-07-04T04:20:28.830+0000] {logging_mixin.py:190} INFO - [2026-07-04T04:20:28.829+0000] {dag.py:4180} INFO - Setting next_dagrun for example_distributed_celery_fixed_sleep to None, run_after=None
[2026-07-04T04:20:28.872+0000] {processor.py:208} INFO - Processing /opt/airflow/dags/example_distributed_2.py took 0.195 seconds
[2026-07-04T04:20:59.102+0000] {processor.py:186} INFO - Started process (PID=1099) to work on /opt/airflow/dags/example_distributed_2.py
[2026-07-04T04:20:59.106+0000] {processor.py:914} INFO - Processing file /opt/airflow/dags/example_distributed_2.py for tasks to queue
[2026-07-04T04:20:59.114+0000] {logging_mixin.py:190} INFO - [2026-07-04T04:20:59.113+0000] {dagbag.py:588} INFO - Filling up the DagBag from /opt/airflow/dags/example_distributed_2.py
[2026-07-04T04:20:59.128+0000] {processor.py:925} INFO - DAG(s) 'example_distributed_celery_fixed_sleep' retrieved from /opt/airflow/dags/example_distributed_2.py
[2026-07-04T04:20:59.186+0000] {logging_mixin.py:190} INFO - [2026-07-04T04:20:59.186+0000] {dag.py:3239} INFO - Sync 1 DAGs
[2026-07-04T04:20:59.212+0000] {logging_mixin.py:190} INFO - [2026-07-04T04:20:59.211+0000] {dag.py:4180} INFO - Setting next_dagrun for example_distributed_celery_fixed_sleep to None, run_after=None
[2026-07-04T04:20:59.244+0000] {processor.py:208} INFO - Processing /opt/airflow/dags/example_distributed_2.py took 0.152 seconds
[2026-07-04T04:21:29.574+0000] {processor.py:186} INFO - Started process (PID=1109) to work on /opt/airflow/dags/example_distributed_2.py
[2026-07-04T04:21:29.575+0000] {processor.py:914} INFO - Processing file /opt/airflow/dags/example_distributed_2.py for tasks to queue
[2026-07-04T04:21:29.580+0000] {logging_mixin.py:190} INFO - [2026-07-04T04:21:29.579+0000] {dagbag.py:588} INFO - Filling up the DagBag from /opt/airflow/dags/example_distributed_2.py
[2026-07-04T04:21:29.603+0000] {processor.py:925} INFO - DAG(s) 'example_distributed_celery_fixed_sleep' retrieved from /opt/airflow/dags/example_distributed_2.py
[2026-07-04T04:21:29.671+0000] {logging_mixin.py:190} INFO - [2026-07-04T04:21:29.671+0000] {dag.py:3239} INFO - Sync 1 DAGs
[2026-07-04T04:21:29.701+0000] {logging_mixin.py:190} INFO - [2026-07-04T04:21:29.700+0000] {dag.py:4180} INFO - Setting next_dagrun for example_distributed_celery_fixed_sleep to None, run_after=None
[2026-07-04T04:21:30.086+0000] {processor.py:208} INFO - Processing /opt/airflow/dags/example_distributed_2.py took 0.523 seconds
[2026-07-04T04:22:00.381+0000] {processor.py:186} INFO - Started process (PID=1119) to work on /opt/airflow/dags/example_distributed_2.py
[2026-07-04T04:22:00.386+0000] {processor.py:914} INFO - Processing file /opt/airflow/dags/example_distributed_2.py for tasks to queue
[2026-07-04T04:22:00.397+0000] {logging_mixin.py:190} INFO - [2026-07-04T04:22:00.395+0000] {dagbag.py:588} INFO - Filling up the DagBag from /opt/airflow/dags/example_distributed_2.py
[2026-07-04T04:22:00.435+0000] {processor.py:925} INFO - DAG(s) 'example_distributed_celery_fixed_sleep' retrieved from /opt/airflow/dags/example_distributed_2.py
[2026-07-04T04:22:00.547+0000] {logging_mixin.py:190} INFO - [2026-07-04T04:22:00.546+0000] {dag.py:3239} INFO - Sync 1 DAGs
[2026-07-04T04:22:00.616+0000] {logging_mixin.py:190} INFO - [2026-07-04T04:22:00.614+0000] {dag.py:4180} INFO - Setting next_dagrun for example_distributed_celery_fixed_sleep to None, run_after=None
[2026-07-04T04:22:00.706+0000] {processor.py:208} INFO - Processing /opt/airflow/dags/example_distributed_2.py took 0.340 seconds
[2026-07-04T04:22:31.306+0000] {processor.py:186} INFO - Started process (PID=1123) to work on /opt/airflow/dags/example_distributed_2.py
[2026-07-04T04:22:31.308+0000] {processor.py:914} INFO - Processing file /opt/airflow/dags/example_distributed_2.py for tasks to queue
[2026-07-04T04:22:31.317+0000] {logging_mixin.py:190} INFO - [2026-07-04T04:22:31.316+0000] {dagbag.py:588} INFO - Filling up the DagBag from /opt/airflow/dags/example_distributed_2.py
[2026-07-04T04:22:31.347+0000] {processor.py:925} INFO - DAG(s) 'example_distributed_celery_fixed_sleep' retrieved from /opt/airflow/dags/example_distributed_2.py
[2026-07-04T04:22:31.691+0000] {logging_mixin.py:190} INFO - [2026-07-04T04:22:31.690+0000] {dag.py:3239} INFO - Sync 1 DAGs
[2026-07-04T04:22:31.743+0000] {logging_mixin.py:190} INFO - [2026-07-04T04:22:31.742+0000] {dag.py:4180} INFO - Setting next_dagrun for example_distributed_celery_fixed_sleep to None, run_after=None
[2026-07-04T04:22:32.428+0000] {processor.py:208} INFO - Processing /opt/airflow/dags/example_distributed_2.py took 1.140 seconds
[2026-07-04T04:23:02.637+0000] {processor.py:186} INFO - Started process (PID=1133) to work on /opt/airflow/dags/example_distributed_2.py
[2026-07-04T04:23:02.640+0000] {processor.py:914} INFO - Processing file /opt/airflow/dags/example_distributed_2.py for tasks to queue
[2026-07-04T04:23:02.651+0000] {logging_mixin.py:190} INFO - [2026-07-04T04:23:02.651+0000] {dagbag.py:588} INFO - Filling up the DagBag from /opt/airflow/dags/example_distributed_2.py
[2026-07-04T04:23:02.687+0000] {processor.py:925} INFO - DAG(s) 'example_distributed_celery_fixed_sleep' retrieved from /opt/airflow/dags/example_distributed_2.py
[2026-07-04T04:23:02.829+0000] {logging_mixin.py:190} INFO - [2026-07-04T04:23:02.828+0000] {dag.py:3239} INFO - Sync 1 DAGs
[2026-07-04T04:23:02.879+0000] {logging_mixin.py:190} INFO - [2026-07-04T04:23:02.879+0000] {dag.py:4180} INFO - Setting next_dagrun for example_distributed_celery_fixed_sleep to None, run_after=None
[2026-07-04T04:23:02.960+0000] {processor.py:208} INFO - Processing /opt/airflow/dags/example_distributed_2.py took 0.349 seconds
[2026-07-04T04:23:33.381+0000] {processor.py:186} INFO - Started process (PID=1143) to work on /opt/airflow/dags/example_distributed_2.py
[2026-07-04T04:23:33.384+0000] {processor.py:914} INFO - Processing file /opt/airflow/dags/example_distributed_2.py for tasks to queue
[2026-07-04T04:23:33.392+0000] {logging_mixin.py:190} INFO - [2026-07-04T04:23:33.389+0000] {dagbag.py:588} INFO - Filling up the DagBag from /opt/airflow/dags/example_distributed_2.py
[2026-07-04T04:23:33.424+0000] {processor.py:925} INFO - DAG(s) 'example_distributed_celery_fixed_sleep' retrieved from /opt/airflow/dags/example_distributed_2.py
[2026-07-04T04:23:33.517+0000] {logging_mixin.py:190} INFO - [2026-07-04T04:23:33.516+0000] {dag.py:3239} INFO - Sync 1 DAGs
[2026-07-04T04:23:33.561+0000] {logging_mixin.py:190} INFO - [2026-07-04T04:23:33.561+0000] {dag.py:4180} INFO - Setting next_dagrun for example_distributed_celery_fixed_sleep to None, run_after=None
[2026-07-04T04:23:33.623+0000] {processor.py:208} INFO - Processing /opt/airflow/dags/example_distributed_2.py took 0.262 seconds
[2026-07-04T04:24:04.330+0000] {processor.py:186} INFO - Started process (PID=1154) to work on /opt/airflow/dags/example_distributed_2.py
[2026-07-04T04:24:04.357+0000] {processor.py:914} INFO - Processing file /opt/airflow/dags/example_distributed_2.py for tasks to queue
[2026-07-04T04:24:04.365+0000] {logging_mixin.py:190} INFO - [2026-07-04T04:24:04.365+0000] {dagbag.py:588} INFO - Filling up the DagBag from /opt/airflow/dags/example_distributed_2.py
[2026-07-04T04:24:04.396+0000] {processor.py:925} INFO - DAG(s) 'example_distributed_celery_fixed_sleep' retrieved from /opt/airflow/dags/example_distributed_2.py
[2026-07-04T04:24:04.478+0000] {logging_mixin.py:190} INFO - [2026-07-04T04:24:04.477+0000] {dag.py:3239} INFO - Sync 1 DAGs
[2026-07-04T04:24:04.522+0000] {logging_mixin.py:190} INFO - [2026-07-04T04:24:04.522+0000] {dag.py:4180} INFO - Setting next_dagrun for example_distributed_celery_fixed_sleep to None, run_after=None
[2026-07-04T04:24:04.580+0000] {processor.py:208} INFO - Processing /opt/airflow/dags/example_distributed_2.py took 0.270 seconds
[2026-07-04T04:24:35.105+0000] {processor.py:186} INFO - Started process (PID=1163) to work on /opt/airflow/dags/example_distributed_2.py
[2026-07-04T04:24:35.109+0000] {processor.py:914} INFO - Processing file /opt/airflow/dags/example_distributed_2.py for tasks to queue
[2026-07-04T04:24:35.117+0000] {logging_mixin.py:190} INFO - [2026-07-04T04:24:35.116+0000] {dagbag.py:588} INFO - Filling up the DagBag from /opt/airflow/dags/example_distributed_2.py
[2026-07-04T04:24:35.140+0000] {processor.py:925} INFO - DAG(s) 'example_distributed_celery_fixed_sleep' retrieved from /opt/airflow/dags/example_distributed_2.py
[2026-07-04T04:24:35.218+0000] {logging_mixin.py:190} INFO - [2026-07-04T04:24:35.218+0000] {dag.py:3239} INFO - Sync 1 DAGs
[2026-07-04T04:24:35.274+0000] {logging_mixin.py:190} INFO - [2026-07-04T04:24:35.273+0000] {dag.py:4180} INFO - Setting next_dagrun for example_distributed_celery_fixed_sleep to None, run_after=None
[2026-07-04T04:24:35.320+0000] {processor.py:208} INFO - Processing /opt/airflow/dags/example_distributed_2.py took 0.232 seconds
[2026-07-04T04:25:05.986+0000] {processor.py:186} INFO - Started process (PID=1167) to work on /opt/airflow/dags/example_distributed_2.py
[2026-07-04T04:25:05.992+0000] {processor.py:914} INFO - Processing file /opt/airflow/dags/example_distributed_2.py for tasks to queue
[2026-07-04T04:25:06.000+0000] {logging_mixin.py:190} INFO - [2026-07-04T04:25:05.999+0000] {dagbag.py:588} INFO - Filling up the DagBag from /opt/airflow/dags/example_distributed_2.py
[2026-07-04T04:25:06.043+0000] {processor.py:925} INFO - DAG(s) 'example_distributed_celery_fixed_sleep' retrieved from /opt/airflow/dags/example_distributed_2.py
[2026-07-04T04:25:06.158+0000] {logging_mixin.py:190} INFO - [2026-07-04T04:25:06.157+0000] {dag.py:3239} INFO - Sync 1 DAGs
[2026-07-04T04:25:06.208+0000] {logging_mixin.py:190} INFO - [2026-07-04T04:25:06.207+0000] {dag.py:4180} INFO - Setting next_dagrun for example_distributed_celery_fixed_sleep to None, run_after=None
[2026-07-04T04:25:06.298+0000] {processor.py:208} INFO - Processing /opt/airflow/dags/example_distributed_2.py took 0.330 seconds
[2026-07-04T04:25:36.513+0000] {processor.py:186} INFO - Started process (PID=1177) to work on /opt/airflow/dags/example_distributed_2.py
[2026-07-04T04:25:36.516+0000] {processor.py:914} INFO - Processing file /opt/airflow/dags/example_distributed_2.py for tasks to queue
[2026-07-04T04:25:36.522+0000] {logging_mixin.py:190} INFO - [2026-07-04T04:25:36.521+0000] {dagbag.py:588} INFO - Filling up the DagBag from /opt/airflow/dags/example_distributed_2.py
[2026-07-04T04:25:36.563+0000] {processor.py:925} INFO - DAG(s) 'example_distributed_celery_fixed_sleep' retrieved from /opt/airflow/dags/example_distributed_2.py
[2026-07-04T04:25:36.687+0000] {logging_mixin.py:190} INFO - [2026-07-04T04:25:36.686+0000] {dag.py:3239} INFO - Sync 1 DAGs
[2026-07-04T04:25:36.744+0000] {logging_mixin.py:190} INFO - [2026-07-04T04:25:36.743+0000] {dag.py:4180} INFO - Setting next_dagrun for example_distributed_celery_fixed_sleep to None, run_after=None
[2026-07-04T04:25:36.824+0000] {processor.py:208} INFO - Processing /opt/airflow/dags/example_distributed_2.py took 0.336 seconds
[2026-07-04T04:26:07.584+0000] {processor.py:186} INFO - Started process (PID=1187) to work on /opt/airflow/dags/example_distributed_2.py
[2026-07-04T04:26:07.601+0000] {processor.py:914} INFO - Processing file /opt/airflow/dags/example_distributed_2.py for tasks to queue
[2026-07-04T04:26:07.608+0000] {logging_mixin.py:190} INFO - [2026-07-04T04:26:07.607+0000] {dagbag.py:588} INFO - Filling up the DagBag from /opt/airflow/dags/example_distributed_2.py
[2026-07-04T04:26:07.636+0000] {processor.py:925} INFO - DAG(s) 'example_distributed_celery_fixed_sleep' retrieved from /opt/airflow/dags/example_distributed_2.py
[2026-07-04T04:26:07.904+0000] {logging_mixin.py:190} INFO - [2026-07-04T04:26:07.898+0000] {dag.py:3239} INFO - Sync 1 DAGs
[2026-07-04T04:26:08.116+0000] {logging_mixin.py:190} INFO - [2026-07-04T04:26:08.116+0000] {dag.py:4180} INFO - Setting next_dagrun for example_distributed_celery_fixed_sleep to None, run_after=None
[2026-07-04T04:26:08.194+0000] {processor.py:208} INFO - Processing /opt/airflow/dags/example_distributed_2.py took 0.633 seconds
[2026-07-04T04:26:38.319+0000] {processor.py:186} INFO - Started process (PID=1197) to work on /opt/airflow/dags/example_distributed_2.py
[2026-07-04T04:26:38.321+0000] {processor.py:914} INFO - Processing file /opt/airflow/dags/example_distributed_2.py for tasks to queue
[2026-07-04T04:26:38.329+0000] {logging_mixin.py:190} INFO - [2026-07-04T04:26:38.329+0000] {dagbag.py:588} INFO - Filling up the DagBag from /opt/airflow/dags/example_distributed_2.py
[2026-07-04T04:26:38.359+0000] {processor.py:925} INFO - DAG(s) 'example_distributed_celery_fixed_sleep' retrieved from /opt/airflow/dags/example_distributed_2.py
[2026-07-04T04:26:38.474+0000] {logging_mixin.py:190} INFO - [2026-07-04T04:26:38.474+0000] {dag.py:3239} INFO - Sync 1 DAGs
[2026-07-04T04:26:38.525+0000] {logging_mixin.py:190} INFO - [2026-07-04T04:26:38.524+0000] {dag.py:4180} INFO - Setting next_dagrun for example_distributed_celery_fixed_sleep to None, run_after=None
[2026-07-04T04:26:38.600+0000] {processor.py:208} INFO - Processing /opt/airflow/dags/example_distributed_2.py took 0.296 seconds
[2026-07-04T04:27:09.162+0000] {processor.py:186} INFO - Started process (PID=1205) to work on /opt/airflow/dags/example_distributed_2.py
[2026-07-04T04:27:09.167+0000] {processor.py:914} INFO - Processing file /opt/airflow/dags/example_distributed_2.py for tasks to queue
[2026-07-04T04:27:09.177+0000] {logging_mixin.py:190} INFO - [2026-07-04T04:27:09.175+0000] {dagbag.py:588} INFO - Filling up the DagBag from /opt/airflow/dags/example_distributed_2.py
[2026-07-04T04:27:09.225+0000] {processor.py:925} INFO - DAG(s) 'example_distributed_celery_fixed_sleep' retrieved from /opt/airflow/dags/example_distributed_2.py
[2026-07-04T04:27:09.342+0000] {logging_mixin.py:190} INFO - [2026-07-04T04:27:09.342+0000] {dag.py:3239} INFO - Sync 1 DAGs
[2026-07-04T04:27:09.385+0000] {logging_mixin.py:190} INFO - [2026-07-04T04:27:09.384+0000] {dag.py:4180} INFO - Setting next_dagrun for example_distributed_celery_fixed_sleep to None, run_after=None
[2026-07-04T04:27:09.448+0000] {processor.py:208} INFO - Processing /opt/airflow/dags/example_distributed_2.py took 0.301 seconds
[2026-07-04T04:27:40.390+0000] {processor.py:186} INFO - Started process (PID=1209) to work on /opt/airflow/dags/example_distributed_2.py
[2026-07-04T04:27:40.392+0000] {processor.py:914} INFO - Processing file /opt/airflow/dags/example_distributed_2.py for tasks to queue
[2026-07-04T04:27:40.407+0000] {logging_mixin.py:190} INFO - [2026-07-04T04:27:40.406+0000] {dagbag.py:588} INFO - Filling up the DagBag from /opt/airflow/dags/example_distributed_2.py
[2026-07-04T04:27:40.433+0000] {processor.py:925} INFO - DAG(s) 'example_distributed_celery_fixed_sleep' retrieved from /opt/airflow/dags/example_distributed_2.py
[2026-07-04T04:27:40.534+0000] {logging_mixin.py:190} INFO - [2026-07-04T04:27:40.534+0000] {dag.py:3239} INFO - Sync 1 DAGs
[2026-07-04T04:27:40.567+0000] {logging_mixin.py:190} INFO - [2026-07-04T04:27:40.567+0000] {dag.py:4180} INFO - Setting next_dagrun for example_distributed_celery_fixed_sleep to None, run_after=None
[2026-07-04T04:27:40.675+0000] {processor.py:208} INFO - Processing /opt/airflow/dags/example_distributed_2.py took 0.303 seconds
[2026-07-04T04:28:11.793+0000] {processor.py:186} INFO - Started process (PID=1219) to work on /opt/airflow/dags/example_distributed_2.py
[2026-07-04T04:28:11.799+0000] {processor.py:914} INFO - Processing file /opt/airflow/dags/example_distributed_2.py for tasks to queue
[2026-07-04T04:28:11.805+0000] {logging_mixin.py:190} INFO - [2026-07-04T04:28:11.804+0000] {dagbag.py:588} INFO - Filling up the DagBag from /opt/airflow/dags/example_distributed_2.py
[2026-07-04T04:28:11.829+0000] {processor.py:925} INFO - DAG(s) 'example_distributed_celery_fixed_sleep' retrieved from /opt/airflow/dags/example_distributed_2.py
[2026-07-04T04:28:11.961+0000] {logging_mixin.py:190} INFO - [2026-07-04T04:28:11.957+0000] {dag.py:3239} INFO - Sync 1 DAGs
[2026-07-04T04:28:12.133+0000] {logging_mixin.py:190} INFO - [2026-07-04T04:28:12.133+0000] {dag.py:4180} INFO - Setting next_dagrun for example_distributed_celery_fixed_sleep to None, run_after=None
[2026-07-04T04:28:12.258+0000] {processor.py:208} INFO - Processing /opt/airflow/dags/example_distributed_2.py took 0.485 seconds
[2026-07-04T04:28:42.334+0000] {processor.py:186} INFO - Started process (PID=1230) to work on /opt/airflow/dags/example_distributed_2.py
[2026-07-04T04:28:42.336+0000] {processor.py:914} INFO - Processing file /opt/airflow/dags/example_distributed_2.py for tasks to queue
[2026-07-04T04:28:42.345+0000] {logging_mixin.py:190} INFO - [2026-07-04T04:28:42.344+0000] {dagbag.py:588} INFO - Filling up the DagBag from /opt/airflow/dags/example_distributed_2.py
[2026-07-04T04:28:42.377+0000] {processor.py:925} INFO - DAG(s) 'example_distributed_celery_fixed_sleep' retrieved from /opt/airflow/dags/example_distributed_2.py
[2026-07-04T04:28:42.508+0000] {logging_mixin.py:190} INFO - [2026-07-04T04:28:42.507+0000] {dag.py:3239} INFO - Sync 1 DAGs
[2026-07-04T04:28:42.557+0000] {logging_mixin.py:190} INFO - [2026-07-04T04:28:42.555+0000] {dag.py:4180} INFO - Setting next_dagrun for example_distributed_celery_fixed_sleep to None, run_after=None
[2026-07-04T04:28:42.635+0000] {processor.py:208} INFO - Processing /opt/airflow/dags/example_distributed_2.py took 0.320 seconds
[2026-07-04T04:29:12.787+0000] {processor.py:186} INFO - Started process (PID=1241) to work on /opt/airflow/dags/example_distributed_2.py
[2026-07-04T04:29:12.791+0000] {processor.py:914} INFO - Processing file /opt/airflow/dags/example_distributed_2.py for tasks to queue
[2026-07-04T04:29:12.803+0000] {logging_mixin.py:190} INFO - [2026-07-04T04:29:12.801+0000] {dagbag.py:588} INFO - Filling up the DagBag from /opt/airflow/dags/example_distributed_2.py
[2026-07-04T04:29:12.836+0000] {processor.py:925} INFO - DAG(s) 'example_distributed_celery_fixed_sleep' retrieved from /opt/airflow/dags/example_distributed_2.py
[2026-07-04T04:29:12.894+0000] {logging_mixin.py:190} INFO - [2026-07-04T04:29:12.894+0000] {dag.py:3239} INFO - Sync 1 DAGs
[2026-07-04T04:29:12.919+0000] {logging_mixin.py:190} INFO - [2026-07-04T04:29:12.918+0000] {dag.py:4180} INFO - Setting next_dagrun for example_distributed_celery_fixed_sleep to None, run_after=None
[2026-07-04T04:29:12.984+0000] {processor.py:208} INFO - Processing /opt/airflow/dags/example_distributed_2.py took 0.218 seconds
[2026-07-04T04:29:43.583+0000] {processor.py:186} INFO - Started process (PID=1251) to work on /opt/airflow/dags/example_distributed_2.py
[2026-07-04T04:29:43.586+0000] {processor.py:914} INFO - Processing file /opt/airflow/dags/example_distributed_2.py for tasks to queue
[2026-07-04T04:29:43.594+0000] {logging_mixin.py:190} INFO - [2026-07-04T04:29:43.593+0000] {dagbag.py:588} INFO - Filling up the DagBag from /opt/airflow/dags/example_distributed_2.py
[2026-07-04T04:29:43.619+0000] {processor.py:925} INFO - DAG(s) 'example_distributed_celery_fixed_sleep' retrieved from /opt/airflow/dags/example_distributed_2.py
[2026-07-04T04:29:43.718+0000] {logging_mixin.py:190} INFO - [2026-07-04T04:29:43.718+0000] {dag.py:3239} INFO - Sync 1 DAGs
[2026-07-04T04:29:43.751+0000] {logging_mixin.py:190} INFO - [2026-07-04T04:29:43.750+0000] {dag.py:4180} INFO - Setting next_dagrun for example_distributed_celery_fixed_sleep to None, run_after=None
[2026-07-04T04:29:43.809+0000] {processor.py:208} INFO - Processing /opt/airflow/dags/example_distributed_2.py took 0.245 seconds
[2026-07-04T04:30:15.100+0000] {processor.py:186} INFO - Started process (PID=1261) to work on /opt/airflow/dags/example_distributed_2.py
[2026-07-04T04:30:15.103+0000] {processor.py:914} INFO - Processing file /opt/airflow/dags/example_distributed_2.py for tasks to queue
[2026-07-04T04:30:15.108+0000] {logging_mixin.py:190} INFO - [2026-07-04T04:30:15.108+0000] {dagbag.py:588} INFO - Filling up the DagBag from /opt/airflow/dags/example_distributed_2.py
[2026-07-04T04:30:15.125+0000] {processor.py:925} INFO - DAG(s) 'example_distributed_celery_fixed_sleep' retrieved from /opt/airflow/dags/example_distributed_2.py
[2026-07-04T04:30:15.203+0000] {logging_mixin.py:190} INFO - [2026-07-04T04:30:15.203+0000] {dag.py:3239} INFO - Sync 1 DAGs
[2026-07-04T04:30:15.248+0000] {logging_mixin.py:190} INFO - [2026-07-04T04:30:15.247+0000] {dag.py:4180} INFO - Setting next_dagrun for example_distributed_celery_fixed_sleep to None, run_after=None
[2026-07-04T04:30:15.303+0000] {processor.py:208} INFO - Processing /opt/airflow/dags/example_distributed_2.py took 0.223 seconds
[2026-07-04T04:30:45.743+0000] {processor.py:186} INFO - Started process (PID=1264) to work on /opt/airflow/dags/example_distributed_2.py
[2026-07-04T04:30:45.744+0000] {processor.py:914} INFO - Processing file /opt/airflow/dags/example_distributed_2.py for tasks to queue
[2026-07-04T04:30:45.749+0000] {logging_mixin.py:190} INFO - [2026-07-04T04:30:45.748+0000] {dagbag.py:588} INFO - Filling up the DagBag from /opt/airflow/dags/example_distributed_2.py
[2026-07-04T04:30:45.764+0000] {processor.py:925} INFO - DAG(s) 'example_distributed_celery_fixed_sleep' retrieved from /opt/airflow/dags/example_distributed_2.py
[2026-07-04T04:30:45.820+0000] {logging_mixin.py:190} INFO - [2026-07-04T04:30:45.820+0000] {dag.py:3239} INFO - Sync 1 DAGs
[2026-07-04T04:30:45.847+0000] {logging_mixin.py:190} INFO - [2026-07-04T04:30:45.847+0000] {dag.py:4180} INFO - Setting next_dagrun for example_distributed_celery_fixed_sleep to None, run_after=None
[2026-07-04T04:30:45.962+0000] {processor.py:208} INFO - Processing /opt/airflow/dags/example_distributed_2.py took 0.230 seconds
[2026-07-04T04:31:16.345+0000] {processor.py:186} INFO - Started process (PID=1274) to work on /opt/airflow/dags/example_distributed_2.py
[2026-07-04T04:31:16.347+0000] {processor.py:914} INFO - Processing file /opt/airflow/dags/example_distributed_2.py for tasks to queue
[2026-07-04T04:31:16.350+0000] {logging_mixin.py:190} INFO - [2026-07-04T04:31:16.349+0000] {dagbag.py:588} INFO - Filling up the DagBag from /opt/airflow/dags/example_distributed_2.py
[2026-07-04T04:31:16.363+0000] {processor.py:925} INFO - DAG(s) 'example_distributed_celery_fixed_sleep' retrieved from /opt/airflow/dags/example_distributed_2.py
[2026-07-04T04:31:16.407+0000] {logging_mixin.py:190} INFO - [2026-07-04T04:31:16.407+0000] {dag.py:3239} INFO - Sync 1 DAGs
[2026-07-04T04:31:16.435+0000] {logging_mixin.py:190} INFO - [2026-07-04T04:31:16.434+0000] {dag.py:4180} INFO - Setting next_dagrun for example_distributed_celery_fixed_sleep to None, run_after=None
[2026-07-04T04:31:16.470+0000] {processor.py:208} INFO - Processing /opt/airflow/dags/example_distributed_2.py took 0.134 seconds
[2026-07-04T04:31:47.281+0000] {processor.py:186} INFO - Started process (PID=1284) to work on /opt/airflow/dags/example_distributed_2.py
[2026-07-04T04:31:47.283+0000] {processor.py:914} INFO - Processing file /opt/airflow/dags/example_distributed_2.py for tasks to queue
[2026-07-04T04:31:47.288+0000] {logging_mixin.py:190} INFO - [2026-07-04T04:31:47.287+0000] {dagbag.py:588} INFO - Filling up the DagBag from /opt/airflow/dags/example_distributed_2.py
[2026-07-04T04:31:47.319+0000] {processor.py:925} INFO - DAG(s) 'example_distributed_celery_fixed_sleep' retrieved from /opt/airflow/dags/example_distributed_2.py
[2026-07-04T04:31:47.445+0000] {logging_mixin.py:190} INFO - [2026-07-04T04:31:47.444+0000] {dag.py:3239} INFO - Sync 1 DAGs
[2026-07-04T04:31:47.500+0000] {logging_mixin.py:190} INFO - [2026-07-04T04:31:47.499+0000] {dag.py:4180} INFO - Setting next_dagrun for example_distributed_celery_fixed_sleep to None, run_after=None
[2026-07-04T04:31:47.567+0000] {processor.py:208} INFO - Processing /opt/airflow/dags/example_distributed_2.py took 0.304 seconds
[2026-07-04T04:32:17.775+0000] {processor.py:186} INFO - Started process (PID=1294) to work on /opt/airflow/dags/example_distributed_2.py
[2026-07-04T04:32:17.779+0000] {processor.py:914} INFO - Processing file /opt/airflow/dags/example_distributed_2.py for tasks to queue
[2026-07-04T04:32:17.789+0000] {logging_mixin.py:190} INFO - [2026-07-04T04:32:17.787+0000] {dagbag.py:588} INFO - Filling up the DagBag from /opt/airflow/dags/example_distributed_2.py
[2026-07-04T04:32:17.818+0000] {processor.py:925} INFO - DAG(s) 'example_distributed_celery_fixed_sleep' retrieved from /opt/airflow/dags/example_distributed_2.py
[2026-07-04T04:32:17.911+0000] {logging_mixin.py:190} INFO - [2026-07-04T04:32:17.910+0000] {dag.py:3239} INFO - Sync 1 DAGs
[2026-07-04T04:32:17.953+0000] {logging_mixin.py:190} INFO - [2026-07-04T04:32:17.953+0000] {dag.py:4180} INFO - Setting next_dagrun for example_distributed_celery_fixed_sleep to None, run_after=None
[2026-07-04T04:32:18.029+0000] {processor.py:208} INFO - Processing /opt/airflow/dags/example_distributed_2.py took 0.274 seconds
[2026-07-04T04:32:48.640+0000] {processor.py:186} INFO - Started process (PID=1305) to work on /opt/airflow/dags/example_distributed_2.py
[2026-07-04T04:32:48.642+0000] {processor.py:914} INFO - Processing file /opt/airflow/dags/example_distributed_2.py for tasks to queue
[2026-07-04T04:32:48.651+0000] {logging_mixin.py:190} INFO - [2026-07-04T04:32:48.650+0000] {dagbag.py:588} INFO - Filling up the DagBag from /opt/airflow/dags/example_distributed_2.py
[2026-07-04T04:32:48.685+0000] {processor.py:925} INFO - DAG(s) 'example_distributed_celery_fixed_sleep' retrieved from /opt/airflow/dags/example_distributed_2.py
[2026-07-04T04:32:48.770+0000] {logging_mixin.py:190} INFO - [2026-07-04T04:32:48.770+0000] {dag.py:3239} INFO - Sync 1 DAGs
[2026-07-04T04:32:48.813+0000] {logging_mixin.py:190} INFO - [2026-07-04T04:32:48.813+0000] {dag.py:4180} INFO - Setting next_dagrun for example_distributed_celery_fixed_sleep to None, run_after=None
[2026-07-04T04:32:48.902+0000] {processor.py:208} INFO - Processing /opt/airflow/dags/example_distributed_2.py took 0.278 seconds
[2026-07-04T04:33:19.068+0000] {processor.py:186} INFO - Started process (PID=1316) to work on /opt/airflow/dags/example_distributed_2.py
[2026-07-04T04:33:19.070+0000] {processor.py:914} INFO - Processing file /opt/airflow/dags/example_distributed_2.py for tasks to queue
[2026-07-04T04:33:19.079+0000] {logging_mixin.py:190} INFO - [2026-07-04T04:33:19.078+0000] {dagbag.py:588} INFO - Filling up the DagBag from /opt/airflow/dags/example_distributed_2.py
[2026-07-04T04:33:19.101+0000] {processor.py:925} INFO - DAG(s) 'example_distributed_celery_fixed_sleep' retrieved from /opt/airflow/dags/example_distributed_2.py
[2026-07-04T04:33:19.204+0000] {logging_mixin.py:190} INFO - [2026-07-04T04:33:19.202+0000] {dag.py:3239} INFO - Sync 1 DAGs
[2026-07-04T04:33:19.234+0000] {logging_mixin.py:190} INFO - [2026-07-04T04:33:19.233+0000] {dag.py:4180} INFO - Setting next_dagrun for example_distributed_celery_fixed_sleep to None, run_after=None
[2026-07-04T04:33:19.279+0000] {processor.py:208} INFO - Processing /opt/airflow/dags/example_distributed_2.py took 0.226 seconds
[2026-07-04T04:33:50.795+0000] {processor.py:186} INFO - Started process (PID=1326) to work on /opt/airflow/dags/example_distributed_2.py
[2026-07-04T04:33:50.818+0000] {processor.py:914} INFO - Processing file /opt/airflow/dags/example_distributed_2.py for tasks to queue
[2026-07-04T04:33:50.825+0000] {logging_mixin.py:190} INFO - [2026-07-04T04:33:50.824+0000] {dagbag.py:588} INFO - Filling up the DagBag from /opt/airflow/dags/example_distributed_2.py
[2026-07-04T04:33:50.859+0000] {processor.py:925} INFO - DAG(s) 'example_distributed_celery_fixed_sleep' retrieved from /opt/airflow/dags/example_distributed_2.py
[2026-07-04T04:33:50.942+0000] {logging_mixin.py:190} INFO - [2026-07-04T04:33:50.941+0000] {dag.py:3239} INFO - Sync 1 DAGs
[2026-07-04T04:33:50.980+0000] {logging_mixin.py:190} INFO - [2026-07-04T04:33:50.980+0000] {dag.py:4180} INFO - Setting next_dagrun for example_distributed_celery_fixed_sleep to None, run_after=None
[2026-07-04T04:33:51.032+0000] {processor.py:208} INFO - Processing /opt/airflow/dags/example_distributed_2.py took 0.260 seconds
[2026-07-04T04:34:21.422+0000] {processor.py:186} INFO - Started process (PID=1335) to work on /opt/airflow/dags/example_distributed_2.py
[2026-07-04T04:34:21.437+0000] {processor.py:914} INFO - Processing file /opt/airflow/dags/example_distributed_2.py for tasks to queue
[2026-07-04T04:34:21.452+0000] {logging_mixin.py:190} INFO - [2026-07-04T04:34:21.452+0000] {dagbag.py:588} INFO - Filling up the DagBag from /opt/airflow/dags/example_distributed_2.py
[2026-07-04T04:34:21.478+0000] {processor.py:925} INFO - DAG(s) 'example_distributed_celery_fixed_sleep' retrieved from /opt/airflow/dags/example_distributed_2.py
[2026-07-04T04:34:21.561+0000] {logging_mixin.py:190} INFO - [2026-07-04T04:34:21.561+0000] {dag.py:3239} INFO - Sync 1 DAGs
[2026-07-04T04:34:21.600+0000] {logging_mixin.py:190} INFO - [2026-07-04T04:34:21.599+0000] {dag.py:4180} INFO - Setting next_dagrun for example_distributed_celery_fixed_sleep to None, run_after=None
[2026-07-04T04:34:21.734+0000] {processor.py:208} INFO - Processing /opt/airflow/dags/example_distributed_2.py took 0.324 seconds
[2026-07-04T04:34:52.095+0000] {processor.py:186} INFO - Started process (PID=1339) to work on /opt/airflow/dags/example_distributed_2.py
[2026-07-04T04:34:52.161+0000] {processor.py:914} INFO - Processing file /opt/airflow/dags/example_distributed_2.py for tasks to queue
[2026-07-04T04:34:52.167+0000] {logging_mixin.py:190} INFO - [2026-07-04T04:34:52.166+0000] {dagbag.py:588} INFO - Filling up the DagBag from /opt/airflow/dags/example_distributed_2.py
[2026-07-04T04:34:52.208+0000] {processor.py:925} INFO - DAG(s) 'example_distributed_celery_fixed_sleep' retrieved from /opt/airflow/dags/example_distributed_2.py
[2026-07-04T04:34:52.269+0000] {logging_mixin.py:190} INFO - [2026-07-04T04:34:52.268+0000] {dag.py:3239} INFO - Sync 1 DAGs
[2026-07-04T04:34:52.327+0000] {logging_mixin.py:190} INFO - [2026-07-04T04:34:52.326+0000] {dag.py:4180} INFO - Setting next_dagrun for example_distributed_celery_fixed_sleep to None, run_after=None
[2026-07-04T04:34:52.355+0000] {processor.py:208} INFO - Processing /opt/airflow/dags/example_distributed_2.py took 0.270 seconds
[2026-07-04T04:35:22.410+0000] {processor.py:186} INFO - Started process (PID=1349) to work on /opt/airflow/dags/example_distributed_2.py
[2026-07-04T04:35:22.413+0000] {processor.py:914} INFO - Processing file /opt/airflow/dags/example_distributed_2.py for tasks to queue
[2026-07-04T04:35:22.423+0000] {logging_mixin.py:190} INFO - [2026-07-04T04:35:22.423+0000] {dagbag.py:588} INFO - Filling up the DagBag from /opt/airflow/dags/example_distributed_2.py
[2026-07-04T04:35:22.455+0000] {processor.py:925} INFO - DAG(s) 'example_distributed_celery_fixed_sleep' retrieved from /opt/airflow/dags/example_distributed_2.py
[2026-07-04T04:35:22.539+0000] {logging_mixin.py:190} INFO - [2026-07-04T04:35:22.538+0000] {dag.py:3239} INFO - Sync 1 DAGs
[2026-07-04T04:35:22.581+0000] {logging_mixin.py:190} INFO - [2026-07-04T04:35:22.580+0000] {dag.py:4180} INFO - Setting next_dagrun for example_distributed_celery_fixed_sleep to None, run_after=None
[2026-07-04T04:35:22.635+0000] {processor.py:208} INFO - Processing /opt/airflow/dags/example_distributed_2.py took 0.243 seconds
[2026-07-04T04:35:52.765+0000] {processor.py:186} INFO - Started process (PID=1359) to work on /opt/airflow/dags/example_distributed_2.py
[2026-07-04T04:35:52.793+0000] {processor.py:914} INFO - Processing file /opt/airflow/dags/example_distributed_2.py for tasks to queue
[2026-07-04T04:35:52.797+0000] {logging_mixin.py:190} INFO - [2026-07-04T04:35:52.796+0000] {dagbag.py:588} INFO - Filling up the DagBag from /opt/airflow/dags/example_distributed_2.py
[2026-07-04T04:35:52.815+0000] {processor.py:925} INFO - DAG(s) 'example_distributed_celery_fixed_sleep' retrieved from /opt/airflow/dags/example_distributed_2.py
[2026-07-04T04:35:52.888+0000] {logging_mixin.py:190} INFO - [2026-07-04T04:35:52.887+0000] {dag.py:3239} INFO - Sync 1 DAGs
[2026-07-04T04:35:52.934+0000] {logging_mixin.py:190} INFO - [2026-07-04T04:35:52.932+0000] {dag.py:4180} INFO - Setting next_dagrun for example_distributed_celery_fixed_sleep to None, run_after=None
[2026-07-04T04:35:52.995+0000] {processor.py:208} INFO - Processing /opt/airflow/dags/example_distributed_2.py took 0.247 seconds
[2026-07-04T04:36:23.272+0000] {processor.py:186} INFO - Started process (PID=1369) to work on /opt/airflow/dags/example_distributed_2.py
[2026-07-04T04:36:23.275+0000] {processor.py:914} INFO - Processing file /opt/airflow/dags/example_distributed_2.py for tasks to queue
[2026-07-04T04:36:23.281+0000] {logging_mixin.py:190} INFO - [2026-07-04T04:36:23.281+0000] {dagbag.py:588} INFO - Filling up the DagBag from /opt/airflow/dags/example_distributed_2.py
[2026-07-04T04:36:23.296+0000] {processor.py:925} INFO - DAG(s) 'example_distributed_celery_fixed_sleep' retrieved from /opt/airflow/dags/example_distributed_2.py
[2026-07-04T04:36:23.391+0000] {logging_mixin.py:190} INFO - [2026-07-04T04:36:23.391+0000] {dag.py:3239} INFO - Sync 1 DAGs
[2026-07-04T04:36:23.424+0000] {logging_mixin.py:190} INFO - [2026-07-04T04:36:23.423+0000] {dag.py:4180} INFO - Setting next_dagrun for example_distributed_celery_fixed_sleep to None, run_after=None
[2026-07-04T04:36:23.480+0000] {processor.py:208} INFO - Processing /opt/airflow/dags/example_distributed_2.py took 0.225 seconds
[2026-07-04T04:36:53.669+0000] {processor.py:186} INFO - Started process (PID=1379) to work on /opt/airflow/dags/example_distributed_2.py
[2026-07-04T04:36:53.673+0000] {processor.py:914} INFO - Processing file /opt/airflow/dags/example_distributed_2.py for tasks to queue
[2026-07-04T04:36:53.682+0000] {logging_mixin.py:190} INFO - [2026-07-04T04:36:53.681+0000] {dagbag.py:588} INFO - Filling up the DagBag from /opt/airflow/dags/example_distributed_2.py
[2026-07-04T04:36:53.717+0000] {processor.py:925} INFO - DAG(s) 'example_distributed_celery_fixed_sleep' retrieved from /opt/airflow/dags/example_distributed_2.py
[2026-07-04T04:36:53.802+0000] {logging_mixin.py:190} INFO - [2026-07-04T04:36:53.801+0000] {dag.py:3239} INFO - Sync 1 DAGs
[2026-07-04T04:36:53.840+0000] {logging_mixin.py:190} INFO - [2026-07-04T04:36:53.840+0000] {dag.py:4180} INFO - Setting next_dagrun for example_distributed_celery_fixed_sleep to None, run_after=None
[2026-07-04T04:36:53.890+0000] {processor.py:208} INFO - Processing /opt/airflow/dags/example_distributed_2.py took 0.240 seconds
[2026-07-04T04:37:24.305+0000] {processor.py:186} INFO - Started process (PID=1388) to work on /opt/airflow/dags/example_distributed_2.py
[2026-07-04T04:37:24.307+0000] {processor.py:914} INFO - Processing file /opt/airflow/dags/example_distributed_2.py for tasks to queue
[2026-07-04T04:37:24.316+0000] {logging_mixin.py:190} INFO - [2026-07-04T04:37:24.315+0000] {dagbag.py:588} INFO - Filling up the DagBag from /opt/airflow/dags/example_distributed_2.py
[2026-07-04T04:37:24.339+0000] {processor.py:925} INFO - DAG(s) 'example_distributed_celery_fixed_sleep' retrieved from /opt/airflow/dags/example_distributed_2.py
[2026-07-04T04:37:24.416+0000] {logging_mixin.py:190} INFO - [2026-07-04T04:37:24.416+0000] {dag.py:3239} INFO - Sync 1 DAGs
[2026-07-04T04:37:24.435+0000] {logging_mixin.py:190} INFO - [2026-07-04T04:37:24.435+0000] {dag.py:4180} INFO - Setting next_dagrun for example_distributed_celery_fixed_sleep to None, run_after=None
[2026-07-04T04:37:24.497+0000] {processor.py:208} INFO - Processing /opt/airflow/dags/example_distributed_2.py took 0.207 seconds
[2026-07-04T04:37:54.652+0000] {processor.py:186} INFO - Started process (PID=1392) to work on /opt/airflow/dags/example_distributed_2.py
[2026-07-04T04:37:54.686+0000] {processor.py:914} INFO - Processing file /opt/airflow/dags/example_distributed_2.py for tasks to queue
[2026-07-04T04:37:54.697+0000] {logging_mixin.py:190} INFO - [2026-07-04T04:37:54.696+0000] {dagbag.py:588} INFO - Filling up the DagBag from /opt/airflow/dags/example_distributed_2.py
[2026-07-04T04:37:54.726+0000] {processor.py:925} INFO - DAG(s) 'example_distributed_celery_fixed_sleep' retrieved from /opt/airflow/dags/example_distributed_2.py
[2026-07-04T04:37:54.848+0000] {logging_mixin.py:190} INFO - [2026-07-04T04:37:54.847+0000] {dag.py:3239} INFO - Sync 1 DAGs
[2026-07-04T04:37:54.879+0000] {logging_mixin.py:190} INFO - [2026-07-04T04:37:54.879+0000] {dag.py:4180} INFO - Setting next_dagrun for example_distributed_celery_fixed_sleep to None, run_after=None
[2026-07-04T04:37:54.923+0000] {processor.py:208} INFO - Processing /opt/airflow/dags/example_distributed_2.py took 0.285 seconds
[2026-07-04T04:38:24.971+0000] {processor.py:186} INFO - Started process (PID=1402) to work on /opt/airflow/dags/example_distributed_2.py
[2026-07-04T04:38:24.975+0000] {processor.py:914} INFO - Processing file /opt/airflow/dags/example_distributed_2.py for tasks to queue
[2026-07-04T04:38:24.980+0000] {logging_mixin.py:190} INFO - [2026-07-04T04:38:24.979+0000] {dagbag.py:588} INFO - Filling up the DagBag from /opt/airflow/dags/example_distributed_2.py
[2026-07-04T04:38:25.012+0000] {processor.py:925} INFO - DAG(s) 'example_distributed_celery_fixed_sleep' retrieved from /opt/airflow/dags/example_distributed_2.py
[2026-07-04T04:38:25.131+0000] {logging_mixin.py:190} INFO - [2026-07-04T04:38:25.130+0000] {dag.py:3239} INFO - Sync 1 DAGs
[2026-07-04T04:38:25.156+0000] {logging_mixin.py:190} INFO - [2026-07-04T04:38:25.155+0000] {dag.py:4180} INFO - Setting next_dagrun for example_distributed_celery_fixed_sleep to None, run_after=None
[2026-07-04T04:38:25.246+0000] {processor.py:208} INFO - Processing /opt/airflow/dags/example_distributed_2.py took 0.287 seconds
[2026-07-04T04:38:55.993+0000] {processor.py:186} INFO - Started process (PID=1412) to work on /opt/airflow/dags/example_distributed_2.py
[2026-07-04T04:38:55.996+0000] {processor.py:914} INFO - Processing file /opt/airflow/dags/example_distributed_2.py for tasks to queue
[2026-07-04T04:38:56.002+0000] {logging_mixin.py:190} INFO - [2026-07-04T04:38:56.001+0000] {dagbag.py:588} INFO - Filling up the DagBag from /opt/airflow/dags/example_distributed_2.py
[2026-07-04T04:38:56.021+0000] {processor.py:925} INFO - DAG(s) 'example_distributed_celery_fixed_sleep' retrieved from /opt/airflow/dags/example_distributed_2.py
[2026-07-04T04:38:56.081+0000] {logging_mixin.py:190} INFO - [2026-07-04T04:38:56.080+0000] {dag.py:3239} INFO - Sync 1 DAGs
[2026-07-04T04:38:56.121+0000] {logging_mixin.py:190} INFO - [2026-07-04T04:38:56.121+0000] {dag.py:4180} INFO - Setting next_dagrun for example_distributed_celery_fixed_sleep to None, run_after=None
[2026-07-04T04:38:56.160+0000] {processor.py:208} INFO - Processing /opt/airflow/dags/example_distributed_2.py took 0.188 seconds
[2026-07-04T04:39:26.343+0000] {processor.py:186} INFO - Started process (PID=1422) to work on /opt/airflow/dags/example_distributed_2.py
[2026-07-04T04:39:26.345+0000] {processor.py:914} INFO - Processing file /opt/airflow/dags/example_distributed_2.py for tasks to queue
[2026-07-04T04:39:26.349+0000] {logging_mixin.py:190} INFO - [2026-07-04T04:39:26.349+0000] {dagbag.py:588} INFO - Filling up the DagBag from /opt/airflow/dags/example_distributed_2.py
[2026-07-04T04:39:26.368+0000] {processor.py:925} INFO - DAG(s) 'example_distributed_celery_fixed_sleep' retrieved from /opt/airflow/dags/example_distributed_2.py
[2026-07-04T04:39:26.467+0000] {logging_mixin.py:190} INFO - [2026-07-04T04:39:26.466+0000] {dag.py:3239} INFO - Sync 1 DAGs
[2026-07-04T04:39:26.512+0000] {logging_mixin.py:190} INFO - [2026-07-04T04:39:26.511+0000] {dag.py:4180} INFO - Setting next_dagrun for example_distributed_celery_fixed_sleep to None, run_after=None
[2026-07-04T04:39:26.580+0000] {processor.py:208} INFO - Processing /opt/airflow/dags/example_distributed_2.py took 0.248 seconds
[2026-07-04T04:39:57.020+0000] {processor.py:186} INFO - Started process (PID=1433) to work on /opt/airflow/dags/example_distributed_2.py
[2026-07-04T04:39:57.023+0000] {processor.py:914} INFO - Processing file /opt/airflow/dags/example_distributed_2.py for tasks to queue
[2026-07-04T04:39:57.031+0000] {logging_mixin.py:190} INFO - [2026-07-04T04:39:57.030+0000] {dagbag.py:588} INFO - Filling up the DagBag from /opt/airflow/dags/example_distributed_2.py
[2026-07-04T04:39:57.060+0000] {processor.py:925} INFO - DAG(s) 'example_distributed_celery_fixed_sleep' retrieved from /opt/airflow/dags/example_distributed_2.py
[2026-07-04T04:39:57.167+0000] {logging_mixin.py:190} INFO - [2026-07-04T04:39:57.167+0000] {dag.py:3239} INFO - Sync 1 DAGs
[2026-07-04T04:39:57.213+0000] {logging_mixin.py:190} INFO - [2026-07-04T04:39:57.213+0000] {dag.py:4180} INFO - Setting next_dagrun for example_distributed_celery_fixed_sleep to None, run_after=None
[2026-07-04T04:39:57.301+0000] {processor.py:208} INFO - Processing /opt/airflow/dags/example_distributed_2.py took 0.298 seconds
[2026-07-04T04:40:27.848+0000] {processor.py:186} INFO - Started process (PID=1444) to work on /opt/airflow/dags/example_distributed_2.py
[2026-07-04T04:40:27.850+0000] {processor.py:914} INFO - Processing file /opt/airflow/dags/example_distributed_2.py for tasks to queue
[2026-07-04T04:40:27.856+0000] {logging_mixin.py:190} INFO - [2026-07-04T04:40:27.855+0000] {dagbag.py:588} INFO - Filling up the DagBag from /opt/airflow/dags/example_distributed_2.py
[2026-07-04T04:40:27.873+0000] {processor.py:925} INFO - DAG(s) 'example_distributed_celery_fixed_sleep' retrieved from /opt/airflow/dags/example_distributed_2.py
[2026-07-04T04:40:27.949+0000] {logging_mixin.py:190} INFO - [2026-07-04T04:40:27.948+0000] {dag.py:3239} INFO - Sync 1 DAGs
[2026-07-04T04:40:27.978+0000] {logging_mixin.py:190} INFO - [2026-07-04T04:40:27.977+0000] {dag.py:4180} INFO - Setting next_dagrun for example_distributed_celery_fixed_sleep to None, run_after=None
[2026-07-04T04:40:28.031+0000] {processor.py:208} INFO - Processing /opt/airflow/dags/example_distributed_2.py took 0.203 seconds
[2026-07-04T04:40:58.531+0000] {processor.py:186} INFO - Started process (PID=1453) to work on /opt/airflow/dags/example_distributed_2.py
[2026-07-04T04:40:58.533+0000] {processor.py:914} INFO - Processing file /opt/airflow/dags/example_distributed_2.py for tasks to queue
[2026-07-04T04:40:58.537+0000] {logging_mixin.py:190} INFO - [2026-07-04T04:40:58.536+0000] {dagbag.py:588} INFO - Filling up the DagBag from /opt/airflow/dags/example_distributed_2.py
[2026-07-04T04:40:58.559+0000] {processor.py:925} INFO - DAG(s) 'example_distributed_celery_fixed_sleep' retrieved from /opt/airflow/dags/example_distributed_2.py
[2026-07-04T04:40:58.663+0000] {logging_mixin.py:190} INFO - [2026-07-04T04:40:58.663+0000] {dag.py:3239} INFO - Sync 1 DAGs
[2026-07-04T04:40:58.747+0000] {logging_mixin.py:190} INFO - [2026-07-04T04:40:58.745+0000] {dag.py:4180} INFO - Setting next_dagrun for example_distributed_celery_fixed_sleep to None, run_after=None
[2026-07-04T04:40:58.821+0000] {processor.py:208} INFO - Processing /opt/airflow/dags/example_distributed_2.py took 0.319 seconds
[2026-07-04T04:41:29.300+0000] {processor.py:186} INFO - Started process (PID=1457) to work on /opt/airflow/dags/example_distributed_2.py
[2026-07-04T04:41:29.304+0000] {processor.py:914} INFO - Processing file /opt/airflow/dags/example_distributed_2.py for tasks to queue
[2026-07-04T04:41:29.312+0000] {logging_mixin.py:190} INFO - [2026-07-04T04:41:29.311+0000] {dagbag.py:588} INFO - Filling up the DagBag from /opt/airflow/dags/example_distributed_2.py
[2026-07-04T04:41:29.338+0000] {processor.py:925} INFO - DAG(s) 'example_distributed_celery_fixed_sleep' retrieved from /opt/airflow/dags/example_distributed_2.py
[2026-07-04T04:41:29.427+0000] {logging_mixin.py:190} INFO - [2026-07-04T04:41:29.425+0000] {dag.py:3239} INFO - Sync 1 DAGs
[2026-07-04T04:41:29.461+0000] {logging_mixin.py:190} INFO - [2026-07-04T04:41:29.460+0000] {dag.py:4180} INFO - Setting next_dagrun for example_distributed_celery_fixed_sleep to None, run_after=None
[2026-07-04T04:41:29.520+0000] {processor.py:208} INFO - Processing /opt/airflow/dags/example_distributed_2.py took 0.242 seconds
[2026-07-04T04:42:00.205+0000] {processor.py:186} INFO - Started process (PID=1467) to work on /opt/airflow/dags/example_distributed_2.py
[2026-07-04T04:42:00.249+0000] {processor.py:914} INFO - Processing file /opt/airflow/dags/example_distributed_2.py for tasks to queue
[2026-07-04T04:42:00.254+0000] {logging_mixin.py:190} INFO - [2026-07-04T04:42:00.253+0000] {dagbag.py:588} INFO - Filling up the DagBag from /opt/airflow/dags/example_distributed_2.py
[2026-07-04T04:42:00.274+0000] {processor.py:925} INFO - DAG(s) 'example_distributed_celery_fixed_sleep' retrieved from /opt/airflow/dags/example_distributed_2.py
[2026-07-04T04:42:00.332+0000] {logging_mixin.py:190} INFO - [2026-07-04T04:42:00.331+0000] {dag.py:3239} INFO - Sync 1 DAGs
[2026-07-04T04:42:00.354+0000] {logging_mixin.py:190} INFO - [2026-07-04T04:42:00.354+0000] {dag.py:4180} INFO - Setting next_dagrun for example_distributed_celery_fixed_sleep to None, run_after=None
[2026-07-04T04:42:00.395+0000] {processor.py:208} INFO - Processing /opt/airflow/dags/example_distributed_2.py took 0.204 seconds
[2026-07-04T04:42:31.429+0000] {processor.py:186} INFO - Started process (PID=1477) to work on /opt/airflow/dags/example_distributed_2.py
[2026-07-04T04:42:31.432+0000] {processor.py:914} INFO - Processing file /opt/airflow/dags/example_distributed_2.py for tasks to queue
[2026-07-04T04:42:31.440+0000] {logging_mixin.py:190} INFO - [2026-07-04T04:42:31.439+0000] {dagbag.py:588} INFO - Filling up the DagBag from /opt/airflow/dags/example_distributed_2.py
[2026-07-04T04:42:31.458+0000] {processor.py:925} INFO - DAG(s) 'example_distributed_celery_fixed_sleep' retrieved from /opt/airflow/dags/example_distributed_2.py
[2026-07-04T04:42:31.519+0000] {logging_mixin.py:190} INFO - [2026-07-04T04:42:31.518+0000] {dag.py:3239} INFO - Sync 1 DAGs
[2026-07-04T04:42:31.551+0000] {logging_mixin.py:190} INFO - [2026-07-04T04:42:31.551+0000] {dag.py:4180} INFO - Setting next_dagrun for example_distributed_celery_fixed_sleep to None, run_after=None
[2026-07-04T04:42:31.588+0000] {processor.py:208} INFO - Processing /opt/airflow/dags/example_distributed_2.py took 0.184 seconds
[2026-07-04T04:43:01.760+0000] {processor.py:186} INFO - Started process (PID=1487) to work on /opt/airflow/dags/example_distributed_2.py
[2026-07-04T04:43:01.763+0000] {processor.py:914} INFO - Processing file /opt/airflow/dags/example_distributed_2.py for tasks to queue
[2026-07-04T04:43:01.767+0000] {logging_mixin.py:190} INFO - [2026-07-04T04:43:01.766+0000] {dagbag.py:588} INFO - Filling up the DagBag from /opt/airflow/dags/example_distributed_2.py
[2026-07-04T04:43:01.785+0000] {processor.py:925} INFO - DAG(s) 'example_distributed_celery_fixed_sleep' retrieved from /opt/airflow/dags/example_distributed_2.py
[2026-07-04T04:43:01.844+0000] {logging_mixin.py:190} INFO - [2026-07-04T04:43:01.843+0000] {dag.py:3239} INFO - Sync 1 DAGs
[2026-07-04T04:43:01.879+0000] {logging_mixin.py:190} INFO - [2026-07-04T04:43:01.878+0000] {dag.py:4180} INFO - Setting next_dagrun for example_distributed_celery_fixed_sleep to None, run_after=None
[2026-07-04T04:43:01.932+0000] {processor.py:208} INFO - Processing /opt/airflow/dags/example_distributed_2.py took 0.185 seconds
[2026-07-04T04:43:32.169+0000] {processor.py:186} INFO - Started process (PID=1497) to work on /opt/airflow/dags/example_distributed_2.py
[2026-07-04T04:43:32.172+0000] {processor.py:914} INFO - Processing file /opt/airflow/dags/example_distributed_2.py for tasks to queue
[2026-07-04T04:43:32.179+0000] {logging_mixin.py:190} INFO - [2026-07-04T04:43:32.178+0000] {dagbag.py:588} INFO - Filling up the DagBag from /opt/airflow/dags/example_distributed_2.py
[2026-07-04T04:43:32.203+0000] {processor.py:925} INFO - DAG(s) 'example_distributed_celery_fixed_sleep' retrieved from /opt/airflow/dags/example_distributed_2.py
[2026-07-04T04:43:32.286+0000] {logging_mixin.py:190} INFO - [2026-07-04T04:43:32.285+0000] {dag.py:3239} INFO - Sync 1 DAGs
[2026-07-04T04:43:32.321+0000] {logging_mixin.py:190} INFO - [2026-07-04T04:43:32.321+0000] {dag.py:4180} INFO - Setting next_dagrun for example_distributed_celery_fixed_sleep to None, run_after=None
[2026-07-04T04:43:32.396+0000] {processor.py:208} INFO - Processing /opt/airflow/dags/example_distributed_2.py took 0.240 seconds
[2026-07-04T04:44:03.277+0000] {processor.py:186} INFO - Started process (PID=1507) to work on /opt/airflow/dags/example_distributed_2.py
[2026-07-04T04:44:03.281+0000] {processor.py:914} INFO - Processing file /opt/airflow/dags/example_distributed_2.py for tasks to queue
[2026-07-04T04:44:03.285+0000] {logging_mixin.py:190} INFO - [2026-07-04T04:44:03.285+0000] {dagbag.py:588} INFO - Filling up the DagBag from /opt/airflow/dags/example_distributed_2.py
[2026-07-04T04:44:03.307+0000] {processor.py:925} INFO - DAG(s) 'example_distributed_celery_fixed_sleep' retrieved from /opt/airflow/dags/example_distributed_2.py
[2026-07-04T04:44:03.397+0000] {logging_mixin.py:190} INFO - [2026-07-04T04:44:03.396+0000] {dag.py:3239} INFO - Sync 1 DAGs
[2026-07-04T04:44:03.438+0000] {logging_mixin.py:190} INFO - [2026-07-04T04:44:03.437+0000] {dag.py:4180} INFO - Setting next_dagrun for example_distributed_celery_fixed_sleep to None, run_after=None
[2026-07-04T04:44:03.490+0000] {processor.py:208} INFO - Processing /opt/airflow/dags/example_distributed_2.py took 0.233 seconds
[2026-07-04T04:44:33.679+0000] {processor.py:186} INFO - Started process (PID=1516) to work on /opt/airflow/dags/example_distributed_2.py
[2026-07-04T04:44:33.682+0000] {processor.py:914} INFO - Processing file /opt/airflow/dags/example_distributed_2.py for tasks to queue
[2026-07-04T04:44:33.686+0000] {logging_mixin.py:190} INFO - [2026-07-04T04:44:33.685+0000] {dagbag.py:588} INFO - Filling up the DagBag from /opt/airflow/dags/example_distributed_2.py
[2026-07-04T04:44:33.717+0000] {processor.py:925} INFO - DAG(s) 'example_distributed_celery_fixed_sleep' retrieved from /opt/airflow/dags/example_distributed_2.py
[2026-07-04T04:44:33.910+0000] {logging_mixin.py:190} INFO - [2026-07-04T04:44:33.909+0000] {dag.py:3239} INFO - Sync 1 DAGs
[2026-07-04T04:44:33.968+0000] {logging_mixin.py:190} INFO - [2026-07-04T04:44:33.967+0000] {dag.py:4180} INFO - Setting next_dagrun for example_distributed_celery_fixed_sleep to None, run_after=None
[2026-07-04T04:44:34.056+0000] {processor.py:208} INFO - Processing /opt/airflow/dags/example_distributed_2.py took 0.392 seconds
[2026-07-04T04:45:04.366+0000] {processor.py:186} INFO - Started process (PID=1520) to work on /opt/airflow/dags/example_distributed_2.py
[2026-07-04T04:45:04.371+0000] {processor.py:914} INFO - Processing file /opt/airflow/dags/example_distributed_2.py for tasks to queue
[2026-07-04T04:45:04.376+0000] {logging_mixin.py:190} INFO - [2026-07-04T04:45:04.375+0000] {dagbag.py:588} INFO - Filling up the DagBag from /opt/airflow/dags/example_distributed_2.py
[2026-07-04T04:45:04.404+0000] {processor.py:925} INFO - DAG(s) 'example_distributed_celery_fixed_sleep' retrieved from /opt/airflow/dags/example_distributed_2.py
[2026-07-04T04:45:04.508+0000] {logging_mixin.py:190} INFO - [2026-07-04T04:45:04.507+0000] {dag.py:3239} INFO - Sync 1 DAGs
[2026-07-04T04:45:04.548+0000] {logging_mixin.py:190} INFO - [2026-07-04T04:45:04.547+0000] {dag.py:4180} INFO - Setting next_dagrun for example_distributed_celery_fixed_sleep to None, run_after=None
[2026-07-04T04:45:04.669+0000] {processor.py:208} INFO - Processing /opt/airflow/dags/example_distributed_2.py took 0.324 seconds
[2026-07-04T04:45:35.287+0000] {processor.py:186} INFO - Started process (PID=1530) to work on /opt/airflow/dags/example_distributed_2.py
[2026-07-04T04:45:35.288+0000] {processor.py:914} INFO - Processing file /opt/airflow/dags/example_distributed_2.py for tasks to queue
[2026-07-04T04:45:35.292+0000] {logging_mixin.py:190} INFO - [2026-07-04T04:45:35.291+0000] {dagbag.py:588} INFO - Filling up the DagBag from /opt/airflow/dags/example_distributed_2.py
[2026-07-04T04:45:35.316+0000] {processor.py:925} INFO - DAG(s) 'example_distributed_celery_fixed_sleep' retrieved from /opt/airflow/dags/example_distributed_2.py
[2026-07-04T04:45:35.412+0000] {logging_mixin.py:190} INFO - [2026-07-04T04:45:35.412+0000] {dag.py:3239} INFO - Sync 1 DAGs
[2026-07-04T04:45:35.514+0000] {logging_mixin.py:190} INFO - [2026-07-04T04:45:35.513+0000] {dag.py:4180} INFO - Setting next_dagrun for example_distributed_celery_fixed_sleep to None, run_after=None
[2026-07-04T04:45:35.565+0000] {processor.py:208} INFO - Processing /opt/airflow/dags/example_distributed_2.py took 0.293 seconds
[2026-07-04T04:46:06.257+0000] {processor.py:186} INFO - Started process (PID=1541) to work on /opt/airflow/dags/example_distributed_2.py
[2026-07-04T04:46:06.266+0000] {processor.py:914} INFO - Processing file /opt/airflow/dags/example_distributed_2.py for tasks to queue
[2026-07-04T04:46:06.279+0000] {logging_mixin.py:190} INFO - [2026-07-04T04:46:06.276+0000] {dagbag.py:588} INFO - Filling up the DagBag from /opt/airflow/dags/example_distributed_2.py
[2026-07-04T04:46:06.310+0000] {processor.py:925} INFO - DAG(s) 'example_distributed_celery_fixed_sleep' retrieved from /opt/airflow/dags/example_distributed_2.py
[2026-07-04T04:46:06.429+0000] {logging_mixin.py:190} INFO - [2026-07-04T04:46:06.429+0000] {dag.py:3239} INFO - Sync 1 DAGs
[2026-07-04T04:46:06.519+0000] {logging_mixin.py:190} INFO - [2026-07-04T04:46:06.518+0000] {dag.py:4180} INFO - Setting next_dagrun for example_distributed_celery_fixed_sleep to None, run_after=None
[2026-07-04T04:46:06.623+0000] {processor.py:208} INFO - Processing /opt/airflow/dags/example_distributed_2.py took 0.381 seconds
[2026-07-04T04:46:36.979+0000] {processor.py:186} INFO - Started process (PID=1551) to work on /opt/airflow/dags/example_distributed_2.py
[2026-07-04T04:46:36.983+0000] {processor.py:914} INFO - Processing file /opt/airflow/dags/example_distributed_2.py for tasks to queue
[2026-07-04T04:46:36.990+0000] {logging_mixin.py:190} INFO - [2026-07-04T04:46:36.989+0000] {dagbag.py:588} INFO - Filling up the DagBag from /opt/airflow/dags/example_distributed_2.py
[2026-07-04T04:46:37.023+0000] {processor.py:925} INFO - DAG(s) 'example_distributed_celery_fixed_sleep' retrieved from /opt/airflow/dags/example_distributed_2.py
[2026-07-04T04:46:37.126+0000] {logging_mixin.py:190} INFO - [2026-07-04T04:46:37.125+0000] {dag.py:3239} INFO - Sync 1 DAGs
[2026-07-04T04:46:37.173+0000] {logging_mixin.py:190} INFO - [2026-07-04T04:46:37.173+0000] {dag.py:4180} INFO - Setting next_dagrun for example_distributed_celery_fixed_sleep to None, run_after=None
[2026-07-04T04:46:37.244+0000] {processor.py:208} INFO - Processing /opt/airflow/dags/example_distributed_2.py took 0.277 seconds
[2026-07-04T04:47:09.520+0000] {processor.py:186} INFO - Started process (PID=1560) to work on /opt/airflow/dags/example_distributed_2.py
[2026-07-04T04:47:10.754+0000] {processor.py:914} INFO - Processing file /opt/airflow/dags/example_distributed_2.py for tasks to queue
[2026-07-04T04:47:11.466+0000] {logging_mixin.py:190} INFO - [2026-07-04T04:47:11.465+0000] {dagbag.py:588} INFO - Filling up the DagBag from /opt/airflow/dags/example_distributed_2.py
[2026-07-04T04:47:11.524+0000] {processor.py:925} INFO - DAG(s) 'example_distributed_celery_fixed_sleep' retrieved from /opt/airflow/dags/example_distributed_2.py
[2026-07-04T04:47:11.751+0000] {logging_mixin.py:190} INFO - [2026-07-04T04:47:11.747+0000] {dag.py:3239} INFO - Sync 1 DAGs
[2026-07-04T04:47:11.810+0000] {logging_mixin.py:190} INFO - [2026-07-04T04:47:11.809+0000] {dag.py:4180} INFO - Setting next_dagrun for example_distributed_celery_fixed_sleep to None, run_after=None
[2026-07-04T04:47:11.920+0000] {processor.py:208} INFO - Processing /opt/airflow/dags/example_distributed_2.py took 4.502 seconds
[2026-07-04T04:47:42.595+0000] {processor.py:186} INFO - Started process (PID=1563) to work on /opt/airflow/dags/example_distributed_2.py
[2026-07-04T04:47:42.598+0000] {processor.py:914} INFO - Processing file /opt/airflow/dags/example_distributed_2.py for tasks to queue
[2026-07-04T04:47:42.605+0000] {logging_mixin.py:190} INFO - [2026-07-04T04:47:42.604+0000] {dagbag.py:588} INFO - Filling up the DagBag from /opt/airflow/dags/example_distributed_2.py
[2026-07-04T04:47:42.650+0000] {processor.py:925} INFO - DAG(s) 'example_distributed_celery_fixed_sleep' retrieved from /opt/airflow/dags/example_distributed_2.py
[2026-07-04T04:47:42.741+0000] {logging_mixin.py:190} INFO - [2026-07-04T04:47:42.739+0000] {dag.py:3239} INFO - Sync 1 DAGs
[2026-07-04T04:47:42.808+0000] {logging_mixin.py:190} INFO - [2026-07-04T04:47:42.807+0000] {dag.py:4180} INFO - Setting next_dagrun for example_distributed_celery_fixed_sleep to None, run_after=None
[2026-07-04T04:47:42.865+0000] {processor.py:208} INFO - Processing /opt/airflow/dags/example_distributed_2.py took 0.289 seconds
[2026-07-04T04:48:13.333+0000] {processor.py:186} INFO - Started process (PID=1573) to work on /opt/airflow/dags/example_distributed_2.py
[2026-07-04T04:48:13.337+0000] {processor.py:914} INFO - Processing file /opt/airflow/dags/example_distributed_2.py for tasks to queue
[2026-07-04T04:48:13.345+0000] {logging_mixin.py:190} INFO - [2026-07-04T04:48:13.345+0000] {dagbag.py:588} INFO - Filling up the DagBag from /opt/airflow/dags/example_distributed_2.py
[2026-07-04T04:48:13.384+0000] {processor.py:925} INFO - DAG(s) 'example_distributed_celery_fixed_sleep' retrieved from /opt/airflow/dags/example_distributed_2.py
[2026-07-04T04:48:13.490+0000] {logging_mixin.py:190} INFO - [2026-07-04T04:48:13.489+0000] {dag.py:3239} INFO - Sync 1 DAGs
[2026-07-04T04:48:13.532+0000] {logging_mixin.py:190} INFO - [2026-07-04T04:48:13.531+0000] {dag.py:4180} INFO - Setting next_dagrun for example_distributed_celery_fixed_sleep to None, run_after=None
[2026-07-04T04:48:13.589+0000] {processor.py:208} INFO - Processing /opt/airflow/dags/example_distributed_2.py took 0.283 seconds
[2026-07-04T04:48:44.316+0000] {processor.py:186} INFO - Started process (PID=1583) to work on /opt/airflow/dags/example_distributed_2.py
[2026-07-04T04:48:44.319+0000] {processor.py:914} INFO - Processing file /opt/airflow/dags/example_distributed_2.py for tasks to queue
[2026-07-04T04:48:44.329+0000] {logging_mixin.py:190} INFO - [2026-07-04T04:48:44.328+0000] {dagbag.py:588} INFO - Filling up the DagBag from /opt/airflow/dags/example_distributed_2.py
[2026-07-04T04:48:44.361+0000] {processor.py:925} INFO - DAG(s) 'example_distributed_celery_fixed_sleep' retrieved from /opt/airflow/dags/example_distributed_2.py
[2026-07-04T04:48:44.482+0000] {logging_mixin.py:190} INFO - [2026-07-04T04:48:44.480+0000] {dag.py:3239} INFO - Sync 1 DAGs
[2026-07-04T04:48:44.532+0000] {logging_mixin.py:190} INFO - [2026-07-04T04:48:44.532+0000] {dag.py:4180} INFO - Setting next_dagrun for example_distributed_celery_fixed_sleep to None, run_after=None
[2026-07-04T04:48:44.609+0000] {processor.py:208} INFO - Processing /opt/airflow/dags/example_distributed_2.py took 0.310 seconds
[2026-07-04T04:49:15.137+0000] {processor.py:186} INFO - Started process (PID=1594) to work on /opt/airflow/dags/example_distributed_2.py
[2026-07-04T04:49:15.139+0000] {processor.py:914} INFO - Processing file /opt/airflow/dags/example_distributed_2.py for tasks to queue
[2026-07-04T04:49:15.159+0000] {logging_mixin.py:190} INFO - [2026-07-04T04:49:15.159+0000] {dagbag.py:588} INFO - Filling up the DagBag from /opt/airflow/dags/example_distributed_2.py
[2026-07-04T04:49:15.175+0000] {processor.py:925} INFO - DAG(s) 'example_distributed_celery_fixed_sleep' retrieved from /opt/airflow/dags/example_distributed_2.py
[2026-07-04T04:49:15.230+0000] {logging_mixin.py:190} INFO - [2026-07-04T04:49:15.229+0000] {dag.py:3239} INFO - Sync 1 DAGs
[2026-07-04T04:49:15.259+0000] {logging_mixin.py:190} INFO - [2026-07-04T04:49:15.259+0000] {dag.py:4180} INFO - Setting next_dagrun for example_distributed_celery_fixed_sleep to None, run_after=None
[2026-07-04T04:49:15.290+0000] {processor.py:208} INFO - Processing /opt/airflow/dags/example_distributed_2.py took 0.163 seconds
[2026-07-04T04:49:45.396+0000] {processor.py:186} INFO - Started process (PID=1604) to work on /opt/airflow/dags/example_distributed_2.py
[2026-07-04T04:49:45.398+0000] {processor.py:914} INFO - Processing file /opt/airflow/dags/example_distributed_2.py for tasks to queue
[2026-07-04T04:49:45.401+0000] {logging_mixin.py:190} INFO - [2026-07-04T04:49:45.401+0000] {dagbag.py:588} INFO - Filling up the DagBag from /opt/airflow/dags/example_distributed_2.py
[2026-07-04T04:49:45.413+0000] {processor.py:925} INFO - DAG(s) 'example_distributed_celery_fixed_sleep' retrieved from /opt/airflow/dags/example_distributed_2.py
[2026-07-04T04:49:45.458+0000] {logging_mixin.py:190} INFO - [2026-07-04T04:49:45.458+0000] {dag.py:3239} INFO - Sync 1 DAGs
[2026-07-04T04:49:45.479+0000] {logging_mixin.py:190} INFO - [2026-07-04T04:49:45.479+0000] {dag.py:4180} INFO - Setting next_dagrun for example_distributed_celery_fixed_sleep to None, run_after=None
[2026-07-04T04:49:45.515+0000] {processor.py:208} INFO - Processing /opt/airflow/dags/example_distributed_2.py took 0.127 seconds
[2026-07-04T04:50:16.244+0000] {processor.py:186} INFO - Started process (PID=1614) to work on /opt/airflow/dags/example_distributed_2.py
[2026-07-04T04:50:16.245+0000] {processor.py:914} INFO - Processing file /opt/airflow/dags/example_distributed_2.py for tasks to queue
[2026-07-04T04:50:16.250+0000] {logging_mixin.py:190} INFO - [2026-07-04T04:50:16.249+0000] {dagbag.py:588} INFO - Filling up the DagBag from /opt/airflow/dags/example_distributed_2.py
[2026-07-04T04:50:16.268+0000] {processor.py:925} INFO - DAG(s) 'example_distributed_celery_fixed_sleep' retrieved from /opt/airflow/dags/example_distributed_2.py
[2026-07-04T04:50:16.324+0000] {logging_mixin.py:190} INFO - [2026-07-04T04:50:16.324+0000] {dag.py:3239} INFO - Sync 1 DAGs
[2026-07-04T04:50:16.368+0000] {logging_mixin.py:190} INFO - [2026-07-04T04:50:16.367+0000] {dag.py:4180} INFO - Setting next_dagrun for example_distributed_celery_fixed_sleep to None, run_after=None
[2026-07-04T04:50:16.403+0000] {processor.py:208} INFO - Processing /opt/airflow/dags/example_distributed_2.py took 0.173 seconds
[2026-07-04T05:09:11.306+0000] {processor.py:186} INFO - Started process (PID=49) to work on /opt/airflow/dags/example_distributed_2.py
[2026-07-04T05:09:11.325+0000] {processor.py:914} INFO - Processing file /opt/airflow/dags/example_distributed_2.py for tasks to queue
[2026-07-04T05:09:11.332+0000] {logging_mixin.py:190} INFO - [2026-07-04T05:09:11.332+0000] {dagbag.py:588} INFO - Filling up the DagBag from /opt/airflow/dags/example_distributed_2.py
[2026-07-04T05:09:11.354+0000] {processor.py:925} INFO - DAG(s) 'example_distributed_celery_fixed_sleep' retrieved from /opt/airflow/dags/example_distributed_2.py
[2026-07-04T05:09:11.509+0000] {logging_mixin.py:190} INFO - [2026-07-04T05:09:11.509+0000] {dag.py:3239} INFO - Sync 1 DAGs
[2026-07-04T05:09:11.669+0000] {logging_mixin.py:190} INFO - [2026-07-04T05:09:11.668+0000] {dag.py:4180} INFO - Setting next_dagrun for example_distributed_celery_fixed_sleep to None, run_after=None
[2026-07-04T05:09:11.713+0000] {processor.py:208} INFO - Processing /opt/airflow/dags/example_distributed_2.py took 0.416 seconds
[2026-07-04T05:09:42.608+0000] {processor.py:186} INFO - Started process (PID=58) to work on /opt/airflow/dags/example_distributed_2.py
[2026-07-04T05:09:42.609+0000] {processor.py:914} INFO - Processing file /opt/airflow/dags/example_distributed_2.py for tasks to queue
[2026-07-04T05:09:42.621+0000] {logging_mixin.py:190} INFO - [2026-07-04T05:09:42.620+0000] {dagbag.py:588} INFO - Filling up the DagBag from /opt/airflow/dags/example_distributed_2.py
[2026-07-04T05:09:42.640+0000] {processor.py:925} INFO - DAG(s) 'example_distributed_celery_fixed_sleep' retrieved from /opt/airflow/dags/example_distributed_2.py
[2026-07-04T05:09:42.695+0000] {logging_mixin.py:190} INFO - [2026-07-04T05:09:42.693+0000] {dag.py:3239} INFO - Sync 1 DAGs
[2026-07-04T05:09:42.723+0000] {logging_mixin.py:190} INFO - [2026-07-04T05:09:42.722+0000] {dag.py:4180} INFO - Setting next_dagrun for example_distributed_celery_fixed_sleep to None, run_after=None
[2026-07-04T05:09:44.142+0000] {processor.py:208} INFO - Processing /opt/airflow/dags/example_distributed_2.py took 1.542 seconds
[2026-07-04T05:10:14.384+0000] {processor.py:186} INFO - Started process (PID=62) to work on /opt/airflow/dags/example_distributed_2.py
[2026-07-04T05:10:14.416+0000] {processor.py:914} INFO - Processing file /opt/airflow/dags/example_distributed_2.py for tasks to queue
[2026-07-04T05:10:14.419+0000] {logging_mixin.py:190} INFO - [2026-07-04T05:10:14.418+0000] {dagbag.py:588} INFO - Filling up the DagBag from /opt/airflow/dags/example_distributed_2.py
[2026-07-04T05:10:14.429+0000] {processor.py:925} INFO - DAG(s) 'example_distributed_celery_fixed_sleep' retrieved from /opt/airflow/dags/example_distributed_2.py
[2026-07-04T05:10:14.473+0000] {logging_mixin.py:190} INFO - [2026-07-04T05:10:14.473+0000] {dag.py:3239} INFO - Sync 1 DAGs
[2026-07-04T05:10:14.491+0000] {logging_mixin.py:190} INFO - [2026-07-04T05:10:14.491+0000] {dag.py:4180} INFO - Setting next_dagrun for example_distributed_celery_fixed_sleep to None, run_after=None
[2026-07-04T05:10:14.543+0000] {processor.py:208} INFO - Processing /opt/airflow/dags/example_distributed_2.py took 0.167 seconds
[2026-07-04T05:10:44.719+0000] {processor.py:186} INFO - Started process (PID=73) to work on /opt/airflow/dags/example_distributed_2.py
[2026-07-04T05:10:44.720+0000] {processor.py:914} INFO - Processing file /opt/airflow/dags/example_distributed_2.py for tasks to queue
[2026-07-04T05:10:44.722+0000] {logging_mixin.py:190} INFO - [2026-07-04T05:10:44.722+0000] {dagbag.py:588} INFO - Filling up the DagBag from /opt/airflow/dags/example_distributed_2.py
[2026-07-04T05:10:44.733+0000] {processor.py:925} INFO - DAG(s) 'example_distributed_celery_fixed_sleep' retrieved from /opt/airflow/dags/example_distributed_2.py
[2026-07-04T05:10:44.770+0000] {logging_mixin.py:190} INFO - [2026-07-04T05:10:44.770+0000] {dag.py:3239} INFO - Sync 1 DAGs
[2026-07-04T05:10:44.787+0000] {logging_mixin.py:190} INFO - [2026-07-04T05:10:44.787+0000] {dag.py:4180} INFO - Setting next_dagrun for example_distributed_celery_fixed_sleep to None, run_after=None
[2026-07-04T05:10:44.816+0000] {processor.py:208} INFO - Processing /opt/airflow/dags/example_distributed_2.py took 0.105 seconds
[2026-07-04T05:11:15.015+0000] {processor.py:186} INFO - Started process (PID=82) to work on /opt/airflow/dags/example_distributed_2.py
[2026-07-04T05:11:15.041+0000] {processor.py:914} INFO - Processing file /opt/airflow/dags/example_distributed_2.py for tasks to queue
[2026-07-04T05:11:15.044+0000] {logging_mixin.py:190} INFO - [2026-07-04T05:11:15.044+0000] {dagbag.py:588} INFO - Filling up the DagBag from /opt/airflow/dags/example_distributed_2.py
[2026-07-04T05:11:15.057+0000] {processor.py:925} INFO - DAG(s) 'example_distributed_celery_fixed_sleep' retrieved from /opt/airflow/dags/example_distributed_2.py
[2026-07-04T05:11:15.099+0000] {logging_mixin.py:190} INFO - [2026-07-04T05:11:15.099+0000] {dag.py:3239} INFO - Sync 1 DAGs
[2026-07-04T05:11:15.122+0000] {logging_mixin.py:190} INFO - [2026-07-04T05:11:15.122+0000] {dag.py:4180} INFO - Setting next_dagrun for example_distributed_celery_fixed_sleep to None, run_after=None
[2026-07-04T05:11:15.154+0000] {processor.py:208} INFO - Processing /opt/airflow/dags/example_distributed_2.py took 0.148 seconds
[2026-07-04T05:11:45.864+0000] {processor.py:186} INFO - Started process (PID=92) to work on /opt/airflow/dags/example_distributed_2.py
[2026-07-04T05:11:45.866+0000] {processor.py:914} INFO - Processing file /opt/airflow/dags/example_distributed_2.py for tasks to queue
[2026-07-04T05:11:45.870+0000] {logging_mixin.py:190} INFO - [2026-07-04T05:11:45.869+0000] {dagbag.py:588} INFO - Filling up the DagBag from /opt/airflow/dags/example_distributed_2.py
[2026-07-04T05:11:45.887+0000] {processor.py:925} INFO - DAG(s) 'example_distributed_celery_fixed_sleep' retrieved from /opt/airflow/dags/example_distributed_2.py
[2026-07-04T05:11:45.938+0000] {logging_mixin.py:190} INFO - [2026-07-04T05:11:45.937+0000] {dag.py:3239} INFO - Sync 1 DAGs
[2026-07-04T05:11:45.957+0000] {logging_mixin.py:190} INFO - [2026-07-04T05:11:45.956+0000] {dag.py:4180} INFO - Setting next_dagrun for example_distributed_celery_fixed_sleep to None, run_after=None
[2026-07-04T05:11:45.985+0000] {processor.py:208} INFO - Processing /opt/airflow/dags/example_distributed_2.py took 0.129 seconds
[2026-07-04T05:12:16.233+0000] {processor.py:186} INFO - Started process (PID=102) to work on /opt/airflow/dags/example_distributed_2.py
[2026-07-04T05:12:16.235+0000] {processor.py:914} INFO - Processing file /opt/airflow/dags/example_distributed_2.py for tasks to queue
[2026-07-04T05:12:16.240+0000] {logging_mixin.py:190} INFO - [2026-07-04T05:12:16.239+0000] {dagbag.py:588} INFO - Filling up the DagBag from /opt/airflow/dags/example_distributed_2.py
[2026-07-04T05:12:16.258+0000] {processor.py:925} INFO - DAG(s) 'example_distributed_celery_fixed_sleep' retrieved from /opt/airflow/dags/example_distributed_2.py
[2026-07-04T05:12:16.318+0000] {logging_mixin.py:190} INFO - [2026-07-04T05:12:16.318+0000] {dag.py:3239} INFO - Sync 1 DAGs
[2026-07-04T05:12:16.348+0000] {logging_mixin.py:190} INFO - [2026-07-04T05:12:16.348+0000] {dag.py:4180} INFO - Setting next_dagrun for example_distributed_celery_fixed_sleep to None, run_after=None
[2026-07-04T05:12:16.385+0000] {processor.py:208} INFO - Processing /opt/airflow/dags/example_distributed_2.py took 0.162 seconds
[2026-07-04T05:12:46.591+0000] {processor.py:186} INFO - Started process (PID=112) to work on /opt/airflow/dags/example_distributed_2.py
[2026-07-04T05:12:46.593+0000] {processor.py:914} INFO - Processing file /opt/airflow/dags/example_distributed_2.py for tasks to queue
[2026-07-04T05:12:46.597+0000] {logging_mixin.py:190} INFO - [2026-07-04T05:12:46.597+0000] {dagbag.py:588} INFO - Filling up the DagBag from /opt/airflow/dags/example_distributed_2.py
[2026-07-04T05:12:46.613+0000] {processor.py:925} INFO - DAG(s) 'example_distributed_celery_fixed_sleep' retrieved from /opt/airflow/dags/example_distributed_2.py
[2026-07-04T05:12:46.657+0000] {logging_mixin.py:190} INFO - [2026-07-04T05:12:46.657+0000] {dag.py:3239} INFO - Sync 1 DAGs
[2026-07-04T05:12:46.677+0000] {logging_mixin.py:190} INFO - [2026-07-04T05:12:46.676+0000] {dag.py:4180} INFO - Setting next_dagrun for example_distributed_celery_fixed_sleep to None, run_after=None
[2026-07-04T05:12:46.701+0000] {processor.py:208} INFO - Processing /opt/airflow/dags/example_distributed_2.py took 0.119 seconds
[2026-07-04T05:13:17.550+0000] {processor.py:186} INFO - Started process (PID=122) to work on /opt/airflow/dags/example_distributed_2.py
[2026-07-04T05:13:17.551+0000] {processor.py:914} INFO - Processing file /opt/airflow/dags/example_distributed_2.py for tasks to queue
[2026-07-04T05:13:17.555+0000] {logging_mixin.py:190} INFO - [2026-07-04T05:13:17.555+0000] {dagbag.py:588} INFO - Filling up the DagBag from /opt/airflow/dags/example_distributed_2.py
[2026-07-04T05:13:17.567+0000] {processor.py:925} INFO - DAG(s) 'example_distributed_celery_fixed_sleep' retrieved from /opt/airflow/dags/example_distributed_2.py
[2026-07-04T05:13:17.610+0000] {logging_mixin.py:190} INFO - [2026-07-04T05:13:17.609+0000] {dag.py:3239} INFO - Sync 1 DAGs
[2026-07-04T05:13:17.631+0000] {logging_mixin.py:190} INFO - [2026-07-04T05:13:17.630+0000] {dag.py:4180} INFO - Setting next_dagrun for example_distributed_celery_fixed_sleep to None, run_after=None
[2026-07-04T05:13:17.668+0000] {processor.py:208} INFO - Processing /opt/airflow/dags/example_distributed_2.py took 0.126 seconds
[2026-07-04T05:13:47.729+0000] {processor.py:186} INFO - Started process (PID=132) to work on /opt/airflow/dags/example_distributed_2.py
[2026-07-04T05:13:47.779+0000] {processor.py:914} INFO - Processing file /opt/airflow/dags/example_distributed_2.py for tasks to queue
[2026-07-04T05:13:47.783+0000] {logging_mixin.py:190} INFO - [2026-07-04T05:13:47.783+0000] {dagbag.py:588} INFO - Filling up the DagBag from /opt/airflow/dags/example_distributed_2.py
[2026-07-04T05:13:47.801+0000] {processor.py:925} INFO - DAG(s) 'example_distributed_celery_fixed_sleep' retrieved from /opt/airflow/dags/example_distributed_2.py
[2026-07-04T05:13:47.848+0000] {logging_mixin.py:190} INFO - [2026-07-04T05:13:47.848+0000] {dag.py:3239} INFO - Sync 1 DAGs
[2026-07-04T05:13:48.140+0000] {logging_mixin.py:190} INFO - [2026-07-04T05:13:48.140+0000] {dag.py:4180} INFO - Setting next_dagrun for example_distributed_celery_fixed_sleep to None, run_after=None
[2026-07-04T05:13:48.174+0000] {processor.py:208} INFO - Processing /opt/airflow/dags/example_distributed_2.py took 0.456 seconds
[2026-07-04T05:14:18.288+0000] {processor.py:186} INFO - Started process (PID=142) to work on /opt/airflow/dags/example_distributed_2.py
[2026-07-04T05:14:18.314+0000] {processor.py:914} INFO - Processing file /opt/airflow/dags/example_distributed_2.py for tasks to queue
[2026-07-04T05:14:18.321+0000] {logging_mixin.py:190} INFO - [2026-07-04T05:14:18.320+0000] {dagbag.py:588} INFO - Filling up the DagBag from /opt/airflow/dags/example_distributed_2.py
[2026-07-04T05:14:18.381+0000] {processor.py:925} INFO - DAG(s) 'example_distributed_celery_fixed_sleep' retrieved from /opt/airflow/dags/example_distributed_2.py
[2026-07-04T05:14:18.716+0000] {logging_mixin.py:190} INFO - [2026-07-04T05:14:18.716+0000] {dag.py:3239} INFO - Sync 1 DAGs
[2026-07-04T05:14:18.733+0000] {logging_mixin.py:190} INFO - [2026-07-04T05:14:18.733+0000] {dag.py:4180} INFO - Setting next_dagrun for example_distributed_celery_fixed_sleep to None, run_after=None
[2026-07-04T05:14:18.756+0000] {processor.py:208} INFO - Processing /opt/airflow/dags/example_distributed_2.py took 0.511 seconds
[2026-07-04T05:14:49.549+0000] {processor.py:186} INFO - Started process (PID=150) to work on /opt/airflow/dags/example_distributed_2.py
[2026-07-04T05:14:49.805+0000] {processor.py:914} INFO - Processing file /opt/airflow/dags/example_distributed_2.py for tasks to queue
[2026-07-04T05:14:49.980+0000] {logging_mixin.py:190} INFO - [2026-07-04T05:14:49.977+0000] {dagbag.py:588} INFO - Filling up the DagBag from /opt/airflow/dags/example_distributed_2.py
[2026-07-04T05:14:50.022+0000] {processor.py:925} INFO - DAG(s) 'example_distributed_celery_fixed_sleep' retrieved from /opt/airflow/dags/example_distributed_2.py
[2026-07-04T05:14:51.173+0000] {logging_mixin.py:190} INFO - [2026-07-04T05:14:51.171+0000] {dag.py:3239} INFO - Sync 1 DAGs
[2026-07-04T05:14:51.672+0000] {logging_mixin.py:190} INFO - [2026-07-04T05:14:51.671+0000] {dag.py:4180} INFO - Setting next_dagrun for example_distributed_celery_fixed_sleep to None, run_after=None
[2026-07-04T05:14:53.097+0000] {processor.py:208} INFO - Processing /opt/airflow/dags/example_distributed_2.py took 4.031 seconds
[2026-07-04T05:15:28.426+0000] {processor.py:186} INFO - Started process (PID=154) to work on /opt/airflow/dags/example_distributed_2.py
[2026-07-04T05:15:28.581+0000] {processor.py:914} INFO - Processing file /opt/airflow/dags/example_distributed_2.py for tasks to queue
[2026-07-04T05:15:28.830+0000] {logging_mixin.py:190} INFO - [2026-07-04T05:15:28.829+0000] {dagbag.py:588} INFO - Filling up the DagBag from /opt/airflow/dags/example_distributed_2.py
[2026-07-04T05:15:29.102+0000] {processor.py:925} INFO - DAG(s) 'example_distributed_celery_fixed_sleep' retrieved from /opt/airflow/dags/example_distributed_2.py
[2026-07-04T05:15:32.902+0000] {logging_mixin.py:190} INFO - [2026-07-04T05:15:32.902+0000] {dag.py:3239} INFO - Sync 1 DAGs
[2026-07-04T05:15:34.826+0000] {logging_mixin.py:190} INFO - [2026-07-04T05:15:34.825+0000] {dag.py:4180} INFO - Setting next_dagrun for example_distributed_celery_fixed_sleep to None, run_after=None
[2026-07-04T05:15:35.199+0000] {processor.py:208} INFO - Processing /opt/airflow/dags/example_distributed_2.py took 7.990 seconds
[2026-07-04T05:16:06.469+0000] {processor.py:186} INFO - Started process (PID=163) to work on /opt/airflow/dags/example_distributed_2.py
[2026-07-04T05:16:06.471+0000] {processor.py:914} INFO - Processing file /opt/airflow/dags/example_distributed_2.py for tasks to queue
[2026-07-04T05:16:06.475+0000] {logging_mixin.py:190} INFO - [2026-07-04T05:16:06.474+0000] {dagbag.py:588} INFO - Filling up the DagBag from /opt/airflow/dags/example_distributed_2.py
[2026-07-04T05:16:07.228+0000] {processor.py:925} INFO - DAG(s) 'example_distributed_celery_fixed_sleep' retrieved from /opt/airflow/dags/example_distributed_2.py
[2026-07-04T05:16:08.273+0000] {logging_mixin.py:190} INFO - [2026-07-04T05:16:08.272+0000] {dag.py:3239} INFO - Sync 1 DAGs
[2026-07-04T05:16:08.331+0000] {logging_mixin.py:190} INFO - [2026-07-04T05:16:08.330+0000] {dag.py:4180} INFO - Setting next_dagrun for example_distributed_celery_fixed_sleep to None, run_after=None
[2026-07-04T05:16:14.593+0000] {processor.py:208} INFO - Processing /opt/airflow/dags/example_distributed_2.py took 8.220 seconds
[2026-07-04T05:17:13.981+0000] {processor.py:186} INFO - Started process (PID=172) to work on /opt/airflow/dags/example_distributed_2.py
[2026-07-04T05:17:14.649+0000] {processor.py:914} INFO - Processing file /opt/airflow/dags/example_distributed_2.py for tasks to queue
[2026-07-04T05:17:14.862+0000] {logging_mixin.py:190} INFO - [2026-07-04T05:17:14.861+0000] {dagbag.py:588} INFO - Filling up the DagBag from /opt/airflow/dags/example_distributed_2.py
[2026-07-04T05:17:15.670+0000] {processor.py:925} INFO - DAG(s) 'example_distributed_celery_fixed_sleep' retrieved from /opt/airflow/dags/example_distributed_2.py
[2026-07-04T05:17:15.877+0000] {logging_mixin.py:190} INFO - [2026-07-04T05:17:15.876+0000] {dag.py:3239} INFO - Sync 1 DAGs
[2026-07-04T05:17:15.908+0000] {logging_mixin.py:190} INFO - [2026-07-04T05:17:15.907+0000] {dag.py:4180} INFO - Setting next_dagrun for example_distributed_celery_fixed_sleep to None, run_after=None
[2026-07-04T05:17:21.845+0000] {processor.py:208} INFO - Processing /opt/airflow/dags/example_distributed_2.py took 10.689 seconds
[2026-07-04T05:18:01.761+0000] {processor.py:186} INFO - Started process (PID=181) to work on /opt/airflow/dags/example_distributed_2.py
[2026-07-04T05:18:02.146+0000] {processor.py:914} INFO - Processing file /opt/airflow/dags/example_distributed_2.py for tasks to queue
[2026-07-04T05:18:02.488+0000] {logging_mixin.py:190} INFO - [2026-07-04T05:18:02.487+0000] {dagbag.py:588} INFO - Filling up the DagBag from /opt/airflow/dags/example_distributed_2.py
[2026-07-04T05:18:02.616+0000] {processor.py:925} INFO - DAG(s) 'example_distributed_celery_fixed_sleep' retrieved from /opt/airflow/dags/example_distributed_2.py
[2026-07-04T05:18:03.898+0000] {logging_mixin.py:190} INFO - [2026-07-04T05:18:03.892+0000] {dag.py:3239} INFO - Sync 1 DAGs
[2026-07-04T05:18:05.867+0000] {logging_mixin.py:190} INFO - [2026-07-04T05:18:05.867+0000] {dag.py:4180} INFO - Setting next_dagrun for example_distributed_celery_fixed_sleep to None, run_after=None
[2026-07-04T05:18:13.092+0000] {processor.py:208} INFO - Processing /opt/airflow/dags/example_distributed_2.py took 12.393 seconds
[2026-07-04T05:19:17.459+0000] {processor.py:186} INFO - Started process (PID=189) to work on /opt/airflow/dags/example_distributed_2.py
[2026-07-04T05:19:19.130+0000] {processor.py:914} INFO - Processing file /opt/airflow/dags/example_distributed_2.py for tasks to queue
[2026-07-04T05:19:19.389+0000] {logging_mixin.py:190} INFO - [2026-07-04T05:19:19.374+0000] {dagbag.py:588} INFO - Filling up the DagBag from /opt/airflow/dags/example_distributed_2.py
[2026-07-04T05:19:26.387+0000] {processor.py:925} INFO - DAG(s) 'example_distributed_celery_fixed_sleep' retrieved from /opt/airflow/dags/example_distributed_2.py
