[2026-07-04T06:28:22.123+0000] {processor.py:186} INFO - Started process (PID=122) to work on /opt/airflow/dags/shopbrasil_panorama_precos.py
[2026-07-04T06:28:22.125+0000] {processor.py:914} INFO - Processing file /opt/airflow/dags/shopbrasil_panorama_precos.py for tasks to queue
[2026-07-04T06:28:22.130+0000] {logging_mixin.py:190} INFO - [2026-07-04T06:28:22.130+0000] {dagbag.py:588} INFO - Filling up the DagBag from /opt/airflow/dags/shopbrasil_panorama_precos.py
[2026-07-04T06:28:31.120+0000] {processor.py:925} INFO - DAG(s) 'shopbrasil_panorama_precos' retrieved from /opt/airflow/dags/shopbrasil_panorama_precos.py
[2026-07-04T06:30:02.033+0000] {processor.py:186} INFO - Started process (PID=144) to work on /opt/airflow/dags/shopbrasil_panorama_precos.py
[2026-07-04T06:30:02.243+0000] {processor.py:914} INFO - Processing file /opt/airflow/dags/shopbrasil_panorama_precos.py for tasks to queue
[2026-07-04T06:30:02.247+0000] {logging_mixin.py:190} INFO - [2026-07-04T06:30:02.247+0000] {dagbag.py:588} INFO - Filling up the DagBag from /opt/airflow/dags/shopbrasil_panorama_precos.py
[2026-07-04T06:30:03.173+0000] {processor.py:925} INFO - DAG(s) 'shopbrasil_panorama_precos' retrieved from /opt/airflow/dags/shopbrasil_panorama_precos.py
[2026-07-04T06:30:06.165+0000] {logging_mixin.py:190} INFO - [2026-07-04T06:30:06.164+0000] {override.py:1911} INFO - Created Permission View: can read on DAG:shopbrasil_panorama_precos
[2026-07-04T06:30:07.824+0000] {logging_mixin.py:190} INFO - [2026-07-04T06:30:07.823+0000] {override.py:1911} INFO - Created Permission View: can edit on DAG:shopbrasil_panorama_precos
[2026-07-04T06:30:10.451+0000] {logging_mixin.py:190} INFO - [2026-07-04T06:30:10.450+0000] {override.py:1911} INFO - Created Permission View: can delete on DAG:shopbrasil_panorama_precos
[2026-07-04T06:30:13.184+0000] {logging_mixin.py:190} INFO - [2026-07-04T06:30:13.183+0000] {override.py:1911} INFO - Created Permission View: can read on DAG Run:shopbrasil_panorama_precos
[2026-07-04T06:30:13.458+0000] {logging_mixin.py:190} INFO - [2026-07-04T06:30:13.457+0000] {override.py:1911} INFO - Created Permission View: menu access on DAG Run:shopbrasil_panorama_precos
[2026-07-04T06:30:13.801+0000] {logging_mixin.py:190} INFO - [2026-07-04T06:30:13.801+0000] {override.py:1911} INFO - Created Permission View: can delete on DAG Run:shopbrasil_panorama_precos
[2026-07-04T06:30:14.439+0000] {logging_mixin.py:190} INFO - [2026-07-04T06:30:14.232+0000] {override.py:1911} INFO - Created Permission View: can create on DAG Run:shopbrasil_panorama_precos
[2026-07-04T06:30:14.440+0000] {logging_mixin.py:190} INFO - [2026-07-04T06:30:14.439+0000] {dag.py:3239} INFO - Sync 1 DAGs
[2026-07-04T06:30:41.903+0000] {logging_mixin.py:190} INFO - [2026-07-04T06:30:41.903+0000] {dag.py:3262} INFO - Creating ORM DAG for shopbrasil_panorama_precos
[2026-07-04T06:30:42.548+0000] {logging_mixin.py:190} INFO - [2026-07-04T06:30:42.547+0000] {dag.py:4180} INFO - Setting next_dagrun for shopbrasil_panorama_precos to 2026-07-03 09:00:00+00:00, run_after=2026-07-03 09:00:00+00:00
[2026-07-04T06:30:46.775+0000] {processor.py:208} INFO - Processing /opt/airflow/dags/shopbrasil_panorama_precos.py took 44.753 seconds
[2026-07-04T06:31:50.284+0000] {processor.py:186} INFO - Started process (PID=162) to work on /opt/airflow/dags/shopbrasil_panorama_precos.py
[2026-07-04T06:31:50.466+0000] {processor.py:914} INFO - Processing file /opt/airflow/dags/shopbrasil_panorama_precos.py for tasks to queue
[2026-07-04T06:31:50.471+0000] {logging_mixin.py:190} INFO - [2026-07-04T06:31:50.471+0000] {dagbag.py:588} INFO - Filling up the DagBag from /opt/airflow/dags/shopbrasil_panorama_precos.py
[2026-07-04T06:31:51.954+0000] {processor.py:925} INFO - DAG(s) 'shopbrasil_panorama_precos' retrieved from /opt/airflow/dags/shopbrasil_panorama_precos.py
[2026-07-04T06:31:52.001+0000] {logging_mixin.py:190} INFO - [2026-07-04T06:31:52.000+0000] {dag.py:3239} INFO - Sync 1 DAGs
[2026-07-04T06:31:52.037+0000] {logging_mixin.py:190} INFO - [2026-07-04T06:31:52.036+0000] {dag.py:4180} INFO - Setting next_dagrun for shopbrasil_panorama_precos to 2026-07-03 09:00:00+00:00, run_after=2026-07-03 09:00:00+00:00
[2026-07-04T06:31:53.158+0000] {processor.py:208} INFO - Processing /opt/airflow/dags/shopbrasil_panorama_precos.py took 3.527 seconds
[2026-07-04T06:33:11.765+0000] {processor.py:186} INFO - Started process (PID=171) to work on /opt/airflow/dags/shopbrasil_panorama_precos.py
[2026-07-04T06:33:12.826+0000] {processor.py:914} INFO - Processing file /opt/airflow/dags/shopbrasil_panorama_precos.py for tasks to queue
[2026-07-04T06:33:12.828+0000] {logging_mixin.py:190} INFO - [2026-07-04T06:33:12.828+0000] {dagbag.py:588} INFO - Filling up the DagBag from /opt/airflow/dags/shopbrasil_panorama_precos.py
[2026-07-04T06:33:14.045+0000] {processor.py:925} INFO - DAG(s) 'shopbrasil_panorama_precos' retrieved from /opt/airflow/dags/shopbrasil_panorama_precos.py
[2026-07-04T06:33:27.155+0000] {logging_mixin.py:190} INFO - [2026-07-04T06:33:27.154+0000] {dag.py:3239} INFO - Sync 1 DAGs
[2026-07-04T06:59:54.242+0000] {processor.py:186} INFO - Started process (PID=66) to work on /opt/airflow/dags/shopbrasil_panorama_precos.py
[2026-07-04T06:59:54.454+0000] {processor.py:914} INFO - Processing file /opt/airflow/dags/shopbrasil_panorama_precos.py for tasks to queue
[2026-07-04T06:59:54.457+0000] {logging_mixin.py:190} INFO - [2026-07-04T06:59:54.457+0000] {dagbag.py:588} INFO - Filling up the DagBag from /opt/airflow/dags/shopbrasil_panorama_precos.py
[2026-07-04T06:59:55.012+0000] {processor.py:925} INFO - DAG(s) 'shopbrasil_panorama_precos' retrieved from /opt/airflow/dags/shopbrasil_panorama_precos.py
[2026-07-04T06:59:55.876+0000] {logging_mixin.py:190} INFO - [2026-07-04T06:59:55.874+0000] {dag.py:3239} INFO - Sync 1 DAGs
[2026-07-04T06:59:56.435+0000] {logging_mixin.py:190} INFO - [2026-07-04T06:59:56.433+0000] {dag.py:4180} INFO - Setting next_dagrun for shopbrasil_panorama_precos to 2026-07-03 09:00:00+00:00, run_after=2026-07-03 09:00:00+00:00
[2026-07-04T06:59:57.214+0000] {processor.py:208} INFO - Processing /opt/airflow/dags/shopbrasil_panorama_precos.py took 2.985 seconds
[2026-07-04T07:00:27.288+0000] {processor.py:186} INFO - Started process (PID=77) to work on /opt/airflow/dags/shopbrasil_panorama_precos.py
[2026-07-04T07:00:27.374+0000] {processor.py:914} INFO - Processing file /opt/airflow/dags/shopbrasil_panorama_precos.py for tasks to queue
[2026-07-04T07:00:27.380+0000] {logging_mixin.py:190} INFO - [2026-07-04T07:00:27.380+0000] {dagbag.py:588} INFO - Filling up the DagBag from /opt/airflow/dags/shopbrasil_panorama_precos.py
[2026-07-04T07:00:27.400+0000] {processor.py:925} INFO - DAG(s) 'shopbrasil_panorama_precos' retrieved from /opt/airflow/dags/shopbrasil_panorama_precos.py
[2026-07-04T07:00:27.461+0000] {logging_mixin.py:190} INFO - [2026-07-04T07:00:27.459+0000] {dag.py:3239} INFO - Sync 1 DAGs
[2026-07-04T07:00:27.503+0000] {logging_mixin.py:190} INFO - [2026-07-04T07:00:27.503+0000] {dag.py:4180} INFO - Setting next_dagrun for shopbrasil_panorama_precos to 2026-07-03 09:00:00+00:00, run_after=2026-07-03 09:00:00+00:00
[2026-07-04T07:00:27.603+0000] {processor.py:208} INFO - Processing /opt/airflow/dags/shopbrasil_panorama_precos.py took 0.326 seconds
[2026-07-04T07:00:58.021+0000] {processor.py:186} INFO - Started process (PID=88) to work on /opt/airflow/dags/shopbrasil_panorama_precos.py
[2026-07-04T07:00:58.023+0000] {processor.py:914} INFO - Processing file /opt/airflow/dags/shopbrasil_panorama_precos.py for tasks to queue
[2026-07-04T07:00:58.029+0000] {logging_mixin.py:190} INFO - [2026-07-04T07:00:58.028+0000] {dagbag.py:588} INFO - Filling up the DagBag from /opt/airflow/dags/shopbrasil_panorama_precos.py
[2026-07-04T07:00:58.059+0000] {processor.py:925} INFO - DAG(s) 'shopbrasil_panorama_precos' retrieved from /opt/airflow/dags/shopbrasil_panorama_precos.py
[2026-07-04T07:00:58.131+0000] {logging_mixin.py:190} INFO - [2026-07-04T07:00:58.131+0000] {dag.py:3239} INFO - Sync 1 DAGs
[2026-07-04T07:00:58.196+0000] {logging_mixin.py:190} INFO - [2026-07-04T07:00:58.196+0000] {dag.py:4180} INFO - Setting next_dagrun for shopbrasil_panorama_precos to 2026-07-03 09:00:00+00:00, run_after=2026-07-03 09:00:00+00:00
[2026-07-04T07:00:58.239+0000] {processor.py:208} INFO - Processing /opt/airflow/dags/shopbrasil_panorama_precos.py took 0.235 seconds
[2026-07-04T07:01:28.862+0000] {processor.py:186} INFO - Started process (PID=99) to work on /opt/airflow/dags/shopbrasil_panorama_precos.py
[2026-07-04T07:01:28.880+0000] {processor.py:914} INFO - Processing file /opt/airflow/dags/shopbrasil_panorama_precos.py for tasks to queue
[2026-07-04T07:01:28.883+0000] {logging_mixin.py:190} INFO - [2026-07-04T07:01:28.883+0000] {dagbag.py:588} INFO - Filling up the DagBag from /opt/airflow/dags/shopbrasil_panorama_precos.py
[2026-07-04T07:01:28.981+0000] {processor.py:925} INFO - DAG(s) 'shopbrasil_panorama_precos' retrieved from /opt/airflow/dags/shopbrasil_panorama_precos.py
[2026-07-04T07:01:29.086+0000] {logging_mixin.py:190} INFO - [2026-07-04T07:01:29.086+0000] {dag.py:3239} INFO - Sync 1 DAGs
[2026-07-04T07:01:29.168+0000] {logging_mixin.py:190} INFO - [2026-07-04T07:01:29.168+0000] {dag.py:4180} INFO - Setting next_dagrun for shopbrasil_panorama_precos to 2026-07-03 09:00:00+00:00, run_after=2026-07-03 09:00:00+00:00
[2026-07-04T07:01:29.193+0000] {processor.py:208} INFO - Processing /opt/airflow/dags/shopbrasil_panorama_precos.py took 0.336 seconds
[2026-07-04T07:01:59.720+0000] {processor.py:186} INFO - Started process (PID=110) to work on /opt/airflow/dags/shopbrasil_panorama_precos.py
[2026-07-04T07:01:59.737+0000] {processor.py:914} INFO - Processing file /opt/airflow/dags/shopbrasil_panorama_precos.py for tasks to queue
[2026-07-04T07:01:59.739+0000] {logging_mixin.py:190} INFO - [2026-07-04T07:01:59.739+0000] {dagbag.py:588} INFO - Filling up the DagBag from /opt/airflow/dags/shopbrasil_panorama_precos.py
[2026-07-04T07:01:59.787+0000] {processor.py:925} INFO - DAG(s) 'shopbrasil_panorama_precos' retrieved from /opt/airflow/dags/shopbrasil_panorama_precos.py
[2026-07-04T07:01:59.836+0000] {logging_mixin.py:190} INFO - [2026-07-04T07:01:59.836+0000] {dag.py:3239} INFO - Sync 1 DAGs
[2026-07-04T07:01:59.867+0000] {logging_mixin.py:190} INFO - [2026-07-04T07:01:59.867+0000] {dag.py:4180} INFO - Setting next_dagrun for shopbrasil_panorama_precos to 2026-07-03 09:00:00+00:00, run_after=2026-07-03 09:00:00+00:00
[2026-07-04T07:01:59.897+0000] {processor.py:208} INFO - Processing /opt/airflow/dags/shopbrasil_panorama_precos.py took 0.184 seconds
[2026-07-04T07:02:30.409+0000] {processor.py:186} INFO - Started process (PID=121) to work on /opt/airflow/dags/shopbrasil_panorama_precos.py
[2026-07-04T07:02:30.410+0000] {processor.py:914} INFO - Processing file /opt/airflow/dags/shopbrasil_panorama_precos.py for tasks to queue
[2026-07-04T07:02:30.415+0000] {logging_mixin.py:190} INFO - [2026-07-04T07:02:30.414+0000] {dagbag.py:588} INFO - Filling up the DagBag from /opt/airflow/dags/shopbrasil_panorama_precos.py
[2026-07-04T07:02:30.439+0000] {processor.py:925} INFO - DAG(s) 'shopbrasil_panorama_precos' retrieved from /opt/airflow/dags/shopbrasil_panorama_precos.py
[2026-07-04T07:02:30.516+0000] {logging_mixin.py:190} INFO - [2026-07-04T07:02:30.516+0000] {dag.py:3239} INFO - Sync 1 DAGs
[2026-07-04T07:02:30.625+0000] {logging_mixin.py:190} INFO - [2026-07-04T07:02:30.625+0000] {dag.py:4180} INFO - Setting next_dagrun for shopbrasil_panorama_precos to 2026-07-03 09:00:00+00:00, run_after=2026-07-03 09:00:00+00:00
[2026-07-04T07:02:30.727+0000] {processor.py:208} INFO - Processing /opt/airflow/dags/shopbrasil_panorama_precos.py took 0.327 seconds
[2026-07-04T07:03:00.845+0000] {processor.py:186} INFO - Started process (PID=125) to work on /opt/airflow/dags/shopbrasil_panorama_precos.py
[2026-07-04T07:03:00.887+0000] {processor.py:914} INFO - Processing file /opt/airflow/dags/shopbrasil_panorama_precos.py for tasks to queue
[2026-07-04T07:03:00.889+0000] {logging_mixin.py:190} INFO - [2026-07-04T07:03:00.889+0000] {dagbag.py:588} INFO - Filling up the DagBag from /opt/airflow/dags/shopbrasil_panorama_precos.py
[2026-07-04T07:03:00.930+0000] {processor.py:925} INFO - DAG(s) 'shopbrasil_panorama_precos' retrieved from /opt/airflow/dags/shopbrasil_panorama_precos.py
[2026-07-04T07:03:00.975+0000] {logging_mixin.py:190} INFO - [2026-07-04T07:03:00.975+0000] {dag.py:3239} INFO - Sync 1 DAGs
[2026-07-04T07:03:01.023+0000] {logging_mixin.py:190} INFO - [2026-07-04T07:03:01.023+0000] {dag.py:4180} INFO - Setting next_dagrun for shopbrasil_panorama_precos to 2026-07-03 09:00:00+00:00, run_after=2026-07-03 09:00:00+00:00
[2026-07-04T07:03:03.008+0000] {processor.py:208} INFO - Processing /opt/airflow/dags/shopbrasil_panorama_precos.py took 2.170 seconds
[2026-07-04T07:03:33.157+0000] {processor.py:186} INFO - Started process (PID=139) to work on /opt/airflow/dags/shopbrasil_panorama_precos.py
[2026-07-04T07:03:33.159+0000] {processor.py:914} INFO - Processing file /opt/airflow/dags/shopbrasil_panorama_precos.py for tasks to queue
[2026-07-04T07:03:33.164+0000] {logging_mixin.py:190} INFO - [2026-07-04T07:03:33.164+0000] {dagbag.py:588} INFO - Filling up the DagBag from /opt/airflow/dags/shopbrasil_panorama_precos.py
[2026-07-04T07:03:33.179+0000] {processor.py:925} INFO - DAG(s) 'shopbrasil_panorama_precos' retrieved from /opt/airflow/dags/shopbrasil_panorama_precos.py
[2026-07-04T07:03:33.218+0000] {logging_mixin.py:190} INFO - [2026-07-04T07:03:33.217+0000] {dag.py:3239} INFO - Sync 1 DAGs
[2026-07-04T07:03:33.411+0000] {logging_mixin.py:190} INFO - [2026-07-04T07:03:33.411+0000] {dag.py:4180} INFO - Setting next_dagrun for shopbrasil_panorama_precos to 2026-07-03 09:00:00+00:00, run_after=2026-07-03 09:00:00+00:00
[2026-07-04T07:03:33.433+0000] {processor.py:208} INFO - Processing /opt/airflow/dags/shopbrasil_panorama_precos.py took 0.282 seconds
[2026-07-04T07:04:03.580+0000] {processor.py:186} INFO - Started process (PID=150) to work on /opt/airflow/dags/shopbrasil_panorama_precos.py
[2026-07-04T07:04:03.581+0000] {processor.py:914} INFO - Processing file /opt/airflow/dags/shopbrasil_panorama_precos.py for tasks to queue
[2026-07-04T07:04:03.586+0000] {logging_mixin.py:190} INFO - [2026-07-04T07:04:03.586+0000] {dagbag.py:588} INFO - Filling up the DagBag from /opt/airflow/dags/shopbrasil_panorama_precos.py
[2026-07-04T07:04:03.606+0000] {processor.py:925} INFO - DAG(s) 'shopbrasil_panorama_precos' retrieved from /opt/airflow/dags/shopbrasil_panorama_precos.py
[2026-07-04T07:04:03.926+0000] {logging_mixin.py:190} INFO - [2026-07-04T07:04:03.925+0000] {dag.py:3239} INFO - Sync 1 DAGs
[2026-07-04T07:04:03.946+0000] {logging_mixin.py:190} INFO - [2026-07-04T07:04:03.946+0000] {dag.py:4180} INFO - Setting next_dagrun for shopbrasil_panorama_precos to 2026-07-03 09:00:00+00:00, run_after=2026-07-03 09:00:00+00:00
[2026-07-04T07:04:03.965+0000] {processor.py:208} INFO - Processing /opt/airflow/dags/shopbrasil_panorama_precos.py took 0.393 seconds
[2026-07-04T07:04:34.045+0000] {processor.py:186} INFO - Started process (PID=161) to work on /opt/airflow/dags/shopbrasil_panorama_precos.py
[2026-07-04T07:04:34.047+0000] {processor.py:914} INFO - Processing file /opt/airflow/dags/shopbrasil_panorama_precos.py for tasks to queue
[2026-07-04T07:04:34.049+0000] {logging_mixin.py:190} INFO - [2026-07-04T07:04:34.049+0000] {dagbag.py:588} INFO - Filling up the DagBag from /opt/airflow/dags/shopbrasil_panorama_precos.py
[2026-07-04T07:04:34.067+0000] {processor.py:925} INFO - DAG(s) 'shopbrasil_panorama_precos' retrieved from /opt/airflow/dags/shopbrasil_panorama_precos.py
[2026-07-04T07:04:34.106+0000] {logging_mixin.py:190} INFO - [2026-07-04T07:04:34.105+0000] {dag.py:3239} INFO - Sync 1 DAGs
[2026-07-04T07:04:34.137+0000] {logging_mixin.py:190} INFO - [2026-07-04T07:04:34.137+0000] {dag.py:4180} INFO - Setting next_dagrun for shopbrasil_panorama_precos to 2026-07-03 09:00:00+00:00, run_after=2026-07-03 09:00:00+00:00
[2026-07-04T07:04:34.166+0000] {processor.py:208} INFO - Processing /opt/airflow/dags/shopbrasil_panorama_precos.py took 0.128 seconds
[2026-07-04T07:05:04.444+0000] {processor.py:186} INFO - Started process (PID=169) to work on /opt/airflow/dags/shopbrasil_panorama_precos.py
[2026-07-04T07:05:04.450+0000] {processor.py:914} INFO - Processing file /opt/airflow/dags/shopbrasil_panorama_precos.py for tasks to queue
[2026-07-04T07:05:04.452+0000] {logging_mixin.py:190} INFO - [2026-07-04T07:05:04.452+0000] {dagbag.py:588} INFO - Filling up the DagBag from /opt/airflow/dags/shopbrasil_panorama_precos.py
[2026-07-04T07:05:04.466+0000] {processor.py:925} INFO - DAG(s) 'shopbrasil_panorama_precos' retrieved from /opt/airflow/dags/shopbrasil_panorama_precos.py
[2026-07-04T07:05:04.790+0000] {logging_mixin.py:190} INFO - [2026-07-04T07:05:04.790+0000] {dag.py:3239} INFO - Sync 1 DAGs
[2026-07-04T07:05:05.010+0000] {logging_mixin.py:190} INFO - [2026-07-04T07:05:05.009+0000] {dag.py:4180} INFO - Setting next_dagrun for shopbrasil_panorama_precos to 2026-07-03 09:00:00+00:00, run_after=2026-07-03 09:00:00+00:00
[2026-07-04T07:05:05.633+0000] {processor.py:208} INFO - Processing /opt/airflow/dags/shopbrasil_panorama_precos.py took 1.194 seconds
[2026-07-04T07:05:37.028+0000] {processor.py:186} INFO - Started process (PID=180) to work on /opt/airflow/dags/shopbrasil_panorama_precos.py
[2026-07-04T07:05:37.094+0000] {processor.py:914} INFO - Processing file /opt/airflow/dags/shopbrasil_panorama_precos.py for tasks to queue
[2026-07-04T07:05:37.156+0000] {logging_mixin.py:190} INFO - [2026-07-04T07:05:37.155+0000] {dagbag.py:588} INFO - Filling up the DagBag from /opt/airflow/dags/shopbrasil_panorama_precos.py
[2026-07-04T07:05:44.845+0000] {processor.py:925} INFO - DAG(s) 'shopbrasil_panorama_precos' retrieved from /opt/airflow/dags/shopbrasil_panorama_precos.py
[2026-07-04T07:05:48.370+0000] {logging_mixin.py:190} INFO - [2026-07-04T07:05:48.369+0000] {dag.py:3239} INFO - Sync 1 DAGs
[2026-07-04T07:06:24.868+0000] {processor.py:208} INFO - Processing /opt/airflow/dags/shopbrasil_panorama_precos.py took 47.856 seconds
[2026-07-04T07:06:55.648+0000] {processor.py:186} INFO - Started process (PID=198) to work on /opt/airflow/dags/shopbrasil_panorama_precos.py
[2026-07-04T07:06:55.649+0000] {processor.py:914} INFO - Processing file /opt/airflow/dags/shopbrasil_panorama_precos.py for tasks to queue
[2026-07-04T07:06:55.659+0000] {logging_mixin.py:190} INFO - [2026-07-04T07:06:55.659+0000] {dagbag.py:588} INFO - Filling up the DagBag from /opt/airflow/dags/shopbrasil_panorama_precos.py
[2026-07-04T07:06:55.683+0000] {processor.py:925} INFO - DAG(s) 'shopbrasil_panorama_precos' retrieved from /opt/airflow/dags/shopbrasil_panorama_precos.py
[2026-07-04T07:06:55.740+0000] {logging_mixin.py:190} INFO - [2026-07-04T07:06:55.740+0000] {dag.py:3239} INFO - Sync 1 DAGs
[2026-07-04T07:06:55.827+0000] {processor.py:208} INFO - Processing /opt/airflow/dags/shopbrasil_panorama_precos.py took 0.186 seconds
[2026-07-04T07:07:26.940+0000] {processor.py:186} INFO - Started process (PID=209) to work on /opt/airflow/dags/shopbrasil_panorama_precos.py
[2026-07-04T07:07:27.105+0000] {processor.py:914} INFO - Processing file /opt/airflow/dags/shopbrasil_panorama_precos.py for tasks to queue
[2026-07-04T07:07:27.111+0000] {logging_mixin.py:190} INFO - [2026-07-04T07:07:27.110+0000] {dagbag.py:588} INFO - Filling up the DagBag from /opt/airflow/dags/shopbrasil_panorama_precos.py
[2026-07-04T07:07:32.114+0000] {processor.py:925} INFO - DAG(s) 'shopbrasil_panorama_precos' retrieved from /opt/airflow/dags/shopbrasil_panorama_precos.py
[2026-07-04T07:20:52.997+0000] {processor.py:186} INFO - Started process (PID=59) to work on /opt/airflow/dags/shopbrasil_panorama_precos.py
[2026-07-04T07:20:53.034+0000] {processor.py:914} INFO - Processing file /opt/airflow/dags/shopbrasil_panorama_precos.py for tasks to queue
[2026-07-04T07:20:53.037+0000] {logging_mixin.py:190} INFO - [2026-07-04T07:20:53.037+0000] {dagbag.py:588} INFO - Filling up the DagBag from /opt/airflow/dags/shopbrasil_panorama_precos.py
[2026-07-04T07:20:53.090+0000] {processor.py:925} INFO - DAG(s) 'shopbrasil_panorama_precos' retrieved from /opt/airflow/dags/shopbrasil_panorama_precos.py
[2026-07-04T07:20:53.469+0000] {logging_mixin.py:190} INFO - [2026-07-04T07:20:53.469+0000] {dag.py:3239} INFO - Sync 1 DAGs
[2026-07-04T07:20:53.875+0000] {processor.py:208} INFO - Processing /opt/airflow/dags/shopbrasil_panorama_precos.py took 0.885 seconds
[2026-07-04T07:21:24.766+0000] {processor.py:186} INFO - Started process (PID=70) to work on /opt/airflow/dags/shopbrasil_panorama_precos.py
[2026-07-04T07:21:24.767+0000] {processor.py:914} INFO - Processing file /opt/airflow/dags/shopbrasil_panorama_precos.py for tasks to queue
[2026-07-04T07:21:24.769+0000] {logging_mixin.py:190} INFO - [2026-07-04T07:21:24.769+0000] {dagbag.py:588} INFO - Filling up the DagBag from /opt/airflow/dags/shopbrasil_panorama_precos.py
[2026-07-04T07:21:24.784+0000] {processor.py:925} INFO - DAG(s) 'shopbrasil_panorama_precos' retrieved from /opt/airflow/dags/shopbrasil_panorama_precos.py
[2026-07-04T07:21:24.822+0000] {logging_mixin.py:190} INFO - [2026-07-04T07:21:24.822+0000] {dag.py:3239} INFO - Sync 1 DAGs
[2026-07-04T07:21:25.300+0000] {processor.py:208} INFO - Processing /opt/airflow/dags/shopbrasil_panorama_precos.py took 0.541 seconds
[2026-07-04T07:21:55.707+0000] {processor.py:186} INFO - Started process (PID=81) to work on /opt/airflow/dags/shopbrasil_panorama_precos.py
[2026-07-04T07:21:55.730+0000] {processor.py:914} INFO - Processing file /opt/airflow/dags/shopbrasil_panorama_precos.py for tasks to queue
[2026-07-04T07:21:55.734+0000] {logging_mixin.py:190} INFO - [2026-07-04T07:21:55.733+0000] {dagbag.py:588} INFO - Filling up the DagBag from /opt/airflow/dags/shopbrasil_panorama_precos.py
[2026-07-04T07:21:55.751+0000] {processor.py:925} INFO - DAG(s) 'shopbrasil_panorama_precos' retrieved from /opt/airflow/dags/shopbrasil_panorama_precos.py
[2026-07-04T07:21:55.823+0000] {logging_mixin.py:190} INFO - [2026-07-04T07:21:55.823+0000] {dag.py:3239} INFO - Sync 1 DAGs
[2026-07-04T07:21:55.927+0000] {processor.py:208} INFO - Processing /opt/airflow/dags/shopbrasil_panorama_precos.py took 0.226 seconds
[2026-07-04T07:22:26.879+0000] {processor.py:186} INFO - Started process (PID=91) to work on /opt/airflow/dags/shopbrasil_panorama_precos.py
[2026-07-04T07:22:26.900+0000] {processor.py:914} INFO - Processing file /opt/airflow/dags/shopbrasil_panorama_precos.py for tasks to queue
[2026-07-04T07:22:26.917+0000] {logging_mixin.py:190} INFO - [2026-07-04T07:22:26.917+0000] {dagbag.py:588} INFO - Filling up the DagBag from /opt/airflow/dags/shopbrasil_panorama_precos.py
[2026-07-04T07:22:27.521+0000] {processor.py:925} INFO - DAG(s) 'shopbrasil_panorama_precos' retrieved from /opt/airflow/dags/shopbrasil_panorama_precos.py
[2026-07-04T07:22:28.031+0000] {logging_mixin.py:190} INFO - [2026-07-04T07:22:28.031+0000] {dag.py:3239} INFO - Sync 1 DAGs
[2026-07-04T07:22:28.109+0000] {processor.py:208} INFO - Processing /opt/airflow/dags/shopbrasil_panorama_precos.py took 1.268 seconds
[2026-07-04T07:22:52.923+0000] {processor.py:186} INFO - Started process (PID=95) to work on /opt/airflow/dags/shopbrasil_panorama_precos.py
[2026-07-04T07:22:52.924+0000] {processor.py:914} INFO - Processing file /opt/airflow/dags/shopbrasil_panorama_precos.py for tasks to queue
[2026-07-04T07:22:52.927+0000] {logging_mixin.py:190} INFO - [2026-07-04T07:22:52.927+0000] {dagbag.py:588} INFO - Filling up the DagBag from /opt/airflow/dags/shopbrasil_panorama_precos.py
[2026-07-04T07:22:52.947+0000] {processor.py:925} INFO - DAG(s) 'shopbrasil_panorama_precos' retrieved from /opt/airflow/dags/shopbrasil_panorama_precos.py
[2026-07-04T07:22:52.986+0000] {logging_mixin.py:190} INFO - [2026-07-04T07:22:52.986+0000] {taskinstance.py:3313} ERROR - Executor CeleryExecutor(parallelism=32) reported that the task instance <TaskInstance: shopbrasil_panorama_precos.ingestao.buscar_produtos scheduled__2026-07-03T09:00:00+00:00 [queued]> finished with state failed, but the task instance's state attribute is queued. Learn more: https://airflow.apache.org/docs/apache-airflow/stable/troubleshooting.html#task-state-changed-externally
[2026-07-04T07:22:53.573+0000] {logging_mixin.py:190} INFO - [2026-07-04T07:22:53.573+0000] {taskinstance.py:1225} INFO - Marking task as UP_FOR_RETRY. dag_id=shopbrasil_panorama_precos, task_id=ingestao.buscar_produtos, run_id=scheduled__2026-07-03T09:00:00+00:00, execution_date=20260703T090000, start_date=, end_date=20260704T072252
[2026-07-04T07:22:53.573+0000] {logging_mixin.py:190} INFO - [2026-07-04T07:22:53.573+0000] {taskinstance.py:1563} INFO - Executing callback at index 0: on_retry_callback
[2026-07-04T07:22:53.574+0000] {logging_mixin.py:190} INFO - [2026-07-04T07:22:53.574+0000] {callbacks.py:73} WARNING - SHOPBRASIL ↻ RETRY | task=ingestao.buscar_produtos | tentativa=1 | run=scheduled__2026-07-03T09:00:00+00:00
[2026-07-04T07:22:55.422+0000] {logging_mixin.py:190} INFO - [2026-07-04T07:22:55.422+0000] {base.py:84} INFO - Retrieving connection 'postgres_lab'
[2026-07-04T07:22:55.575+0000] {logging_mixin.py:190} INFO - [2026-07-04T07:22:55.575+0000] {sql.py:544} INFO - Running statement: 
            INSERT INTO etl_log (dag_id, run_id, task_id, status, registros, mensagem)
            VALUES (%s, %s, %s, %s, %s, %s)
            , parameters: ('shopbrasil_panorama_precos', 'scheduled__2026-07-03T09:00:00+00:00', 'ingestao.buscar_produtos', 'retry', 0, 'Retry #1 agendado para ingestao.buscar_produtos')
[2026-07-04T07:22:57.004+0000] {logging_mixin.py:190} INFO - [2026-07-04T07:22:57.003+0000] {sql.py:553} INFO - Rows affected: 1
[2026-07-04T07:22:57.391+0000] {logging_mixin.py:190} INFO - [2026-07-04T07:22:57.344+0000] {processor.py:876} INFO - Executed callback for <TaskInstance: shopbrasil_panorama_precos.ingestao.buscar_produtos scheduled__2026-07-03T09:00:00+00:00 [up_for_retry]> in state up_for_retry
[2026-07-04T07:22:57.420+0000] {logging_mixin.py:190} INFO - [2026-07-04T07:22:57.420+0000] {dag.py:3239} INFO - Sync 1 DAGs
[2026-07-04T07:24:13.222+0000] {processor.py:186} INFO - Started process (PID=118) to work on /opt/airflow/dags/shopbrasil_panorama_precos.py
[2026-07-04T07:24:13.267+0000] {processor.py:914} INFO - Processing file /opt/airflow/dags/shopbrasil_panorama_precos.py for tasks to queue
[2026-07-04T07:24:13.269+0000] {logging_mixin.py:190} INFO - [2026-07-04T07:24:13.269+0000] {dagbag.py:588} INFO - Filling up the DagBag from /opt/airflow/dags/shopbrasil_panorama_precos.py
[2026-07-04T07:24:13.424+0000] {processor.py:925} INFO - DAG(s) 'shopbrasil_panorama_precos' retrieved from /opt/airflow/dags/shopbrasil_panorama_precos.py
[2026-07-04T07:24:18.020+0000] {logging_mixin.py:190} INFO - [2026-07-04T07:24:18.020+0000] {dag.py:3239} INFO - Sync 1 DAGs
[2026-07-04T07:24:18.549+0000] {processor.py:208} INFO - Processing /opt/airflow/dags/shopbrasil_panorama_precos.py took 5.333 seconds
[2026-07-04T07:24:48.597+0000] {processor.py:186} INFO - Started process (PID=129) to work on /opt/airflow/dags/shopbrasil_panorama_precos.py
[2026-07-04T07:24:48.661+0000] {processor.py:914} INFO - Processing file /opt/airflow/dags/shopbrasil_panorama_precos.py for tasks to queue
[2026-07-04T07:24:48.662+0000] {logging_mixin.py:190} INFO - [2026-07-04T07:24:48.662+0000] {dagbag.py:588} INFO - Filling up the DagBag from /opt/airflow/dags/shopbrasil_panorama_precos.py
[2026-07-04T07:24:48.683+0000] {processor.py:925} INFO - DAG(s) 'shopbrasil_panorama_precos' retrieved from /opt/airflow/dags/shopbrasil_panorama_precos.py
[2026-07-04T07:24:48.730+0000] {logging_mixin.py:190} INFO - [2026-07-04T07:24:48.729+0000] {dag.py:3239} INFO - Sync 1 DAGs
[2026-07-04T07:24:49.043+0000] {processor.py:208} INFO - Processing /opt/airflow/dags/shopbrasil_panorama_precos.py took 0.454 seconds
[2026-07-04T07:25:19.538+0000] {processor.py:186} INFO - Started process (PID=140) to work on /opt/airflow/dags/shopbrasil_panorama_precos.py
[2026-07-04T07:25:19.702+0000] {processor.py:914} INFO - Processing file /opt/airflow/dags/shopbrasil_panorama_precos.py for tasks to queue
[2026-07-04T07:25:19.704+0000] {logging_mixin.py:190} INFO - [2026-07-04T07:25:19.703+0000] {dagbag.py:588} INFO - Filling up the DagBag from /opt/airflow/dags/shopbrasil_panorama_precos.py
[2026-07-04T07:25:19.722+0000] {processor.py:925} INFO - DAG(s) 'shopbrasil_panorama_precos' retrieved from /opt/airflow/dags/shopbrasil_panorama_precos.py
[2026-07-04T07:25:19.763+0000] {logging_mixin.py:190} INFO - [2026-07-04T07:25:19.763+0000] {dag.py:3239} INFO - Sync 1 DAGs
[2026-07-04T07:25:19.821+0000] {processor.py:208} INFO - Processing /opt/airflow/dags/shopbrasil_panorama_precos.py took 0.288 seconds
[2026-07-04T07:25:50.300+0000] {processor.py:186} INFO - Started process (PID=151) to work on /opt/airflow/dags/shopbrasil_panorama_precos.py
[2026-07-04T07:25:50.304+0000] {processor.py:914} INFO - Processing file /opt/airflow/dags/shopbrasil_panorama_precos.py for tasks to queue
[2026-07-04T07:25:50.306+0000] {logging_mixin.py:190} INFO - [2026-07-04T07:25:50.305+0000] {dagbag.py:588} INFO - Filling up the DagBag from /opt/airflow/dags/shopbrasil_panorama_precos.py
[2026-07-04T07:25:50.349+0000] {processor.py:925} INFO - DAG(s) 'shopbrasil_panorama_precos' retrieved from /opt/airflow/dags/shopbrasil_panorama_precos.py
[2026-07-04T07:25:50.400+0000] {logging_mixin.py:190} INFO - [2026-07-04T07:25:50.399+0000] {dag.py:3239} INFO - Sync 1 DAGs
[2026-07-04T07:25:50.477+0000] {logging_mixin.py:190} INFO - [2026-07-04T07:25:50.477+0000] {dag.py:4180} INFO - Setting next_dagrun for shopbrasil_panorama_precos to 2026-07-04 09:00:00+00:00, run_after=2026-07-04 09:00:00+00:00
[2026-07-04T07:25:50.605+0000] {processor.py:208} INFO - Processing /opt/airflow/dags/shopbrasil_panorama_precos.py took 0.313 seconds
[2026-07-04T07:26:21.288+0000] {processor.py:186} INFO - Started process (PID=162) to work on /opt/airflow/dags/shopbrasil_panorama_precos.py
[2026-07-04T07:26:21.338+0000] {processor.py:914} INFO - Processing file /opt/airflow/dags/shopbrasil_panorama_precos.py for tasks to queue
[2026-07-04T07:26:21.342+0000] {logging_mixin.py:190} INFO - [2026-07-04T07:26:21.341+0000] {dagbag.py:588} INFO - Filling up the DagBag from /opt/airflow/dags/shopbrasil_panorama_precos.py
[2026-07-04T07:26:21.355+0000] {processor.py:925} INFO - DAG(s) 'shopbrasil_panorama_precos' retrieved from /opt/airflow/dags/shopbrasil_panorama_precos.py
[2026-07-04T07:26:21.386+0000] {logging_mixin.py:190} INFO - [2026-07-04T07:26:21.386+0000] {dag.py:3239} INFO - Sync 1 DAGs
[2026-07-04T07:26:21.766+0000] {logging_mixin.py:190} INFO - [2026-07-04T07:26:21.766+0000] {dag.py:4180} INFO - Setting next_dagrun for shopbrasil_panorama_precos to 2026-07-04 09:00:00+00:00, run_after=2026-07-04 09:00:00+00:00
[2026-07-04T07:26:21.807+0000] {processor.py:208} INFO - Processing /opt/airflow/dags/shopbrasil_panorama_precos.py took 0.524 seconds
[2026-07-04T07:26:52.449+0000] {processor.py:186} INFO - Started process (PID=178) to work on /opt/airflow/dags/shopbrasil_panorama_precos.py
[2026-07-04T07:26:52.450+0000] {processor.py:914} INFO - Processing file /opt/airflow/dags/shopbrasil_panorama_precos.py for tasks to queue
[2026-07-04T07:26:52.453+0000] {logging_mixin.py:190} INFO - [2026-07-04T07:26:52.452+0000] {dagbag.py:588} INFO - Filling up the DagBag from /opt/airflow/dags/shopbrasil_panorama_precos.py
[2026-07-04T07:26:52.469+0000] {processor.py:925} INFO - DAG(s) 'shopbrasil_panorama_precos' retrieved from /opt/airflow/dags/shopbrasil_panorama_precos.py
[2026-07-04T07:26:52.517+0000] {logging_mixin.py:190} INFO - [2026-07-04T07:26:52.517+0000] {dag.py:3239} INFO - Sync 1 DAGs
[2026-07-04T07:26:52.696+0000] {logging_mixin.py:190} INFO - [2026-07-04T07:26:52.696+0000] {dag.py:4180} INFO - Setting next_dagrun for shopbrasil_panorama_precos to 2026-07-04 09:00:00+00:00, run_after=2026-07-04 09:00:00+00:00
[2026-07-04T07:26:52.840+0000] {processor.py:208} INFO - Processing /opt/airflow/dags/shopbrasil_panorama_precos.py took 0.396 seconds
[2026-07-04T07:27:22.998+0000] {processor.py:186} INFO - Started process (PID=212) to work on /opt/airflow/dags/shopbrasil_panorama_precos.py
[2026-07-04T07:27:22.999+0000] {processor.py:914} INFO - Processing file /opt/airflow/dags/shopbrasil_panorama_precos.py for tasks to queue
[2026-07-04T07:27:23.001+0000] {logging_mixin.py:190} INFO - [2026-07-04T07:27:23.001+0000] {dagbag.py:588} INFO - Filling up the DagBag from /opt/airflow/dags/shopbrasil_panorama_precos.py
[2026-07-04T07:27:23.030+0000] {processor.py:925} INFO - DAG(s) 'shopbrasil_panorama_precos' retrieved from /opt/airflow/dags/shopbrasil_panorama_precos.py
[2026-07-04T07:27:23.276+0000] {logging_mixin.py:190} INFO - [2026-07-04T07:27:23.276+0000] {dag.py:3239} INFO - Sync 1 DAGs
[2026-07-04T07:27:23.301+0000] {logging_mixin.py:190} INFO - [2026-07-04T07:27:23.300+0000] {dag.py:4180} INFO - Setting next_dagrun for shopbrasil_panorama_precos to 2026-07-04 09:00:00+00:00, run_after=2026-07-04 09:00:00+00:00
[2026-07-04T07:27:23.329+0000] {processor.py:208} INFO - Processing /opt/airflow/dags/shopbrasil_panorama_precos.py took 0.344 seconds
[2026-07-04T07:27:54.056+0000] {processor.py:186} INFO - Started process (PID=231) to work on /opt/airflow/dags/shopbrasil_panorama_precos.py
[2026-07-04T07:27:54.119+0000] {processor.py:914} INFO - Processing file /opt/airflow/dags/shopbrasil_panorama_precos.py for tasks to queue
[2026-07-04T07:27:54.120+0000] {logging_mixin.py:190} INFO - [2026-07-04T07:27:54.120+0000] {dagbag.py:588} INFO - Filling up the DagBag from /opt/airflow/dags/shopbrasil_panorama_precos.py
[2026-07-04T07:27:54.133+0000] {processor.py:925} INFO - DAG(s) 'shopbrasil_panorama_precos' retrieved from /opt/airflow/dags/shopbrasil_panorama_precos.py
[2026-07-04T07:27:54.164+0000] {logging_mixin.py:190} INFO - [2026-07-04T07:27:54.163+0000] {dag.py:3239} INFO - Sync 1 DAGs
[2026-07-04T07:27:54.188+0000] {logging_mixin.py:190} INFO - [2026-07-04T07:27:54.188+0000] {dag.py:4180} INFO - Setting next_dagrun for shopbrasil_panorama_precos to 2026-07-04 09:00:00+00:00, run_after=2026-07-04 09:00:00+00:00
[2026-07-04T07:27:54.210+0000] {processor.py:208} INFO - Processing /opt/airflow/dags/shopbrasil_panorama_precos.py took 0.165 seconds
[2026-07-04T07:28:24.837+0000] {processor.py:186} INFO - Started process (PID=242) to work on /opt/airflow/dags/shopbrasil_panorama_precos.py
[2026-07-04T07:28:24.839+0000] {processor.py:914} INFO - Processing file /opt/airflow/dags/shopbrasil_panorama_precos.py for tasks to queue
[2026-07-04T07:28:24.840+0000] {logging_mixin.py:190} INFO - [2026-07-04T07:28:24.840+0000] {dagbag.py:588} INFO - Filling up the DagBag from /opt/airflow/dags/shopbrasil_panorama_precos.py
[2026-07-04T07:28:24.852+0000] {processor.py:925} INFO - DAG(s) 'shopbrasil_panorama_precos' retrieved from /opt/airflow/dags/shopbrasil_panorama_precos.py
[2026-07-04T07:28:24.892+0000] {logging_mixin.py:190} INFO - [2026-07-04T07:28:24.892+0000] {dag.py:3239} INFO - Sync 1 DAGs
[2026-07-04T07:28:25.126+0000] {logging_mixin.py:190} INFO - [2026-07-04T07:28:25.126+0000] {dag.py:4180} INFO - Setting next_dagrun for shopbrasil_panorama_precos to 2026-07-04 09:00:00+00:00, run_after=2026-07-04 09:00:00+00:00
[2026-07-04T07:28:25.152+0000] {processor.py:208} INFO - Processing /opt/airflow/dags/shopbrasil_panorama_precos.py took 0.327 seconds
[2026-07-04T07:28:35.087+0000] {processor.py:186} INFO - Started process (PID=243) to work on /opt/airflow/dags/shopbrasil_panorama_precos.py
[2026-07-04T07:28:35.089+0000] {processor.py:914} INFO - Processing file /opt/airflow/dags/shopbrasil_panorama_precos.py for tasks to queue
[2026-07-04T07:28:35.090+0000] {logging_mixin.py:190} INFO - [2026-07-04T07:28:35.090+0000] {dagbag.py:588} INFO - Filling up the DagBag from /opt/airflow/dags/shopbrasil_panorama_precos.py
[2026-07-04T07:28:35.111+0000] {processor.py:925} INFO - DAG(s) 'shopbrasil_panorama_precos' retrieved from /opt/airflow/dags/shopbrasil_panorama_precos.py
[2026-07-04T07:28:35.461+0000] {logging_mixin.py:190} INFO - [2026-07-04T07:28:35.460+0000] {dag.py:3239} INFO - Sync 1 DAGs
[2026-07-04T07:28:35.508+0000] {logging_mixin.py:190} INFO - [2026-07-04T07:28:35.508+0000] {dag.py:4180} INFO - Setting next_dagrun for shopbrasil_panorama_precos to 2026-07-04 09:00:00+00:00, run_after=2026-07-04 09:00:00+00:00
[2026-07-04T07:28:35.576+0000] {processor.py:208} INFO - Processing /opt/airflow/dags/shopbrasil_panorama_precos.py took 0.496 seconds
[2026-07-04T07:29:06.213+0000] {processor.py:186} INFO - Started process (PID=254) to work on /opt/airflow/dags/shopbrasil_panorama_precos.py
[2026-07-04T07:29:06.220+0000] {processor.py:914} INFO - Processing file /opt/airflow/dags/shopbrasil_panorama_precos.py for tasks to queue
[2026-07-04T07:29:06.221+0000] {logging_mixin.py:190} INFO - [2026-07-04T07:29:06.221+0000] {dagbag.py:588} INFO - Filling up the DagBag from /opt/airflow/dags/shopbrasil_panorama_precos.py
[2026-07-04T07:29:06.273+0000] {processor.py:925} INFO - DAG(s) 'shopbrasil_panorama_precos' retrieved from /opt/airflow/dags/shopbrasil_panorama_precos.py
[2026-07-04T07:29:06.555+0000] {logging_mixin.py:190} INFO - [2026-07-04T07:29:06.554+0000] {dag.py:3239} INFO - Sync 1 DAGs
[2026-07-04T07:29:06.598+0000] {logging_mixin.py:190} INFO - [2026-07-04T07:29:06.597+0000] {dag.py:4180} INFO - Setting next_dagrun for shopbrasil_panorama_precos to 2026-07-04 09:00:00+00:00, run_after=2026-07-04 09:00:00+00:00
[2026-07-04T07:29:06.652+0000] {processor.py:208} INFO - Processing /opt/airflow/dags/shopbrasil_panorama_precos.py took 0.445 seconds
[2026-07-04T07:29:37.904+0000] {processor.py:186} INFO - Started process (PID=265) to work on /opt/airflow/dags/shopbrasil_panorama_precos.py
[2026-07-04T07:29:37.906+0000] {processor.py:914} INFO - Processing file /opt/airflow/dags/shopbrasil_panorama_precos.py for tasks to queue
[2026-07-04T07:29:37.908+0000] {logging_mixin.py:190} INFO - [2026-07-04T07:29:37.908+0000] {dagbag.py:588} INFO - Filling up the DagBag from /opt/airflow/dags/shopbrasil_panorama_precos.py
[2026-07-04T07:29:38.215+0000] {processor.py:925} INFO - DAG(s) 'shopbrasil_panorama_precos' retrieved from /opt/airflow/dags/shopbrasil_panorama_precos.py
[2026-07-04T07:29:38.252+0000] {logging_mixin.py:190} INFO - [2026-07-04T07:29:38.251+0000] {dag.py:3239} INFO - Sync 1 DAGs
[2026-07-04T07:29:38.278+0000] {logging_mixin.py:190} INFO - [2026-07-04T07:29:38.278+0000] {dag.py:4180} INFO - Setting next_dagrun for shopbrasil_panorama_precos to 2026-07-04 09:00:00+00:00, run_after=2026-07-04 09:00:00+00:00
[2026-07-04T07:29:38.305+0000] {processor.py:208} INFO - Processing /opt/airflow/dags/shopbrasil_panorama_precos.py took 0.418 seconds
[2026-07-04T07:30:09.052+0000] {processor.py:186} INFO - Started process (PID=276) to work on /opt/airflow/dags/shopbrasil_panorama_precos.py
[2026-07-04T07:30:09.079+0000] {processor.py:914} INFO - Processing file /opt/airflow/dags/shopbrasil_panorama_precos.py for tasks to queue
[2026-07-04T07:30:09.080+0000] {logging_mixin.py:190} INFO - [2026-07-04T07:30:09.080+0000] {dagbag.py:588} INFO - Filling up the DagBag from /opt/airflow/dags/shopbrasil_panorama_precos.py
[2026-07-04T07:30:09.098+0000] {processor.py:925} INFO - DAG(s) 'shopbrasil_panorama_precos' retrieved from /opt/airflow/dags/shopbrasil_panorama_precos.py
[2026-07-04T07:30:09.192+0000] {logging_mixin.py:190} INFO - [2026-07-04T07:30:09.192+0000] {dag.py:3239} INFO - Sync 1 DAGs
[2026-07-04T07:30:09.223+0000] {logging_mixin.py:190} INFO - [2026-07-04T07:30:09.223+0000] {dag.py:4180} INFO - Setting next_dagrun for shopbrasil_panorama_precos to 2026-07-04 09:00:00+00:00, run_after=2026-07-04 09:00:00+00:00
[2026-07-04T07:30:09.252+0000] {processor.py:208} INFO - Processing /opt/airflow/dags/shopbrasil_panorama_precos.py took 0.209 seconds
[2026-07-04T07:30:39.304+0000] {processor.py:186} INFO - Started process (PID=319) to work on /opt/airflow/dags/shopbrasil_panorama_precos.py
[2026-07-04T07:30:39.305+0000] {processor.py:914} INFO - Processing file /opt/airflow/dags/shopbrasil_panorama_precos.py for tasks to queue
[2026-07-04T07:30:39.306+0000] {logging_mixin.py:190} INFO - [2026-07-04T07:30:39.306+0000] {dagbag.py:588} INFO - Filling up the DagBag from /opt/airflow/dags/shopbrasil_panorama_precos.py
[2026-07-04T07:30:39.358+0000] {processor.py:925} INFO - DAG(s) 'shopbrasil_panorama_precos' retrieved from /opt/airflow/dags/shopbrasil_panorama_precos.py
[2026-07-04T07:30:39.435+0000] {logging_mixin.py:190} INFO - [2026-07-04T07:30:39.435+0000] {dag.py:3239} INFO - Sync 1 DAGs
[2026-07-04T07:30:39.484+0000] {logging_mixin.py:190} INFO - [2026-07-04T07:30:39.483+0000] {dag.py:4180} INFO - Setting next_dagrun for shopbrasil_panorama_precos to 2026-07-04 09:00:00+00:00, run_after=2026-07-04 09:00:00+00:00
[2026-07-04T07:30:39.529+0000] {processor.py:208} INFO - Processing /opt/airflow/dags/shopbrasil_panorama_precos.py took 0.238 seconds
[2026-07-04T07:31:09.878+0000] {processor.py:186} INFO - Started process (PID=345) to work on /opt/airflow/dags/shopbrasil_panorama_precos.py
[2026-07-04T07:31:09.953+0000] {processor.py:914} INFO - Processing file /opt/airflow/dags/shopbrasil_panorama_precos.py for tasks to queue
[2026-07-04T07:31:09.957+0000] {logging_mixin.py:190} INFO - [2026-07-04T07:31:09.956+0000] {dagbag.py:588} INFO - Filling up the DagBag from /opt/airflow/dags/shopbrasil_panorama_precos.py
[2026-07-04T07:31:09.999+0000] {processor.py:925} INFO - DAG(s) 'shopbrasil_panorama_precos' retrieved from /opt/airflow/dags/shopbrasil_panorama_precos.py
[2026-07-04T07:31:10.094+0000] {logging_mixin.py:190} INFO - [2026-07-04T07:31:10.091+0000] {dag.py:3239} INFO - Sync 1 DAGs
[2026-07-04T07:31:10.129+0000] {logging_mixin.py:190} INFO - [2026-07-04T07:31:10.128+0000] {dag.py:4180} INFO - Setting next_dagrun for shopbrasil_panorama_precos to 2026-07-04 09:00:00+00:00, run_after=2026-07-04 09:00:00+00:00
[2026-07-04T07:31:10.183+0000] {processor.py:208} INFO - Processing /opt/airflow/dags/shopbrasil_panorama_precos.py took 0.323 seconds
[2026-07-04T07:31:40.992+0000] {processor.py:186} INFO - Started process (PID=360) to work on /opt/airflow/dags/shopbrasil_panorama_precos.py
[2026-07-04T07:31:40.992+0000] {processor.py:914} INFO - Processing file /opt/airflow/dags/shopbrasil_panorama_precos.py for tasks to queue
[2026-07-04T07:31:40.994+0000] {logging_mixin.py:190} INFO - [2026-07-04T07:31:40.993+0000] {dagbag.py:588} INFO - Filling up the DagBag from /opt/airflow/dags/shopbrasil_panorama_precos.py
[2026-07-04T07:31:41.015+0000] {processor.py:925} INFO - DAG(s) 'shopbrasil_panorama_precos' retrieved from /opt/airflow/dags/shopbrasil_panorama_precos.py
[2026-07-04T07:31:41.065+0000] {logging_mixin.py:190} INFO - [2026-07-04T07:31:41.064+0000] {dag.py:3239} INFO - Sync 1 DAGs
[2026-07-04T07:31:41.129+0000] {processor.py:208} INFO - Processing /opt/airflow/dags/shopbrasil_panorama_precos.py took 0.144 seconds
[2026-07-04T07:32:11.476+0000] {processor.py:186} INFO - Started process (PID=371) to work on /opt/airflow/dags/shopbrasil_panorama_precos.py
[2026-07-04T07:32:11.492+0000] {processor.py:914} INFO - Processing file /opt/airflow/dags/shopbrasil_panorama_precos.py for tasks to queue
[2026-07-04T07:32:11.494+0000] {logging_mixin.py:190} INFO - [2026-07-04T07:32:11.493+0000] {dagbag.py:588} INFO - Filling up the DagBag from /opt/airflow/dags/shopbrasil_panorama_precos.py
[2026-07-04T07:32:11.514+0000] {processor.py:925} INFO - DAG(s) 'shopbrasil_panorama_precos' retrieved from /opt/airflow/dags/shopbrasil_panorama_precos.py
[2026-07-04T07:32:11.558+0000] {logging_mixin.py:190} INFO - [2026-07-04T07:32:11.558+0000] {dag.py:3239} INFO - Sync 1 DAGs
[2026-07-04T07:32:11.592+0000] {logging_mixin.py:190} INFO - [2026-07-04T07:32:11.592+0000] {dag.py:4180} INFO - Setting next_dagrun for shopbrasil_panorama_precos to 2026-07-04 09:00:00+00:00, run_after=2026-07-04 09:00:00+00:00
[2026-07-04T07:32:11.614+0000] {processor.py:208} INFO - Processing /opt/airflow/dags/shopbrasil_panorama_precos.py took 0.145 seconds
[2026-07-04T07:32:42.030+0000] {processor.py:186} INFO - Started process (PID=382) to work on /opt/airflow/dags/shopbrasil_panorama_precos.py
[2026-07-04T07:32:42.031+0000] {processor.py:914} INFO - Processing file /opt/airflow/dags/shopbrasil_panorama_precos.py for tasks to queue
[2026-07-04T07:32:42.032+0000] {logging_mixin.py:190} INFO - [2026-07-04T07:32:42.032+0000] {dagbag.py:588} INFO - Filling up the DagBag from /opt/airflow/dags/shopbrasil_panorama_precos.py
[2026-07-04T07:32:42.047+0000] {processor.py:925} INFO - DAG(s) 'shopbrasil_panorama_precos' retrieved from /opt/airflow/dags/shopbrasil_panorama_precos.py
[2026-07-04T07:32:42.076+0000] {logging_mixin.py:190} INFO - [2026-07-04T07:32:42.075+0000] {dag.py:3239} INFO - Sync 1 DAGs
[2026-07-04T07:32:42.098+0000] {logging_mixin.py:190} INFO - [2026-07-04T07:32:42.098+0000] {dag.py:4180} INFO - Setting next_dagrun for shopbrasil_panorama_precos to 2026-07-04 09:00:00+00:00, run_after=2026-07-04 09:00:00+00:00
[2026-07-04T07:32:42.175+0000] {processor.py:208} INFO - Processing /opt/airflow/dags/shopbrasil_panorama_precos.py took 0.150 seconds
[2026-07-04T07:33:12.694+0000] {processor.py:186} INFO - Started process (PID=393) to work on /opt/airflow/dags/shopbrasil_panorama_precos.py
[2026-07-04T07:33:12.696+0000] {processor.py:914} INFO - Processing file /opt/airflow/dags/shopbrasil_panorama_precos.py for tasks to queue
[2026-07-04T07:33:12.697+0000] {logging_mixin.py:190} INFO - [2026-07-04T07:33:12.697+0000] {dagbag.py:588} INFO - Filling up the DagBag from /opt/airflow/dags/shopbrasil_panorama_precos.py
[2026-07-04T07:33:12.718+0000] {processor.py:925} INFO - DAG(s) 'shopbrasil_panorama_precos' retrieved from /opt/airflow/dags/shopbrasil_panorama_precos.py
[2026-07-04T07:33:12.760+0000] {logging_mixin.py:190} INFO - [2026-07-04T07:33:12.760+0000] {dag.py:3239} INFO - Sync 1 DAGs
[2026-07-04T07:33:12.783+0000] {logging_mixin.py:190} INFO - [2026-07-04T07:33:12.782+0000] {dag.py:4180} INFO - Setting next_dagrun for shopbrasil_panorama_precos to 2026-07-04 09:00:00+00:00, run_after=2026-07-04 09:00:00+00:00
[2026-07-04T07:33:12.930+0000] {processor.py:208} INFO - Processing /opt/airflow/dags/shopbrasil_panorama_precos.py took 0.243 seconds
[2026-07-04T07:33:43.259+0000] {processor.py:186} INFO - Started process (PID=398) to work on /opt/airflow/dags/shopbrasil_panorama_precos.py
[2026-07-04T07:33:43.283+0000] {processor.py:914} INFO - Processing file /opt/airflow/dags/shopbrasil_panorama_precos.py for tasks to queue
[2026-07-04T07:33:43.285+0000] {logging_mixin.py:190} INFO - [2026-07-04T07:33:43.285+0000] {dagbag.py:588} INFO - Filling up the DagBag from /opt/airflow/dags/shopbrasil_panorama_precos.py
[2026-07-04T07:33:43.304+0000] {processor.py:925} INFO - DAG(s) 'shopbrasil_panorama_precos' retrieved from /opt/airflow/dags/shopbrasil_panorama_precos.py
[2026-07-04T07:33:43.340+0000] {logging_mixin.py:190} INFO - [2026-07-04T07:33:43.339+0000] {dag.py:3239} INFO - Sync 1 DAGs
[2026-07-04T07:33:43.374+0000] {logging_mixin.py:190} INFO - [2026-07-04T07:33:43.373+0000] {dag.py:4180} INFO - Setting next_dagrun for shopbrasil_panorama_precos to 2026-07-04 09:00:00+00:00, run_after=2026-07-04 09:00:00+00:00
[2026-07-04T07:33:43.398+0000] {processor.py:208} INFO - Processing /opt/airflow/dags/shopbrasil_panorama_precos.py took 0.145 seconds
[2026-07-04T07:34:13.699+0000] {processor.py:186} INFO - Started process (PID=409) to work on /opt/airflow/dags/shopbrasil_panorama_precos.py
[2026-07-04T07:34:13.700+0000] {processor.py:914} INFO - Processing file /opt/airflow/dags/shopbrasil_panorama_precos.py for tasks to queue
[2026-07-04T07:34:13.702+0000] {logging_mixin.py:190} INFO - [2026-07-04T07:34:13.701+0000] {dagbag.py:588} INFO - Filling up the DagBag from /opt/airflow/dags/shopbrasil_panorama_precos.py
[2026-07-04T07:34:13.717+0000] {processor.py:925} INFO - DAG(s) 'shopbrasil_panorama_precos' retrieved from /opt/airflow/dags/shopbrasil_panorama_precos.py
[2026-07-04T07:34:13.765+0000] {logging_mixin.py:190} INFO - [2026-07-04T07:34:13.764+0000] {dag.py:3239} INFO - Sync 1 DAGs
[2026-07-04T07:34:13.812+0000] {logging_mixin.py:190} INFO - [2026-07-04T07:34:13.811+0000] {dag.py:4180} INFO - Setting next_dagrun for shopbrasil_panorama_precos to 2026-07-04 09:00:00+00:00, run_after=2026-07-04 09:00:00+00:00
[2026-07-04T07:34:13.848+0000] {processor.py:208} INFO - Processing /opt/airflow/dags/shopbrasil_panorama_precos.py took 0.156 seconds
[2026-07-04T07:34:44.510+0000] {processor.py:186} INFO - Started process (PID=420) to work on /opt/airflow/dags/shopbrasil_panorama_precos.py
[2026-07-04T07:34:44.511+0000] {processor.py:914} INFO - Processing file /opt/airflow/dags/shopbrasil_panorama_precos.py for tasks to queue
[2026-07-04T07:34:44.513+0000] {logging_mixin.py:190} INFO - [2026-07-04T07:34:44.513+0000] {dagbag.py:588} INFO - Filling up the DagBag from /opt/airflow/dags/shopbrasil_panorama_precos.py
[2026-07-04T07:34:44.528+0000] {processor.py:925} INFO - DAG(s) 'shopbrasil_panorama_precos' retrieved from /opt/airflow/dags/shopbrasil_panorama_precos.py
[2026-07-04T07:34:44.555+0000] {logging_mixin.py:190} INFO - [2026-07-04T07:34:44.555+0000] {dag.py:3239} INFO - Sync 1 DAGs
[2026-07-04T07:34:44.578+0000] {logging_mixin.py:190} INFO - [2026-07-04T07:34:44.578+0000] {dag.py:4180} INFO - Setting next_dagrun for shopbrasil_panorama_precos to 2026-07-04 09:00:00+00:00, run_after=2026-07-04 09:00:00+00:00
[2026-07-04T07:34:44.605+0000] {processor.py:208} INFO - Processing /opt/airflow/dags/shopbrasil_panorama_precos.py took 0.102 seconds
[2026-07-04T07:35:15.256+0000] {processor.py:186} INFO - Started process (PID=431) to work on /opt/airflow/dags/shopbrasil_panorama_precos.py
[2026-07-04T07:35:15.258+0000] {processor.py:914} INFO - Processing file /opt/airflow/dags/shopbrasil_panorama_precos.py for tasks to queue
[2026-07-04T07:35:15.259+0000] {logging_mixin.py:190} INFO - [2026-07-04T07:35:15.258+0000] {dagbag.py:588} INFO - Filling up the DagBag from /opt/airflow/dags/shopbrasil_panorama_precos.py
[2026-07-04T07:35:15.275+0000] {processor.py:925} INFO - DAG(s) 'shopbrasil_panorama_precos' retrieved from /opt/airflow/dags/shopbrasil_panorama_precos.py
[2026-07-04T07:35:15.308+0000] {logging_mixin.py:190} INFO - [2026-07-04T07:35:15.308+0000] {dag.py:3239} INFO - Sync 1 DAGs
[2026-07-04T07:35:15.331+0000] {logging_mixin.py:190} INFO - [2026-07-04T07:35:15.331+0000] {dag.py:4180} INFO - Setting next_dagrun for shopbrasil_panorama_precos to 2026-07-04 09:00:00+00:00, run_after=2026-07-04 09:00:00+00:00
[2026-07-04T07:35:15.361+0000] {processor.py:208} INFO - Processing /opt/airflow/dags/shopbrasil_panorama_precos.py took 0.112 seconds
[2026-07-04T07:35:46.383+0000] {processor.py:186} INFO - Started process (PID=443) to work on /opt/airflow/dags/shopbrasil_panorama_precos.py
[2026-07-04T07:35:46.396+0000] {processor.py:914} INFO - Processing file /opt/airflow/dags/shopbrasil_panorama_precos.py for tasks to queue
[2026-07-04T07:35:46.401+0000] {logging_mixin.py:190} INFO - [2026-07-04T07:35:46.401+0000] {dagbag.py:588} INFO - Filling up the DagBag from /opt/airflow/dags/shopbrasil_panorama_precos.py
[2026-07-04T07:35:46.460+0000] {processor.py:925} INFO - DAG(s) 'shopbrasil_panorama_precos' retrieved from /opt/airflow/dags/shopbrasil_panorama_precos.py
[2026-07-04T07:35:46.560+0000] {logging_mixin.py:190} INFO - [2026-07-04T07:35:46.560+0000] {dag.py:3239} INFO - Sync 1 DAGs
[2026-07-04T07:35:46.616+0000] {logging_mixin.py:190} INFO - [2026-07-04T07:35:46.615+0000] {dag.py:4180} INFO - Setting next_dagrun for shopbrasil_panorama_precos to 2026-07-04 09:00:00+00:00, run_after=2026-07-04 09:00:00+00:00
[2026-07-04T07:35:46.664+0000] {processor.py:208} INFO - Processing /opt/airflow/dags/shopbrasil_panorama_precos.py took 0.329 seconds
[2026-07-04T07:36:17.611+0000] {processor.py:186} INFO - Started process (PID=454) to work on /opt/airflow/dags/shopbrasil_panorama_precos.py
[2026-07-04T07:36:17.612+0000] {processor.py:914} INFO - Processing file /opt/airflow/dags/shopbrasil_panorama_precos.py for tasks to queue
[2026-07-04T07:36:17.618+0000] {logging_mixin.py:190} INFO - [2026-07-04T07:36:17.618+0000] {dagbag.py:588} INFO - Filling up the DagBag from /opt/airflow/dags/shopbrasil_panorama_precos.py
[2026-07-04T07:36:17.652+0000] {processor.py:925} INFO - DAG(s) 'shopbrasil_panorama_precos' retrieved from /opt/airflow/dags/shopbrasil_panorama_precos.py
[2026-07-04T07:36:18.082+0000] {logging_mixin.py:190} INFO - [2026-07-04T07:36:18.082+0000] {dag.py:3239} INFO - Sync 1 DAGs
[2026-07-04T07:36:18.522+0000] {logging_mixin.py:190} INFO - [2026-07-04T07:36:18.521+0000] {dag.py:4180} INFO - Setting next_dagrun for shopbrasil_panorama_precos to 2026-07-04 09:00:00+00:00, run_after=2026-07-04 09:00:00+00:00
[2026-07-04T07:36:18.605+0000] {processor.py:208} INFO - Processing /opt/airflow/dags/shopbrasil_panorama_precos.py took 1.002 seconds
[2026-07-04T07:36:57.248+0000] {processor.py:186} INFO - Started process (PID=465) to work on /opt/airflow/dags/shopbrasil_panorama_precos.py
[2026-07-04T07:36:57.585+0000] {processor.py:914} INFO - Processing file /opt/airflow/dags/shopbrasil_panorama_precos.py for tasks to queue
[2026-07-04T07:36:57.587+0000] {logging_mixin.py:190} INFO - [2026-07-04T07:36:57.586+0000] {dagbag.py:588} INFO - Filling up the DagBag from /opt/airflow/dags/shopbrasil_panorama_precos.py
[2026-07-04T07:37:17.072+0000] {processor.py:925} INFO - DAG(s) 'shopbrasil_panorama_precos' retrieved from /opt/airflow/dags/shopbrasil_panorama_precos.py
[2026-07-04T07:52:19.463+0000] {processor.py:186} INFO - Started process (PID=57) to work on /opt/airflow/dags/shopbrasil_panorama_precos.py
[2026-07-04T07:52:19.500+0000] {processor.py:914} INFO - Processing file /opt/airflow/dags/shopbrasil_panorama_precos.py for tasks to queue
[2026-07-04T07:52:19.508+0000] {logging_mixin.py:190} INFO - [2026-07-04T07:52:19.508+0000] {dagbag.py:588} INFO - Filling up the DagBag from /opt/airflow/dags/shopbrasil_panorama_precos.py
[2026-07-04T07:52:19.641+0000] {processor.py:925} INFO - DAG(s) 'shopbrasil_panorama_precos' retrieved from /opt/airflow/dags/shopbrasil_panorama_precos.py
[2026-07-04T07:52:20.444+0000] {logging_mixin.py:190} INFO - [2026-07-04T07:52:20.444+0000] {dag.py:3239} INFO - Sync 1 DAGs
[2026-07-04T07:52:20.515+0000] {logging_mixin.py:190} INFO - [2026-07-04T07:52:20.514+0000] {dag.py:4180} INFO - Setting next_dagrun for shopbrasil_panorama_precos to 2026-07-04 09:00:00+00:00, run_after=2026-07-04 09:00:00+00:00
[2026-07-04T07:52:20.704+0000] {processor.py:208} INFO - Processing /opt/airflow/dags/shopbrasil_panorama_precos.py took 1.275 seconds
[2026-07-04T07:52:51.824+0000] {processor.py:186} INFO - Started process (PID=69) to work on /opt/airflow/dags/shopbrasil_panorama_precos.py
[2026-07-04T07:52:52.212+0000] {processor.py:914} INFO - Processing file /opt/airflow/dags/shopbrasil_panorama_precos.py for tasks to queue
[2026-07-04T07:52:52.276+0000] {logging_mixin.py:190} INFO - [2026-07-04T07:52:52.276+0000] {dagbag.py:588} INFO - Filling up the DagBag from /opt/airflow/dags/shopbrasil_panorama_precos.py
[2026-07-04T07:52:52.297+0000] {processor.py:925} INFO - DAG(s) 'shopbrasil_panorama_precos' retrieved from /opt/airflow/dags/shopbrasil_panorama_precos.py
[2026-07-04T07:52:52.625+0000] {logging_mixin.py:190} INFO - [2026-07-04T07:52:52.624+0000] {dag.py:3239} INFO - Sync 1 DAGs
[2026-07-04T07:52:52.814+0000] {logging_mixin.py:190} INFO - [2026-07-04T07:52:52.814+0000] {dag.py:4180} INFO - Setting next_dagrun for shopbrasil_panorama_precos to 2026-07-04 09:00:00+00:00, run_after=2026-07-04 09:00:00+00:00
[2026-07-04T07:52:53.457+0000] {processor.py:208} INFO - Processing /opt/airflow/dags/shopbrasil_panorama_precos.py took 1.642 seconds
[2026-07-04T07:53:24.205+0000] {processor.py:186} INFO - Started process (PID=79) to work on /opt/airflow/dags/shopbrasil_panorama_precos.py
[2026-07-04T07:53:24.317+0000] {processor.py:914} INFO - Processing file /opt/airflow/dags/shopbrasil_panorama_precos.py for tasks to queue
[2026-07-04T07:53:24.325+0000] {logging_mixin.py:190} INFO - [2026-07-04T07:53:24.324+0000] {dagbag.py:588} INFO - Filling up the DagBag from /opt/airflow/dags/shopbrasil_panorama_precos.py
[2026-07-04T07:53:24.359+0000] {processor.py:925} INFO - DAG(s) 'shopbrasil_panorama_precos' retrieved from /opt/airflow/dags/shopbrasil_panorama_precos.py
[2026-07-04T07:53:24.520+0000] {logging_mixin.py:190} INFO - [2026-07-04T07:53:24.520+0000] {dag.py:3239} INFO - Sync 1 DAGs
[2026-07-04T07:53:24.707+0000] {logging_mixin.py:190} INFO - [2026-07-04T07:53:24.707+0000] {dag.py:4180} INFO - Setting next_dagrun for shopbrasil_panorama_precos to 2026-07-04 09:00:00+00:00, run_after=2026-07-04 09:00:00+00:00
[2026-07-04T07:53:24.866+0000] {processor.py:208} INFO - Processing /opt/airflow/dags/shopbrasil_panorama_precos.py took 0.668 seconds
[2026-07-04T07:53:57.479+0000] {processor.py:186} INFO - Started process (PID=89) to work on /opt/airflow/dags/shopbrasil_panorama_precos.py
[2026-07-04T07:53:58.212+0000] {processor.py:914} INFO - Processing file /opt/airflow/dags/shopbrasil_panorama_precos.py for tasks to queue
[2026-07-04T07:54:02.563+0000] {logging_mixin.py:190} INFO - [2026-07-04T07:54:02.370+0000] {dagbag.py:588} INFO - Filling up the DagBag from /opt/airflow/dags/shopbrasil_panorama_precos.py
[2026-07-04T07:54:42.080+0000] {logging_mixin.py:190} INFO - [2026-07-04T07:54:40.173+0000] {timeout.py:68} ERROR - Process timed out, PID: 89
[2026-07-04T08:19:40.392+0000] {processor.py:186} INFO - Started process (PID=73) to work on /opt/airflow/dags/shopbrasil_panorama_precos.py
[2026-07-04T08:19:40.490+0000] {processor.py:914} INFO - Processing file /opt/airflow/dags/shopbrasil_panorama_precos.py for tasks to queue
[2026-07-04T08:19:40.494+0000] {logging_mixin.py:190} INFO - [2026-07-04T08:19:40.494+0000] {dagbag.py:588} INFO - Filling up the DagBag from /opt/airflow/dags/shopbrasil_panorama_precos.py
[2026-07-04T08:19:40.614+0000] {processor.py:925} INFO - DAG(s) 'shopbrasil_panorama_precos' retrieved from /opt/airflow/dags/shopbrasil_panorama_precos.py
[2026-07-04T08:19:40.797+0000] {logging_mixin.py:190} INFO - [2026-07-04T08:19:40.797+0000] {dag.py:3239} INFO - Sync 1 DAGs
[2026-07-04T08:19:41.102+0000] {logging_mixin.py:190} INFO - [2026-07-04T08:19:41.102+0000] {dag.py:4180} INFO - Setting next_dagrun for shopbrasil_panorama_precos to 2026-07-04 09:00:00+00:00, run_after=2026-07-04 09:00:00+00:00
[2026-07-04T08:19:41.282+0000] {processor.py:208} INFO - Processing /opt/airflow/dags/shopbrasil_panorama_precos.py took 0.899 seconds
[2026-07-04T08:20:11.843+0000] {processor.py:186} INFO - Started process (PID=83) to work on /opt/airflow/dags/shopbrasil_panorama_precos.py
[2026-07-04T08:20:11.881+0000] {processor.py:914} INFO - Processing file /opt/airflow/dags/shopbrasil_panorama_precos.py for tasks to queue
[2026-07-04T08:20:11.917+0000] {logging_mixin.py:190} INFO - [2026-07-04T08:20:11.917+0000] {dagbag.py:588} INFO - Filling up the DagBag from /opt/airflow/dags/shopbrasil_panorama_precos.py
[2026-07-04T08:20:11.985+0000] {processor.py:925} INFO - DAG(s) 'shopbrasil_panorama_precos' retrieved from /opt/airflow/dags/shopbrasil_panorama_precos.py
[2026-07-04T08:20:12.522+0000] {logging_mixin.py:190} INFO - [2026-07-04T08:20:12.522+0000] {dag.py:3239} INFO - Sync 1 DAGs
[2026-07-04T08:20:21.897+0000] {logging_mixin.py:190} INFO - [2026-07-04T08:20:21.897+0000] {dag.py:4180} INFO - Setting next_dagrun for shopbrasil_panorama_precos to 2026-07-04 09:00:00+00:00, run_after=2026-07-04 09:00:00+00:00
[2026-07-04T08:20:27.521+0000] {processor.py:208} INFO - Processing /opt/airflow/dags/shopbrasil_panorama_precos.py took 15.686 seconds
[2026-07-04T08:20:58.426+0000] {processor.py:186} INFO - Started process (PID=93) to work on /opt/airflow/dags/shopbrasil_panorama_precos.py
[2026-07-04T08:20:58.430+0000] {processor.py:914} INFO - Processing file /opt/airflow/dags/shopbrasil_panorama_precos.py for tasks to queue
[2026-07-04T08:20:58.442+0000] {logging_mixin.py:190} INFO - [2026-07-04T08:20:58.442+0000] {dagbag.py:588} INFO - Filling up the DagBag from /opt/airflow/dags/shopbrasil_panorama_precos.py
[2026-07-04T08:20:59.841+0000] {processor.py:925} INFO - DAG(s) 'shopbrasil_panorama_precos' retrieved from /opt/airflow/dags/shopbrasil_panorama_precos.py
[2026-07-04T08:21:00.781+0000] {logging_mixin.py:190} INFO - [2026-07-04T08:21:00.781+0000] {dag.py:3239} INFO - Sync 1 DAGs
[2026-07-04T08:21:02.821+0000] {logging_mixin.py:190} INFO - [2026-07-04T08:21:02.821+0000] {dag.py:4180} INFO - Setting next_dagrun for shopbrasil_panorama_precos to 2026-07-04 09:00:00+00:00, run_after=2026-07-04 09:00:00+00:00
[2026-07-04T08:21:02.909+0000] {processor.py:208} INFO - Processing /opt/airflow/dags/shopbrasil_panorama_precos.py took 4.491 seconds
[2026-07-04T08:21:38.238+0000] {processor.py:186} INFO - Started process (PID=105) to work on /opt/airflow/dags/shopbrasil_panorama_precos.py
[2026-07-04T08:21:38.442+0000] {processor.py:914} INFO - Processing file /opt/airflow/dags/shopbrasil_panorama_precos.py for tasks to queue
[2026-07-04T08:21:38.448+0000] {logging_mixin.py:190} INFO - [2026-07-04T08:21:38.447+0000] {dagbag.py:588} INFO - Filling up the DagBag from /opt/airflow/dags/shopbrasil_panorama_precos.py
[2026-07-04T08:21:38.671+0000] {processor.py:925} INFO - DAG(s) 'shopbrasil_panorama_precos' retrieved from /opt/airflow/dags/shopbrasil_panorama_precos.py
[2026-07-04T08:21:38.750+0000] {logging_mixin.py:190} INFO - [2026-07-04T08:21:38.750+0000] {dag.py:3239} INFO - Sync 1 DAGs
[2026-07-04T08:21:39.273+0000] {logging_mixin.py:190} INFO - [2026-07-04T08:21:39.273+0000] {dag.py:4180} INFO - Setting next_dagrun for shopbrasil_panorama_precos to 2026-07-04 09:00:00+00:00, run_after=2026-07-04 09:00:00+00:00
[2026-07-04T08:21:39.542+0000] {processor.py:208} INFO - Processing /opt/airflow/dags/shopbrasil_panorama_precos.py took 1.313 seconds
[2026-07-04T08:22:10.414+0000] {processor.py:186} INFO - Started process (PID=116) to work on /opt/airflow/dags/shopbrasil_panorama_precos.py
[2026-07-04T08:22:10.445+0000] {processor.py:914} INFO - Processing file /opt/airflow/dags/shopbrasil_panorama_precos.py for tasks to queue
[2026-07-04T08:22:10.449+0000] {logging_mixin.py:190} INFO - [2026-07-04T08:22:10.448+0000] {dagbag.py:588} INFO - Filling up the DagBag from /opt/airflow/dags/shopbrasil_panorama_precos.py
[2026-07-04T08:22:10.690+0000] {processor.py:925} INFO - DAG(s) 'shopbrasil_panorama_precos' retrieved from /opt/airflow/dags/shopbrasil_panorama_precos.py
[2026-07-04T08:22:10.776+0000] {logging_mixin.py:190} INFO - [2026-07-04T08:22:10.775+0000] {dag.py:3239} INFO - Sync 1 DAGs
[2026-07-04T08:22:11.000+0000] {logging_mixin.py:190} INFO - [2026-07-04T08:22:10.999+0000] {dag.py:4180} INFO - Setting next_dagrun for shopbrasil_panorama_precos to 2026-07-04 09:00:00+00:00, run_after=2026-07-04 09:00:00+00:00
[2026-07-04T08:22:11.084+0000] {processor.py:208} INFO - Processing /opt/airflow/dags/shopbrasil_panorama_precos.py took 0.674 seconds
[2026-07-04T08:22:41.597+0000] {processor.py:186} INFO - Started process (PID=125) to work on /opt/airflow/dags/shopbrasil_panorama_precos.py
[2026-07-04T08:22:41.603+0000] {processor.py:914} INFO - Processing file /opt/airflow/dags/shopbrasil_panorama_precos.py for tasks to queue
[2026-07-04T08:22:41.605+0000] {logging_mixin.py:190} INFO - [2026-07-04T08:22:41.605+0000] {dagbag.py:588} INFO - Filling up the DagBag from /opt/airflow/dags/shopbrasil_panorama_precos.py
[2026-07-04T08:22:41.619+0000] {processor.py:925} INFO - DAG(s) 'shopbrasil_panorama_precos' retrieved from /opt/airflow/dags/shopbrasil_panorama_precos.py
[2026-07-04T08:22:41.659+0000] {logging_mixin.py:190} INFO - [2026-07-04T08:22:41.658+0000] {dag.py:3239} INFO - Sync 1 DAGs
[2026-07-04T08:22:41.714+0000] {logging_mixin.py:190} INFO - [2026-07-04T08:22:41.713+0000] {dag.py:4180} INFO - Setting next_dagrun for shopbrasil_panorama_precos to 2026-07-04 09:00:00+00:00, run_after=2026-07-04 09:00:00+00:00
[2026-07-04T08:23:08.344+0000] {processor.py:208} INFO - Processing /opt/airflow/dags/shopbrasil_panorama_precos.py took 26.753 seconds
[2026-07-04T08:23:38.483+0000] {processor.py:186} INFO - Started process (PID=136) to work on /opt/airflow/dags/shopbrasil_panorama_precos.py
[2026-07-04T08:23:38.485+0000] {processor.py:914} INFO - Processing file /opt/airflow/dags/shopbrasil_panorama_precos.py for tasks to queue
[2026-07-04T08:23:38.487+0000] {logging_mixin.py:190} INFO - [2026-07-04T08:23:38.487+0000] {dagbag.py:588} INFO - Filling up the DagBag from /opt/airflow/dags/shopbrasil_panorama_precos.py
[2026-07-04T08:23:38.503+0000] {processor.py:925} INFO - DAG(s) 'shopbrasil_panorama_precos' retrieved from /opt/airflow/dags/shopbrasil_panorama_precos.py
[2026-07-04T08:23:38.544+0000] {logging_mixin.py:190} INFO - [2026-07-04T08:23:38.543+0000] {dag.py:3239} INFO - Sync 1 DAGs
[2026-07-04T08:23:38.799+0000] {logging_mixin.py:190} INFO - [2026-07-04T08:23:38.799+0000] {dag.py:4180} INFO - Setting next_dagrun for shopbrasil_panorama_precos to 2026-07-04 09:00:00+00:00, run_after=2026-07-04 09:00:00+00:00
[2026-07-04T08:23:38.880+0000] {processor.py:208} INFO - Processing /opt/airflow/dags/shopbrasil_panorama_precos.py took 0.405 seconds
[2026-07-04T08:24:09.543+0000] {processor.py:186} INFO - Started process (PID=147) to work on /opt/airflow/dags/shopbrasil_panorama_precos.py
[2026-07-04T08:24:09.545+0000] {processor.py:914} INFO - Processing file /opt/airflow/dags/shopbrasil_panorama_precos.py for tasks to queue
[2026-07-04T08:24:09.548+0000] {logging_mixin.py:190} INFO - [2026-07-04T08:24:09.548+0000] {dagbag.py:588} INFO - Filling up the DagBag from /opt/airflow/dags/shopbrasil_panorama_precos.py
[2026-07-04T08:24:09.564+0000] {processor.py:925} INFO - DAG(s) 'shopbrasil_panorama_precos' retrieved from /opt/airflow/dags/shopbrasil_panorama_precos.py
[2026-07-04T08:24:09.606+0000] {logging_mixin.py:190} INFO - [2026-07-04T08:24:09.606+0000] {dag.py:3239} INFO - Sync 1 DAGs
[2026-07-04T08:24:09.642+0000] {logging_mixin.py:190} INFO - [2026-07-04T08:24:09.642+0000] {dag.py:4180} INFO - Setting next_dagrun for shopbrasil_panorama_precos to 2026-07-04 09:00:00+00:00, run_after=2026-07-04 09:00:00+00:00
[2026-07-04T08:24:09.671+0000] {processor.py:208} INFO - Processing /opt/airflow/dags/shopbrasil_panorama_precos.py took 0.137 seconds
[2026-07-04T08:24:40.034+0000] {processor.py:186} INFO - Started process (PID=158) to work on /opt/airflow/dags/shopbrasil_panorama_precos.py
[2026-07-04T08:24:40.038+0000] {processor.py:914} INFO - Processing file /opt/airflow/dags/shopbrasil_panorama_precos.py for tasks to queue
[2026-07-04T08:24:40.041+0000] {logging_mixin.py:190} INFO - [2026-07-04T08:24:40.040+0000] {dagbag.py:588} INFO - Filling up the DagBag from /opt/airflow/dags/shopbrasil_panorama_precos.py
[2026-07-04T08:24:40.055+0000] {processor.py:925} INFO - DAG(s) 'shopbrasil_panorama_precos' retrieved from /opt/airflow/dags/shopbrasil_panorama_precos.py
[2026-07-04T08:24:40.098+0000] {logging_mixin.py:190} INFO - [2026-07-04T08:24:40.098+0000] {dag.py:3239} INFO - Sync 1 DAGs
[2026-07-04T08:24:40.129+0000] {logging_mixin.py:190} INFO - [2026-07-04T08:24:40.129+0000] {dag.py:4180} INFO - Setting next_dagrun for shopbrasil_panorama_precos to 2026-07-04 09:00:00+00:00, run_after=2026-07-04 09:00:00+00:00
[2026-07-04T08:24:40.350+0000] {processor.py:208} INFO - Processing /opt/airflow/dags/shopbrasil_panorama_precos.py took 0.323 seconds
[2026-07-04T08:25:10.698+0000] {processor.py:186} INFO - Started process (PID=169) to work on /opt/airflow/dags/shopbrasil_panorama_precos.py
[2026-07-04T08:25:10.700+0000] {processor.py:914} INFO - Processing file /opt/airflow/dags/shopbrasil_panorama_precos.py for tasks to queue
[2026-07-04T08:25:10.702+0000] {logging_mixin.py:190} INFO - [2026-07-04T08:25:10.702+0000] {dagbag.py:588} INFO - Filling up the DagBag from /opt/airflow/dags/shopbrasil_panorama_precos.py
[2026-07-04T08:25:10.717+0000] {processor.py:925} INFO - DAG(s) 'shopbrasil_panorama_precos' retrieved from /opt/airflow/dags/shopbrasil_panorama_precos.py
[2026-07-04T08:25:10.754+0000] {logging_mixin.py:190} INFO - [2026-07-04T08:25:10.754+0000] {dag.py:3239} INFO - Sync 1 DAGs
[2026-07-04T08:25:11.015+0000] {logging_mixin.py:190} INFO - [2026-07-04T08:25:11.015+0000] {dag.py:4180} INFO - Setting next_dagrun for shopbrasil_panorama_precos to 2026-07-04 09:00:00+00:00, run_after=2026-07-04 09:00:00+00:00
[2026-07-04T08:25:11.064+0000] {processor.py:208} INFO - Processing /opt/airflow/dags/shopbrasil_panorama_precos.py took 0.373 seconds
[2026-07-04T08:25:41.361+0000] {processor.py:186} INFO - Started process (PID=181) to work on /opt/airflow/dags/shopbrasil_panorama_precos.py
[2026-07-04T08:25:41.362+0000] {processor.py:914} INFO - Processing file /opt/airflow/dags/shopbrasil_panorama_precos.py for tasks to queue
[2026-07-04T08:25:41.367+0000] {logging_mixin.py:190} INFO - [2026-07-04T08:25:41.366+0000] {dagbag.py:588} INFO - Filling up the DagBag from /opt/airflow/dags/shopbrasil_panorama_precos.py
[2026-07-04T08:25:41.380+0000] {processor.py:925} INFO - DAG(s) 'shopbrasil_panorama_precos' retrieved from /opt/airflow/dags/shopbrasil_panorama_precos.py
[2026-07-04T08:25:41.605+0000] {logging_mixin.py:190} INFO - [2026-07-04T08:25:41.604+0000] {dag.py:3239} INFO - Sync 1 DAGs
[2026-07-04T08:25:41.629+0000] {logging_mixin.py:190} INFO - [2026-07-04T08:25:41.629+0000] {dag.py:4180} INFO - Setting next_dagrun for shopbrasil_panorama_precos to 2026-07-04 09:00:00+00:00, run_after=2026-07-04 09:00:00+00:00
[2026-07-04T08:25:41.654+0000] {processor.py:208} INFO - Processing /opt/airflow/dags/shopbrasil_panorama_precos.py took 0.299 seconds
[2026-07-04T08:26:12.240+0000] {processor.py:186} INFO - Started process (PID=191) to work on /opt/airflow/dags/shopbrasil_panorama_precos.py
[2026-07-04T08:26:12.242+0000] {processor.py:914} INFO - Processing file /opt/airflow/dags/shopbrasil_panorama_precos.py for tasks to queue
[2026-07-04T08:26:12.265+0000] {logging_mixin.py:190} INFO - [2026-07-04T08:26:12.263+0000] {dagbag.py:588} INFO - Filling up the DagBag from /opt/airflow/dags/shopbrasil_panorama_precos.py
[2026-07-04T08:26:12.488+0000] {processor.py:925} INFO - DAG(s) 'shopbrasil_panorama_precos' retrieved from /opt/airflow/dags/shopbrasil_panorama_precos.py
[2026-07-04T08:26:12.544+0000] {logging_mixin.py:190} INFO - [2026-07-04T08:26:12.543+0000] {dag.py:3239} INFO - Sync 1 DAGs
[2026-07-04T08:26:12.569+0000] {logging_mixin.py:190} INFO - [2026-07-04T08:26:12.569+0000] {dag.py:4180} INFO - Setting next_dagrun for shopbrasil_panorama_precos to 2026-07-04 09:00:00+00:00, run_after=2026-07-04 09:00:00+00:00
[2026-07-04T08:26:12.595+0000] {processor.py:208} INFO - Processing /opt/airflow/dags/shopbrasil_panorama_precos.py took 0.363 seconds
[2026-07-04T08:26:43.338+0000] {processor.py:186} INFO - Started process (PID=196) to work on /opt/airflow/dags/shopbrasil_panorama_precos.py
[2026-07-04T08:26:43.340+0000] {processor.py:914} INFO - Processing file /opt/airflow/dags/shopbrasil_panorama_precos.py for tasks to queue
[2026-07-04T08:26:43.343+0000] {logging_mixin.py:190} INFO - [2026-07-04T08:26:43.342+0000] {dagbag.py:588} INFO - Filling up the DagBag from /opt/airflow/dags/shopbrasil_panorama_precos.py
[2026-07-04T08:26:43.358+0000] {processor.py:925} INFO - DAG(s) 'shopbrasil_panorama_precos' retrieved from /opt/airflow/dags/shopbrasil_panorama_precos.py
[2026-07-04T08:26:43.396+0000] {logging_mixin.py:190} INFO - [2026-07-04T08:26:43.396+0000] {dag.py:3239} INFO - Sync 1 DAGs
[2026-07-04T08:26:43.426+0000] {logging_mixin.py:190} INFO - [2026-07-04T08:26:43.425+0000] {dag.py:4180} INFO - Setting next_dagrun for shopbrasil_panorama_precos to 2026-07-04 09:00:00+00:00, run_after=2026-07-04 09:00:00+00:00
[2026-07-04T08:26:43.452+0000] {processor.py:208} INFO - Processing /opt/airflow/dags/shopbrasil_panorama_precos.py took 0.120 seconds
[2026-07-04T08:27:13.945+0000] {processor.py:186} INFO - Started process (PID=208) to work on /opt/airflow/dags/shopbrasil_panorama_precos.py
[2026-07-04T08:27:13.947+0000] {processor.py:914} INFO - Processing file /opt/airflow/dags/shopbrasil_panorama_precos.py for tasks to queue
[2026-07-04T08:27:13.949+0000] {logging_mixin.py:190} INFO - [2026-07-04T08:27:13.949+0000] {dagbag.py:588} INFO - Filling up the DagBag from /opt/airflow/dags/shopbrasil_panorama_precos.py
[2026-07-04T08:27:13.967+0000] {processor.py:925} INFO - DAG(s) 'shopbrasil_panorama_precos' retrieved from /opt/airflow/dags/shopbrasil_panorama_precos.py
[2026-07-04T08:27:14.012+0000] {logging_mixin.py:190} INFO - [2026-07-04T08:27:14.012+0000] {dag.py:3239} INFO - Sync 1 DAGs
[2026-07-04T08:27:14.039+0000] {logging_mixin.py:190} INFO - [2026-07-04T08:27:14.039+0000] {dag.py:4180} INFO - Setting next_dagrun for shopbrasil_panorama_precos to 2026-07-04 09:00:00+00:00, run_after=2026-07-04 09:00:00+00:00
[2026-07-04T08:27:14.099+0000] {processor.py:208} INFO - Processing /opt/airflow/dags/shopbrasil_panorama_precos.py took 0.165 seconds
[2026-07-04T08:27:44.641+0000] {processor.py:186} INFO - Started process (PID=219) to work on /opt/airflow/dags/shopbrasil_panorama_precos.py
[2026-07-04T08:27:44.643+0000] {processor.py:914} INFO - Processing file /opt/airflow/dags/shopbrasil_panorama_precos.py for tasks to queue
[2026-07-04T08:27:44.648+0000] {logging_mixin.py:190} INFO - [2026-07-04T08:27:44.647+0000] {dagbag.py:588} INFO - Filling up the DagBag from /opt/airflow/dags/shopbrasil_panorama_precos.py
[2026-07-04T08:27:44.669+0000] {processor.py:925} INFO - DAG(s) 'shopbrasil_panorama_precos' retrieved from /opt/airflow/dags/shopbrasil_panorama_precos.py
[2026-07-04T08:27:44.730+0000] {logging_mixin.py:190} INFO - [2026-07-04T08:27:44.729+0000] {dag.py:3239} INFO - Sync 1 DAGs
[2026-07-04T08:27:44.768+0000] {logging_mixin.py:190} INFO - [2026-07-04T08:27:44.768+0000] {dag.py:4180} INFO - Setting next_dagrun for shopbrasil_panorama_precos to 2026-07-04 09:00:00+00:00, run_after=2026-07-04 09:00:00+00:00
[2026-07-04T08:27:44.808+0000] {processor.py:208} INFO - Processing /opt/airflow/dags/shopbrasil_panorama_precos.py took 0.178 seconds
[2026-07-04T08:28:15.449+0000] {processor.py:186} INFO - Started process (PID=230) to work on /opt/airflow/dags/shopbrasil_panorama_precos.py
[2026-07-04T08:28:15.772+0000] {processor.py:914} INFO - Processing file /opt/airflow/dags/shopbrasil_panorama_precos.py for tasks to queue
[2026-07-04T08:28:15.776+0000] {logging_mixin.py:190} INFO - [2026-07-04T08:28:15.775+0000] {dagbag.py:588} INFO - Filling up the DagBag from /opt/airflow/dags/shopbrasil_panorama_precos.py
[2026-07-04T08:28:15.791+0000] {processor.py:925} INFO - DAG(s) 'shopbrasil_panorama_precos' retrieved from /opt/airflow/dags/shopbrasil_panorama_precos.py
[2026-07-04T08:28:15.843+0000] {logging_mixin.py:190} INFO - [2026-07-04T08:28:15.842+0000] {dag.py:3239} INFO - Sync 1 DAGs
[2026-07-04T08:28:15.885+0000] {logging_mixin.py:190} INFO - [2026-07-04T08:28:15.884+0000] {dag.py:4180} INFO - Setting next_dagrun for shopbrasil_panorama_precos to 2026-07-04 09:00:00+00:00, run_after=2026-07-04 09:00:00+00:00
[2026-07-04T08:28:15.919+0000] {processor.py:208} INFO - Processing /opt/airflow/dags/shopbrasil_panorama_precos.py took 0.480 seconds
[2026-07-04T08:28:46.032+0000] {processor.py:186} INFO - Started process (PID=242) to work on /opt/airflow/dags/shopbrasil_panorama_precos.py
[2026-07-04T08:28:46.034+0000] {processor.py:914} INFO - Processing file /opt/airflow/dags/shopbrasil_panorama_precos.py for tasks to queue
[2026-07-04T08:28:46.039+0000] {logging_mixin.py:190} INFO - [2026-07-04T08:28:46.039+0000] {dagbag.py:588} INFO - Filling up the DagBag from /opt/airflow/dags/shopbrasil_panorama_precos.py
[2026-07-04T08:28:46.058+0000] {processor.py:925} INFO - DAG(s) 'shopbrasil_panorama_precos' retrieved from /opt/airflow/dags/shopbrasil_panorama_precos.py
[2026-07-04T08:28:46.127+0000] {logging_mixin.py:190} INFO - [2026-07-04T08:28:46.126+0000] {dag.py:3239} INFO - Sync 1 DAGs
[2026-07-04T08:28:46.177+0000] {logging_mixin.py:190} INFO - [2026-07-04T08:28:46.177+0000] {dag.py:4180} INFO - Setting next_dagrun for shopbrasil_panorama_precos to 2026-07-04 09:00:00+00:00, run_after=2026-07-04 09:00:00+00:00
[2026-07-04T08:28:46.238+0000] {processor.py:208} INFO - Processing /opt/airflow/dags/shopbrasil_panorama_precos.py took 0.218 seconds
[2026-07-04T08:29:16.636+0000] {processor.py:186} INFO - Started process (PID=253) to work on /opt/airflow/dags/shopbrasil_panorama_precos.py
[2026-07-04T08:29:16.667+0000] {processor.py:914} INFO - Processing file /opt/airflow/dags/shopbrasil_panorama_precos.py for tasks to queue
[2026-07-04T08:29:16.672+0000] {logging_mixin.py:190} INFO - [2026-07-04T08:29:16.671+0000] {dagbag.py:588} INFO - Filling up the DagBag from /opt/airflow/dags/shopbrasil_panorama_precos.py
[2026-07-04T08:29:16.693+0000] {processor.py:925} INFO - DAG(s) 'shopbrasil_panorama_precos' retrieved from /opt/airflow/dags/shopbrasil_panorama_precos.py
[2026-07-04T08:29:16.764+0000] {logging_mixin.py:190} INFO - [2026-07-04T08:29:16.764+0000] {dag.py:3239} INFO - Sync 1 DAGs
[2026-07-04T08:29:16.802+0000] {logging_mixin.py:190} INFO - [2026-07-04T08:29:16.802+0000] {dag.py:4180} INFO - Setting next_dagrun for shopbrasil_panorama_precos to 2026-07-04 09:00:00+00:00, run_after=2026-07-04 09:00:00+00:00
[2026-07-04T08:29:16.905+0000] {processor.py:208} INFO - Processing /opt/airflow/dags/shopbrasil_panorama_precos.py took 0.282 seconds
[2026-07-04T08:29:47.175+0000] {processor.py:186} INFO - Started process (PID=263) to work on /opt/airflow/dags/shopbrasil_panorama_precos.py
[2026-07-04T08:29:47.231+0000] {processor.py:914} INFO - Processing file /opt/airflow/dags/shopbrasil_panorama_precos.py for tasks to queue
[2026-07-04T08:29:47.234+0000] {logging_mixin.py:190} INFO - [2026-07-04T08:29:47.233+0000] {dagbag.py:588} INFO - Filling up the DagBag from /opt/airflow/dags/shopbrasil_panorama_precos.py
[2026-07-04T08:29:47.273+0000] {processor.py:925} INFO - DAG(s) 'shopbrasil_panorama_precos' retrieved from /opt/airflow/dags/shopbrasil_panorama_precos.py
[2026-07-04T08:29:47.343+0000] {logging_mixin.py:190} INFO - [2026-07-04T08:29:47.342+0000] {dag.py:3239} INFO - Sync 1 DAGs
[2026-07-04T08:29:47.379+0000] {logging_mixin.py:190} INFO - [2026-07-04T08:29:47.378+0000] {dag.py:4180} INFO - Setting next_dagrun for shopbrasil_panorama_precos to 2026-07-04 09:00:00+00:00, run_after=2026-07-04 09:00:00+00:00
[2026-07-04T08:29:47.416+0000] {processor.py:208} INFO - Processing /opt/airflow/dags/shopbrasil_panorama_precos.py took 0.253 seconds
[2026-07-04T08:30:17.780+0000] {processor.py:186} INFO - Started process (PID=275) to work on /opt/airflow/dags/shopbrasil_panorama_precos.py
[2026-07-04T08:30:17.782+0000] {processor.py:914} INFO - Processing file /opt/airflow/dags/shopbrasil_panorama_precos.py for tasks to queue
[2026-07-04T08:30:17.785+0000] {logging_mixin.py:190} INFO - [2026-07-04T08:30:17.785+0000] {dagbag.py:588} INFO - Filling up the DagBag from /opt/airflow/dags/shopbrasil_panorama_precos.py
[2026-07-04T08:30:17.808+0000] {processor.py:925} INFO - DAG(s) 'shopbrasil_panorama_precos' retrieved from /opt/airflow/dags/shopbrasil_panorama_precos.py
[2026-07-04T08:30:17.893+0000] {logging_mixin.py:190} INFO - [2026-07-04T08:30:17.892+0000] {dag.py:3239} INFO - Sync 1 DAGs
[2026-07-04T08:30:17.943+0000] {logging_mixin.py:190} INFO - [2026-07-04T08:30:17.943+0000] {dag.py:4180} INFO - Setting next_dagrun for shopbrasil_panorama_precos to 2026-07-04 09:00:00+00:00, run_after=2026-07-04 09:00:00+00:00
[2026-07-04T08:30:17.974+0000] {processor.py:208} INFO - Processing /opt/airflow/dags/shopbrasil_panorama_precos.py took 0.204 seconds
[2026-07-04T08:30:48.987+0000] {processor.py:186} INFO - Started process (PID=285) to work on /opt/airflow/dags/shopbrasil_panorama_precos.py
[2026-07-04T08:30:49.004+0000] {processor.py:914} INFO - Processing file /opt/airflow/dags/shopbrasil_panorama_precos.py for tasks to queue
[2026-07-04T08:30:49.009+0000] {logging_mixin.py:190} INFO - [2026-07-04T08:30:49.008+0000] {dagbag.py:588} INFO - Filling up the DagBag from /opt/airflow/dags/shopbrasil_panorama_precos.py
[2026-07-04T08:30:49.035+0000] {processor.py:925} INFO - DAG(s) 'shopbrasil_panorama_precos' retrieved from /opt/airflow/dags/shopbrasil_panorama_precos.py
[2026-07-04T08:30:49.175+0000] {logging_mixin.py:190} INFO - [2026-07-04T08:30:49.174+0000] {dag.py:3239} INFO - Sync 1 DAGs
[2026-07-04T08:30:49.216+0000] {logging_mixin.py:190} INFO - [2026-07-04T08:30:49.216+0000] {dag.py:4180} INFO - Setting next_dagrun for shopbrasil_panorama_precos to 2026-07-04 09:00:00+00:00, run_after=2026-07-04 09:00:00+00:00
[2026-07-04T08:30:49.318+0000] {processor.py:208} INFO - Processing /opt/airflow/dags/shopbrasil_panorama_precos.py took 0.341 seconds
[2026-07-04T08:31:19.861+0000] {processor.py:186} INFO - Started process (PID=290) to work on /opt/airflow/dags/shopbrasil_panorama_precos.py
[2026-07-04T08:31:19.864+0000] {processor.py:914} INFO - Processing file /opt/airflow/dags/shopbrasil_panorama_precos.py for tasks to queue
[2026-07-04T08:31:19.869+0000] {logging_mixin.py:190} INFO - [2026-07-04T08:31:19.868+0000] {dagbag.py:588} INFO - Filling up the DagBag from /opt/airflow/dags/shopbrasil_panorama_precos.py
[2026-07-04T08:31:19.886+0000] {processor.py:925} INFO - DAG(s) 'shopbrasil_panorama_precos' retrieved from /opt/airflow/dags/shopbrasil_panorama_precos.py
[2026-07-04T08:31:19.933+0000] {logging_mixin.py:190} INFO - [2026-07-04T08:31:19.933+0000] {dag.py:3239} INFO - Sync 1 DAGs
[2026-07-04T08:31:19.971+0000] {logging_mixin.py:190} INFO - [2026-07-04T08:31:19.970+0000] {dag.py:4180} INFO - Setting next_dagrun for shopbrasil_panorama_precos to 2026-07-04 09:00:00+00:00, run_after=2026-07-04 09:00:00+00:00
[2026-07-04T08:31:20.003+0000] {processor.py:208} INFO - Processing /opt/airflow/dags/shopbrasil_panorama_precos.py took 0.152 seconds
[2026-07-04T08:31:50.514+0000] {processor.py:186} INFO - Started process (PID=300) to work on /opt/airflow/dags/shopbrasil_panorama_precos.py
[2026-07-04T08:31:50.515+0000] {processor.py:914} INFO - Processing file /opt/airflow/dags/shopbrasil_panorama_precos.py for tasks to queue
[2026-07-04T08:31:50.518+0000] {logging_mixin.py:190} INFO - [2026-07-04T08:31:50.518+0000] {dagbag.py:588} INFO - Filling up the DagBag from /opt/airflow/dags/shopbrasil_panorama_precos.py
[2026-07-04T08:31:50.534+0000] {processor.py:925} INFO - DAG(s) 'shopbrasil_panorama_precos' retrieved from /opt/airflow/dags/shopbrasil_panorama_precos.py
[2026-07-04T08:31:50.574+0000] {logging_mixin.py:190} INFO - [2026-07-04T08:31:50.572+0000] {dag.py:3239} INFO - Sync 1 DAGs
[2026-07-04T08:31:50.606+0000] {logging_mixin.py:190} INFO - [2026-07-04T08:31:50.606+0000] {dag.py:4180} INFO - Setting next_dagrun for shopbrasil_panorama_precos to 2026-07-04 09:00:00+00:00, run_after=2026-07-04 09:00:00+00:00
[2026-07-04T08:31:51.259+0000] {processor.py:208} INFO - Processing /opt/airflow/dags/shopbrasil_panorama_precos.py took 0.752 seconds
[2026-07-04T08:37:41.852+0000] {processor.py:186} INFO - Started process (PID=66) to work on /opt/airflow/dags/shopbrasil_panorama_precos.py
[2026-07-04T08:37:41.878+0000] {processor.py:914} INFO - Processing file /opt/airflow/dags/shopbrasil_panorama_precos.py for tasks to queue
[2026-07-04T08:37:41.889+0000] {logging_mixin.py:190} INFO - [2026-07-04T08:37:41.888+0000] {dagbag.py:588} INFO - Filling up the DagBag from /opt/airflow/dags/shopbrasil_panorama_precos.py
[2026-07-04T08:37:41.933+0000] {processor.py:925} INFO - DAG(s) 'shopbrasil_panorama_precos' retrieved from /opt/airflow/dags/shopbrasil_panorama_precos.py
[2026-07-04T08:37:42.087+0000] {logging_mixin.py:190} INFO - [2026-07-04T08:37:42.087+0000] {dag.py:3239} INFO - Sync 1 DAGs
[2026-07-04T08:37:42.203+0000] {logging_mixin.py:190} INFO - [2026-07-04T08:37:42.202+0000] {dag.py:4180} INFO - Setting next_dagrun for shopbrasil_panorama_precos to 2026-07-04 09:00:00+00:00, run_after=2026-07-04 09:00:00+00:00
[2026-07-04T08:37:42.319+0000] {processor.py:208} INFO - Processing /opt/airflow/dags/shopbrasil_panorama_precos.py took 0.488 seconds
[2026-07-04T08:38:13.218+0000] {processor.py:186} INFO - Started process (PID=76) to work on /opt/airflow/dags/shopbrasil_panorama_precos.py
[2026-07-04T08:38:13.242+0000] {processor.py:914} INFO - Processing file /opt/airflow/dags/shopbrasil_panorama_precos.py for tasks to queue
[2026-07-04T08:38:13.247+0000] {logging_mixin.py:190} INFO - [2026-07-04T08:38:13.246+0000] {dagbag.py:588} INFO - Filling up the DagBag from /opt/airflow/dags/shopbrasil_panorama_precos.py
[2026-07-04T08:38:13.355+0000] {processor.py:925} INFO - DAG(s) 'shopbrasil_panorama_precos' retrieved from /opt/airflow/dags/shopbrasil_panorama_precos.py
[2026-07-04T08:38:13.423+0000] {logging_mixin.py:190} INFO - [2026-07-04T08:38:13.423+0000] {dag.py:3239} INFO - Sync 1 DAGs
[2026-07-04T08:38:13.464+0000] {logging_mixin.py:190} INFO - [2026-07-04T08:38:13.464+0000] {dag.py:4180} INFO - Setting next_dagrun for shopbrasil_panorama_precos to 2026-07-04 09:00:00+00:00, run_after=2026-07-04 09:00:00+00:00
[2026-07-04T08:38:13.508+0000] {processor.py:208} INFO - Processing /opt/airflow/dags/shopbrasil_panorama_precos.py took 0.300 seconds
[2026-07-04T08:38:44.279+0000] {processor.py:186} INFO - Started process (PID=86) to work on /opt/airflow/dags/shopbrasil_panorama_precos.py
[2026-07-04T08:38:44.281+0000] {processor.py:914} INFO - Processing file /opt/airflow/dags/shopbrasil_panorama_precos.py for tasks to queue
[2026-07-04T08:38:44.286+0000] {logging_mixin.py:190} INFO - [2026-07-04T08:38:44.285+0000] {dagbag.py:588} INFO - Filling up the DagBag from /opt/airflow/dags/shopbrasil_panorama_precos.py
[2026-07-04T08:38:44.308+0000] {processor.py:925} INFO - DAG(s) 'shopbrasil_panorama_precos' retrieved from /opt/airflow/dags/shopbrasil_panorama_precos.py
[2026-07-04T08:38:44.448+0000] {logging_mixin.py:190} INFO - [2026-07-04T08:38:44.447+0000] {dag.py:3239} INFO - Sync 1 DAGs
[2026-07-04T08:38:44.507+0000] {logging_mixin.py:190} INFO - [2026-07-04T08:38:44.507+0000] {dag.py:4180} INFO - Setting next_dagrun for shopbrasil_panorama_precos to 2026-07-04 09:00:00+00:00, run_after=2026-07-04 09:00:00+00:00
[2026-07-04T08:38:44.575+0000] {processor.py:208} INFO - Processing /opt/airflow/dags/shopbrasil_panorama_precos.py took 0.308 seconds
[2026-07-04T08:39:14.849+0000] {processor.py:186} INFO - Started process (PID=96) to work on /opt/airflow/dags/shopbrasil_panorama_precos.py
[2026-07-04T08:39:14.852+0000] {processor.py:914} INFO - Processing file /opt/airflow/dags/shopbrasil_panorama_precos.py for tasks to queue
[2026-07-04T08:39:14.856+0000] {logging_mixin.py:190} INFO - [2026-07-04T08:39:14.856+0000] {dagbag.py:588} INFO - Filling up the DagBag from /opt/airflow/dags/shopbrasil_panorama_precos.py
[2026-07-04T08:39:14.917+0000] {processor.py:925} INFO - DAG(s) 'shopbrasil_panorama_precos' retrieved from /opt/airflow/dags/shopbrasil_panorama_precos.py
[2026-07-04T08:39:15.409+0000] {logging_mixin.py:190} INFO - [2026-07-04T08:39:15.408+0000] {dag.py:3239} INFO - Sync 1 DAGs
[2026-07-04T08:39:15.452+0000] {logging_mixin.py:190} INFO - [2026-07-04T08:39:15.451+0000] {dag.py:4180} INFO - Setting next_dagrun for shopbrasil_panorama_precos to 2026-07-04 09:00:00+00:00, run_after=2026-07-04 09:00:00+00:00
[2026-07-04T08:39:15.507+0000] {processor.py:208} INFO - Processing /opt/airflow/dags/shopbrasil_panorama_precos.py took 0.692 seconds
[2026-07-04T08:39:46.159+0000] {processor.py:186} INFO - Started process (PID=100) to work on /opt/airflow/dags/shopbrasil_panorama_precos.py
[2026-07-04T08:39:46.161+0000] {processor.py:914} INFO - Processing file /opt/airflow/dags/shopbrasil_panorama_precos.py for tasks to queue
[2026-07-04T08:39:46.166+0000] {logging_mixin.py:190} INFO - [2026-07-04T08:39:46.165+0000] {dagbag.py:588} INFO - Filling up the DagBag from /opt/airflow/dags/shopbrasil_panorama_precos.py
[2026-07-04T08:39:46.191+0000] {processor.py:925} INFO - DAG(s) 'shopbrasil_panorama_precos' retrieved from /opt/airflow/dags/shopbrasil_panorama_precos.py
[2026-07-04T08:39:46.244+0000] {logging_mixin.py:190} INFO - [2026-07-04T08:39:46.244+0000] {dag.py:3239} INFO - Sync 1 DAGs
[2026-07-04T08:39:46.283+0000] {logging_mixin.py:190} INFO - [2026-07-04T08:39:46.283+0000] {dag.py:4180} INFO - Setting next_dagrun for shopbrasil_panorama_precos to 2026-07-04 09:00:00+00:00, run_after=2026-07-04 09:00:00+00:00
[2026-07-04T08:39:46.319+0000] {processor.py:208} INFO - Processing /opt/airflow/dags/shopbrasil_panorama_precos.py took 0.175 seconds
[2026-07-04T08:40:17.095+0000] {processor.py:186} INFO - Started process (PID=111) to work on /opt/airflow/dags/shopbrasil_panorama_precos.py
[2026-07-04T08:40:17.100+0000] {processor.py:914} INFO - Processing file /opt/airflow/dags/shopbrasil_panorama_precos.py for tasks to queue
[2026-07-04T08:40:17.105+0000] {logging_mixin.py:190} INFO - [2026-07-04T08:40:17.104+0000] {dagbag.py:588} INFO - Filling up the DagBag from /opt/airflow/dags/shopbrasil_panorama_precos.py
[2026-07-04T08:40:17.130+0000] {processor.py:925} INFO - DAG(s) 'shopbrasil_panorama_precos' retrieved from /opt/airflow/dags/shopbrasil_panorama_precos.py
[2026-07-04T08:40:18.634+0000] {logging_mixin.py:190} INFO - [2026-07-04T08:40:18.633+0000] {dag.py:3239} INFO - Sync 1 DAGs
[2026-07-04T08:40:19.066+0000] {logging_mixin.py:190} INFO - [2026-07-04T08:40:19.065+0000] {dag.py:4180} INFO - Setting next_dagrun for shopbrasil_panorama_precos to 2026-07-04 09:00:00+00:00, run_after=2026-07-04 09:00:00+00:00
[2026-07-04T08:40:20.085+0000] {processor.py:208} INFO - Processing /opt/airflow/dags/shopbrasil_panorama_precos.py took 2.997 seconds
[2026-07-04T08:40:50.655+0000] {processor.py:186} INFO - Started process (PID=121) to work on /opt/airflow/dags/shopbrasil_panorama_precos.py
[2026-07-04T08:40:51.101+0000] {processor.py:914} INFO - Processing file /opt/airflow/dags/shopbrasil_panorama_precos.py for tasks to queue
[2026-07-04T08:40:51.104+0000] {logging_mixin.py:190} INFO - [2026-07-04T08:40:51.104+0000] {dagbag.py:588} INFO - Filling up the DagBag from /opt/airflow/dags/shopbrasil_panorama_precos.py
[2026-07-04T08:40:52.956+0000] {processor.py:925} INFO - DAG(s) 'shopbrasil_panorama_precos' retrieved from /opt/airflow/dags/shopbrasil_panorama_precos.py
[2026-07-04T08:40:57.775+0000] {logging_mixin.py:190} INFO - [2026-07-04T08:40:57.775+0000] {dag.py:3239} INFO - Sync 1 DAGs
[2026-07-04T08:40:58.915+0000] {logging_mixin.py:190} INFO - [2026-07-04T08:40:58.915+0000] {dag.py:4180} INFO - Setting next_dagrun for shopbrasil_panorama_precos to 2026-07-04 09:00:00+00:00, run_after=2026-07-04 09:00:00+00:00
[2026-07-04T08:41:01.337+0000] {processor.py:208} INFO - Processing /opt/airflow/dags/shopbrasil_panorama_precos.py took 10.695 seconds
[2026-07-04T08:41:51.268+0000] {processor.py:186} INFO - Started process (PID=139) to work on /opt/airflow/dags/shopbrasil_panorama_precos.py
[2026-07-04T08:41:51.728+0000] {processor.py:914} INFO - Processing file /opt/airflow/dags/shopbrasil_panorama_precos.py for tasks to queue
[2026-07-04T08:41:51.737+0000] {logging_mixin.py:190} INFO - [2026-07-04T08:41:51.734+0000] {dagbag.py:588} INFO - Filling up the DagBag from /opt/airflow/dags/shopbrasil_panorama_precos.py
[2026-07-04T08:41:52.521+0000] {processor.py:925} INFO - DAG(s) 'shopbrasil_panorama_precos' retrieved from /opt/airflow/dags/shopbrasil_panorama_precos.py
[2026-07-04T08:41:53.702+0000] {logging_mixin.py:190} INFO - [2026-07-04T08:41:53.701+0000] {dag.py:3239} INFO - Sync 1 DAGs
[2026-07-04T08:41:53.967+0000] {logging_mixin.py:190} INFO - [2026-07-04T08:41:53.966+0000] {dag.py:4180} INFO - Setting next_dagrun for shopbrasil_panorama_precos to 2026-07-04 09:00:00+00:00, run_after=2026-07-04 09:00:00+00:00
[2026-07-04T08:41:54.163+0000] {processor.py:208} INFO - Processing /opt/airflow/dags/shopbrasil_panorama_precos.py took 3.116 seconds
[2026-07-04T08:42:24.486+0000] {processor.py:186} INFO - Started process (PID=144) to work on /opt/airflow/dags/shopbrasil_panorama_precos.py
[2026-07-04T08:42:24.529+0000] {processor.py:914} INFO - Processing file /opt/airflow/dags/shopbrasil_panorama_precos.py for tasks to queue
[2026-07-04T08:42:24.534+0000] {logging_mixin.py:190} INFO - [2026-07-04T08:42:24.534+0000] {dagbag.py:588} INFO - Filling up the DagBag from /opt/airflow/dags/shopbrasil_panorama_precos.py
[2026-07-04T08:42:24.574+0000] {processor.py:925} INFO - DAG(s) 'shopbrasil_panorama_precos' retrieved from /opt/airflow/dags/shopbrasil_panorama_precos.py
[2026-07-04T08:42:24.670+0000] {logging_mixin.py:190} INFO - [2026-07-04T08:42:24.669+0000] {dag.py:3239} INFO - Sync 1 DAGs
[2026-07-04T08:42:24.723+0000] {logging_mixin.py:190} INFO - [2026-07-04T08:42:24.722+0000] {dag.py:4180} INFO - Setting next_dagrun for shopbrasil_panorama_precos to 2026-07-04 09:00:00+00:00, run_after=2026-07-04 09:00:00+00:00
[2026-07-04T08:42:24.837+0000] {processor.py:208} INFO - Processing /opt/airflow/dags/shopbrasil_panorama_precos.py took 0.367 seconds
[2026-07-04T08:42:54.939+0000] {processor.py:186} INFO - Started process (PID=153) to work on /opt/airflow/dags/shopbrasil_panorama_precos.py
[2026-07-04T08:42:54.942+0000] {processor.py:914} INFO - Processing file /opt/airflow/dags/shopbrasil_panorama_precos.py for tasks to queue
[2026-07-04T08:42:54.947+0000] {logging_mixin.py:190} INFO - [2026-07-04T08:42:54.946+0000] {dagbag.py:588} INFO - Filling up the DagBag from /opt/airflow/dags/shopbrasil_panorama_precos.py
[2026-07-04T08:42:54.970+0000] {processor.py:925} INFO - DAG(s) 'shopbrasil_panorama_precos' retrieved from /opt/airflow/dags/shopbrasil_panorama_precos.py
[2026-07-04T08:42:55.049+0000] {logging_mixin.py:190} INFO - [2026-07-04T08:42:55.049+0000] {dag.py:3239} INFO - Sync 1 DAGs
[2026-07-04T08:42:55.106+0000] {logging_mixin.py:190} INFO - [2026-07-04T08:42:55.106+0000] {dag.py:4180} INFO - Setting next_dagrun for shopbrasil_panorama_precos to 2026-07-04 09:00:00+00:00, run_after=2026-07-04 09:00:00+00:00
[2026-07-04T08:42:55.384+0000] {processor.py:208} INFO - Processing /opt/airflow/dags/shopbrasil_panorama_precos.py took 0.471 seconds
[2026-07-04T08:43:26.035+0000] {processor.py:186} INFO - Started process (PID=164) to work on /opt/airflow/dags/shopbrasil_panorama_precos.py
[2026-07-04T08:43:26.570+0000] {processor.py:914} INFO - Processing file /opt/airflow/dags/shopbrasil_panorama_precos.py for tasks to queue
[2026-07-04T08:43:26.585+0000] {logging_mixin.py:190} INFO - [2026-07-04T08:43:26.584+0000] {dagbag.py:588} INFO - Filling up the DagBag from /opt/airflow/dags/shopbrasil_panorama_precos.py
[2026-07-04T08:43:26.619+0000] {processor.py:925} INFO - DAG(s) 'shopbrasil_panorama_precos' retrieved from /opt/airflow/dags/shopbrasil_panorama_precos.py
[2026-07-04T08:43:26.721+0000] {logging_mixin.py:190} INFO - [2026-07-04T08:43:26.721+0000] {dag.py:3239} INFO - Sync 1 DAGs
[2026-07-04T08:43:27.034+0000] {logging_mixin.py:190} INFO - [2026-07-04T08:43:27.034+0000] {dag.py:4180} INFO - Setting next_dagrun for shopbrasil_panorama_precos to 2026-07-04 09:00:00+00:00, run_after=2026-07-04 09:00:00+00:00
[2026-07-04T08:43:27.130+0000] {processor.py:208} INFO - Processing /opt/airflow/dags/shopbrasil_panorama_precos.py took 1.105 seconds
[2026-07-04T08:44:28.478+0000] {processor.py:186} INFO - Started process (PID=165) to work on /opt/airflow/dags/shopbrasil_panorama_precos.py
[2026-07-04T08:44:29.948+0000] {processor.py:914} INFO - Processing file /opt/airflow/dags/shopbrasil_panorama_precos.py for tasks to queue
[2026-07-04T08:44:29.954+0000] {logging_mixin.py:190} INFO - [2026-07-04T08:44:29.953+0000] {dagbag.py:588} INFO - Filling up the DagBag from /opt/airflow/dags/shopbrasil_panorama_precos.py
[2026-07-04T08:44:56.203+0000] {processor.py:925} INFO - DAG(s) 'shopbrasil_panorama_precos' retrieved from /opt/airflow/dags/shopbrasil_panorama_precos.py
[2026-07-04T09:18:27.285+0000] {processor.py:186} INFO - Started process (PID=73) to work on /opt/airflow/dags/shopbrasil_panorama_precos.py
[2026-07-04T09:18:27.679+0000] {processor.py:914} INFO - Processing file /opt/airflow/dags/shopbrasil_panorama_precos.py for tasks to queue
[2026-07-04T09:18:27.685+0000] {logging_mixin.py:190} INFO - [2026-07-04T09:18:27.684+0000] {dagbag.py:588} INFO - Filling up the DagBag from /opt/airflow/dags/shopbrasil_panorama_precos.py
[2026-07-04T09:18:27.843+0000] {processor.py:925} INFO - DAG(s) 'shopbrasil_panorama_precos' retrieved from /opt/airflow/dags/shopbrasil_panorama_precos.py
[2026-07-04T09:18:29.508+0000] {logging_mixin.py:190} INFO - [2026-07-04T09:18:29.508+0000] {dag.py:3239} INFO - Sync 1 DAGs
[2026-07-04T09:18:30.735+0000] {logging_mixin.py:190} INFO - [2026-07-04T09:18:30.735+0000] {dag.py:4180} INFO - Setting next_dagrun for shopbrasil_panorama_precos to 2026-07-04 09:00:00+00:00, run_after=2026-07-04 09:00:00+00:00
[2026-07-04T09:18:31.773+0000] {processor.py:208} INFO - Processing /opt/airflow/dags/shopbrasil_panorama_precos.py took 4.500 seconds
[2026-07-04T09:19:02.359+0000] {processor.py:186} INFO - Started process (PID=85) to work on /opt/airflow/dags/shopbrasil_panorama_precos.py
[2026-07-04T09:19:02.367+0000] {processor.py:914} INFO - Processing file /opt/airflow/dags/shopbrasil_panorama_precos.py for tasks to queue
[2026-07-04T09:19:02.370+0000] {logging_mixin.py:190} INFO - [2026-07-04T09:19:02.370+0000] {dagbag.py:588} INFO - Filling up the DagBag from /opt/airflow/dags/shopbrasil_panorama_precos.py
[2026-07-04T09:19:02.384+0000] {processor.py:925} INFO - DAG(s) 'shopbrasil_panorama_precos' retrieved from /opt/airflow/dags/shopbrasil_panorama_precos.py
[2026-07-04T09:19:02.414+0000] {logging_mixin.py:190} INFO - [2026-07-04T09:19:02.414+0000] {dag.py:3239} INFO - Sync 1 DAGs
[2026-07-04T09:19:02.437+0000] {logging_mixin.py:190} INFO - [2026-07-04T09:19:02.437+0000] {dag.py:4180} INFO - Setting next_dagrun for shopbrasil_panorama_precos to 2026-07-04 09:00:00+00:00, run_after=2026-07-04 09:00:00+00:00
[2026-07-04T09:19:02.545+0000] {processor.py:208} INFO - Processing /opt/airflow/dags/shopbrasil_panorama_precos.py took 0.191 seconds
[2026-07-04T09:19:33.322+0000] {processor.py:186} INFO - Started process (PID=96) to work on /opt/airflow/dags/shopbrasil_panorama_precos.py
[2026-07-04T09:19:33.325+0000] {processor.py:914} INFO - Processing file /opt/airflow/dags/shopbrasil_panorama_precos.py for tasks to queue
[2026-07-04T09:19:33.327+0000] {logging_mixin.py:190} INFO - [2026-07-04T09:19:33.327+0000] {dagbag.py:588} INFO - Filling up the DagBag from /opt/airflow/dags/shopbrasil_panorama_precos.py
[2026-07-04T09:19:33.341+0000] {processor.py:925} INFO - DAG(s) 'shopbrasil_panorama_precos' retrieved from /opt/airflow/dags/shopbrasil_panorama_precos.py
[2026-07-04T09:19:33.378+0000] {logging_mixin.py:190} INFO - [2026-07-04T09:19:33.378+0000] {dag.py:3239} INFO - Sync 1 DAGs
[2026-07-04T09:19:33.408+0000] {logging_mixin.py:190} INFO - [2026-07-04T09:19:33.408+0000] {dag.py:4180} INFO - Setting next_dagrun for shopbrasil_panorama_precos to 2026-07-04 09:00:00+00:00, run_after=2026-07-04 09:00:00+00:00
[2026-07-04T09:19:33.431+0000] {processor.py:208} INFO - Processing /opt/airflow/dags/shopbrasil_panorama_precos.py took 0.115 seconds
[2026-07-04T09:20:03.546+0000] {processor.py:186} INFO - Started process (PID=109) to work on /opt/airflow/dags/shopbrasil_panorama_precos.py
[2026-07-04T09:20:03.547+0000] {processor.py:914} INFO - Processing file /opt/airflow/dags/shopbrasil_panorama_precos.py for tasks to queue
[2026-07-04T09:20:03.549+0000] {logging_mixin.py:190} INFO - [2026-07-04T09:20:03.549+0000] {dagbag.py:588} INFO - Filling up the DagBag from /opt/airflow/dags/shopbrasil_panorama_precos.py
[2026-07-04T09:20:03.563+0000] {processor.py:925} INFO - DAG(s) 'shopbrasil_panorama_precos' retrieved from /opt/airflow/dags/shopbrasil_panorama_precos.py
[2026-07-04T09:20:03.606+0000] {logging_mixin.py:190} INFO - [2026-07-04T09:20:03.605+0000] {dag.py:3239} INFO - Sync 1 DAGs
[2026-07-04T09:20:03.634+0000] {logging_mixin.py:190} INFO - [2026-07-04T09:20:03.634+0000] {dag.py:4180} INFO - Setting next_dagrun for shopbrasil_panorama_precos to 2026-07-04 09:00:00+00:00, run_after=2026-07-04 09:00:00+00:00
[2026-07-04T09:20:03.656+0000] {processor.py:208} INFO - Processing /opt/airflow/dags/shopbrasil_panorama_precos.py took 0.116 seconds
[2026-07-04T09:20:34.224+0000] {processor.py:186} INFO - Started process (PID=118) to work on /opt/airflow/dags/shopbrasil_panorama_precos.py
[2026-07-04T09:20:34.226+0000] {processor.py:914} INFO - Processing file /opt/airflow/dags/shopbrasil_panorama_precos.py for tasks to queue
[2026-07-04T09:20:34.228+0000] {logging_mixin.py:190} INFO - [2026-07-04T09:20:34.228+0000] {dagbag.py:588} INFO - Filling up the DagBag from /opt/airflow/dags/shopbrasil_panorama_precos.py
[2026-07-04T09:20:34.240+0000] {processor.py:925} INFO - DAG(s) 'shopbrasil_panorama_precos' retrieved from /opt/airflow/dags/shopbrasil_panorama_precos.py
[2026-07-04T09:20:34.270+0000] {logging_mixin.py:190} INFO - [2026-07-04T09:20:34.270+0000] {dag.py:3239} INFO - Sync 1 DAGs
[2026-07-04T09:20:34.291+0000] {logging_mixin.py:190} INFO - [2026-07-04T09:20:34.290+0000] {dag.py:4180} INFO - Setting next_dagrun for shopbrasil_panorama_precos to 2026-07-04 09:00:00+00:00, run_after=2026-07-04 09:00:00+00:00
[2026-07-04T09:20:34.318+0000] {processor.py:208} INFO - Processing /opt/airflow/dags/shopbrasil_panorama_precos.py took 0.099 seconds
[2026-07-04T09:21:04.987+0000] {processor.py:186} INFO - Started process (PID=129) to work on /opt/airflow/dags/shopbrasil_panorama_precos.py
[2026-07-04T09:21:04.988+0000] {processor.py:914} INFO - Processing file /opt/airflow/dags/shopbrasil_panorama_precos.py for tasks to queue
[2026-07-04T09:21:04.993+0000] {logging_mixin.py:190} INFO - [2026-07-04T09:21:04.992+0000] {dagbag.py:588} INFO - Filling up the DagBag from /opt/airflow/dags/shopbrasil_panorama_precos.py
[2026-07-04T09:21:05.029+0000] {processor.py:925} INFO - DAG(s) 'shopbrasil_panorama_precos' retrieved from /opt/airflow/dags/shopbrasil_panorama_precos.py
[2026-07-04T09:21:05.108+0000] {logging_mixin.py:190} INFO - [2026-07-04T09:21:05.107+0000] {dag.py:3239} INFO - Sync 1 DAGs
[2026-07-04T09:21:05.160+0000] {logging_mixin.py:190} INFO - [2026-07-04T09:21:05.159+0000] {dag.py:4180} INFO - Setting next_dagrun for shopbrasil_panorama_precos to 2026-07-04 09:00:00+00:00, run_after=2026-07-04 09:00:00+00:00
[2026-07-04T09:21:05.198+0000] {processor.py:208} INFO - Processing /opt/airflow/dags/shopbrasil_panorama_precos.py took 0.217 seconds
[2026-07-04T09:21:35.764+0000] {processor.py:186} INFO - Started process (PID=139) to work on /opt/airflow/dags/shopbrasil_panorama_precos.py
[2026-07-04T09:21:35.766+0000] {processor.py:914} INFO - Processing file /opt/airflow/dags/shopbrasil_panorama_precos.py for tasks to queue
[2026-07-04T09:21:35.768+0000] {logging_mixin.py:190} INFO - [2026-07-04T09:21:35.767+0000] {dagbag.py:588} INFO - Filling up the DagBag from /opt/airflow/dags/shopbrasil_panorama_precos.py
[2026-07-04T09:21:35.781+0000] {processor.py:925} INFO - DAG(s) 'shopbrasil_panorama_precos' retrieved from /opt/airflow/dags/shopbrasil_panorama_precos.py
[2026-07-04T09:21:35.816+0000] {logging_mixin.py:190} INFO - [2026-07-04T09:21:35.815+0000] {dag.py:3239} INFO - Sync 1 DAGs
[2026-07-04T09:21:35.848+0000] {logging_mixin.py:190} INFO - [2026-07-04T09:21:35.847+0000] {dag.py:4180} INFO - Setting next_dagrun for shopbrasil_panorama_precos to 2026-07-04 09:00:00+00:00, run_after=2026-07-04 09:00:00+00:00
[2026-07-04T09:21:36.020+0000] {processor.py:208} INFO - Processing /opt/airflow/dags/shopbrasil_panorama_precos.py took 0.263 seconds
[2026-07-04T09:22:06.641+0000] {processor.py:186} INFO - Started process (PID=144) to work on /opt/airflow/dags/shopbrasil_panorama_precos.py
[2026-07-04T09:22:06.643+0000] {processor.py:914} INFO - Processing file /opt/airflow/dags/shopbrasil_panorama_precos.py for tasks to queue
[2026-07-04T09:22:06.648+0000] {logging_mixin.py:190} INFO - [2026-07-04T09:22:06.646+0000] {dagbag.py:588} INFO - Filling up the DagBag from /opt/airflow/dags/shopbrasil_panorama_precos.py
[2026-07-04T09:22:06.672+0000] {processor.py:925} INFO - DAG(s) 'shopbrasil_panorama_precos' retrieved from /opt/airflow/dags/shopbrasil_panorama_precos.py
[2026-07-04T09:22:06.724+0000] {logging_mixin.py:190} INFO - [2026-07-04T09:22:06.724+0000] {dag.py:3239} INFO - Sync 1 DAGs
[2026-07-04T09:22:07.024+0000] {logging_mixin.py:190} INFO - [2026-07-04T09:22:07.024+0000] {dag.py:4180} INFO - Setting next_dagrun for shopbrasil_panorama_precos to 2026-07-04 09:00:00+00:00, run_after=2026-07-04 09:00:00+00:00
[2026-07-04T09:22:07.060+0000] {processor.py:208} INFO - Processing /opt/airflow/dags/shopbrasil_panorama_precos.py took 0.429 seconds
[2026-07-04T09:22:37.282+0000] {processor.py:186} INFO - Started process (PID=156) to work on /opt/airflow/dags/shopbrasil_panorama_precos.py
[2026-07-04T09:22:37.284+0000] {processor.py:914} INFO - Processing file /opt/airflow/dags/shopbrasil_panorama_precos.py for tasks to queue
[2026-07-04T09:22:37.286+0000] {logging_mixin.py:190} INFO - [2026-07-04T09:22:37.286+0000] {dagbag.py:588} INFO - Filling up the DagBag from /opt/airflow/dags/shopbrasil_panorama_precos.py
[2026-07-04T09:22:37.297+0000] {processor.py:925} INFO - DAG(s) 'shopbrasil_panorama_precos' retrieved from /opt/airflow/dags/shopbrasil_panorama_precos.py
[2026-07-04T09:22:37.455+0000] {logging_mixin.py:190} INFO - [2026-07-04T09:22:37.453+0000] {dag.py:3239} INFO - Sync 1 DAGs
[2026-07-04T09:22:37.479+0000] {logging_mixin.py:190} INFO - [2026-07-04T09:22:37.479+0000] {dag.py:4180} INFO - Setting next_dagrun for shopbrasil_panorama_precos to 2026-07-04 09:00:00+00:00, run_after=2026-07-04 09:00:00+00:00
[2026-07-04T09:22:37.505+0000] {processor.py:208} INFO - Processing /opt/airflow/dags/shopbrasil_panorama_precos.py took 0.228 seconds
[2026-07-04T09:23:07.557+0000] {processor.py:186} INFO - Started process (PID=167) to work on /opt/airflow/dags/shopbrasil_panorama_precos.py
[2026-07-04T09:23:07.557+0000] {processor.py:914} INFO - Processing file /opt/airflow/dags/shopbrasil_panorama_precos.py for tasks to queue
[2026-07-04T09:23:07.559+0000] {logging_mixin.py:190} INFO - [2026-07-04T09:23:07.559+0000] {dagbag.py:588} INFO - Filling up the DagBag from /opt/airflow/dags/shopbrasil_panorama_precos.py
[2026-07-04T09:23:07.571+0000] {processor.py:925} INFO - DAG(s) 'shopbrasil_panorama_precos' retrieved from /opt/airflow/dags/shopbrasil_panorama_precos.py
[2026-07-04T09:23:07.603+0000] {logging_mixin.py:190} INFO - [2026-07-04T09:23:07.603+0000] {dag.py:3239} INFO - Sync 1 DAGs
[2026-07-04T09:23:07.630+0000] {logging_mixin.py:190} INFO - [2026-07-04T09:23:07.630+0000] {dag.py:4180} INFO - Setting next_dagrun for shopbrasil_panorama_precos to 2026-07-04 09:00:00+00:00, run_after=2026-07-04 09:00:00+00:00
[2026-07-04T09:23:07.653+0000] {processor.py:208} INFO - Processing /opt/airflow/dags/shopbrasil_panorama_precos.py took 0.101 seconds
[2026-07-04T09:23:38.542+0000] {processor.py:186} INFO - Started process (PID=177) to work on /opt/airflow/dags/shopbrasil_panorama_precos.py
[2026-07-04T09:23:38.544+0000] {processor.py:914} INFO - Processing file /opt/airflow/dags/shopbrasil_panorama_precos.py for tasks to queue
[2026-07-04T09:23:38.547+0000] {logging_mixin.py:190} INFO - [2026-07-04T09:23:38.547+0000] {dagbag.py:588} INFO - Filling up the DagBag from /opt/airflow/dags/shopbrasil_panorama_precos.py
[2026-07-04T09:23:38.562+0000] {processor.py:925} INFO - DAG(s) 'shopbrasil_panorama_precos' retrieved from /opt/airflow/dags/shopbrasil_panorama_precos.py
[2026-07-04T09:23:38.594+0000] {logging_mixin.py:190} INFO - [2026-07-04T09:23:38.594+0000] {dag.py:3239} INFO - Sync 1 DAGs
[2026-07-04T09:23:38.619+0000] {logging_mixin.py:190} INFO - [2026-07-04T09:23:38.619+0000] {dag.py:4180} INFO - Setting next_dagrun for shopbrasil_panorama_precos to 2026-07-04 09:00:00+00:00, run_after=2026-07-04 09:00:00+00:00
[2026-07-04T09:23:38.777+0000] {processor.py:208} INFO - Processing /opt/airflow/dags/shopbrasil_panorama_precos.py took 0.241 seconds
[2026-07-04T09:24:09.530+0000] {processor.py:186} INFO - Started process (PID=189) to work on /opt/airflow/dags/shopbrasil_panorama_precos.py
[2026-07-04T09:24:09.531+0000] {processor.py:914} INFO - Processing file /opt/airflow/dags/shopbrasil_panorama_precos.py for tasks to queue
[2026-07-04T09:24:09.534+0000] {logging_mixin.py:190} INFO - [2026-07-04T09:24:09.533+0000] {dagbag.py:588} INFO - Filling up the DagBag from /opt/airflow/dags/shopbrasil_panorama_precos.py
[2026-07-04T09:24:09.546+0000] {processor.py:925} INFO - DAG(s) 'shopbrasil_panorama_precos' retrieved from /opt/airflow/dags/shopbrasil_panorama_precos.py
[2026-07-04T09:24:09.578+0000] {logging_mixin.py:190} INFO - [2026-07-04T09:24:09.578+0000] {dag.py:3239} INFO - Sync 1 DAGs
[2026-07-04T09:24:09.749+0000] {logging_mixin.py:190} INFO - [2026-07-04T09:24:09.749+0000] {dag.py:4180} INFO - Setting next_dagrun for shopbrasil_panorama_precos to 2026-07-04 09:00:00+00:00, run_after=2026-07-04 09:00:00+00:00
[2026-07-04T09:24:09.829+0000] {processor.py:208} INFO - Processing /opt/airflow/dags/shopbrasil_panorama_precos.py took 0.306 seconds
[2026-07-04T09:24:39.977+0000] {processor.py:186} INFO - Started process (PID=200) to work on /opt/airflow/dags/shopbrasil_panorama_precos.py
[2026-07-04T09:24:39.978+0000] {processor.py:914} INFO - Processing file /opt/airflow/dags/shopbrasil_panorama_precos.py for tasks to queue
[2026-07-04T09:24:39.981+0000] {logging_mixin.py:190} INFO - [2026-07-04T09:24:39.980+0000] {dagbag.py:588} INFO - Filling up the DagBag from /opt/airflow/dags/shopbrasil_panorama_precos.py
[2026-07-04T09:24:39.992+0000] {processor.py:925} INFO - DAG(s) 'shopbrasil_panorama_precos' retrieved from /opt/airflow/dags/shopbrasil_panorama_precos.py
[2026-07-04T09:24:40.169+0000] {logging_mixin.py:190} INFO - [2026-07-04T09:24:40.169+0000] {dag.py:3239} INFO - Sync 1 DAGs
[2026-07-04T09:24:40.191+0000] {logging_mixin.py:190} INFO - [2026-07-04T09:24:40.191+0000] {dag.py:4180} INFO - Setting next_dagrun for shopbrasil_panorama_precos to 2026-07-04 09:00:00+00:00, run_after=2026-07-04 09:00:00+00:00
[2026-07-04T09:24:40.214+0000] {processor.py:208} INFO - Processing /opt/airflow/dags/shopbrasil_panorama_precos.py took 0.242 seconds
[2026-07-04T09:25:11.214+0000] {processor.py:186} INFO - Started process (PID=211) to work on /opt/airflow/dags/shopbrasil_panorama_precos.py
[2026-07-04T09:25:11.215+0000] {processor.py:914} INFO - Processing file /opt/airflow/dags/shopbrasil_panorama_precos.py for tasks to queue
[2026-07-04T09:25:11.217+0000] {logging_mixin.py:190} INFO - [2026-07-04T09:25:11.217+0000] {dagbag.py:588} INFO - Filling up the DagBag from /opt/airflow/dags/shopbrasil_panorama_precos.py
[2026-07-04T09:25:11.231+0000] {processor.py:925} INFO - DAG(s) 'shopbrasil_panorama_precos' retrieved from /opt/airflow/dags/shopbrasil_panorama_precos.py
[2026-07-04T09:25:11.259+0000] {logging_mixin.py:190} INFO - [2026-07-04T09:25:11.259+0000] {dag.py:3239} INFO - Sync 1 DAGs
[2026-07-04T09:25:11.282+0000] {logging_mixin.py:190} INFO - [2026-07-04T09:25:11.282+0000] {dag.py:4180} INFO - Setting next_dagrun for shopbrasil_panorama_precos to 2026-07-04 09:00:00+00:00, run_after=2026-07-04 09:00:00+00:00
[2026-07-04T09:25:11.309+0000] {processor.py:208} INFO - Processing /opt/airflow/dags/shopbrasil_panorama_precos.py took 0.102 seconds
[2026-07-04T09:25:42.101+0000] {processor.py:186} INFO - Started process (PID=222) to work on /opt/airflow/dags/shopbrasil_panorama_precos.py
[2026-07-04T09:25:42.103+0000] {processor.py:914} INFO - Processing file /opt/airflow/dags/shopbrasil_panorama_precos.py for tasks to queue
[2026-07-04T09:25:42.105+0000] {logging_mixin.py:190} INFO - [2026-07-04T09:25:42.105+0000] {dagbag.py:588} INFO - Filling up the DagBag from /opt/airflow/dags/shopbrasil_panorama_precos.py
[2026-07-04T09:25:42.118+0000] {processor.py:925} INFO - DAG(s) 'shopbrasil_panorama_precos' retrieved from /opt/airflow/dags/shopbrasil_panorama_precos.py
[2026-07-04T09:25:42.154+0000] {logging_mixin.py:190} INFO - [2026-07-04T09:25:42.154+0000] {dag.py:3239} INFO - Sync 1 DAGs
[2026-07-04T09:25:42.182+0000] {logging_mixin.py:190} INFO - [2026-07-04T09:25:42.182+0000] {dag.py:4180} INFO - Setting next_dagrun for shopbrasil_panorama_precos to 2026-07-04 09:00:00+00:00, run_after=2026-07-04 09:00:00+00:00
[2026-07-04T09:25:42.338+0000] {processor.py:208} INFO - Processing /opt/airflow/dags/shopbrasil_panorama_precos.py took 0.245 seconds
[2026-07-04T09:26:13.222+0000] {processor.py:186} INFO - Started process (PID=233) to work on /opt/airflow/dags/shopbrasil_panorama_precos.py
[2026-07-04T09:26:13.223+0000] {processor.py:914} INFO - Processing file /opt/airflow/dags/shopbrasil_panorama_precos.py for tasks to queue
[2026-07-04T09:26:13.226+0000] {logging_mixin.py:190} INFO - [2026-07-04T09:26:13.226+0000] {dagbag.py:588} INFO - Filling up the DagBag from /opt/airflow/dags/shopbrasil_panorama_precos.py
[2026-07-04T09:26:13.239+0000] {processor.py:925} INFO - DAG(s) 'shopbrasil_panorama_precos' retrieved from /opt/airflow/dags/shopbrasil_panorama_precos.py
[2026-07-04T09:26:13.273+0000] {logging_mixin.py:190} INFO - [2026-07-04T09:26:13.272+0000] {dag.py:3239} INFO - Sync 1 DAGs
[2026-07-04T09:26:13.448+0000] {logging_mixin.py:190} INFO - [2026-07-04T09:26:13.447+0000] {dag.py:4180} INFO - Setting next_dagrun for shopbrasil_panorama_precos to 2026-07-04 09:00:00+00:00, run_after=2026-07-04 09:00:00+00:00
[2026-07-04T09:26:13.470+0000] {processor.py:208} INFO - Processing /opt/airflow/dags/shopbrasil_panorama_precos.py took 0.255 seconds
[2026-07-04T09:26:43.567+0000] {processor.py:186} INFO - Started process (PID=244) to work on /opt/airflow/dags/shopbrasil_panorama_precos.py
[2026-07-04T09:26:43.568+0000] {processor.py:914} INFO - Processing file /opt/airflow/dags/shopbrasil_panorama_precos.py for tasks to queue
[2026-07-04T09:26:43.571+0000] {logging_mixin.py:190} INFO - [2026-07-04T09:26:43.570+0000] {dagbag.py:588} INFO - Filling up the DagBag from /opt/airflow/dags/shopbrasil_panorama_precos.py
[2026-07-04T09:26:43.584+0000] {processor.py:925} INFO - DAG(s) 'shopbrasil_panorama_precos' retrieved from /opt/airflow/dags/shopbrasil_panorama_precos.py
[2026-07-04T09:26:43.761+0000] {logging_mixin.py:190} INFO - [2026-07-04T09:26:43.761+0000] {dag.py:3239} INFO - Sync 1 DAGs
[2026-07-04T09:26:43.785+0000] {logging_mixin.py:190} INFO - [2026-07-04T09:26:43.785+0000] {dag.py:4180} INFO - Setting next_dagrun for shopbrasil_panorama_precos to 2026-07-04 09:00:00+00:00, run_after=2026-07-04 09:00:00+00:00
[2026-07-04T09:26:43.804+0000] {processor.py:208} INFO - Processing /opt/airflow/dags/shopbrasil_panorama_precos.py took 0.244 seconds
[2026-07-04T09:27:14.603+0000] {processor.py:186} INFO - Started process (PID=255) to work on /opt/airflow/dags/shopbrasil_panorama_precos.py
[2026-07-04T09:27:14.605+0000] {processor.py:914} INFO - Processing file /opt/airflow/dags/shopbrasil_panorama_precos.py for tasks to queue
[2026-07-04T09:27:14.608+0000] {logging_mixin.py:190} INFO - [2026-07-04T09:27:14.607+0000] {dagbag.py:588} INFO - Filling up the DagBag from /opt/airflow/dags/shopbrasil_panorama_precos.py
[2026-07-04T09:27:14.621+0000] {processor.py:925} INFO - DAG(s) 'shopbrasil_panorama_precos' retrieved from /opt/airflow/dags/shopbrasil_panorama_precos.py
[2026-07-04T09:27:14.656+0000] {logging_mixin.py:190} INFO - [2026-07-04T09:27:14.655+0000] {dag.py:3239} INFO - Sync 1 DAGs
[2026-07-04T09:27:14.682+0000] {logging_mixin.py:190} INFO - [2026-07-04T09:27:14.681+0000] {dag.py:4180} INFO - Setting next_dagrun for shopbrasil_panorama_precos to 2026-07-04 09:00:00+00:00, run_after=2026-07-04 09:00:00+00:00
[2026-07-04T09:27:14.706+0000] {processor.py:208} INFO - Processing /opt/airflow/dags/shopbrasil_panorama_precos.py took 0.108 seconds
[2026-07-04T09:27:45.540+0000] {processor.py:186} INFO - Started process (PID=266) to work on /opt/airflow/dags/shopbrasil_panorama_precos.py
[2026-07-04T09:27:45.541+0000] {processor.py:914} INFO - Processing file /opt/airflow/dags/shopbrasil_panorama_precos.py for tasks to queue
[2026-07-04T09:27:45.543+0000] {logging_mixin.py:190} INFO - [2026-07-04T09:27:45.543+0000] {dagbag.py:588} INFO - Filling up the DagBag from /opt/airflow/dags/shopbrasil_panorama_precos.py
[2026-07-04T09:27:45.559+0000] {processor.py:925} INFO - DAG(s) 'shopbrasil_panorama_precos' retrieved from /opt/airflow/dags/shopbrasil_panorama_precos.py
[2026-07-04T09:27:45.591+0000] {logging_mixin.py:190} INFO - [2026-07-04T09:27:45.591+0000] {dag.py:3239} INFO - Sync 1 DAGs
[2026-07-04T09:27:45.615+0000] {logging_mixin.py:190} INFO - [2026-07-04T09:27:45.615+0000] {dag.py:4180} INFO - Setting next_dagrun for shopbrasil_panorama_precos to 2026-07-04 09:00:00+00:00, run_after=2026-07-04 09:00:00+00:00
[2026-07-04T09:27:45.771+0000] {processor.py:208} INFO - Processing /opt/airflow/dags/shopbrasil_panorama_precos.py took 0.237 seconds
[2026-07-04T09:28:16.309+0000] {processor.py:186} INFO - Started process (PID=276) to work on /opt/airflow/dags/shopbrasil_panorama_precos.py
[2026-07-04T09:28:16.310+0000] {processor.py:914} INFO - Processing file /opt/airflow/dags/shopbrasil_panorama_precos.py for tasks to queue
[2026-07-04T09:28:16.313+0000] {logging_mixin.py:190} INFO - [2026-07-04T09:28:16.312+0000] {dagbag.py:588} INFO - Filling up the DagBag from /opt/airflow/dags/shopbrasil_panorama_precos.py
[2026-07-04T09:28:16.326+0000] {processor.py:925} INFO - DAG(s) 'shopbrasil_panorama_precos' retrieved from /opt/airflow/dags/shopbrasil_panorama_precos.py
[2026-07-04T09:28:16.353+0000] {logging_mixin.py:190} INFO - [2026-07-04T09:28:16.352+0000] {dag.py:3239} INFO - Sync 1 DAGs
[2026-07-04T09:28:16.546+0000] {logging_mixin.py:190} INFO - [2026-07-04T09:28:16.546+0000] {dag.py:4180} INFO - Setting next_dagrun for shopbrasil_panorama_precos to 2026-07-04 09:00:00+00:00, run_after=2026-07-04 09:00:00+00:00
[2026-07-04T09:28:16.572+0000] {processor.py:208} INFO - Processing /opt/airflow/dags/shopbrasil_panorama_precos.py took 0.268 seconds
[2026-07-04T09:28:47.018+0000] {processor.py:186} INFO - Started process (PID=287) to work on /opt/airflow/dags/shopbrasil_panorama_precos.py
[2026-07-04T09:28:47.020+0000] {processor.py:914} INFO - Processing file /opt/airflow/dags/shopbrasil_panorama_precos.py for tasks to queue
[2026-07-04T09:28:47.024+0000] {logging_mixin.py:190} INFO - [2026-07-04T09:28:47.023+0000] {dagbag.py:588} INFO - Filling up the DagBag from /opt/airflow/dags/shopbrasil_panorama_precos.py
[2026-07-04T09:28:47.036+0000] {processor.py:925} INFO - DAG(s) 'shopbrasil_panorama_precos' retrieved from /opt/airflow/dags/shopbrasil_panorama_precos.py
[2026-07-04T09:28:47.215+0000] {logging_mixin.py:190} INFO - [2026-07-04T09:28:47.214+0000] {dag.py:3239} INFO - Sync 1 DAGs
[2026-07-04T09:28:47.236+0000] {logging_mixin.py:190} INFO - [2026-07-04T09:28:47.236+0000] {dag.py:4180} INFO - Setting next_dagrun for shopbrasil_panorama_precos to 2026-07-04 09:00:00+00:00, run_after=2026-07-04 09:00:00+00:00
[2026-07-04T09:28:47.260+0000] {processor.py:208} INFO - Processing /opt/airflow/dags/shopbrasil_panorama_precos.py took 0.249 seconds
[2026-07-04T09:29:18.034+0000] {processor.py:186} INFO - Started process (PID=298) to work on /opt/airflow/dags/shopbrasil_panorama_precos.py
[2026-07-04T09:29:18.036+0000] {processor.py:914} INFO - Processing file /opt/airflow/dags/shopbrasil_panorama_precos.py for tasks to queue
[2026-07-04T09:29:18.038+0000] {logging_mixin.py:190} INFO - [2026-07-04T09:29:18.037+0000] {dagbag.py:588} INFO - Filling up the DagBag from /opt/airflow/dags/shopbrasil_panorama_precos.py
[2026-07-04T09:29:18.050+0000] {processor.py:925} INFO - DAG(s) 'shopbrasil_panorama_precos' retrieved from /opt/airflow/dags/shopbrasil_panorama_precos.py
[2026-07-04T09:29:18.080+0000] {logging_mixin.py:190} INFO - [2026-07-04T09:29:18.080+0000] {dag.py:3239} INFO - Sync 1 DAGs
[2026-07-04T09:29:18.100+0000] {logging_mixin.py:190} INFO - [2026-07-04T09:29:18.100+0000] {dag.py:4180} INFO - Setting next_dagrun for shopbrasil_panorama_precos to 2026-07-04 09:00:00+00:00, run_after=2026-07-04 09:00:00+00:00
[2026-07-04T09:29:18.121+0000] {processor.py:208} INFO - Processing /opt/airflow/dags/shopbrasil_panorama_precos.py took 0.093 seconds
[2026-07-04T09:29:49.092+0000] {processor.py:186} INFO - Started process (PID=309) to work on /opt/airflow/dags/shopbrasil_panorama_precos.py
[2026-07-04T09:29:49.094+0000] {processor.py:914} INFO - Processing file /opt/airflow/dags/shopbrasil_panorama_precos.py for tasks to queue
[2026-07-04T09:29:49.096+0000] {logging_mixin.py:190} INFO - [2026-07-04T09:29:49.096+0000] {dagbag.py:588} INFO - Filling up the DagBag from /opt/airflow/dags/shopbrasil_panorama_precos.py
[2026-07-04T09:29:49.110+0000] {processor.py:925} INFO - DAG(s) 'shopbrasil_panorama_precos' retrieved from /opt/airflow/dags/shopbrasil_panorama_precos.py
[2026-07-04T09:29:49.141+0000] {logging_mixin.py:190} INFO - [2026-07-04T09:29:49.140+0000] {dag.py:3239} INFO - Sync 1 DAGs
[2026-07-04T09:29:49.165+0000] {logging_mixin.py:190} INFO - [2026-07-04T09:29:49.165+0000] {dag.py:4180} INFO - Setting next_dagrun for shopbrasil_panorama_precos to 2026-07-04 09:00:00+00:00, run_after=2026-07-04 09:00:00+00:00
[2026-07-04T09:29:49.319+0000] {processor.py:208} INFO - Processing /opt/airflow/dags/shopbrasil_panorama_precos.py took 0.233 seconds
[2026-07-04T09:30:19.683+0000] {processor.py:186} INFO - Started process (PID=320) to work on /opt/airflow/dags/shopbrasil_panorama_precos.py
[2026-07-04T09:30:19.684+0000] {processor.py:914} INFO - Processing file /opt/airflow/dags/shopbrasil_panorama_precos.py for tasks to queue
[2026-07-04T09:30:19.687+0000] {logging_mixin.py:190} INFO - [2026-07-04T09:30:19.687+0000] {dagbag.py:588} INFO - Filling up the DagBag from /opt/airflow/dags/shopbrasil_panorama_precos.py
[2026-07-04T09:30:19.702+0000] {processor.py:925} INFO - DAG(s) 'shopbrasil_panorama_precos' retrieved from /opt/airflow/dags/shopbrasil_panorama_precos.py
[2026-07-04T09:30:19.738+0000] {logging_mixin.py:190} INFO - [2026-07-04T09:30:19.738+0000] {dag.py:3239} INFO - Sync 1 DAGs
[2026-07-04T09:30:19.901+0000] {logging_mixin.py:190} INFO - [2026-07-04T09:30:19.900+0000] {dag.py:4180} INFO - Setting next_dagrun for shopbrasil_panorama_precos to 2026-07-04 09:00:00+00:00, run_after=2026-07-04 09:00:00+00:00
[2026-07-04T09:30:19.924+0000] {processor.py:208} INFO - Processing /opt/airflow/dags/shopbrasil_panorama_precos.py took 0.248 seconds
[2026-07-04T09:30:50.159+0000] {processor.py:186} INFO - Started process (PID=332) to work on /opt/airflow/dags/shopbrasil_panorama_precos.py
[2026-07-04T09:30:50.161+0000] {processor.py:914} INFO - Processing file /opt/airflow/dags/shopbrasil_panorama_precos.py for tasks to queue
[2026-07-04T09:30:50.163+0000] {logging_mixin.py:190} INFO - [2026-07-04T09:30:50.163+0000] {dagbag.py:588} INFO - Filling up the DagBag from /opt/airflow/dags/shopbrasil_panorama_precos.py
[2026-07-04T09:30:50.174+0000] {processor.py:925} INFO - DAG(s) 'shopbrasil_panorama_precos' retrieved from /opt/airflow/dags/shopbrasil_panorama_precos.py
[2026-07-04T09:30:50.331+0000] {logging_mixin.py:190} INFO - [2026-07-04T09:30:50.331+0000] {dag.py:3239} INFO - Sync 1 DAGs
[2026-07-04T09:30:50.348+0000] {logging_mixin.py:190} INFO - [2026-07-04T09:30:50.348+0000] {dag.py:4180} INFO - Setting next_dagrun for shopbrasil_panorama_precos to 2026-07-04 09:00:00+00:00, run_after=2026-07-04 09:00:00+00:00
[2026-07-04T09:30:50.368+0000] {processor.py:208} INFO - Processing /opt/airflow/dags/shopbrasil_panorama_precos.py took 0.213 seconds
[2026-07-04T09:31:20.683+0000] {processor.py:186} INFO - Started process (PID=342) to work on /opt/airflow/dags/shopbrasil_panorama_precos.py
[2026-07-04T09:31:20.685+0000] {processor.py:914} INFO - Processing file /opt/airflow/dags/shopbrasil_panorama_precos.py for tasks to queue
[2026-07-04T09:31:20.687+0000] {logging_mixin.py:190} INFO - [2026-07-04T09:31:20.687+0000] {dagbag.py:588} INFO - Filling up the DagBag from /opt/airflow/dags/shopbrasil_panorama_precos.py
[2026-07-04T09:31:20.701+0000] {processor.py:925} INFO - DAG(s) 'shopbrasil_panorama_precos' retrieved from /opt/airflow/dags/shopbrasil_panorama_precos.py
[2026-07-04T09:31:20.741+0000] {logging_mixin.py:190} INFO - [2026-07-04T09:31:20.740+0000] {dag.py:3239} INFO - Sync 1 DAGs
[2026-07-04T09:31:20.768+0000] {logging_mixin.py:190} INFO - [2026-07-04T09:31:20.768+0000] {dag.py:4180} INFO - Setting next_dagrun for shopbrasil_panorama_precos to 2026-07-04 09:00:00+00:00, run_after=2026-07-04 09:00:00+00:00
[2026-07-04T09:31:20.802+0000] {processor.py:208} INFO - Processing /opt/airflow/dags/shopbrasil_panorama_precos.py took 0.125 seconds
[2026-07-04T09:31:51.663+0000] {processor.py:186} INFO - Started process (PID=352) to work on /opt/airflow/dags/shopbrasil_panorama_precos.py
[2026-07-04T09:31:51.665+0000] {processor.py:914} INFO - Processing file /opt/airflow/dags/shopbrasil_panorama_precos.py for tasks to queue
[2026-07-04T09:31:51.668+0000] {logging_mixin.py:190} INFO - [2026-07-04T09:31:51.667+0000] {dagbag.py:588} INFO - Filling up the DagBag from /opt/airflow/dags/shopbrasil_panorama_precos.py
[2026-07-04T09:31:51.681+0000] {processor.py:925} INFO - DAG(s) 'shopbrasil_panorama_precos' retrieved from /opt/airflow/dags/shopbrasil_panorama_precos.py
[2026-07-04T09:31:51.711+0000] {logging_mixin.py:190} INFO - [2026-07-04T09:31:51.711+0000] {dag.py:3239} INFO - Sync 1 DAGs
[2026-07-04T09:31:51.736+0000] {logging_mixin.py:190} INFO - [2026-07-04T09:31:51.736+0000] {dag.py:4180} INFO - Setting next_dagrun for shopbrasil_panorama_precos to 2026-07-04 09:00:00+00:00, run_after=2026-07-04 09:00:00+00:00
[2026-07-04T09:31:51.902+0000] {processor.py:208} INFO - Processing /opt/airflow/dags/shopbrasil_panorama_precos.py took 0.246 seconds
[2026-07-04T09:32:22.579+0000] {processor.py:186} INFO - Started process (PID=357) to work on /opt/airflow/dags/shopbrasil_panorama_precos.py
[2026-07-04T09:32:22.580+0000] {processor.py:914} INFO - Processing file /opt/airflow/dags/shopbrasil_panorama_precos.py for tasks to queue
[2026-07-04T09:32:22.584+0000] {logging_mixin.py:190} INFO - [2026-07-04T09:32:22.583+0000] {dagbag.py:588} INFO - Filling up the DagBag from /opt/airflow/dags/shopbrasil_panorama_precos.py
[2026-07-04T09:32:22.597+0000] {processor.py:925} INFO - DAG(s) 'shopbrasil_panorama_precos' retrieved from /opt/airflow/dags/shopbrasil_panorama_precos.py
[2026-07-04T09:32:22.627+0000] {logging_mixin.py:190} INFO - [2026-07-04T09:32:22.627+0000] {dag.py:3239} INFO - Sync 1 DAGs
[2026-07-04T09:32:22.803+0000] {logging_mixin.py:190} INFO - [2026-07-04T09:32:22.803+0000] {dag.py:4180} INFO - Setting next_dagrun for shopbrasil_panorama_precos to 2026-07-04 09:00:00+00:00, run_after=2026-07-04 09:00:00+00:00
[2026-07-04T09:32:22.825+0000] {processor.py:208} INFO - Processing /opt/airflow/dags/shopbrasil_panorama_precos.py took 0.254 seconds
[2026-07-04T09:32:53.103+0000] {processor.py:186} INFO - Started process (PID=368) to work on /opt/airflow/dags/shopbrasil_panorama_precos.py
[2026-07-04T09:32:53.104+0000] {processor.py:914} INFO - Processing file /opt/airflow/dags/shopbrasil_panorama_precos.py for tasks to queue
[2026-07-04T09:32:53.106+0000] {logging_mixin.py:190} INFO - [2026-07-04T09:32:53.106+0000] {dagbag.py:588} INFO - Filling up the DagBag from /opt/airflow/dags/shopbrasil_panorama_precos.py
[2026-07-04T09:32:53.121+0000] {processor.py:925} INFO - DAG(s) 'shopbrasil_panorama_precos' retrieved from /opt/airflow/dags/shopbrasil_panorama_precos.py
[2026-07-04T09:32:53.314+0000] {logging_mixin.py:190} INFO - [2026-07-04T09:32:53.313+0000] {dag.py:3239} INFO - Sync 1 DAGs
[2026-07-04T09:32:53.334+0000] {logging_mixin.py:190} INFO - [2026-07-04T09:32:53.334+0000] {dag.py:4180} INFO - Setting next_dagrun for shopbrasil_panorama_precos to 2026-07-04 09:00:00+00:00, run_after=2026-07-04 09:00:00+00:00
[2026-07-04T09:32:53.358+0000] {processor.py:208} INFO - Processing /opt/airflow/dags/shopbrasil_panorama_precos.py took 0.262 seconds
[2026-07-04T09:33:24.079+0000] {processor.py:186} INFO - Started process (PID=380) to work on /opt/airflow/dags/shopbrasil_panorama_precos.py
[2026-07-04T09:33:24.085+0000] {processor.py:914} INFO - Processing file /opt/airflow/dags/shopbrasil_panorama_precos.py for tasks to queue
[2026-07-04T09:33:24.093+0000] {logging_mixin.py:190} INFO - [2026-07-04T09:33:24.092+0000] {dagbag.py:588} INFO - Filling up the DagBag from /opt/airflow/dags/shopbrasil_panorama_precos.py
[2026-07-04T09:33:24.122+0000] {processor.py:925} INFO - DAG(s) 'shopbrasil_panorama_precos' retrieved from /opt/airflow/dags/shopbrasil_panorama_precos.py
[2026-07-04T09:33:24.186+0000] {logging_mixin.py:190} INFO - [2026-07-04T09:33:24.185+0000] {dag.py:3239} INFO - Sync 1 DAGs
[2026-07-04T09:33:24.231+0000] {logging_mixin.py:190} INFO - [2026-07-04T09:33:24.230+0000] {dag.py:4180} INFO - Setting next_dagrun for shopbrasil_panorama_precos to 2026-07-04 09:00:00+00:00, run_after=2026-07-04 09:00:00+00:00
[2026-07-04T09:33:24.399+0000] {processor.py:208} INFO - Processing /opt/airflow/dags/shopbrasil_panorama_precos.py took 0.340 seconds
[2026-07-04T09:33:54.843+0000] {processor.py:186} INFO - Started process (PID=391) to work on /opt/airflow/dags/shopbrasil_panorama_precos.py
[2026-07-04T09:33:54.846+0000] {processor.py:914} INFO - Processing file /opt/airflow/dags/shopbrasil_panorama_precos.py for tasks to queue
[2026-07-04T09:33:54.857+0000] {logging_mixin.py:190} INFO - [2026-07-04T09:33:54.856+0000] {dagbag.py:588} INFO - Filling up the DagBag from /opt/airflow/dags/shopbrasil_panorama_precos.py
[2026-07-04T09:33:54.908+0000] {processor.py:925} INFO - DAG(s) 'shopbrasil_panorama_precos' retrieved from /opt/airflow/dags/shopbrasil_panorama_precos.py
[2026-07-04T09:33:55.020+0000] {logging_mixin.py:190} INFO - [2026-07-04T09:33:55.020+0000] {dag.py:3239} INFO - Sync 1 DAGs
[2026-07-04T09:33:55.145+0000] {logging_mixin.py:190} INFO - [2026-07-04T09:33:55.144+0000] {dag.py:4180} INFO - Setting next_dagrun for shopbrasil_panorama_precos to 2026-07-04 09:00:00+00:00, run_after=2026-07-04 09:00:00+00:00
[2026-07-04T09:33:55.695+0000] {processor.py:208} INFO - Processing /opt/airflow/dags/shopbrasil_panorama_precos.py took 0.885 seconds
[2026-07-04T09:34:26.059+0000] {processor.py:186} INFO - Started process (PID=402) to work on /opt/airflow/dags/shopbrasil_panorama_precos.py
[2026-07-04T09:34:26.085+0000] {processor.py:914} INFO - Processing file /opt/airflow/dags/shopbrasil_panorama_precos.py for tasks to queue
[2026-07-04T09:34:26.087+0000] {logging_mixin.py:190} INFO - [2026-07-04T09:34:26.087+0000] {dagbag.py:588} INFO - Filling up the DagBag from /opt/airflow/dags/shopbrasil_panorama_precos.py
[2026-07-04T09:34:26.104+0000] {processor.py:925} INFO - DAG(s) 'shopbrasil_panorama_precos' retrieved from /opt/airflow/dags/shopbrasil_panorama_precos.py
[2026-07-04T09:34:26.138+0000] {logging_mixin.py:190} INFO - [2026-07-04T09:34:26.138+0000] {dag.py:3239} INFO - Sync 1 DAGs
[2026-07-04T09:34:26.327+0000] {logging_mixin.py:190} INFO - [2026-07-04T09:34:26.327+0000] {dag.py:4180} INFO - Setting next_dagrun for shopbrasil_panorama_precos to 2026-07-04 09:00:00+00:00, run_after=2026-07-04 09:00:00+00:00
[2026-07-04T09:34:26.381+0000] {processor.py:208} INFO - Processing /opt/airflow/dags/shopbrasil_panorama_precos.py took 0.328 seconds
[2026-07-04T09:34:56.495+0000] {processor.py:186} INFO - Started process (PID=413) to work on /opt/airflow/dags/shopbrasil_panorama_precos.py
[2026-07-04T09:34:56.528+0000] {processor.py:914} INFO - Processing file /opt/airflow/dags/shopbrasil_panorama_precos.py for tasks to queue
[2026-07-04T09:34:56.533+0000] {logging_mixin.py:190} INFO - [2026-07-04T09:34:56.532+0000] {dagbag.py:588} INFO - Filling up the DagBag from /opt/airflow/dags/shopbrasil_panorama_precos.py
[2026-07-04T09:34:56.805+0000] {processor.py:925} INFO - DAG(s) 'shopbrasil_panorama_precos' retrieved from /opt/airflow/dags/shopbrasil_panorama_precos.py
[2026-07-04T09:34:58.263+0000] {logging_mixin.py:190} INFO - [2026-07-04T09:34:58.263+0000] {dag.py:3239} INFO - Sync 1 DAGs
[2026-07-04T09:34:58.292+0000] {logging_mixin.py:190} INFO - [2026-07-04T09:34:58.292+0000] {dag.py:4180} INFO - Setting next_dagrun for shopbrasil_panorama_precos to 2026-07-04 09:00:00+00:00, run_after=2026-07-04 09:00:00+00:00
[2026-07-04T09:34:58.337+0000] {processor.py:208} INFO - Processing /opt/airflow/dags/shopbrasil_panorama_precos.py took 1.852 seconds
[2026-07-04T09:35:32.429+0000] {processor.py:186} INFO - Started process (PID=424) to work on /opt/airflow/dags/shopbrasil_panorama_precos.py
[2026-07-04T09:35:32.646+0000] {processor.py:914} INFO - Processing file /opt/airflow/dags/shopbrasil_panorama_precos.py for tasks to queue
[2026-07-04T09:35:32.954+0000] {logging_mixin.py:190} INFO - [2026-07-04T09:35:32.953+0000] {dagbag.py:588} INFO - Filling up the DagBag from /opt/airflow/dags/shopbrasil_panorama_precos.py
[2026-07-04T09:36:06.929+0000] {logging_mixin.py:190} INFO - [2026-07-04T09:36:06.928+0000] {timeout.py:68} ERROR - Process timed out, PID: 424
[2026-07-04T10:10:17.514+0000] {processor.py:186} INFO - Started process (PID=57) to work on /opt/airflow/dags/shopbrasil_panorama_precos.py
[2026-07-04T10:10:17.515+0000] {processor.py:914} INFO - Processing file /opt/airflow/dags/shopbrasil_panorama_precos.py for tasks to queue
[2026-07-04T10:10:17.520+0000] {logging_mixin.py:190} INFO - [2026-07-04T10:10:17.519+0000] {dagbag.py:588} INFO - Filling up the DagBag from /opt/airflow/dags/shopbrasil_panorama_precos.py
[2026-07-04T10:10:17.566+0000] {processor.py:925} INFO - DAG(s) 'shopbrasil_panorama_precos' retrieved from /opt/airflow/dags/shopbrasil_panorama_precos.py
[2026-07-04T10:10:18.166+0000] {logging_mixin.py:190} INFO - [2026-07-04T10:10:18.165+0000] {override.py:1911} INFO - Created Permission View: can read on DAG:shopbrasil_panorama_precos
[2026-07-04T10:10:18.188+0000] {logging_mixin.py:190} INFO - [2026-07-04T10:10:18.188+0000] {override.py:1911} INFO - Created Permission View: can delete on DAG:shopbrasil_panorama_precos
[2026-07-04T10:10:18.203+0000] {logging_mixin.py:190} INFO - [2026-07-04T10:10:18.202+0000] {override.py:1911} INFO - Created Permission View: can edit on DAG:shopbrasil_panorama_precos
[2026-07-04T10:10:18.220+0000] {logging_mixin.py:190} INFO - [2026-07-04T10:10:18.220+0000] {override.py:1911} INFO - Created Permission View: menu access on DAG Run:shopbrasil_panorama_precos
[2026-07-04T10:10:18.235+0000] {logging_mixin.py:190} INFO - [2026-07-04T10:10:18.235+0000] {override.py:1911} INFO - Created Permission View: can read on DAG Run:shopbrasil_panorama_precos
[2026-07-04T10:10:18.255+0000] {logging_mixin.py:190} INFO - [2026-07-04T10:10:18.255+0000] {override.py:1911} INFO - Created Permission View: can delete on DAG Run:shopbrasil_panorama_precos
[2026-07-04T10:10:18.291+0000] {logging_mixin.py:190} INFO - [2026-07-04T10:10:18.290+0000] {override.py:1911} INFO - Created Permission View: can create on DAG Run:shopbrasil_panorama_precos
[2026-07-04T10:10:18.292+0000] {logging_mixin.py:190} INFO - [2026-07-04T10:10:18.291+0000] {dag.py:3239} INFO - Sync 1 DAGs
[2026-07-04T10:10:18.322+0000] {logging_mixin.py:190} INFO - [2026-07-04T10:10:18.322+0000] {dag.py:3262} INFO - Creating ORM DAG for shopbrasil_panorama_precos
[2026-07-04T10:10:18.346+0000] {logging_mixin.py:190} INFO - [2026-07-04T10:10:18.346+0000] {dag.py:4180} INFO - Setting next_dagrun for shopbrasil_panorama_precos to 2026-07-04 09:00:00+00:00, run_after=2026-07-04 09:00:00+00:00
[2026-07-04T10:10:18.387+0000] {processor.py:208} INFO - Processing /opt/airflow/dags/shopbrasil_panorama_precos.py took 0.891 seconds
[2026-07-04T10:10:49.265+0000] {processor.py:186} INFO - Started process (PID=68) to work on /opt/airflow/dags/shopbrasil_panorama_precos.py
[2026-07-04T10:10:49.367+0000] {processor.py:914} INFO - Processing file /opt/airflow/dags/shopbrasil_panorama_precos.py for tasks to queue
[2026-07-04T10:10:49.377+0000] {logging_mixin.py:190} INFO - [2026-07-04T10:10:49.376+0000] {dagbag.py:588} INFO - Filling up the DagBag from /opt/airflow/dags/shopbrasil_panorama_precos.py
[2026-07-04T10:10:49.438+0000] {processor.py:925} INFO - DAG(s) 'shopbrasil_panorama_precos' retrieved from /opt/airflow/dags/shopbrasil_panorama_precos.py
[2026-07-04T10:10:49.497+0000] {logging_mixin.py:190} INFO - [2026-07-04T10:10:49.496+0000] {dag.py:3239} INFO - Sync 1 DAGs
[2026-07-04T10:10:49.535+0000] {logging_mixin.py:190} INFO - [2026-07-04T10:10:49.535+0000] {dag.py:4180} INFO - Setting next_dagrun for shopbrasil_panorama_precos to 2026-07-04 09:00:00+00:00, run_after=2026-07-04 09:00:00+00:00
[2026-07-04T10:10:49.722+0000] {processor.py:208} INFO - Processing /opt/airflow/dags/shopbrasil_panorama_precos.py took 0.474 seconds
[2026-07-04T10:11:20.484+0000] {processor.py:186} INFO - Started process (PID=80) to work on /opt/airflow/dags/shopbrasil_panorama_precos.py
[2026-07-04T10:11:20.485+0000] {processor.py:914} INFO - Processing file /opt/airflow/dags/shopbrasil_panorama_precos.py for tasks to queue
[2026-07-04T10:11:20.488+0000] {logging_mixin.py:190} INFO - [2026-07-04T10:11:20.487+0000] {dagbag.py:588} INFO - Filling up the DagBag from /opt/airflow/dags/shopbrasil_panorama_precos.py
[2026-07-04T10:11:20.507+0000] {processor.py:925} INFO - DAG(s) 'shopbrasil_panorama_precos' retrieved from /opt/airflow/dags/shopbrasil_panorama_precos.py
[2026-07-04T10:11:20.562+0000] {logging_mixin.py:190} INFO - [2026-07-04T10:11:20.562+0000] {dag.py:3239} INFO - Sync 1 DAGs
[2026-07-04T10:11:20.601+0000] {logging_mixin.py:190} INFO - [2026-07-04T10:11:20.600+0000] {dag.py:4180} INFO - Setting next_dagrun for shopbrasil_panorama_precos to 2026-07-04 09:00:00+00:00, run_after=2026-07-04 09:00:00+00:00
[2026-07-04T10:11:20.633+0000] {processor.py:208} INFO - Processing /opt/airflow/dags/shopbrasil_panorama_precos.py took 0.162 seconds
[2026-07-04T10:11:51.130+0000] {processor.py:186} INFO - Started process (PID=91) to work on /opt/airflow/dags/shopbrasil_panorama_precos.py
[2026-07-04T10:11:51.133+0000] {processor.py:914} INFO - Processing file /opt/airflow/dags/shopbrasil_panorama_precos.py for tasks to queue
[2026-07-04T10:11:51.138+0000] {logging_mixin.py:190} INFO - [2026-07-04T10:11:51.138+0000] {dagbag.py:588} INFO - Filling up the DagBag from /opt/airflow/dags/shopbrasil_panorama_precos.py
[2026-07-04T10:11:51.170+0000] {processor.py:925} INFO - DAG(s) 'shopbrasil_panorama_precos' retrieved from /opt/airflow/dags/shopbrasil_panorama_precos.py
[2026-07-04T10:11:51.239+0000] {logging_mixin.py:190} INFO - [2026-07-04T10:11:51.238+0000] {dag.py:3239} INFO - Sync 1 DAGs
[2026-07-04T10:11:51.300+0000] {logging_mixin.py:190} INFO - [2026-07-04T10:11:51.300+0000] {dag.py:4180} INFO - Setting next_dagrun for shopbrasil_panorama_precos to 2026-07-04 09:00:00+00:00, run_after=2026-07-04 09:00:00+00:00
[2026-07-04T10:11:51.346+0000] {processor.py:208} INFO - Processing /opt/airflow/dags/shopbrasil_panorama_precos.py took 0.232 seconds
[2026-07-04T10:12:21.871+0000] {processor.py:186} INFO - Started process (PID=102) to work on /opt/airflow/dags/shopbrasil_panorama_precos.py
[2026-07-04T10:12:21.872+0000] {processor.py:914} INFO - Processing file /opt/airflow/dags/shopbrasil_panorama_precos.py for tasks to queue
[2026-07-04T10:12:21.876+0000] {logging_mixin.py:190} INFO - [2026-07-04T10:12:21.876+0000] {dagbag.py:588} INFO - Filling up the DagBag from /opt/airflow/dags/shopbrasil_panorama_precos.py
[2026-07-04T10:12:21.909+0000] {processor.py:925} INFO - DAG(s) 'shopbrasil_panorama_precos' retrieved from /opt/airflow/dags/shopbrasil_panorama_precos.py
[2026-07-04T10:12:22.005+0000] {logging_mixin.py:190} INFO - [2026-07-04T10:12:22.004+0000] {dag.py:3239} INFO - Sync 1 DAGs
[2026-07-04T10:12:22.092+0000] {logging_mixin.py:190} INFO - [2026-07-04T10:12:22.091+0000] {dag.py:4180} INFO - Setting next_dagrun for shopbrasil_panorama_precos to 2026-07-04 09:00:00+00:00, run_after=2026-07-04 09:00:00+00:00
[2026-07-04T10:12:22.138+0000] {processor.py:208} INFO - Processing /opt/airflow/dags/shopbrasil_panorama_precos.py took 0.281 seconds
[2026-07-04T10:12:52.660+0000] {processor.py:186} INFO - Started process (PID=113) to work on /opt/airflow/dags/shopbrasil_panorama_precos.py
[2026-07-04T10:12:52.662+0000] {processor.py:914} INFO - Processing file /opt/airflow/dags/shopbrasil_panorama_precos.py for tasks to queue
[2026-07-04T10:12:52.665+0000] {logging_mixin.py:190} INFO - [2026-07-04T10:12:52.665+0000] {dagbag.py:588} INFO - Filling up the DagBag from /opt/airflow/dags/shopbrasil_panorama_precos.py
[2026-07-04T10:12:52.688+0000] {processor.py:925} INFO - DAG(s) 'shopbrasil_panorama_precos' retrieved from /opt/airflow/dags/shopbrasil_panorama_precos.py
[2026-07-04T10:12:52.745+0000] {logging_mixin.py:190} INFO - [2026-07-04T10:12:52.744+0000] {dag.py:3239} INFO - Sync 1 DAGs
[2026-07-04T10:12:52.797+0000] {logging_mixin.py:190} INFO - [2026-07-04T10:12:52.796+0000] {dag.py:4180} INFO - Setting next_dagrun for shopbrasil_panorama_precos to 2026-07-04 09:00:00+00:00, run_after=2026-07-04 09:00:00+00:00
[2026-07-04T10:12:52.829+0000] {processor.py:208} INFO - Processing /opt/airflow/dags/shopbrasil_panorama_precos.py took 0.177 seconds
[2026-07-04T10:13:23.327+0000] {processor.py:186} INFO - Started process (PID=124) to work on /opt/airflow/dags/shopbrasil_panorama_precos.py
[2026-07-04T10:13:23.330+0000] {processor.py:914} INFO - Processing file /opt/airflow/dags/shopbrasil_panorama_precos.py for tasks to queue
[2026-07-04T10:13:23.337+0000] {logging_mixin.py:190} INFO - [2026-07-04T10:13:23.336+0000] {dagbag.py:588} INFO - Filling up the DagBag from /opt/airflow/dags/shopbrasil_panorama_precos.py
[2026-07-04T10:13:23.362+0000] {processor.py:925} INFO - DAG(s) 'shopbrasil_panorama_precos' retrieved from /opt/airflow/dags/shopbrasil_panorama_precos.py
[2026-07-04T10:13:23.437+0000] {logging_mixin.py:190} INFO - [2026-07-04T10:13:23.436+0000] {dag.py:3239} INFO - Sync 1 DAGs
[2026-07-04T10:13:23.482+0000] {logging_mixin.py:190} INFO - [2026-07-04T10:13:23.482+0000] {dag.py:4180} INFO - Setting next_dagrun for shopbrasil_panorama_precos to 2026-07-04 09:00:00+00:00, run_after=2026-07-04 09:00:00+00:00
[2026-07-04T10:13:23.718+0000] {processor.py:208} INFO - Processing /opt/airflow/dags/shopbrasil_panorama_precos.py took 0.426 seconds
[2026-07-04T10:13:54.254+0000] {processor.py:186} INFO - Started process (PID=134) to work on /opt/airflow/dags/shopbrasil_panorama_precos.py
[2026-07-04T10:13:54.269+0000] {processor.py:914} INFO - Processing file /opt/airflow/dags/shopbrasil_panorama_precos.py for tasks to queue
[2026-07-04T10:13:54.284+0000] {logging_mixin.py:190} INFO - [2026-07-04T10:13:54.283+0000] {dagbag.py:588} INFO - Filling up the DagBag from /opt/airflow/dags/shopbrasil_panorama_precos.py
[2026-07-04T10:13:54.421+0000] {processor.py:925} INFO - DAG(s) 'shopbrasil_panorama_precos' retrieved from /opt/airflow/dags/shopbrasil_panorama_precos.py
[2026-07-04T10:13:54.716+0000] {logging_mixin.py:190} INFO - [2026-07-04T10:13:54.715+0000] {dag.py:3239} INFO - Sync 1 DAGs
[2026-07-04T10:13:55.380+0000] {logging_mixin.py:190} INFO - [2026-07-04T10:13:55.380+0000] {dag.py:4180} INFO - Setting next_dagrun for shopbrasil_panorama_precos to 2026-07-04 09:00:00+00:00, run_after=2026-07-04 09:00:00+00:00
[2026-07-04T10:13:55.514+0000] {processor.py:208} INFO - Processing /opt/airflow/dags/shopbrasil_panorama_precos.py took 1.310 seconds
[2026-07-04T10:14:25.837+0000] {processor.py:186} INFO - Started process (PID=138) to work on /opt/airflow/dags/shopbrasil_panorama_precos.py
[2026-07-04T10:14:25.840+0000] {processor.py:914} INFO - Processing file /opt/airflow/dags/shopbrasil_panorama_precos.py for tasks to queue
[2026-07-04T10:14:25.844+0000] {logging_mixin.py:190} INFO - [2026-07-04T10:14:25.843+0000] {dagbag.py:588} INFO - Filling up the DagBag from /opt/airflow/dags/shopbrasil_panorama_precos.py
[2026-07-04T10:14:25.874+0000] {processor.py:925} INFO - DAG(s) 'shopbrasil_panorama_precos' retrieved from /opt/airflow/dags/shopbrasil_panorama_precos.py
[2026-07-04T10:14:26.169+0000] {logging_mixin.py:190} INFO - [2026-07-04T10:14:26.169+0000] {dag.py:3239} INFO - Sync 1 DAGs
[2026-07-04T10:14:26.227+0000] {logging_mixin.py:190} INFO - [2026-07-04T10:14:26.226+0000] {dag.py:4180} INFO - Setting next_dagrun for shopbrasil_panorama_precos to 2026-07-04 09:00:00+00:00, run_after=2026-07-04 09:00:00+00:00
[2026-07-04T10:14:26.263+0000] {processor.py:208} INFO - Processing /opt/airflow/dags/shopbrasil_panorama_precos.py took 0.449 seconds
[2026-07-04T10:14:57.059+0000] {processor.py:186} INFO - Started process (PID=150) to work on /opt/airflow/dags/shopbrasil_panorama_precos.py
[2026-07-04T10:14:57.064+0000] {processor.py:914} INFO - Processing file /opt/airflow/dags/shopbrasil_panorama_precos.py for tasks to queue
[2026-07-04T10:14:57.069+0000] {logging_mixin.py:190} INFO - [2026-07-04T10:14:57.068+0000] {dagbag.py:588} INFO - Filling up the DagBag from /opt/airflow/dags/shopbrasil_panorama_precos.py
[2026-07-04T10:14:57.116+0000] {processor.py:925} INFO - DAG(s) 'shopbrasil_panorama_precos' retrieved from /opt/airflow/dags/shopbrasil_panorama_precos.py
[2026-07-04T10:14:57.191+0000] {logging_mixin.py:190} INFO - [2026-07-04T10:14:57.190+0000] {dag.py:3239} INFO - Sync 1 DAGs
[2026-07-04T10:14:57.253+0000] {logging_mixin.py:190} INFO - [2026-07-04T10:14:57.253+0000] {dag.py:4180} INFO - Setting next_dagrun for shopbrasil_panorama_precos to 2026-07-04 09:00:00+00:00, run_after=2026-07-04 09:00:00+00:00
[2026-07-04T10:14:57.304+0000] {processor.py:208} INFO - Processing /opt/airflow/dags/shopbrasil_panorama_precos.py took 0.265 seconds
[2026-07-04T10:15:27.786+0000] {processor.py:186} INFO - Started process (PID=160) to work on /opt/airflow/dags/shopbrasil_panorama_precos.py
[2026-07-04T10:15:27.790+0000] {processor.py:914} INFO - Processing file /opt/airflow/dags/shopbrasil_panorama_precos.py for tasks to queue
[2026-07-04T10:15:27.795+0000] {logging_mixin.py:190} INFO - [2026-07-04T10:15:27.794+0000] {dagbag.py:588} INFO - Filling up the DagBag from /opt/airflow/dags/shopbrasil_panorama_precos.py
[2026-07-04T10:15:27.840+0000] {processor.py:925} INFO - DAG(s) 'shopbrasil_panorama_precos' retrieved from /opt/airflow/dags/shopbrasil_panorama_precos.py
[2026-07-04T10:15:27.979+0000] {logging_mixin.py:190} INFO - [2026-07-04T10:15:27.978+0000] {dag.py:3239} INFO - Sync 1 DAGs
[2026-07-04T10:15:28.316+0000] {logging_mixin.py:190} INFO - [2026-07-04T10:15:28.316+0000] {dag.py:4180} INFO - Setting next_dagrun for shopbrasil_panorama_precos to 2026-07-04 09:00:00+00:00, run_after=2026-07-04 09:00:00+00:00
[2026-07-04T10:15:28.354+0000] {processor.py:208} INFO - Processing /opt/airflow/dags/shopbrasil_panorama_precos.py took 0.601 seconds
[2026-07-04T10:15:58.693+0000] {processor.py:186} INFO - Started process (PID=171) to work on /opt/airflow/dags/shopbrasil_panorama_precos.py
[2026-07-04T10:15:58.695+0000] {processor.py:914} INFO - Processing file /opt/airflow/dags/shopbrasil_panorama_precos.py for tasks to queue
[2026-07-04T10:15:58.698+0000] {logging_mixin.py:190} INFO - [2026-07-04T10:15:58.698+0000] {dagbag.py:588} INFO - Filling up the DagBag from /opt/airflow/dags/shopbrasil_panorama_precos.py
[2026-07-04T10:15:58.721+0000] {processor.py:925} INFO - DAG(s) 'shopbrasil_panorama_precos' retrieved from /opt/airflow/dags/shopbrasil_panorama_precos.py
[2026-07-04T10:15:58.763+0000] {logging_mixin.py:190} INFO - [2026-07-04T10:15:58.762+0000] {dag.py:3239} INFO - Sync 1 DAGs
[2026-07-04T10:15:58.964+0000] {logging_mixin.py:190} INFO - [2026-07-04T10:15:58.964+0000] {dag.py:4180} INFO - Setting next_dagrun for shopbrasil_panorama_precos to 2026-07-04 09:00:00+00:00, run_after=2026-07-04 09:00:00+00:00
[2026-07-04T10:15:58.990+0000] {processor.py:208} INFO - Processing /opt/airflow/dags/shopbrasil_panorama_precos.py took 0.308 seconds
[2026-07-04T10:16:29.869+0000] {processor.py:186} INFO - Started process (PID=181) to work on /opt/airflow/dags/shopbrasil_panorama_precos.py
[2026-07-04T10:16:29.870+0000] {processor.py:914} INFO - Processing file /opt/airflow/dags/shopbrasil_panorama_precos.py for tasks to queue
[2026-07-04T10:16:29.874+0000] {logging_mixin.py:190} INFO - [2026-07-04T10:16:29.873+0000] {dagbag.py:588} INFO - Filling up the DagBag from /opt/airflow/dags/shopbrasil_panorama_precos.py
[2026-07-04T10:16:29.908+0000] {processor.py:925} INFO - DAG(s) 'shopbrasil_panorama_precos' retrieved from /opt/airflow/dags/shopbrasil_panorama_precos.py
[2026-07-04T10:16:29.966+0000] {logging_mixin.py:190} INFO - [2026-07-04T10:16:29.966+0000] {dag.py:3239} INFO - Sync 1 DAGs
[2026-07-04T10:16:30.012+0000] {logging_mixin.py:190} INFO - [2026-07-04T10:16:30.012+0000] {dag.py:4180} INFO - Setting next_dagrun for shopbrasil_panorama_precos to 2026-07-04 09:00:00+00:00, run_after=2026-07-04 09:00:00+00:00
[2026-07-04T10:16:30.045+0000] {processor.py:208} INFO - Processing /opt/airflow/dags/shopbrasil_panorama_precos.py took 0.190 seconds
[2026-07-04T10:17:00.558+0000] {processor.py:186} INFO - Started process (PID=186) to work on /opt/airflow/dags/shopbrasil_panorama_precos.py
[2026-07-04T10:17:00.560+0000] {processor.py:914} INFO - Processing file /opt/airflow/dags/shopbrasil_panorama_precos.py for tasks to queue
[2026-07-04T10:17:00.563+0000] {logging_mixin.py:190} INFO - [2026-07-04T10:17:00.562+0000] {dagbag.py:588} INFO - Filling up the DagBag from /opt/airflow/dags/shopbrasil_panorama_precos.py
[2026-07-04T10:17:00.584+0000] {processor.py:925} INFO - DAG(s) 'shopbrasil_panorama_precos' retrieved from /opt/airflow/dags/shopbrasil_panorama_precos.py
[2026-07-04T10:17:00.634+0000] {logging_mixin.py:190} INFO - [2026-07-04T10:17:00.633+0000] {dag.py:3239} INFO - Sync 1 DAGs
[2026-07-04T10:17:00.682+0000] {logging_mixin.py:190} INFO - [2026-07-04T10:17:00.682+0000] {dag.py:4180} INFO - Setting next_dagrun for shopbrasil_panorama_precos to 2026-07-04 09:00:00+00:00, run_after=2026-07-04 09:00:00+00:00
[2026-07-04T10:17:00.717+0000] {processor.py:208} INFO - Processing /opt/airflow/dags/shopbrasil_panorama_precos.py took 0.168 seconds
[2026-07-04T10:17:31.376+0000] {processor.py:186} INFO - Started process (PID=197) to work on /opt/airflow/dags/shopbrasil_panorama_precos.py
[2026-07-04T10:17:31.377+0000] {processor.py:914} INFO - Processing file /opt/airflow/dags/shopbrasil_panorama_precos.py for tasks to queue
[2026-07-04T10:17:31.380+0000] {logging_mixin.py:190} INFO - [2026-07-04T10:17:31.380+0000] {dagbag.py:588} INFO - Filling up the DagBag from /opt/airflow/dags/shopbrasil_panorama_precos.py
[2026-07-04T10:17:31.402+0000] {processor.py:925} INFO - DAG(s) 'shopbrasil_panorama_precos' retrieved from /opt/airflow/dags/shopbrasil_panorama_precos.py
[2026-07-04T10:17:31.450+0000] {logging_mixin.py:190} INFO - [2026-07-04T10:17:31.449+0000] {dag.py:3239} INFO - Sync 1 DAGs
[2026-07-04T10:17:31.740+0000] {logging_mixin.py:190} INFO - [2026-07-04T10:17:31.740+0000] {dag.py:4180} INFO - Setting next_dagrun for shopbrasil_panorama_precos to 2026-07-04 09:00:00+00:00, run_after=2026-07-04 09:00:00+00:00
[2026-07-04T10:17:31.771+0000] {processor.py:208} INFO - Processing /opt/airflow/dags/shopbrasil_panorama_precos.py took 0.406 seconds
[2026-07-04T10:18:02.345+0000] {processor.py:186} INFO - Started process (PID=209) to work on /opt/airflow/dags/shopbrasil_panorama_precos.py
[2026-07-04T10:18:02.347+0000] {processor.py:914} INFO - Processing file /opt/airflow/dags/shopbrasil_panorama_precos.py for tasks to queue
[2026-07-04T10:18:02.351+0000] {logging_mixin.py:190} INFO - [2026-07-04T10:18:02.350+0000] {dagbag.py:588} INFO - Filling up the DagBag from /opt/airflow/dags/shopbrasil_panorama_precos.py
[2026-07-04T10:18:02.382+0000] {processor.py:925} INFO - DAG(s) 'shopbrasil_panorama_precos' retrieved from /opt/airflow/dags/shopbrasil_panorama_precos.py
[2026-07-04T10:18:02.472+0000] {logging_mixin.py:190} INFO - [2026-07-04T10:18:02.471+0000] {dag.py:3239} INFO - Sync 1 DAGs
[2026-07-04T10:18:02.865+0000] {logging_mixin.py:190} INFO - [2026-07-04T10:18:02.864+0000] {dag.py:4180} INFO - Setting next_dagrun for shopbrasil_panorama_precos to 2026-07-04 09:00:00+00:00, run_after=2026-07-04 09:00:00+00:00
[2026-07-04T10:18:03.388+0000] {processor.py:208} INFO - Processing /opt/airflow/dags/shopbrasil_panorama_precos.py took 1.057 seconds
[2026-07-04T10:18:33.614+0000] {processor.py:186} INFO - Started process (PID=218) to work on /opt/airflow/dags/shopbrasil_panorama_precos.py
[2026-07-04T10:18:33.620+0000] {processor.py:914} INFO - Processing file /opt/airflow/dags/shopbrasil_panorama_precos.py for tasks to queue
[2026-07-04T10:18:33.636+0000] {logging_mixin.py:190} INFO - [2026-07-04T10:18:33.632+0000] {dagbag.py:588} INFO - Filling up the DagBag from /opt/airflow/dags/shopbrasil_panorama_precos.py
[2026-07-04T10:18:33.733+0000] {processor.py:925} INFO - DAG(s) 'shopbrasil_panorama_precos' retrieved from /opt/airflow/dags/shopbrasil_panorama_precos.py
[2026-07-04T10:18:34.543+0000] {logging_mixin.py:190} INFO - [2026-07-04T10:18:34.543+0000] {dag.py:3239} INFO - Sync 1 DAGs
[2026-07-04T10:18:34.635+0000] {logging_mixin.py:190} INFO - [2026-07-04T10:18:34.635+0000] {dag.py:4180} INFO - Setting next_dagrun for shopbrasil_panorama_precos to 2026-07-04 09:00:00+00:00, run_after=2026-07-04 09:00:00+00:00
[2026-07-04T10:18:34.712+0000] {processor.py:208} INFO - Processing /opt/airflow/dags/shopbrasil_panorama_precos.py took 1.135 seconds
[2026-07-04T10:19:04.984+0000] {processor.py:186} INFO - Started process (PID=229) to work on /opt/airflow/dags/shopbrasil_panorama_precos.py
[2026-07-04T10:19:04.989+0000] {processor.py:914} INFO - Processing file /opt/airflow/dags/shopbrasil_panorama_precos.py for tasks to queue
[2026-07-04T10:19:05.000+0000] {logging_mixin.py:190} INFO - [2026-07-04T10:19:04.996+0000] {dagbag.py:588} INFO - Filling up the DagBag from /opt/airflow/dags/shopbrasil_panorama_precos.py
[2026-07-04T10:19:05.083+0000] {processor.py:925} INFO - DAG(s) 'shopbrasil_panorama_precos' retrieved from /opt/airflow/dags/shopbrasil_panorama_precos.py
[2026-07-04T10:19:05.240+0000] {logging_mixin.py:190} INFO - [2026-07-04T10:19:05.239+0000] {dag.py:3239} INFO - Sync 1 DAGs
[2026-07-04T10:19:05.457+0000] {logging_mixin.py:190} INFO - [2026-07-04T10:19:05.456+0000] {dag.py:4180} INFO - Setting next_dagrun for shopbrasil_panorama_precos to 2026-07-04 09:00:00+00:00, run_after=2026-07-04 09:00:00+00:00
[2026-07-04T10:19:05.572+0000] {processor.py:208} INFO - Processing /opt/airflow/dags/shopbrasil_panorama_precos.py took 0.632 seconds
[2026-07-04T10:19:36.144+0000] {processor.py:186} INFO - Started process (PID=239) to work on /opt/airflow/dags/shopbrasil_panorama_precos.py
[2026-07-04T10:19:36.151+0000] {processor.py:914} INFO - Processing file /opt/airflow/dags/shopbrasil_panorama_precos.py for tasks to queue
[2026-07-04T10:19:36.161+0000] {logging_mixin.py:190} INFO - [2026-07-04T10:19:36.160+0000] {dagbag.py:588} INFO - Filling up the DagBag from /opt/airflow/dags/shopbrasil_panorama_precos.py
[2026-07-04T10:19:36.567+0000] {processor.py:925} INFO - DAG(s) 'shopbrasil_panorama_precos' retrieved from /opt/airflow/dags/shopbrasil_panorama_precos.py
[2026-07-04T10:19:37.091+0000] {logging_mixin.py:190} INFO - [2026-07-04T10:19:37.090+0000] {dag.py:3239} INFO - Sync 1 DAGs
[2026-07-04T10:19:37.232+0000] {logging_mixin.py:190} INFO - [2026-07-04T10:19:37.232+0000] {dag.py:4180} INFO - Setting next_dagrun for shopbrasil_panorama_precos to 2026-07-04 09:00:00+00:00, run_after=2026-07-04 09:00:00+00:00
[2026-07-04T10:19:37.310+0000] {processor.py:208} INFO - Processing /opt/airflow/dags/shopbrasil_panorama_precos.py took 1.193 seconds
[2026-07-04T10:20:07.996+0000] {processor.py:186} INFO - Started process (PID=243) to work on /opt/airflow/dags/shopbrasil_panorama_precos.py
[2026-07-04T10:20:08.000+0000] {processor.py:914} INFO - Processing file /opt/airflow/dags/shopbrasil_panorama_precos.py for tasks to queue
[2026-07-04T10:20:08.007+0000] {logging_mixin.py:190} INFO - [2026-07-04T10:20:08.006+0000] {dagbag.py:588} INFO - Filling up the DagBag from /opt/airflow/dags/shopbrasil_panorama_precos.py
[2026-07-04T10:20:08.045+0000] {processor.py:925} INFO - DAG(s) 'shopbrasil_panorama_precos' retrieved from /opt/airflow/dags/shopbrasil_panorama_precos.py
[2026-07-04T10:20:08.127+0000] {logging_mixin.py:190} INFO - [2026-07-04T10:20:08.126+0000] {dag.py:3239} INFO - Sync 1 DAGs
[2026-07-04T10:20:08.206+0000] {logging_mixin.py:190} INFO - [2026-07-04T10:20:08.205+0000] {dag.py:4180} INFO - Setting next_dagrun for shopbrasil_panorama_precos to 2026-07-04 09:00:00+00:00, run_after=2026-07-04 09:00:00+00:00
[2026-07-04T10:20:08.241+0000] {processor.py:208} INFO - Processing /opt/airflow/dags/shopbrasil_panorama_precos.py took 0.262 seconds
[2026-07-04T10:20:38.600+0000] {processor.py:186} INFO - Started process (PID=254) to work on /opt/airflow/dags/shopbrasil_panorama_precos.py
[2026-07-04T10:20:38.601+0000] {processor.py:914} INFO - Processing file /opt/airflow/dags/shopbrasil_panorama_precos.py for tasks to queue
[2026-07-04T10:20:38.605+0000] {logging_mixin.py:190} INFO - [2026-07-04T10:20:38.604+0000] {dagbag.py:588} INFO - Filling up the DagBag from /opt/airflow/dags/shopbrasil_panorama_precos.py
[2026-07-04T10:20:38.637+0000] {processor.py:925} INFO - DAG(s) 'shopbrasil_panorama_precos' retrieved from /opt/airflow/dags/shopbrasil_panorama_precos.py
[2026-07-04T10:20:38.706+0000] {logging_mixin.py:190} INFO - [2026-07-04T10:20:38.705+0000] {dag.py:3239} INFO - Sync 1 DAGs
[2026-07-04T10:20:38.748+0000] {logging_mixin.py:190} INFO - [2026-07-04T10:20:38.748+0000] {dag.py:4180} INFO - Setting next_dagrun for shopbrasil_panorama_precos to 2026-07-04 09:00:00+00:00, run_after=2026-07-04 09:00:00+00:00
[2026-07-04T10:20:38.793+0000] {processor.py:208} INFO - Processing /opt/airflow/dags/shopbrasil_panorama_precos.py took 0.202 seconds
[2026-07-04T10:21:09.187+0000] {processor.py:186} INFO - Started process (PID=265) to work on /opt/airflow/dags/shopbrasil_panorama_precos.py
[2026-07-04T10:21:09.190+0000] {processor.py:914} INFO - Processing file /opt/airflow/dags/shopbrasil_panorama_precos.py for tasks to queue
[2026-07-04T10:21:09.198+0000] {logging_mixin.py:190} INFO - [2026-07-04T10:21:09.197+0000] {dagbag.py:588} INFO - Filling up the DagBag from /opt/airflow/dags/shopbrasil_panorama_precos.py
[2026-07-04T10:21:09.250+0000] {processor.py:925} INFO - DAG(s) 'shopbrasil_panorama_precos' retrieved from /opt/airflow/dags/shopbrasil_panorama_precos.py
[2026-07-04T10:21:09.304+0000] {logging_mixin.py:190} INFO - [2026-07-04T10:21:09.304+0000] {dag.py:3239} INFO - Sync 1 DAGs
[2026-07-04T10:21:09.344+0000] {logging_mixin.py:190} INFO - [2026-07-04T10:21:09.344+0000] {dag.py:4180} INFO - Setting next_dagrun for shopbrasil_panorama_precos to 2026-07-04 09:00:00+00:00, run_after=2026-07-04 09:00:00+00:00
[2026-07-04T10:21:09.372+0000] {processor.py:208} INFO - Processing /opt/airflow/dags/shopbrasil_panorama_precos.py took 0.209 seconds
[2026-07-04T10:21:39.808+0000] {processor.py:186} INFO - Started process (PID=276) to work on /opt/airflow/dags/shopbrasil_panorama_precos.py
[2026-07-04T10:21:39.809+0000] {processor.py:914} INFO - Processing file /opt/airflow/dags/shopbrasil_panorama_precos.py for tasks to queue
[2026-07-04T10:21:39.812+0000] {logging_mixin.py:190} INFO - [2026-07-04T10:21:39.812+0000] {dagbag.py:588} INFO - Filling up the DagBag from /opt/airflow/dags/shopbrasil_panorama_precos.py
[2026-07-04T10:21:39.831+0000] {processor.py:925} INFO - DAG(s) 'shopbrasil_panorama_precos' retrieved from /opt/airflow/dags/shopbrasil_panorama_precos.py
[2026-07-04T10:21:39.873+0000] {logging_mixin.py:190} INFO - [2026-07-04T10:21:39.873+0000] {dag.py:3239} INFO - Sync 1 DAGs
[2026-07-04T10:21:39.911+0000] {logging_mixin.py:190} INFO - [2026-07-04T10:21:39.911+0000] {dag.py:4180} INFO - Setting next_dagrun for shopbrasil_panorama_precos to 2026-07-04 09:00:00+00:00, run_after=2026-07-04 09:00:00+00:00
[2026-07-04T10:21:39.939+0000] {processor.py:208} INFO - Processing /opt/airflow/dags/shopbrasil_panorama_precos.py took 0.141 seconds
[2026-07-04T10:22:10.523+0000] {processor.py:186} INFO - Started process (PID=287) to work on /opt/airflow/dags/shopbrasil_panorama_precos.py
[2026-07-04T10:22:10.525+0000] {processor.py:914} INFO - Processing file /opt/airflow/dags/shopbrasil_panorama_precos.py for tasks to queue
[2026-07-04T10:22:10.531+0000] {logging_mixin.py:190} INFO - [2026-07-04T10:22:10.530+0000] {dagbag.py:588} INFO - Filling up the DagBag from /opt/airflow/dags/shopbrasil_panorama_precos.py
[2026-07-04T10:22:10.560+0000] {processor.py:925} INFO - DAG(s) 'shopbrasil_panorama_precos' retrieved from /opt/airflow/dags/shopbrasil_panorama_precos.py
[2026-07-04T10:22:10.625+0000] {logging_mixin.py:190} INFO - [2026-07-04T10:22:10.624+0000] {dag.py:3239} INFO - Sync 1 DAGs
[2026-07-04T10:22:10.670+0000] {logging_mixin.py:190} INFO - [2026-07-04T10:22:10.670+0000] {dag.py:4180} INFO - Setting next_dagrun for shopbrasil_panorama_precos to 2026-07-04 09:00:00+00:00, run_after=2026-07-04 09:00:00+00:00
[2026-07-04T10:22:10.708+0000] {processor.py:208} INFO - Processing /opt/airflow/dags/shopbrasil_panorama_precos.py took 0.211 seconds
[2026-07-04T10:22:41.002+0000] {processor.py:186} INFO - Started process (PID=296) to work on /opt/airflow/dags/shopbrasil_panorama_precos.py
[2026-07-04T10:22:41.009+0000] {processor.py:914} INFO - Processing file /opt/airflow/dags/shopbrasil_panorama_precos.py for tasks to queue
[2026-07-04T10:22:41.023+0000] {logging_mixin.py:190} INFO - [2026-07-04T10:22:41.023+0000] {dagbag.py:588} INFO - Filling up the DagBag from /opt/airflow/dags/shopbrasil_panorama_precos.py
[2026-07-04T10:22:41.194+0000] {processor.py:925} INFO - DAG(s) 'shopbrasil_panorama_precos' retrieved from /opt/airflow/dags/shopbrasil_panorama_precos.py
[2026-07-04T10:22:41.379+0000] {logging_mixin.py:190} INFO - [2026-07-04T10:22:41.378+0000] {dag.py:3239} INFO - Sync 1 DAGs
[2026-07-04T10:22:41.486+0000] {logging_mixin.py:190} INFO - [2026-07-04T10:22:41.486+0000] {dag.py:4180} INFO - Setting next_dagrun for shopbrasil_panorama_precos to 2026-07-04 09:00:00+00:00, run_after=2026-07-04 09:00:00+00:00
[2026-07-04T10:22:41.638+0000] {processor.py:208} INFO - Processing /opt/airflow/dags/shopbrasil_panorama_precos.py took 0.679 seconds
[2026-07-04T10:23:11.805+0000] {processor.py:186} INFO - Started process (PID=300) to work on /opt/airflow/dags/shopbrasil_panorama_precos.py
[2026-07-04T10:23:11.809+0000] {processor.py:914} INFO - Processing file /opt/airflow/dags/shopbrasil_panorama_precos.py for tasks to queue
[2026-07-04T10:23:11.822+0000] {logging_mixin.py:190} INFO - [2026-07-04T10:23:11.820+0000] {dagbag.py:588} INFO - Filling up the DagBag from /opt/airflow/dags/shopbrasil_panorama_precos.py
[2026-07-04T10:23:11.857+0000] {processor.py:925} INFO - DAG(s) 'shopbrasil_panorama_precos' retrieved from /opt/airflow/dags/shopbrasil_panorama_precos.py
[2026-07-04T10:23:11.906+0000] {logging_mixin.py:190} INFO - [2026-07-04T10:23:11.906+0000] {dag.py:3239} INFO - Sync 1 DAGs
[2026-07-04T10:23:11.951+0000] {logging_mixin.py:190} INFO - [2026-07-04T10:23:11.951+0000] {dag.py:4180} INFO - Setting next_dagrun for shopbrasil_panorama_precos to 2026-07-04 09:00:00+00:00, run_after=2026-07-04 09:00:00+00:00
[2026-07-04T10:23:11.983+0000] {processor.py:208} INFO - Processing /opt/airflow/dags/shopbrasil_panorama_precos.py took 0.212 seconds
[2026-07-04T10:23:42.552+0000] {processor.py:186} INFO - Started process (PID=311) to work on /opt/airflow/dags/shopbrasil_panorama_precos.py
[2026-07-04T10:23:42.554+0000] {processor.py:914} INFO - Processing file /opt/airflow/dags/shopbrasil_panorama_precos.py for tasks to queue
[2026-07-04T10:23:42.557+0000] {logging_mixin.py:190} INFO - [2026-07-04T10:23:42.557+0000] {dagbag.py:588} INFO - Filling up the DagBag from /opt/airflow/dags/shopbrasil_panorama_precos.py
[2026-07-04T10:23:42.579+0000] {processor.py:925} INFO - DAG(s) 'shopbrasil_panorama_precos' retrieved from /opt/airflow/dags/shopbrasil_panorama_precos.py
[2026-07-04T10:23:42.627+0000] {logging_mixin.py:190} INFO - [2026-07-04T10:23:42.627+0000] {dag.py:3239} INFO - Sync 1 DAGs
[2026-07-04T10:23:42.686+0000] {logging_mixin.py:190} INFO - [2026-07-04T10:23:42.686+0000] {dag.py:4180} INFO - Setting next_dagrun for shopbrasil_panorama_precos to 2026-07-04 09:00:00+00:00, run_after=2026-07-04 09:00:00+00:00
[2026-07-04T10:23:42.722+0000] {processor.py:208} INFO - Processing /opt/airflow/dags/shopbrasil_panorama_precos.py took 0.180 seconds
[2026-07-04T10:24:13.198+0000] {processor.py:186} INFO - Started process (PID=322) to work on /opt/airflow/dags/shopbrasil_panorama_precos.py
[2026-07-04T10:24:13.204+0000] {processor.py:914} INFO - Processing file /opt/airflow/dags/shopbrasil_panorama_precos.py for tasks to queue
[2026-07-04T10:24:13.207+0000] {logging_mixin.py:190} INFO - [2026-07-04T10:24:13.206+0000] {dagbag.py:588} INFO - Filling up the DagBag from /opt/airflow/dags/shopbrasil_panorama_precos.py
[2026-07-04T10:24:13.230+0000] {processor.py:925} INFO - DAG(s) 'shopbrasil_panorama_precos' retrieved from /opt/airflow/dags/shopbrasil_panorama_precos.py
[2026-07-04T10:24:13.303+0000] {logging_mixin.py:190} INFO - [2026-07-04T10:24:13.303+0000] {dag.py:3239} INFO - Sync 1 DAGs
[2026-07-04T10:24:13.347+0000] {logging_mixin.py:190} INFO - [2026-07-04T10:24:13.346+0000] {dag.py:4180} INFO - Setting next_dagrun for shopbrasil_panorama_precos to 2026-07-04 09:00:00+00:00, run_after=2026-07-04 09:00:00+00:00
[2026-07-04T10:24:13.523+0000] {processor.py:208} INFO - Processing /opt/airflow/dags/shopbrasil_panorama_precos.py took 0.337 seconds
[2026-07-04T10:24:44.795+0000] {processor.py:186} INFO - Started process (PID=332) to work on /opt/airflow/dags/shopbrasil_panorama_precos.py
[2026-07-04T10:24:44.862+0000] {processor.py:914} INFO - Processing file /opt/airflow/dags/shopbrasil_panorama_precos.py for tasks to queue
[2026-07-04T10:24:44.873+0000] {logging_mixin.py:190} INFO - [2026-07-04T10:24:44.872+0000] {dagbag.py:588} INFO - Filling up the DagBag from /opt/airflow/dags/shopbrasil_panorama_precos.py
[2026-07-04T10:24:44.910+0000] {processor.py:925} INFO - DAG(s) 'shopbrasil_panorama_precos' retrieved from /opt/airflow/dags/shopbrasil_panorama_precos.py
[2026-07-04T10:24:45.072+0000] {logging_mixin.py:190} INFO - [2026-07-04T10:24:45.071+0000] {dag.py:3239} INFO - Sync 1 DAGs
[2026-07-04T10:24:45.251+0000] {logging_mixin.py:190} INFO - [2026-07-04T10:24:45.251+0000] {dag.py:4180} INFO - Setting next_dagrun for shopbrasil_panorama_precos to 2026-07-04 09:00:00+00:00, run_after=2026-07-04 09:00:00+00:00
[2026-07-04T10:24:45.321+0000] {processor.py:208} INFO - Processing /opt/airflow/dags/shopbrasil_panorama_precos.py took 0.585 seconds
[2026-07-04T10:25:15.871+0000] {processor.py:186} INFO - Started process (PID=341) to work on /opt/airflow/dags/shopbrasil_panorama_precos.py
[2026-07-04T10:25:15.877+0000] {processor.py:914} INFO - Processing file /opt/airflow/dags/shopbrasil_panorama_precos.py for tasks to queue
[2026-07-04T10:25:15.890+0000] {logging_mixin.py:190} INFO - [2026-07-04T10:25:15.889+0000] {dagbag.py:588} INFO - Filling up the DagBag from /opt/airflow/dags/shopbrasil_panorama_precos.py
[2026-07-04T10:25:16.006+0000] {processor.py:925} INFO - DAG(s) 'shopbrasil_panorama_precos' retrieved from /opt/airflow/dags/shopbrasil_panorama_precos.py
[2026-07-04T10:25:16.805+0000] {logging_mixin.py:190} INFO - [2026-07-04T10:25:16.804+0000] {dag.py:3239} INFO - Sync 1 DAGs
[2026-07-04T10:25:17.242+0000] {logging_mixin.py:190} INFO - [2026-07-04T10:25:17.242+0000] {dag.py:4180} INFO - Setting next_dagrun for shopbrasil_panorama_precos to 2026-07-04 09:00:00+00:00, run_after=2026-07-04 09:00:00+00:00
[2026-07-04T10:25:17.408+0000] {processor.py:208} INFO - Processing /opt/airflow/dags/shopbrasil_panorama_precos.py took 1.571 seconds
[2026-07-04T10:25:47.930+0000] {processor.py:186} INFO - Started process (PID=352) to work on /opt/airflow/dags/shopbrasil_panorama_precos.py
[2026-07-04T10:25:47.932+0000] {processor.py:914} INFO - Processing file /opt/airflow/dags/shopbrasil_panorama_precos.py for tasks to queue
[2026-07-04T10:25:47.937+0000] {logging_mixin.py:190} INFO - [2026-07-04T10:25:47.936+0000] {dagbag.py:588} INFO - Filling up the DagBag from /opt/airflow/dags/shopbrasil_panorama_precos.py
[2026-07-04T10:25:47.967+0000] {processor.py:925} INFO - DAG(s) 'shopbrasil_panorama_precos' retrieved from /opt/airflow/dags/shopbrasil_panorama_precos.py
[2026-07-04T10:25:48.034+0000] {logging_mixin.py:190} INFO - [2026-07-04T10:25:48.033+0000] {dag.py:3239} INFO - Sync 1 DAGs
[2026-07-04T10:25:48.092+0000] {logging_mixin.py:190} INFO - [2026-07-04T10:25:48.091+0000] {dag.py:4180} INFO - Setting next_dagrun for shopbrasil_panorama_precos to 2026-07-04 09:00:00+00:00, run_after=2026-07-04 09:00:00+00:00
[2026-07-04T10:25:48.135+0000] {processor.py:208} INFO - Processing /opt/airflow/dags/shopbrasil_panorama_precos.py took 0.243 seconds
[2026-07-04T10:26:18.260+0000] {processor.py:186} INFO - Started process (PID=357) to work on /opt/airflow/dags/shopbrasil_panorama_precos.py
[2026-07-04T10:26:18.261+0000] {processor.py:914} INFO - Processing file /opt/airflow/dags/shopbrasil_panorama_precos.py for tasks to queue
[2026-07-04T10:26:18.265+0000] {logging_mixin.py:190} INFO - [2026-07-04T10:26:18.265+0000] {dagbag.py:588} INFO - Filling up the DagBag from /opt/airflow/dags/shopbrasil_panorama_precos.py
[2026-07-04T10:26:18.285+0000] {processor.py:925} INFO - DAG(s) 'shopbrasil_panorama_precos' retrieved from /opt/airflow/dags/shopbrasil_panorama_precos.py
[2026-07-04T10:26:18.330+0000] {logging_mixin.py:190} INFO - [2026-07-04T10:26:18.329+0000] {dag.py:3239} INFO - Sync 1 DAGs
[2026-07-04T10:26:18.373+0000] {logging_mixin.py:190} INFO - [2026-07-04T10:26:18.372+0000] {dag.py:4180} INFO - Setting next_dagrun for shopbrasil_panorama_precos to 2026-07-04 09:00:00+00:00, run_after=2026-07-04 09:00:00+00:00
[2026-07-04T10:26:18.400+0000] {processor.py:208} INFO - Processing /opt/airflow/dags/shopbrasil_panorama_precos.py took 0.151 seconds
[2026-07-04T10:26:48.938+0000] {processor.py:186} INFO - Started process (PID=369) to work on /opt/airflow/dags/shopbrasil_panorama_precos.py
[2026-07-04T10:26:48.939+0000] {processor.py:914} INFO - Processing file /opt/airflow/dags/shopbrasil_panorama_precos.py for tasks to queue
[2026-07-04T10:26:48.942+0000] {logging_mixin.py:190} INFO - [2026-07-04T10:26:48.942+0000] {dagbag.py:588} INFO - Filling up the DagBag from /opt/airflow/dags/shopbrasil_panorama_precos.py
[2026-07-04T10:26:48.964+0000] {processor.py:925} INFO - DAG(s) 'shopbrasil_panorama_precos' retrieved from /opt/airflow/dags/shopbrasil_panorama_precos.py
[2026-07-04T10:26:49.008+0000] {logging_mixin.py:190} INFO - [2026-07-04T10:26:49.008+0000] {dag.py:3239} INFO - Sync 1 DAGs
[2026-07-04T10:26:49.051+0000] {logging_mixin.py:190} INFO - [2026-07-04T10:26:49.051+0000] {dag.py:4180} INFO - Setting next_dagrun for shopbrasil_panorama_precos to 2026-07-04 09:00:00+00:00, run_after=2026-07-04 09:00:00+00:00
[2026-07-04T10:26:49.084+0000] {processor.py:208} INFO - Processing /opt/airflow/dags/shopbrasil_panorama_precos.py took 0.161 seconds
[2026-07-04T10:27:19.410+0000] {processor.py:186} INFO - Started process (PID=380) to work on /opt/airflow/dags/shopbrasil_panorama_precos.py
[2026-07-04T10:27:19.411+0000] {processor.py:914} INFO - Processing file /opt/airflow/dags/shopbrasil_panorama_precos.py for tasks to queue
[2026-07-04T10:27:19.415+0000] {logging_mixin.py:190} INFO - [2026-07-04T10:27:19.414+0000] {dagbag.py:588} INFO - Filling up the DagBag from /opt/airflow/dags/shopbrasil_panorama_precos.py
[2026-07-04T10:27:19.438+0000] {processor.py:925} INFO - DAG(s) 'shopbrasil_panorama_precos' retrieved from /opt/airflow/dags/shopbrasil_panorama_precos.py
[2026-07-04T10:27:19.483+0000] {logging_mixin.py:190} INFO - [2026-07-04T10:27:19.483+0000] {dag.py:3239} INFO - Sync 1 DAGs
[2026-07-04T10:27:19.543+0000] {logging_mixin.py:190} INFO - [2026-07-04T10:27:19.543+0000] {dag.py:4180} INFO - Setting next_dagrun for shopbrasil_panorama_precos to 2026-07-04 09:00:00+00:00, run_after=2026-07-04 09:00:00+00:00
[2026-07-04T10:27:19.578+0000] {processor.py:208} INFO - Processing /opt/airflow/dags/shopbrasil_panorama_precos.py took 0.178 seconds
[2026-07-04T10:27:49.913+0000] {processor.py:186} INFO - Started process (PID=391) to work on /opt/airflow/dags/shopbrasil_panorama_precos.py
[2026-07-04T10:27:49.916+0000] {processor.py:914} INFO - Processing file /opt/airflow/dags/shopbrasil_panorama_precos.py for tasks to queue
[2026-07-04T10:27:49.921+0000] {logging_mixin.py:190} INFO - [2026-07-04T10:27:49.920+0000] {dagbag.py:588} INFO - Filling up the DagBag from /opt/airflow/dags/shopbrasil_panorama_precos.py
[2026-07-04T10:27:49.955+0000] {processor.py:925} INFO - DAG(s) 'shopbrasil_panorama_precos' retrieved from /opt/airflow/dags/shopbrasil_panorama_precos.py
[2026-07-04T10:27:50.027+0000] {logging_mixin.py:190} INFO - [2026-07-04T10:27:50.026+0000] {dag.py:3239} INFO - Sync 1 DAGs
[2026-07-04T10:27:50.090+0000] {logging_mixin.py:190} INFO - [2026-07-04T10:27:50.090+0000] {dag.py:4180} INFO - Setting next_dagrun for shopbrasil_panorama_precos to 2026-07-04 09:00:00+00:00, run_after=2026-07-04 09:00:00+00:00
[2026-07-04T10:27:50.134+0000] {processor.py:208} INFO - Processing /opt/airflow/dags/shopbrasil_panorama_precos.py took 0.239 seconds
[2026-07-04T10:28:20.268+0000] {processor.py:186} INFO - Started process (PID=402) to work on /opt/airflow/dags/shopbrasil_panorama_precos.py
[2026-07-04T10:28:20.269+0000] {processor.py:914} INFO - Processing file /opt/airflow/dags/shopbrasil_panorama_precos.py for tasks to queue
[2026-07-04T10:28:20.273+0000] {logging_mixin.py:190} INFO - [2026-07-04T10:28:20.273+0000] {dagbag.py:588} INFO - Filling up the DagBag from /opt/airflow/dags/shopbrasil_panorama_precos.py
[2026-07-04T10:28:20.298+0000] {processor.py:925} INFO - DAG(s) 'shopbrasil_panorama_precos' retrieved from /opt/airflow/dags/shopbrasil_panorama_precos.py
[2026-07-04T10:28:20.348+0000] {logging_mixin.py:190} INFO - [2026-07-04T10:28:20.348+0000] {dag.py:3239} INFO - Sync 1 DAGs
[2026-07-04T10:28:20.391+0000] {logging_mixin.py:190} INFO - [2026-07-04T10:28:20.391+0000] {dag.py:4180} INFO - Setting next_dagrun for shopbrasil_panorama_precos to 2026-07-04 09:00:00+00:00, run_after=2026-07-04 09:00:00+00:00
[2026-07-04T10:28:20.421+0000] {processor.py:208} INFO - Processing /opt/airflow/dags/shopbrasil_panorama_precos.py took 0.165 seconds
[2026-07-04T10:28:50.955+0000] {processor.py:186} INFO - Started process (PID=413) to work on /opt/airflow/dags/shopbrasil_panorama_precos.py
[2026-07-04T10:28:50.956+0000] {processor.py:914} INFO - Processing file /opt/airflow/dags/shopbrasil_panorama_precos.py for tasks to queue
[2026-07-04T10:28:50.960+0000] {logging_mixin.py:190} INFO - [2026-07-04T10:28:50.960+0000] {dagbag.py:588} INFO - Filling up the DagBag from /opt/airflow/dags/shopbrasil_panorama_precos.py
[2026-07-04T10:28:50.981+0000] {processor.py:925} INFO - DAG(s) 'shopbrasil_panorama_precos' retrieved from /opt/airflow/dags/shopbrasil_panorama_precos.py
[2026-07-04T10:28:51.034+0000] {logging_mixin.py:190} INFO - [2026-07-04T10:28:51.034+0000] {dag.py:3239} INFO - Sync 1 DAGs
[2026-07-04T10:28:51.074+0000] {logging_mixin.py:190} INFO - [2026-07-04T10:28:51.073+0000] {dag.py:4180} INFO - Setting next_dagrun for shopbrasil_panorama_precos to 2026-07-04 09:00:00+00:00, run_after=2026-07-04 09:00:00+00:00
[2026-07-04T10:28:51.104+0000] {processor.py:208} INFO - Processing /opt/airflow/dags/shopbrasil_panorama_precos.py took 0.157 seconds
[2026-07-04T10:29:21.843+0000] {processor.py:186} INFO - Started process (PID=424) to work on /opt/airflow/dags/shopbrasil_panorama_precos.py
[2026-07-04T10:29:21.844+0000] {processor.py:914} INFO - Processing file /opt/airflow/dags/shopbrasil_panorama_precos.py for tasks to queue
[2026-07-04T10:29:21.848+0000] {logging_mixin.py:190} INFO - [2026-07-04T10:29:21.847+0000] {dagbag.py:588} INFO - Filling up the DagBag from /opt/airflow/dags/shopbrasil_panorama_precos.py
[2026-07-04T10:29:21.870+0000] {processor.py:925} INFO - DAG(s) 'shopbrasil_panorama_precos' retrieved from /opt/airflow/dags/shopbrasil_panorama_precos.py
[2026-07-04T10:29:21.928+0000] {logging_mixin.py:190} INFO - [2026-07-04T10:29:21.927+0000] {dag.py:3239} INFO - Sync 1 DAGs
[2026-07-04T10:29:21.979+0000] {logging_mixin.py:190} INFO - [2026-07-04T10:29:21.979+0000] {dag.py:4180} INFO - Setting next_dagrun for shopbrasil_panorama_precos to 2026-07-04 09:00:00+00:00, run_after=2026-07-04 09:00:00+00:00
[2026-07-04T10:29:22.010+0000] {processor.py:208} INFO - Processing /opt/airflow/dags/shopbrasil_panorama_precos.py took 0.176 seconds
[2026-07-04T10:29:52.536+0000] {processor.py:186} INFO - Started process (PID=434) to work on /opt/airflow/dags/shopbrasil_panorama_precos.py
[2026-07-04T10:29:52.539+0000] {processor.py:914} INFO - Processing file /opt/airflow/dags/shopbrasil_panorama_precos.py for tasks to queue
[2026-07-04T10:29:52.546+0000] {logging_mixin.py:190} INFO - [2026-07-04T10:29:52.545+0000] {dagbag.py:588} INFO - Filling up the DagBag from /opt/airflow/dags/shopbrasil_panorama_precos.py
[2026-07-04T10:29:52.575+0000] {processor.py:925} INFO - DAG(s) 'shopbrasil_panorama_precos' retrieved from /opt/airflow/dags/shopbrasil_panorama_precos.py
[2026-07-04T10:29:52.648+0000] {logging_mixin.py:190} INFO - [2026-07-04T10:29:52.647+0000] {dag.py:3239} INFO - Sync 1 DAGs
[2026-07-04T10:29:52.719+0000] {logging_mixin.py:190} INFO - [2026-07-04T10:29:52.718+0000] {dag.py:4180} INFO - Setting next_dagrun for shopbrasil_panorama_precos to 2026-07-04 09:00:00+00:00, run_after=2026-07-04 09:00:00+00:00
[2026-07-04T10:29:52.761+0000] {processor.py:208} INFO - Processing /opt/airflow/dags/shopbrasil_panorama_precos.py took 0.239 seconds
[2026-07-04T10:30:23.397+0000] {processor.py:186} INFO - Started process (PID=439) to work on /opt/airflow/dags/shopbrasil_panorama_precos.py
[2026-07-04T10:30:23.398+0000] {processor.py:914} INFO - Processing file /opt/airflow/dags/shopbrasil_panorama_precos.py for tasks to queue
[2026-07-04T10:30:23.402+0000] {logging_mixin.py:190} INFO - [2026-07-04T10:30:23.401+0000] {dagbag.py:588} INFO - Filling up the DagBag from /opt/airflow/dags/shopbrasil_panorama_precos.py
[2026-07-04T10:30:23.423+0000] {processor.py:925} INFO - DAG(s) 'shopbrasil_panorama_precos' retrieved from /opt/airflow/dags/shopbrasil_panorama_precos.py
[2026-07-04T10:30:23.469+0000] {logging_mixin.py:190} INFO - [2026-07-04T10:30:23.469+0000] {dag.py:3239} INFO - Sync 1 DAGs
[2026-07-04T10:30:23.509+0000] {logging_mixin.py:190} INFO - [2026-07-04T10:30:23.509+0000] {dag.py:4180} INFO - Setting next_dagrun for shopbrasil_panorama_precos to 2026-07-04 09:00:00+00:00, run_after=2026-07-04 09:00:00+00:00
[2026-07-04T10:30:23.548+0000] {processor.py:208} INFO - Processing /opt/airflow/dags/shopbrasil_panorama_precos.py took 0.165 seconds
[2026-07-04T10:30:54.019+0000] {processor.py:186} INFO - Started process (PID=450) to work on /opt/airflow/dags/shopbrasil_panorama_precos.py
[2026-07-04T10:30:54.020+0000] {processor.py:914} INFO - Processing file /opt/airflow/dags/shopbrasil_panorama_precos.py for tasks to queue
[2026-07-04T10:30:54.024+0000] {logging_mixin.py:190} INFO - [2026-07-04T10:30:54.024+0000] {dagbag.py:588} INFO - Filling up the DagBag from /opt/airflow/dags/shopbrasil_panorama_precos.py
[2026-07-04T10:30:54.045+0000] {processor.py:925} INFO - DAG(s) 'shopbrasil_panorama_precos' retrieved from /opt/airflow/dags/shopbrasil_panorama_precos.py
[2026-07-04T10:30:54.096+0000] {logging_mixin.py:190} INFO - [2026-07-04T10:30:54.095+0000] {dag.py:3239} INFO - Sync 1 DAGs
[2026-07-04T10:30:54.138+0000] {logging_mixin.py:190} INFO - [2026-07-04T10:30:54.137+0000] {dag.py:4180} INFO - Setting next_dagrun for shopbrasil_panorama_precos to 2026-07-04 09:00:00+00:00, run_after=2026-07-04 09:00:00+00:00
[2026-07-04T10:30:54.171+0000] {processor.py:208} INFO - Processing /opt/airflow/dags/shopbrasil_panorama_precos.py took 0.160 seconds
[2026-07-04T10:31:24.710+0000] {processor.py:186} INFO - Started process (PID=461) to work on /opt/airflow/dags/shopbrasil_panorama_precos.py
[2026-07-04T10:31:24.711+0000] {processor.py:914} INFO - Processing file /opt/airflow/dags/shopbrasil_panorama_precos.py for tasks to queue
[2026-07-04T10:31:24.717+0000] {logging_mixin.py:190} INFO - [2026-07-04T10:31:24.716+0000] {dagbag.py:588} INFO - Filling up the DagBag from /opt/airflow/dags/shopbrasil_panorama_precos.py
[2026-07-04T10:31:24.740+0000] {processor.py:925} INFO - DAG(s) 'shopbrasil_panorama_precos' retrieved from /opt/airflow/dags/shopbrasil_panorama_precos.py
[2026-07-04T10:31:24.784+0000] {logging_mixin.py:190} INFO - [2026-07-04T10:31:24.784+0000] {dag.py:3239} INFO - Sync 1 DAGs
[2026-07-04T10:31:24.829+0000] {logging_mixin.py:190} INFO - [2026-07-04T10:31:24.828+0000] {dag.py:4180} INFO - Setting next_dagrun for shopbrasil_panorama_precos to 2026-07-04 09:00:00+00:00, run_after=2026-07-04 09:00:00+00:00
[2026-07-04T10:31:24.859+0000] {processor.py:208} INFO - Processing /opt/airflow/dags/shopbrasil_panorama_precos.py took 0.164 seconds
[2026-07-04T10:31:55.198+0000] {processor.py:186} INFO - Started process (PID=472) to work on /opt/airflow/dags/shopbrasil_panorama_precos.py
[2026-07-04T10:31:55.201+0000] {processor.py:914} INFO - Processing file /opt/airflow/dags/shopbrasil_panorama_precos.py for tasks to queue
[2026-07-04T10:31:55.205+0000] {logging_mixin.py:190} INFO - [2026-07-04T10:31:55.205+0000] {dagbag.py:588} INFO - Filling up the DagBag from /opt/airflow/dags/shopbrasil_panorama_precos.py
[2026-07-04T10:31:55.239+0000] {processor.py:925} INFO - DAG(s) 'shopbrasil_panorama_precos' retrieved from /opt/airflow/dags/shopbrasil_panorama_precos.py
[2026-07-04T10:31:55.310+0000] {logging_mixin.py:190} INFO - [2026-07-04T10:31:55.309+0000] {dag.py:3239} INFO - Sync 1 DAGs
[2026-07-04T10:31:55.372+0000] {logging_mixin.py:190} INFO - [2026-07-04T10:31:55.371+0000] {dag.py:4180} INFO - Setting next_dagrun for shopbrasil_panorama_precos to 2026-07-04 09:00:00+00:00, run_after=2026-07-04 09:00:00+00:00
[2026-07-04T10:31:55.419+0000] {processor.py:208} INFO - Processing /opt/airflow/dags/shopbrasil_panorama_precos.py took 0.233 seconds
[2026-07-04T13:26:13.499+0000] {processor.py:186} INFO - Started process (PID=483) to work on /opt/airflow/dags/shopbrasil_panorama_precos.py
[2026-07-04T13:26:13.510+0000] {processor.py:914} INFO - Processing file /opt/airflow/dags/shopbrasil_panorama_precos.py for tasks to queue
[2026-07-04T13:26:13.526+0000] {logging_mixin.py:190} INFO - [2026-07-04T13:26:13.525+0000] {dagbag.py:588} INFO - Filling up the DagBag from /opt/airflow/dags/shopbrasil_panorama_precos.py
[2026-07-04T13:26:13.643+0000] {processor.py:925} INFO - DAG(s) 'shopbrasil_panorama_precos' retrieved from /opt/airflow/dags/shopbrasil_panorama_precos.py
[2026-07-04T13:26:13.815+0000] {logging_mixin.py:190} INFO - [2026-07-04T13:26:13.815+0000] {dag.py:3239} INFO - Sync 1 DAGs
[2026-07-04T13:26:14.544+0000] {logging_mixin.py:190} INFO - [2026-07-04T13:26:14.544+0000] {dag.py:4180} INFO - Setting next_dagrun for shopbrasil_panorama_precos to 2026-07-04 09:00:00+00:00, run_after=2026-07-04 09:00:00+00:00
[2026-07-04T13:26:14.983+0000] {processor.py:208} INFO - Processing /opt/airflow/dags/shopbrasil_panorama_precos.py took 1.502 seconds
[2026-07-04T13:26:45.407+0000] {processor.py:186} INFO - Started process (PID=495) to work on /opt/airflow/dags/shopbrasil_panorama_precos.py
[2026-07-04T13:26:45.408+0000] {processor.py:914} INFO - Processing file /opt/airflow/dags/shopbrasil_panorama_precos.py for tasks to queue
[2026-07-04T13:26:45.411+0000] {logging_mixin.py:190} INFO - [2026-07-04T13:26:45.411+0000] {dagbag.py:588} INFO - Filling up the DagBag from /opt/airflow/dags/shopbrasil_panorama_precos.py
[2026-07-04T13:26:45.431+0000] {processor.py:925} INFO - DAG(s) 'shopbrasil_panorama_precos' retrieved from /opt/airflow/dags/shopbrasil_panorama_precos.py
[2026-07-04T13:26:45.471+0000] {logging_mixin.py:190} INFO - [2026-07-04T13:26:45.471+0000] {dag.py:3239} INFO - Sync 1 DAGs
[2026-07-04T13:26:45.508+0000] {logging_mixin.py:190} INFO - [2026-07-04T13:26:45.507+0000] {dag.py:4180} INFO - Setting next_dagrun for shopbrasil_panorama_precos to 2026-07-04 09:00:00+00:00, run_after=2026-07-04 09:00:00+00:00
[2026-07-04T13:26:45.537+0000] {processor.py:208} INFO - Processing /opt/airflow/dags/shopbrasil_panorama_precos.py took 0.140 seconds
[2026-07-04T13:27:15.911+0000] {processor.py:186} INFO - Started process (PID=506) to work on /opt/airflow/dags/shopbrasil_panorama_precos.py
[2026-07-04T13:27:15.912+0000] {processor.py:914} INFO - Processing file /opt/airflow/dags/shopbrasil_panorama_precos.py for tasks to queue
[2026-07-04T13:27:15.916+0000] {logging_mixin.py:190} INFO - [2026-07-04T13:27:15.915+0000] {dagbag.py:588} INFO - Filling up the DagBag from /opt/airflow/dags/shopbrasil_panorama_precos.py
[2026-07-04T13:27:15.937+0000] {processor.py:925} INFO - DAG(s) 'shopbrasil_panorama_precos' retrieved from /opt/airflow/dags/shopbrasil_panorama_precos.py
[2026-07-04T13:27:15.980+0000] {logging_mixin.py:190} INFO - [2026-07-04T13:27:15.980+0000] {dag.py:3239} INFO - Sync 1 DAGs
[2026-07-04T13:27:16.025+0000] {logging_mixin.py:190} INFO - [2026-07-04T13:27:16.025+0000] {dag.py:4180} INFO - Setting next_dagrun for shopbrasil_panorama_precos to 2026-07-04 09:00:00+00:00, run_after=2026-07-04 09:00:00+00:00
[2026-07-04T13:27:16.059+0000] {processor.py:208} INFO - Processing /opt/airflow/dags/shopbrasil_panorama_precos.py took 0.156 seconds
[2026-07-04T13:27:47.712+0000] {processor.py:186} INFO - Started process (PID=516) to work on /opt/airflow/dags/shopbrasil_panorama_precos.py
[2026-07-04T13:27:47.798+0000] {processor.py:914} INFO - Processing file /opt/airflow/dags/shopbrasil_panorama_precos.py for tasks to queue
[2026-07-04T13:27:47.825+0000] {logging_mixin.py:190} INFO - [2026-07-04T13:27:47.823+0000] {dagbag.py:588} INFO - Filling up the DagBag from /opt/airflow/dags/shopbrasil_panorama_precos.py
[2026-07-04T13:27:49.580+0000] {processor.py:925} INFO - DAG(s) 'shopbrasil_panorama_precos' retrieved from /opt/airflow/dags/shopbrasil_panorama_precos.py
[2026-07-04T13:27:50.600+0000] {logging_mixin.py:190} INFO - [2026-07-04T13:27:50.599+0000] {dag.py:3239} INFO - Sync 1 DAGs
[2026-07-04T13:27:50.752+0000] {logging_mixin.py:190} INFO - [2026-07-04T13:27:50.752+0000] {dag.py:4180} INFO - Setting next_dagrun for shopbrasil_panorama_precos to 2026-07-04 09:00:00+00:00, run_after=2026-07-04 09:00:00+00:00
[2026-07-04T13:27:51.132+0000] {processor.py:208} INFO - Processing /opt/airflow/dags/shopbrasil_panorama_precos.py took 4.419 seconds
[2026-07-04T13:28:21.444+0000] {processor.py:186} INFO - Started process (PID=520) to work on /opt/airflow/dags/shopbrasil_panorama_precos.py
[2026-07-04T13:28:21.446+0000] {processor.py:914} INFO - Processing file /opt/airflow/dags/shopbrasil_panorama_precos.py for tasks to queue
[2026-07-04T13:28:21.450+0000] {logging_mixin.py:190} INFO - [2026-07-04T13:28:21.449+0000] {dagbag.py:588} INFO - Filling up the DagBag from /opt/airflow/dags/shopbrasil_panorama_precos.py
[2026-07-04T13:28:21.495+0000] {processor.py:925} INFO - DAG(s) 'shopbrasil_panorama_precos' retrieved from /opt/airflow/dags/shopbrasil_panorama_precos.py
[2026-07-04T13:28:21.587+0000] {logging_mixin.py:190} INFO - [2026-07-04T13:28:21.586+0000] {dag.py:3239} INFO - Sync 1 DAGs
[2026-07-04T13:28:21.671+0000] {logging_mixin.py:190} INFO - [2026-07-04T13:28:21.670+0000] {dag.py:4180} INFO - Setting next_dagrun for shopbrasil_panorama_precos to 2026-07-04 09:00:00+00:00, run_after=2026-07-04 09:00:00+00:00
[2026-07-04T13:28:21.717+0000] {processor.py:208} INFO - Processing /opt/airflow/dags/shopbrasil_panorama_precos.py took 0.288 seconds
[2026-07-04T13:28:52.541+0000] {processor.py:186} INFO - Started process (PID=531) to work on /opt/airflow/dags/shopbrasil_panorama_precos.py
[2026-07-04T13:28:52.558+0000] {processor.py:914} INFO - Processing file /opt/airflow/dags/shopbrasil_panorama_precos.py for tasks to queue
[2026-07-04T13:28:52.657+0000] {logging_mixin.py:190} INFO - [2026-07-04T13:28:52.657+0000] {dagbag.py:588} INFO - Filling up the DagBag from /opt/airflow/dags/shopbrasil_panorama_precos.py
[2026-07-04T13:28:53.521+0000] {processor.py:925} INFO - DAG(s) 'shopbrasil_panorama_precos' retrieved from /opt/airflow/dags/shopbrasil_panorama_precos.py
[2026-07-04T13:28:54.740+0000] {logging_mixin.py:190} INFO - [2026-07-04T13:28:54.740+0000] {dag.py:3239} INFO - Sync 1 DAGs
[2026-07-04T13:28:55.083+0000] {logging_mixin.py:190} INFO - [2026-07-04T13:28:55.083+0000] {dag.py:4180} INFO - Setting next_dagrun for shopbrasil_panorama_precos to 2026-07-04 09:00:00+00:00, run_after=2026-07-04 09:00:00+00:00
[2026-07-04T13:28:56.488+0000] {processor.py:208} INFO - Processing /opt/airflow/dags/shopbrasil_panorama_precos.py took 4.050 seconds
[2026-07-04T13:29:27.241+0000] {processor.py:186} INFO - Started process (PID=541) to work on /opt/airflow/dags/shopbrasil_panorama_precos.py
[2026-07-04T13:29:27.243+0000] {processor.py:914} INFO - Processing file /opt/airflow/dags/shopbrasil_panorama_precos.py for tasks to queue
[2026-07-04T13:29:27.250+0000] {logging_mixin.py:190} INFO - [2026-07-04T13:29:27.249+0000] {dagbag.py:588} INFO - Filling up the DagBag from /opt/airflow/dags/shopbrasil_panorama_precos.py
[2026-07-04T13:29:27.283+0000] {processor.py:925} INFO - DAG(s) 'shopbrasil_panorama_precos' retrieved from /opt/airflow/dags/shopbrasil_panorama_precos.py
[2026-07-04T13:29:27.346+0000] {logging_mixin.py:190} INFO - [2026-07-04T13:29:27.345+0000] {dag.py:3239} INFO - Sync 1 DAGs
[2026-07-04T13:29:27.385+0000] {logging_mixin.py:190} INFO - [2026-07-04T13:29:27.385+0000] {dag.py:4180} INFO - Setting next_dagrun for shopbrasil_panorama_precos to 2026-07-04 09:00:00+00:00, run_after=2026-07-04 09:00:00+00:00
[2026-07-04T13:29:27.423+0000] {processor.py:208} INFO - Processing /opt/airflow/dags/shopbrasil_panorama_precos.py took 0.201 seconds
[2026-07-04T13:29:58.045+0000] {processor.py:186} INFO - Started process (PID=552) to work on /opt/airflow/dags/shopbrasil_panorama_precos.py
[2026-07-04T13:29:58.049+0000] {processor.py:914} INFO - Processing file /opt/airflow/dags/shopbrasil_panorama_precos.py for tasks to queue
[2026-07-04T13:29:58.056+0000] {logging_mixin.py:190} INFO - [2026-07-04T13:29:58.055+0000] {dagbag.py:588} INFO - Filling up the DagBag from /opt/airflow/dags/shopbrasil_panorama_precos.py
[2026-07-04T13:29:58.091+0000] {processor.py:925} INFO - DAG(s) 'shopbrasil_panorama_precos' retrieved from /opt/airflow/dags/shopbrasil_panorama_precos.py
[2026-07-04T13:29:58.170+0000] {logging_mixin.py:190} INFO - [2026-07-04T13:29:58.169+0000] {dag.py:3239} INFO - Sync 1 DAGs
[2026-07-04T13:29:58.238+0000] {logging_mixin.py:190} INFO - [2026-07-04T13:29:58.238+0000] {dag.py:4180} INFO - Setting next_dagrun for shopbrasil_panorama_precos to 2026-07-04 09:00:00+00:00, run_after=2026-07-04 09:00:00+00:00
[2026-07-04T13:29:58.283+0000] {processor.py:208} INFO - Processing /opt/airflow/dags/shopbrasil_panorama_precos.py took 0.256 seconds
[2026-07-04T13:30:28.994+0000] {processor.py:186} INFO - Started process (PID=563) to work on /opt/airflow/dags/shopbrasil_panorama_precos.py
[2026-07-04T13:30:28.996+0000] {processor.py:914} INFO - Processing file /opt/airflow/dags/shopbrasil_panorama_precos.py for tasks to queue
[2026-07-04T13:30:29.003+0000] {logging_mixin.py:190} INFO - [2026-07-04T13:30:29.002+0000] {dagbag.py:588} INFO - Filling up the DagBag from /opt/airflow/dags/shopbrasil_panorama_precos.py
[2026-07-04T13:30:29.036+0000] {processor.py:925} INFO - DAG(s) 'shopbrasil_panorama_precos' retrieved from /opt/airflow/dags/shopbrasil_panorama_precos.py
[2026-07-04T13:30:29.099+0000] {logging_mixin.py:190} INFO - [2026-07-04T13:30:29.098+0000] {dag.py:3239} INFO - Sync 1 DAGs
[2026-07-04T13:30:29.143+0000] {logging_mixin.py:190} INFO - [2026-07-04T13:30:29.142+0000] {dag.py:4180} INFO - Setting next_dagrun for shopbrasil_panorama_precos to 2026-07-04 09:00:00+00:00, run_after=2026-07-04 09:00:00+00:00
[2026-07-04T13:30:29.178+0000] {processor.py:208} INFO - Processing /opt/airflow/dags/shopbrasil_panorama_precos.py took 0.201 seconds
[2026-07-04T13:30:59.523+0000] {processor.py:186} INFO - Started process (PID=574) to work on /opt/airflow/dags/shopbrasil_panorama_precos.py
[2026-07-04T13:30:59.525+0000] {processor.py:914} INFO - Processing file /opt/airflow/dags/shopbrasil_panorama_precos.py for tasks to queue
[2026-07-04T13:30:59.535+0000] {logging_mixin.py:190} INFO - [2026-07-04T13:30:59.533+0000] {dagbag.py:588} INFO - Filling up the DagBag from /opt/airflow/dags/shopbrasil_panorama_precos.py
[2026-07-04T13:30:59.571+0000] {processor.py:925} INFO - DAG(s) 'shopbrasil_panorama_precos' retrieved from /opt/airflow/dags/shopbrasil_panorama_precos.py
[2026-07-04T13:30:59.630+0000] {logging_mixin.py:190} INFO - [2026-07-04T13:30:59.630+0000] {dag.py:3239} INFO - Sync 1 DAGs
[2026-07-04T13:30:59.672+0000] {logging_mixin.py:190} INFO - [2026-07-04T13:30:59.672+0000] {dag.py:4180} INFO - Setting next_dagrun for shopbrasil_panorama_precos to 2026-07-04 09:00:00+00:00, run_after=2026-07-04 09:00:00+00:00
[2026-07-04T13:30:59.708+0000] {processor.py:208} INFO - Processing /opt/airflow/dags/shopbrasil_panorama_precos.py took 0.207 seconds
[2026-07-04T13:31:30.369+0000] {processor.py:186} INFO - Started process (PID=584) to work on /opt/airflow/dags/shopbrasil_panorama_precos.py
[2026-07-04T13:31:30.460+0000] {processor.py:914} INFO - Processing file /opt/airflow/dags/shopbrasil_panorama_precos.py for tasks to queue
[2026-07-04T13:31:30.464+0000] {logging_mixin.py:190} INFO - [2026-07-04T13:31:30.464+0000] {dagbag.py:588} INFO - Filling up the DagBag from /opt/airflow/dags/shopbrasil_panorama_precos.py
[2026-07-04T13:31:30.492+0000] {processor.py:925} INFO - DAG(s) 'shopbrasil_panorama_precos' retrieved from /opt/airflow/dags/shopbrasil_panorama_precos.py
[2026-07-04T13:31:30.568+0000] {logging_mixin.py:190} INFO - [2026-07-04T13:31:30.568+0000] {dag.py:3239} INFO - Sync 1 DAGs
[2026-07-04T13:31:30.642+0000] {logging_mixin.py:190} INFO - [2026-07-04T13:31:30.642+0000] {dag.py:4180} INFO - Setting next_dagrun for shopbrasil_panorama_precos to 2026-07-04 09:00:00+00:00, run_after=2026-07-04 09:00:00+00:00
[2026-07-04T13:31:30.683+0000] {processor.py:208} INFO - Processing /opt/airflow/dags/shopbrasil_panorama_precos.py took 0.338 seconds
[2026-07-04T13:32:01.306+0000] {processor.py:186} INFO - Started process (PID=589) to work on /opt/airflow/dags/shopbrasil_panorama_precos.py
[2026-07-04T13:32:01.309+0000] {processor.py:914} INFO - Processing file /opt/airflow/dags/shopbrasil_panorama_precos.py for tasks to queue
[2026-07-04T13:32:01.315+0000] {logging_mixin.py:190} INFO - [2026-07-04T13:32:01.314+0000] {dagbag.py:588} INFO - Filling up the DagBag from /opt/airflow/dags/shopbrasil_panorama_precos.py
[2026-07-04T13:32:01.344+0000] {processor.py:925} INFO - DAG(s) 'shopbrasil_panorama_precos' retrieved from /opt/airflow/dags/shopbrasil_panorama_precos.py
[2026-07-04T13:32:01.427+0000] {logging_mixin.py:190} INFO - [2026-07-04T13:32:01.426+0000] {dag.py:3239} INFO - Sync 1 DAGs
[2026-07-04T13:32:01.474+0000] {logging_mixin.py:190} INFO - [2026-07-04T13:32:01.474+0000] {dag.py:4180} INFO - Setting next_dagrun for shopbrasil_panorama_precos to 2026-07-04 09:00:00+00:00, run_after=2026-07-04 09:00:00+00:00
[2026-07-04T13:32:01.509+0000] {processor.py:208} INFO - Processing /opt/airflow/dags/shopbrasil_panorama_precos.py took 0.223 seconds
[2026-07-04T13:32:31.977+0000] {processor.py:186} INFO - Started process (PID=600) to work on /opt/airflow/dags/shopbrasil_panorama_precos.py
[2026-07-04T13:32:31.994+0000] {processor.py:914} INFO - Processing file /opt/airflow/dags/shopbrasil_panorama_precos.py for tasks to queue
[2026-07-04T13:32:32.027+0000] {logging_mixin.py:190} INFO - [2026-07-04T13:32:32.021+0000] {dagbag.py:588} INFO - Filling up the DagBag from /opt/airflow/dags/shopbrasil_panorama_precos.py
[2026-07-04T13:32:32.182+0000] {processor.py:925} INFO - DAG(s) 'shopbrasil_panorama_precos' retrieved from /opt/airflow/dags/shopbrasil_panorama_precos.py
[2026-07-04T13:32:32.411+0000] {logging_mixin.py:190} INFO - [2026-07-04T13:32:32.408+0000] {dag.py:3239} INFO - Sync 1 DAGs
[2026-07-04T13:32:32.518+0000] {logging_mixin.py:190} INFO - [2026-07-04T13:32:32.518+0000] {dag.py:4180} INFO - Setting next_dagrun for shopbrasil_panorama_precos to 2026-07-04 09:00:00+00:00, run_after=2026-07-04 09:00:00+00:00
[2026-07-04T13:32:32.586+0000] {processor.py:208} INFO - Processing /opt/airflow/dags/shopbrasil_panorama_precos.py took 0.650 seconds
[2026-07-04T13:33:03.243+0000] {processor.py:186} INFO - Started process (PID=611) to work on /opt/airflow/dags/shopbrasil_panorama_precos.py
[2026-07-04T13:33:03.245+0000] {processor.py:914} INFO - Processing file /opt/airflow/dags/shopbrasil_panorama_precos.py for tasks to queue
[2026-07-04T13:33:03.249+0000] {logging_mixin.py:190} INFO - [2026-07-04T13:33:03.248+0000] {dagbag.py:588} INFO - Filling up the DagBag from /opt/airflow/dags/shopbrasil_panorama_precos.py
[2026-07-04T13:33:03.272+0000] {processor.py:925} INFO - DAG(s) 'shopbrasil_panorama_precos' retrieved from /opt/airflow/dags/shopbrasil_panorama_precos.py
[2026-07-04T13:33:03.329+0000] {logging_mixin.py:190} INFO - [2026-07-04T13:33:03.328+0000] {dag.py:3239} INFO - Sync 1 DAGs
[2026-07-04T13:33:03.376+0000] {logging_mixin.py:190} INFO - [2026-07-04T13:33:03.375+0000] {dag.py:4180} INFO - Setting next_dagrun for shopbrasil_panorama_precos to 2026-07-04 09:00:00+00:00, run_after=2026-07-04 09:00:00+00:00
[2026-07-04T13:33:03.418+0000] {processor.py:208} INFO - Processing /opt/airflow/dags/shopbrasil_panorama_precos.py took 0.193 seconds
[2026-07-04T13:33:34.133+0000] {processor.py:186} INFO - Started process (PID=622) to work on /opt/airflow/dags/shopbrasil_panorama_precos.py
[2026-07-04T13:33:34.136+0000] {processor.py:914} INFO - Processing file /opt/airflow/dags/shopbrasil_panorama_precos.py for tasks to queue
[2026-07-04T13:33:34.142+0000] {logging_mixin.py:190} INFO - [2026-07-04T13:33:34.142+0000] {dagbag.py:588} INFO - Filling up the DagBag from /opt/airflow/dags/shopbrasil_panorama_precos.py
[2026-07-04T13:33:34.178+0000] {processor.py:925} INFO - DAG(s) 'shopbrasil_panorama_precos' retrieved from /opt/airflow/dags/shopbrasil_panorama_precos.py
[2026-07-04T13:33:34.240+0000] {logging_mixin.py:190} INFO - [2026-07-04T13:33:34.239+0000] {dag.py:3239} INFO - Sync 1 DAGs
[2026-07-04T13:33:34.315+0000] {logging_mixin.py:190} INFO - [2026-07-04T13:33:34.314+0000] {dag.py:4180} INFO - Setting next_dagrun for shopbrasil_panorama_precos to 2026-07-04 09:00:00+00:00, run_after=2026-07-04 09:00:00+00:00
[2026-07-04T13:33:34.369+0000] {processor.py:208} INFO - Processing /opt/airflow/dags/shopbrasil_panorama_precos.py took 0.266 seconds
[2026-07-04T13:34:04.801+0000] {processor.py:186} INFO - Started process (PID=633) to work on /opt/airflow/dags/shopbrasil_panorama_precos.py
[2026-07-04T13:34:04.803+0000] {processor.py:914} INFO - Processing file /opt/airflow/dags/shopbrasil_panorama_precos.py for tasks to queue
[2026-07-04T13:34:04.806+0000] {logging_mixin.py:190} INFO - [2026-07-04T13:34:04.806+0000] {dagbag.py:588} INFO - Filling up the DagBag from /opt/airflow/dags/shopbrasil_panorama_precos.py
[2026-07-04T13:34:04.829+0000] {processor.py:925} INFO - DAG(s) 'shopbrasil_panorama_precos' retrieved from /opt/airflow/dags/shopbrasil_panorama_precos.py
[2026-07-04T13:34:04.882+0000] {logging_mixin.py:190} INFO - [2026-07-04T13:34:04.882+0000] {dag.py:3239} INFO - Sync 1 DAGs
[2026-07-04T13:34:04.937+0000] {logging_mixin.py:190} INFO - [2026-07-04T13:34:04.936+0000] {dag.py:4180} INFO - Setting next_dagrun for shopbrasil_panorama_precos to 2026-07-04 09:00:00+00:00, run_after=2026-07-04 09:00:00+00:00
[2026-07-04T13:34:04.981+0000] {processor.py:208} INFO - Processing /opt/airflow/dags/shopbrasil_panorama_precos.py took 0.193 seconds
[2026-07-04T13:34:35.589+0000] {processor.py:186} INFO - Started process (PID=644) to work on /opt/airflow/dags/shopbrasil_panorama_precos.py
[2026-07-04T13:34:35.591+0000] {processor.py:914} INFO - Processing file /opt/airflow/dags/shopbrasil_panorama_precos.py for tasks to queue
[2026-07-04T13:34:35.597+0000] {logging_mixin.py:190} INFO - [2026-07-04T13:34:35.596+0000] {dagbag.py:588} INFO - Filling up the DagBag from /opt/airflow/dags/shopbrasil_panorama_precos.py
[2026-07-04T13:34:35.621+0000] {processor.py:925} INFO - DAG(s) 'shopbrasil_panorama_precos' retrieved from /opt/airflow/dags/shopbrasil_panorama_precos.py
[2026-07-04T13:34:35.684+0000] {logging_mixin.py:190} INFO - [2026-07-04T13:34:35.684+0000] {dag.py:3239} INFO - Sync 1 DAGs
[2026-07-04T13:34:35.739+0000] {logging_mixin.py:190} INFO - [2026-07-04T13:34:35.739+0000] {dag.py:4180} INFO - Setting next_dagrun for shopbrasil_panorama_precos to 2026-07-04 09:00:00+00:00, run_after=2026-07-04 09:00:00+00:00
[2026-07-04T13:34:35.772+0000] {processor.py:208} INFO - Processing /opt/airflow/dags/shopbrasil_panorama_precos.py took 0.214 seconds
[2026-07-04T13:35:06.251+0000] {processor.py:186} INFO - Started process (PID=654) to work on /opt/airflow/dags/shopbrasil_panorama_precos.py
[2026-07-04T13:35:06.590+0000] {processor.py:914} INFO - Processing file /opt/airflow/dags/shopbrasil_panorama_precos.py for tasks to queue
[2026-07-04T13:35:06.594+0000] {logging_mixin.py:190} INFO - [2026-07-04T13:35:06.594+0000] {dagbag.py:588} INFO - Filling up the DagBag from /opt/airflow/dags/shopbrasil_panorama_precos.py
[2026-07-04T13:35:06.629+0000] {processor.py:925} INFO - DAG(s) 'shopbrasil_panorama_precos' retrieved from /opt/airflow/dags/shopbrasil_panorama_precos.py
[2026-07-04T13:35:06.697+0000] {logging_mixin.py:190} INFO - [2026-07-04T13:35:06.697+0000] {dag.py:3239} INFO - Sync 1 DAGs
[2026-07-04T13:35:06.766+0000] {logging_mixin.py:190} INFO - [2026-07-04T13:35:06.766+0000] {dag.py:4180} INFO - Setting next_dagrun for shopbrasil_panorama_precos to 2026-07-04 09:00:00+00:00, run_after=2026-07-04 09:00:00+00:00
[2026-07-04T13:35:06.862+0000] {processor.py:208} INFO - Processing /opt/airflow/dags/shopbrasil_panorama_precos.py took 0.628 seconds
[2026-07-04T13:35:37.434+0000] {processor.py:186} INFO - Started process (PID=659) to work on /opt/airflow/dags/shopbrasil_panorama_precos.py
[2026-07-04T13:35:37.437+0000] {processor.py:914} INFO - Processing file /opt/airflow/dags/shopbrasil_panorama_precos.py for tasks to queue
[2026-07-04T13:35:37.442+0000] {logging_mixin.py:190} INFO - [2026-07-04T13:35:37.441+0000] {dagbag.py:588} INFO - Filling up the DagBag from /opt/airflow/dags/shopbrasil_panorama_precos.py
[2026-07-04T13:35:37.480+0000] {processor.py:925} INFO - DAG(s) 'shopbrasil_panorama_precos' retrieved from /opt/airflow/dags/shopbrasil_panorama_precos.py
[2026-07-04T13:35:37.560+0000] {logging_mixin.py:190} INFO - [2026-07-04T13:35:37.560+0000] {dag.py:3239} INFO - Sync 1 DAGs
[2026-07-04T13:35:37.640+0000] {logging_mixin.py:190} INFO - [2026-07-04T13:35:37.639+0000] {dag.py:4180} INFO - Setting next_dagrun for shopbrasil_panorama_precos to 2026-07-04 09:00:00+00:00, run_after=2026-07-04 09:00:00+00:00
[2026-07-04T13:35:37.683+0000] {processor.py:208} INFO - Processing /opt/airflow/dags/shopbrasil_panorama_precos.py took 0.263 seconds
[2026-07-04T13:36:08.331+0000] {processor.py:186} INFO - Started process (PID=670) to work on /opt/airflow/dags/shopbrasil_panorama_precos.py
[2026-07-04T13:36:08.332+0000] {processor.py:914} INFO - Processing file /opt/airflow/dags/shopbrasil_panorama_precos.py for tasks to queue
[2026-07-04T13:36:08.337+0000] {logging_mixin.py:190} INFO - [2026-07-04T13:36:08.336+0000] {dagbag.py:588} INFO - Filling up the DagBag from /opt/airflow/dags/shopbrasil_panorama_precos.py
[2026-07-04T13:36:08.371+0000] {processor.py:925} INFO - DAG(s) 'shopbrasil_panorama_precos' retrieved from /opt/airflow/dags/shopbrasil_panorama_precos.py
[2026-07-04T13:36:08.448+0000] {logging_mixin.py:190} INFO - [2026-07-04T13:36:08.448+0000] {dag.py:3239} INFO - Sync 1 DAGs
[2026-07-04T13:36:08.512+0000] {logging_mixin.py:190} INFO - [2026-07-04T13:36:08.512+0000] {dag.py:4180} INFO - Setting next_dagrun for shopbrasil_panorama_precos to 2026-07-04 09:00:00+00:00, run_after=2026-07-04 09:00:00+00:00
[2026-07-04T13:36:08.557+0000] {processor.py:208} INFO - Processing /opt/airflow/dags/shopbrasil_panorama_precos.py took 0.241 seconds
[2026-07-04T13:36:39.255+0000] {processor.py:186} INFO - Started process (PID=681) to work on /opt/airflow/dags/shopbrasil_panorama_precos.py
[2026-07-04T13:36:39.257+0000] {processor.py:914} INFO - Processing file /opt/airflow/dags/shopbrasil_panorama_precos.py for tasks to queue
[2026-07-04T13:36:39.263+0000] {logging_mixin.py:190} INFO - [2026-07-04T13:36:39.262+0000] {dagbag.py:588} INFO - Filling up the DagBag from /opt/airflow/dags/shopbrasil_panorama_precos.py
[2026-07-04T13:36:39.295+0000] {processor.py:925} INFO - DAG(s) 'shopbrasil_panorama_precos' retrieved from /opt/airflow/dags/shopbrasil_panorama_precos.py
[2026-07-04T13:36:39.369+0000] {logging_mixin.py:190} INFO - [2026-07-04T13:36:39.368+0000] {dag.py:3239} INFO - Sync 1 DAGs
[2026-07-04T13:36:39.432+0000] {logging_mixin.py:190} INFO - [2026-07-04T13:36:39.432+0000] {dag.py:4180} INFO - Setting next_dagrun for shopbrasil_panorama_precos to 2026-07-04 09:00:00+00:00, run_after=2026-07-04 09:00:00+00:00
[2026-07-04T13:36:39.481+0000] {processor.py:208} INFO - Processing /opt/airflow/dags/shopbrasil_panorama_precos.py took 0.241 seconds
[2026-07-04T13:37:10.175+0000] {processor.py:186} INFO - Started process (PID=692) to work on /opt/airflow/dags/shopbrasil_panorama_precos.py
[2026-07-04T13:37:10.180+0000] {processor.py:914} INFO - Processing file /opt/airflow/dags/shopbrasil_panorama_precos.py for tasks to queue
[2026-07-04T13:37:10.193+0000] {logging_mixin.py:190} INFO - [2026-07-04T13:37:10.191+0000] {dagbag.py:588} INFO - Filling up the DagBag from /opt/airflow/dags/shopbrasil_panorama_precos.py
[2026-07-04T13:37:10.288+0000] {processor.py:925} INFO - DAG(s) 'shopbrasil_panorama_precos' retrieved from /opt/airflow/dags/shopbrasil_panorama_precos.py
[2026-07-04T13:37:10.360+0000] {logging_mixin.py:190} INFO - [2026-07-04T13:37:10.359+0000] {dag.py:3239} INFO - Sync 1 DAGs
[2026-07-04T13:37:10.428+0000] {logging_mixin.py:190} INFO - [2026-07-04T13:37:10.428+0000] {dag.py:4180} INFO - Setting next_dagrun for shopbrasil_panorama_precos to 2026-07-04 09:00:00+00:00, run_after=2026-07-04 09:00:00+00:00
[2026-07-04T13:37:10.473+0000] {processor.py:208} INFO - Processing /opt/airflow/dags/shopbrasil_panorama_precos.py took 0.337 seconds
[2026-07-04T13:37:40.884+0000] {processor.py:186} INFO - Started process (PID=703) to work on /opt/airflow/dags/shopbrasil_panorama_precos.py
[2026-07-04T13:37:40.888+0000] {processor.py:914} INFO - Processing file /opt/airflow/dags/shopbrasil_panorama_precos.py for tasks to queue
[2026-07-04T13:37:40.908+0000] {logging_mixin.py:190} INFO - [2026-07-04T13:37:40.905+0000] {dagbag.py:588} INFO - Filling up the DagBag from /opt/airflow/dags/shopbrasil_panorama_precos.py
[2026-07-04T13:37:40.994+0000] {processor.py:925} INFO - DAG(s) 'shopbrasil_panorama_precos' retrieved from /opt/airflow/dags/shopbrasil_panorama_precos.py
[2026-07-04T13:37:41.094+0000] {logging_mixin.py:190} INFO - [2026-07-04T13:37:41.094+0000] {dag.py:3239} INFO - Sync 1 DAGs
[2026-07-04T13:37:41.169+0000] {logging_mixin.py:190} INFO - [2026-07-04T13:37:41.168+0000] {dag.py:4180} INFO - Setting next_dagrun for shopbrasil_panorama_precos to 2026-07-04 09:00:00+00:00, run_after=2026-07-04 09:00:00+00:00
[2026-07-04T13:37:41.207+0000] {processor.py:208} INFO - Processing /opt/airflow/dags/shopbrasil_panorama_precos.py took 0.364 seconds
[2026-07-04T13:38:11.929+0000] {processor.py:186} INFO - Started process (PID=714) to work on /opt/airflow/dags/shopbrasil_panorama_precos.py
[2026-07-04T13:38:11.934+0000] {processor.py:914} INFO - Processing file /opt/airflow/dags/shopbrasil_panorama_precos.py for tasks to queue
[2026-07-04T13:38:11.939+0000] {logging_mixin.py:190} INFO - [2026-07-04T13:38:11.939+0000] {dagbag.py:588} INFO - Filling up the DagBag from /opt/airflow/dags/shopbrasil_panorama_precos.py
[2026-07-04T13:38:11.983+0000] {processor.py:925} INFO - DAG(s) 'shopbrasil_panorama_precos' retrieved from /opt/airflow/dags/shopbrasil_panorama_precos.py
[2026-07-04T13:38:12.077+0000] {logging_mixin.py:190} INFO - [2026-07-04T13:38:12.077+0000] {dag.py:3239} INFO - Sync 1 DAGs
[2026-07-04T13:38:12.152+0000] {logging_mixin.py:190} INFO - [2026-07-04T13:38:12.151+0000] {dag.py:4180} INFO - Setting next_dagrun for shopbrasil_panorama_precos to 2026-07-04 09:00:00+00:00, run_after=2026-07-04 09:00:00+00:00
[2026-07-04T13:38:12.195+0000] {processor.py:208} INFO - Processing /opt/airflow/dags/shopbrasil_panorama_precos.py took 0.279 seconds
[2026-07-04T13:38:42.895+0000] {processor.py:186} INFO - Started process (PID=718) to work on /opt/airflow/dags/shopbrasil_panorama_precos.py
[2026-07-04T13:38:42.898+0000] {processor.py:914} INFO - Processing file /opt/airflow/dags/shopbrasil_panorama_precos.py for tasks to queue
[2026-07-04T13:38:42.906+0000] {logging_mixin.py:190} INFO - [2026-07-04T13:38:42.905+0000] {dagbag.py:588} INFO - Filling up the DagBag from /opt/airflow/dags/shopbrasil_panorama_precos.py
[2026-07-04T13:38:42.957+0000] {processor.py:925} INFO - DAG(s) 'shopbrasil_panorama_precos' retrieved from /opt/airflow/dags/shopbrasil_panorama_precos.py
[2026-07-04T13:38:43.139+0000] {logging_mixin.py:190} INFO - [2026-07-04T13:38:43.139+0000] {dag.py:3239} INFO - Sync 1 DAGs
[2026-07-04T13:38:43.295+0000] {logging_mixin.py:190} INFO - [2026-07-04T13:38:43.295+0000] {dag.py:4180} INFO - Setting next_dagrun for shopbrasil_panorama_precos to 2026-07-04 09:00:00+00:00, run_after=2026-07-04 09:00:00+00:00
[2026-07-04T13:38:43.359+0000] {processor.py:208} INFO - Processing /opt/airflow/dags/shopbrasil_panorama_precos.py took 0.486 seconds
[2026-07-04T13:39:13.988+0000] {processor.py:186} INFO - Started process (PID=728) to work on /opt/airflow/dags/shopbrasil_panorama_precos.py
[2026-07-04T13:39:13.990+0000] {processor.py:914} INFO - Processing file /opt/airflow/dags/shopbrasil_panorama_precos.py for tasks to queue
[2026-07-04T13:39:13.998+0000] {logging_mixin.py:190} INFO - [2026-07-04T13:39:13.997+0000] {dagbag.py:588} INFO - Filling up the DagBag from /opt/airflow/dags/shopbrasil_panorama_precos.py
[2026-07-04T13:39:14.028+0000] {processor.py:925} INFO - DAG(s) 'shopbrasil_panorama_precos' retrieved from /opt/airflow/dags/shopbrasil_panorama_precos.py
[2026-07-04T13:39:14.104+0000] {logging_mixin.py:190} INFO - [2026-07-04T13:39:14.103+0000] {dag.py:3239} INFO - Sync 1 DAGs
[2026-07-04T13:39:14.178+0000] {logging_mixin.py:190} INFO - [2026-07-04T13:39:14.177+0000] {dag.py:4180} INFO - Setting next_dagrun for shopbrasil_panorama_precos to 2026-07-04 09:00:00+00:00, run_after=2026-07-04 09:00:00+00:00
[2026-07-04T13:39:14.221+0000] {processor.py:208} INFO - Processing /opt/airflow/dags/shopbrasil_panorama_precos.py took 0.249 seconds
[2026-07-04T13:39:44.628+0000] {processor.py:186} INFO - Started process (PID=739) to work on /opt/airflow/dags/shopbrasil_panorama_precos.py
[2026-07-04T13:39:44.630+0000] {processor.py:914} INFO - Processing file /opt/airflow/dags/shopbrasil_panorama_precos.py for tasks to queue
[2026-07-04T13:39:44.635+0000] {logging_mixin.py:190} INFO - [2026-07-04T13:39:44.635+0000] {dagbag.py:588} INFO - Filling up the DagBag from /opt/airflow/dags/shopbrasil_panorama_precos.py
[2026-07-04T13:39:44.672+0000] {processor.py:925} INFO - DAG(s) 'shopbrasil_panorama_precos' retrieved from /opt/airflow/dags/shopbrasil_panorama_precos.py
[2026-07-04T13:39:44.756+0000] {logging_mixin.py:190} INFO - [2026-07-04T13:39:44.755+0000] {dag.py:3239} INFO - Sync 1 DAGs
[2026-07-04T13:39:44.960+0000] {logging_mixin.py:190} INFO - [2026-07-04T13:39:44.955+0000] {dag.py:4180} INFO - Setting next_dagrun for shopbrasil_panorama_precos to 2026-07-04 09:00:00+00:00, run_after=2026-07-04 09:00:00+00:00
[2026-07-04T13:39:45.034+0000] {processor.py:208} INFO - Processing /opt/airflow/dags/shopbrasil_panorama_precos.py took 0.418 seconds
[2026-07-04T13:40:15.770+0000] {processor.py:186} INFO - Started process (PID=750) to work on /opt/airflow/dags/shopbrasil_panorama_precos.py
[2026-07-04T13:40:15.774+0000] {processor.py:914} INFO - Processing file /opt/airflow/dags/shopbrasil_panorama_precos.py for tasks to queue
[2026-07-04T13:40:15.788+0000] {logging_mixin.py:190} INFO - [2026-07-04T13:40:15.786+0000] {dagbag.py:588} INFO - Filling up the DagBag from /opt/airflow/dags/shopbrasil_panorama_precos.py
[2026-07-04T13:40:15.893+0000] {processor.py:925} INFO - DAG(s) 'shopbrasil_panorama_precos' retrieved from /opt/airflow/dags/shopbrasil_panorama_precos.py
[2026-07-04T13:40:15.968+0000] {logging_mixin.py:190} INFO - [2026-07-04T13:40:15.967+0000] {dag.py:3239} INFO - Sync 1 DAGs
[2026-07-04T13:40:16.019+0000] {logging_mixin.py:190} INFO - [2026-07-04T13:40:16.019+0000] {dag.py:4180} INFO - Setting next_dagrun for shopbrasil_panorama_precos to 2026-07-04 09:00:00+00:00, run_after=2026-07-04 09:00:00+00:00
[2026-07-04T13:40:16.058+0000] {processor.py:208} INFO - Processing /opt/airflow/dags/shopbrasil_panorama_precos.py took 0.327 seconds
[2026-07-04T13:40:46.679+0000] {processor.py:186} INFO - Started process (PID=761) to work on /opt/airflow/dags/shopbrasil_panorama_precos.py
[2026-07-04T13:40:46.686+0000] {processor.py:914} INFO - Processing file /opt/airflow/dags/shopbrasil_panorama_precos.py for tasks to queue
[2026-07-04T13:40:46.707+0000] {logging_mixin.py:190} INFO - [2026-07-04T13:40:46.704+0000] {dagbag.py:588} INFO - Filling up the DagBag from /opt/airflow/dags/shopbrasil_panorama_precos.py
[2026-07-04T13:40:46.810+0000] {processor.py:925} INFO - DAG(s) 'shopbrasil_panorama_precos' retrieved from /opt/airflow/dags/shopbrasil_panorama_precos.py
[2026-07-04T13:40:46.900+0000] {logging_mixin.py:190} INFO - [2026-07-04T13:40:46.899+0000] {dag.py:3239} INFO - Sync 1 DAGs
[2026-07-04T13:40:46.950+0000] {logging_mixin.py:190} INFO - [2026-07-04T13:40:46.949+0000] {dag.py:4180} INFO - Setting next_dagrun for shopbrasil_panorama_precos to 2026-07-04 09:00:00+00:00, run_after=2026-07-04 09:00:00+00:00
[2026-07-04T13:40:47.131+0000] {processor.py:208} INFO - Processing /opt/airflow/dags/shopbrasil_panorama_precos.py took 0.482 seconds
[2026-07-04T13:41:17.536+0000] {processor.py:186} INFO - Started process (PID=772) to work on /opt/airflow/dags/shopbrasil_panorama_precos.py
[2026-07-04T13:41:17.538+0000] {processor.py:914} INFO - Processing file /opt/airflow/dags/shopbrasil_panorama_precos.py for tasks to queue
[2026-07-04T13:41:17.541+0000] {logging_mixin.py:190} INFO - [2026-07-04T13:41:17.540+0000] {dagbag.py:588} INFO - Filling up the DagBag from /opt/airflow/dags/shopbrasil_panorama_precos.py
[2026-07-04T13:41:17.567+0000] {processor.py:925} INFO - DAG(s) 'shopbrasil_panorama_precos' retrieved from /opt/airflow/dags/shopbrasil_panorama_precos.py
[2026-07-04T13:41:17.618+0000] {logging_mixin.py:190} INFO - [2026-07-04T13:41:17.618+0000] {dag.py:3239} INFO - Sync 1 DAGs
[2026-07-04T13:41:17.661+0000] {logging_mixin.py:190} INFO - [2026-07-04T13:41:17.661+0000] {dag.py:4180} INFO - Setting next_dagrun for shopbrasil_panorama_precos to 2026-07-04 09:00:00+00:00, run_after=2026-07-04 09:00:00+00:00
[2026-07-04T13:41:17.691+0000] {processor.py:208} INFO - Processing /opt/airflow/dags/shopbrasil_panorama_precos.py took 0.168 seconds
[2026-07-04T13:41:48.203+0000] {processor.py:186} INFO - Started process (PID=783) to work on /opt/airflow/dags/shopbrasil_panorama_precos.py
[2026-07-04T13:41:48.205+0000] {processor.py:914} INFO - Processing file /opt/airflow/dags/shopbrasil_panorama_precos.py for tasks to queue
[2026-07-04T13:41:48.214+0000] {logging_mixin.py:190} INFO - [2026-07-04T13:41:48.213+0000] {dagbag.py:588} INFO - Filling up the DagBag from /opt/airflow/dags/shopbrasil_panorama_precos.py
[2026-07-04T13:41:48.260+0000] {processor.py:925} INFO - DAG(s) 'shopbrasil_panorama_precos' retrieved from /opt/airflow/dags/shopbrasil_panorama_precos.py
[2026-07-04T13:41:48.316+0000] {logging_mixin.py:190} INFO - [2026-07-04T13:41:48.316+0000] {dag.py:3239} INFO - Sync 1 DAGs
[2026-07-04T13:41:48.357+0000] {logging_mixin.py:190} INFO - [2026-07-04T13:41:48.356+0000] {dag.py:4180} INFO - Setting next_dagrun for shopbrasil_panorama_precos to 2026-07-04 09:00:00+00:00, run_after=2026-07-04 09:00:00+00:00
[2026-07-04T13:41:48.409+0000] {processor.py:208} INFO - Processing /opt/airflow/dags/shopbrasil_panorama_precos.py took 0.225 seconds
[2026-07-04T13:42:18.872+0000] {processor.py:186} INFO - Started process (PID=793) to work on /opt/airflow/dags/shopbrasil_panorama_precos.py
[2026-07-04T13:42:18.874+0000] {processor.py:914} INFO - Processing file /opt/airflow/dags/shopbrasil_panorama_precos.py for tasks to queue
[2026-07-04T13:42:18.879+0000] {logging_mixin.py:190} INFO - [2026-07-04T13:42:18.878+0000] {dagbag.py:588} INFO - Filling up the DagBag from /opt/airflow/dags/shopbrasil_panorama_precos.py
[2026-07-04T13:42:18.906+0000] {processor.py:925} INFO - DAG(s) 'shopbrasil_panorama_precos' retrieved from /opt/airflow/dags/shopbrasil_panorama_precos.py
[2026-07-04T13:42:18.970+0000] {logging_mixin.py:190} INFO - [2026-07-04T13:42:18.970+0000] {dag.py:3239} INFO - Sync 1 DAGs
[2026-07-04T13:42:19.027+0000] {logging_mixin.py:190} INFO - [2026-07-04T13:42:19.027+0000] {dag.py:4180} INFO - Setting next_dagrun for shopbrasil_panorama_precos to 2026-07-04 09:00:00+00:00, run_after=2026-07-04 09:00:00+00:00
[2026-07-04T13:42:19.067+0000] {processor.py:208} INFO - Processing /opt/airflow/dags/shopbrasil_panorama_precos.py took 0.209 seconds
[2026-07-04T13:42:49.697+0000] {processor.py:186} INFO - Started process (PID=798) to work on /opt/airflow/dags/shopbrasil_panorama_precos.py
[2026-07-04T13:42:49.700+0000] {processor.py:914} INFO - Processing file /opt/airflow/dags/shopbrasil_panorama_precos.py for tasks to queue
[2026-07-04T13:42:49.706+0000] {logging_mixin.py:190} INFO - [2026-07-04T13:42:49.705+0000] {dagbag.py:588} INFO - Filling up the DagBag from /opt/airflow/dags/shopbrasil_panorama_precos.py
[2026-07-04T13:42:49.756+0000] {processor.py:925} INFO - DAG(s) 'shopbrasil_panorama_precos' retrieved from /opt/airflow/dags/shopbrasil_panorama_precos.py
[2026-07-04T13:42:49.898+0000] {logging_mixin.py:190} INFO - [2026-07-04T13:42:49.897+0000] {dag.py:3239} INFO - Sync 1 DAGs
[2026-07-04T13:42:50.111+0000] {logging_mixin.py:190} INFO - [2026-07-04T13:42:50.097+0000] {dag.py:4180} INFO - Setting next_dagrun for shopbrasil_panorama_precos to 2026-07-04 09:00:00+00:00, run_after=2026-07-04 09:00:00+00:00
[2026-07-04T13:42:50.232+0000] {processor.py:208} INFO - Processing /opt/airflow/dags/shopbrasil_panorama_precos.py took 0.549 seconds
[2026-07-04T13:43:20.698+0000] {processor.py:186} INFO - Started process (PID=809) to work on /opt/airflow/dags/shopbrasil_panorama_precos.py
[2026-07-04T13:43:20.700+0000] {processor.py:914} INFO - Processing file /opt/airflow/dags/shopbrasil_panorama_precos.py for tasks to queue
[2026-07-04T13:43:20.706+0000] {logging_mixin.py:190} INFO - [2026-07-04T13:43:20.705+0000] {dagbag.py:588} INFO - Filling up the DagBag from /opt/airflow/dags/shopbrasil_panorama_precos.py
[2026-07-04T13:43:20.728+0000] {processor.py:925} INFO - DAG(s) 'shopbrasil_panorama_precos' retrieved from /opt/airflow/dags/shopbrasil_panorama_precos.py
[2026-07-04T13:43:20.780+0000] {logging_mixin.py:190} INFO - [2026-07-04T13:43:20.780+0000] {dag.py:3239} INFO - Sync 1 DAGs
[2026-07-04T13:43:20.843+0000] {logging_mixin.py:190} INFO - [2026-07-04T13:43:20.843+0000] {dag.py:4180} INFO - Setting next_dagrun for shopbrasil_panorama_precos to 2026-07-04 09:00:00+00:00, run_after=2026-07-04 09:00:00+00:00
[2026-07-04T13:43:20.879+0000] {processor.py:208} INFO - Processing /opt/airflow/dags/shopbrasil_panorama_precos.py took 0.196 seconds
[2026-07-04T13:43:51.378+0000] {processor.py:186} INFO - Started process (PID=821) to work on /opt/airflow/dags/shopbrasil_panorama_precos.py
[2026-07-04T13:43:51.382+0000] {processor.py:914} INFO - Processing file /opt/airflow/dags/shopbrasil_panorama_precos.py for tasks to queue
[2026-07-04T13:43:51.387+0000] {logging_mixin.py:190} INFO - [2026-07-04T13:43:51.386+0000] {dagbag.py:588} INFO - Filling up the DagBag from /opt/airflow/dags/shopbrasil_panorama_precos.py
[2026-07-04T13:43:51.433+0000] {processor.py:925} INFO - DAG(s) 'shopbrasil_panorama_precos' retrieved from /opt/airflow/dags/shopbrasil_panorama_precos.py
[2026-07-04T13:43:51.520+0000] {logging_mixin.py:190} INFO - [2026-07-04T13:43:51.519+0000] {dag.py:3239} INFO - Sync 1 DAGs
[2026-07-04T13:43:51.594+0000] {logging_mixin.py:190} INFO - [2026-07-04T13:43:51.593+0000] {dag.py:4180} INFO - Setting next_dagrun for shopbrasil_panorama_precos to 2026-07-04 09:00:00+00:00, run_after=2026-07-04 09:00:00+00:00
[2026-07-04T13:43:51.647+0000] {processor.py:208} INFO - Processing /opt/airflow/dags/shopbrasil_panorama_precos.py took 0.283 seconds
[2026-07-04T13:44:22.185+0000] {processor.py:186} INFO - Started process (PID=831) to work on /opt/airflow/dags/shopbrasil_panorama_precos.py
[2026-07-04T13:44:22.187+0000] {processor.py:914} INFO - Processing file /opt/airflow/dags/shopbrasil_panorama_precos.py for tasks to queue
[2026-07-04T13:44:22.192+0000] {logging_mixin.py:190} INFO - [2026-07-04T13:44:22.191+0000] {dagbag.py:588} INFO - Filling up the DagBag from /opt/airflow/dags/shopbrasil_panorama_precos.py
[2026-07-04T13:44:22.231+0000] {processor.py:925} INFO - DAG(s) 'shopbrasil_panorama_precos' retrieved from /opt/airflow/dags/shopbrasil_panorama_precos.py
[2026-07-04T13:44:22.303+0000] {logging_mixin.py:190} INFO - [2026-07-04T13:44:22.303+0000] {dag.py:3239} INFO - Sync 1 DAGs
[2026-07-04T13:44:22.369+0000] {logging_mixin.py:190} INFO - [2026-07-04T13:44:22.368+0000] {dag.py:4180} INFO - Setting next_dagrun for shopbrasil_panorama_precos to 2026-07-04 09:00:00+00:00, run_after=2026-07-04 09:00:00+00:00
[2026-07-04T13:44:22.418+0000] {processor.py:208} INFO - Processing /opt/airflow/dags/shopbrasil_panorama_precos.py took 0.252 seconds
[2026-07-04T13:44:52.937+0000] {processor.py:186} INFO - Started process (PID=842) to work on /opt/airflow/dags/shopbrasil_panorama_precos.py
[2026-07-04T13:44:53.025+0000] {processor.py:914} INFO - Processing file /opt/airflow/dags/shopbrasil_panorama_precos.py for tasks to queue
[2026-07-04T13:44:53.036+0000] {logging_mixin.py:190} INFO - [2026-07-04T13:44:53.034+0000] {dagbag.py:588} INFO - Filling up the DagBag from /opt/airflow/dags/shopbrasil_panorama_precos.py
[2026-07-04T13:44:53.087+0000] {processor.py:925} INFO - DAG(s) 'shopbrasil_panorama_precos' retrieved from /opt/airflow/dags/shopbrasil_panorama_precos.py
[2026-07-04T13:44:53.143+0000] {logging_mixin.py:190} INFO - [2026-07-04T13:44:53.143+0000] {dag.py:3239} INFO - Sync 1 DAGs
[2026-07-04T13:44:53.185+0000] {logging_mixin.py:190} INFO - [2026-07-04T13:44:53.185+0000] {dag.py:4180} INFO - Setting next_dagrun for shopbrasil_panorama_precos to 2026-07-04 09:00:00+00:00, run_after=2026-07-04 09:00:00+00:00
[2026-07-04T13:44:53.227+0000] {processor.py:208} INFO - Processing /opt/airflow/dags/shopbrasil_panorama_precos.py took 0.300 seconds
[2026-07-04T13:45:23.503+0000] {processor.py:186} INFO - Started process (PID=853) to work on /opt/airflow/dags/shopbrasil_panorama_precos.py
[2026-07-04T13:45:23.506+0000] {processor.py:914} INFO - Processing file /opt/airflow/dags/shopbrasil_panorama_precos.py for tasks to queue
[2026-07-04T13:45:23.511+0000] {logging_mixin.py:190} INFO - [2026-07-04T13:45:23.511+0000] {dagbag.py:588} INFO - Filling up the DagBag from /opt/airflow/dags/shopbrasil_panorama_precos.py
[2026-07-04T13:45:23.546+0000] {processor.py:925} INFO - DAG(s) 'shopbrasil_panorama_precos' retrieved from /opt/airflow/dags/shopbrasil_panorama_precos.py
[2026-07-04T13:45:23.612+0000] {logging_mixin.py:190} INFO - [2026-07-04T13:45:23.611+0000] {dag.py:3239} INFO - Sync 1 DAGs
[2026-07-04T13:45:23.658+0000] {logging_mixin.py:190} INFO - [2026-07-04T13:45:23.658+0000] {dag.py:4180} INFO - Setting next_dagrun for shopbrasil_panorama_precos to 2026-07-04 09:00:00+00:00, run_after=2026-07-04 09:00:00+00:00
[2026-07-04T13:45:23.695+0000] {processor.py:208} INFO - Processing /opt/airflow/dags/shopbrasil_panorama_precos.py took 0.205 seconds
[2026-07-04T13:45:53.998+0000] {processor.py:186} INFO - Started process (PID=864) to work on /opt/airflow/dags/shopbrasil_panorama_precos.py
[2026-07-04T13:45:53.999+0000] {processor.py:914} INFO - Processing file /opt/airflow/dags/shopbrasil_panorama_precos.py for tasks to queue
[2026-07-04T13:45:54.002+0000] {logging_mixin.py:190} INFO - [2026-07-04T13:45:54.002+0000] {dagbag.py:588} INFO - Filling up the DagBag from /opt/airflow/dags/shopbrasil_panorama_precos.py
[2026-07-04T13:45:54.023+0000] {processor.py:925} INFO - DAG(s) 'shopbrasil_panorama_precos' retrieved from /opt/airflow/dags/shopbrasil_panorama_precos.py
[2026-07-04T13:45:54.072+0000] {logging_mixin.py:190} INFO - [2026-07-04T13:45:54.072+0000] {dag.py:3239} INFO - Sync 1 DAGs
[2026-07-04T13:45:54.120+0000] {logging_mixin.py:190} INFO - [2026-07-04T13:45:54.119+0000] {dag.py:4180} INFO - Setting next_dagrun for shopbrasil_panorama_precos to 2026-07-04 09:00:00+00:00, run_after=2026-07-04 09:00:00+00:00
[2026-07-04T13:45:54.155+0000] {processor.py:208} INFO - Processing /opt/airflow/dags/shopbrasil_panorama_precos.py took 0.166 seconds
[2026-07-04T13:46:24.476+0000] {processor.py:186} INFO - Started process (PID=874) to work on /opt/airflow/dags/shopbrasil_panorama_precos.py
[2026-07-04T13:46:24.479+0000] {processor.py:914} INFO - Processing file /opt/airflow/dags/shopbrasil_panorama_precos.py for tasks to queue
[2026-07-04T13:46:24.487+0000] {logging_mixin.py:190} INFO - [2026-07-04T13:46:24.486+0000] {dagbag.py:588} INFO - Filling up the DagBag from /opt/airflow/dags/shopbrasil_panorama_precos.py
[2026-07-04T13:46:24.521+0000] {processor.py:925} INFO - DAG(s) 'shopbrasil_panorama_precos' retrieved from /opt/airflow/dags/shopbrasil_panorama_precos.py
[2026-07-04T13:46:24.591+0000] {logging_mixin.py:190} INFO - [2026-07-04T13:46:24.590+0000] {dag.py:3239} INFO - Sync 1 DAGs
[2026-07-04T13:46:24.649+0000] {logging_mixin.py:190} INFO - [2026-07-04T13:46:24.648+0000] {dag.py:4180} INFO - Setting next_dagrun for shopbrasil_panorama_precos to 2026-07-04 09:00:00+00:00, run_after=2026-07-04 09:00:00+00:00
[2026-07-04T13:46:24.691+0000] {processor.py:208} INFO - Processing /opt/airflow/dags/shopbrasil_panorama_precos.py took 0.230 seconds
[2026-07-04T13:46:55.138+0000] {processor.py:186} INFO - Started process (PID=879) to work on /opt/airflow/dags/shopbrasil_panorama_precos.py
[2026-07-04T13:46:55.140+0000] {processor.py:914} INFO - Processing file /opt/airflow/dags/shopbrasil_panorama_precos.py for tasks to queue
[2026-07-04T13:46:55.144+0000] {logging_mixin.py:190} INFO - [2026-07-04T13:46:55.144+0000] {dagbag.py:588} INFO - Filling up the DagBag from /opt/airflow/dags/shopbrasil_panorama_precos.py
[2026-07-04T13:46:55.173+0000] {processor.py:925} INFO - DAG(s) 'shopbrasil_panorama_precos' retrieved from /opt/airflow/dags/shopbrasil_panorama_precos.py
[2026-07-04T13:46:55.232+0000] {logging_mixin.py:190} INFO - [2026-07-04T13:46:55.232+0000] {dag.py:3239} INFO - Sync 1 DAGs
[2026-07-04T13:46:55.322+0000] {logging_mixin.py:190} INFO - [2026-07-04T13:46:55.322+0000] {dag.py:4180} INFO - Setting next_dagrun for shopbrasil_panorama_precos to 2026-07-04 09:00:00+00:00, run_after=2026-07-04 09:00:00+00:00
[2026-07-04T13:46:55.371+0000] {processor.py:208} INFO - Processing /opt/airflow/dags/shopbrasil_panorama_precos.py took 0.246 seconds
[2026-07-04T13:47:25.851+0000] {processor.py:186} INFO - Started process (PID=890) to work on /opt/airflow/dags/shopbrasil_panorama_precos.py
[2026-07-04T13:47:25.941+0000] {processor.py:914} INFO - Processing file /opt/airflow/dags/shopbrasil_panorama_precos.py for tasks to queue
[2026-07-04T13:47:25.949+0000] {logging_mixin.py:190} INFO - [2026-07-04T13:47:25.948+0000] {dagbag.py:588} INFO - Filling up the DagBag from /opt/airflow/dags/shopbrasil_panorama_precos.py
[2026-07-04T13:47:25.984+0000] {processor.py:925} INFO - DAG(s) 'shopbrasil_panorama_precos' retrieved from /opt/airflow/dags/shopbrasil_panorama_precos.py
[2026-07-04T13:47:26.038+0000] {logging_mixin.py:190} INFO - [2026-07-04T13:47:26.038+0000] {dag.py:3239} INFO - Sync 1 DAGs
[2026-07-04T13:47:26.083+0000] {logging_mixin.py:190} INFO - [2026-07-04T13:47:26.083+0000] {dag.py:4180} INFO - Setting next_dagrun for shopbrasil_panorama_precos to 2026-07-04 09:00:00+00:00, run_after=2026-07-04 09:00:00+00:00
[2026-07-04T13:47:26.119+0000] {processor.py:208} INFO - Processing /opt/airflow/dags/shopbrasil_panorama_precos.py took 0.277 seconds
[2026-07-04T13:47:56.211+0000] {processor.py:186} INFO - Started process (PID=901) to work on /opt/airflow/dags/shopbrasil_panorama_precos.py
[2026-07-04T13:47:56.212+0000] {processor.py:914} INFO - Processing file /opt/airflow/dags/shopbrasil_panorama_precos.py for tasks to queue
[2026-07-04T13:47:56.217+0000] {logging_mixin.py:190} INFO - [2026-07-04T13:47:56.216+0000] {dagbag.py:588} INFO - Filling up the DagBag from /opt/airflow/dags/shopbrasil_panorama_precos.py
[2026-07-04T13:47:56.244+0000] {processor.py:925} INFO - DAG(s) 'shopbrasil_panorama_precos' retrieved from /opt/airflow/dags/shopbrasil_panorama_precos.py
[2026-07-04T13:47:56.310+0000] {logging_mixin.py:190} INFO - [2026-07-04T13:47:56.310+0000] {dag.py:3239} INFO - Sync 1 DAGs
[2026-07-04T13:47:56.387+0000] {logging_mixin.py:190} INFO - [2026-07-04T13:47:56.387+0000] {dag.py:4180} INFO - Setting next_dagrun for shopbrasil_panorama_precos to 2026-07-04 09:00:00+00:00, run_after=2026-07-04 09:00:00+00:00
[2026-07-04T13:47:56.418+0000] {processor.py:208} INFO - Processing /opt/airflow/dags/shopbrasil_panorama_precos.py took 0.228 seconds
[2026-07-04T13:48:26.940+0000] {processor.py:186} INFO - Started process (PID=912) to work on /opt/airflow/dags/shopbrasil_panorama_precos.py
[2026-07-04T13:48:27.037+0000] {processor.py:914} INFO - Processing file /opt/airflow/dags/shopbrasil_panorama_precos.py for tasks to queue
[2026-07-04T13:48:27.049+0000] {logging_mixin.py:190} INFO - [2026-07-04T13:48:27.048+0000] {dagbag.py:588} INFO - Filling up the DagBag from /opt/airflow/dags/shopbrasil_panorama_precos.py
[2026-07-04T13:48:27.098+0000] {processor.py:925} INFO - DAG(s) 'shopbrasil_panorama_precos' retrieved from /opt/airflow/dags/shopbrasil_panorama_precos.py
[2026-07-04T13:48:27.199+0000] {logging_mixin.py:190} INFO - [2026-07-04T13:48:27.199+0000] {dag.py:3239} INFO - Sync 1 DAGs
[2026-07-04T13:48:27.250+0000] {logging_mixin.py:190} INFO - [2026-07-04T13:48:27.250+0000] {dag.py:4180} INFO - Setting next_dagrun for shopbrasil_panorama_precos to 2026-07-04 09:00:00+00:00, run_after=2026-07-04 09:00:00+00:00
[2026-07-04T13:48:27.289+0000] {processor.py:208} INFO - Processing /opt/airflow/dags/shopbrasil_panorama_precos.py took 0.363 seconds
[2026-07-04T13:48:57.761+0000] {processor.py:186} INFO - Started process (PID=923) to work on /opt/airflow/dags/shopbrasil_panorama_precos.py
[2026-07-04T13:48:57.762+0000] {processor.py:914} INFO - Processing file /opt/airflow/dags/shopbrasil_panorama_precos.py for tasks to queue
[2026-07-04T13:48:57.766+0000] {logging_mixin.py:190} INFO - [2026-07-04T13:48:57.766+0000] {dagbag.py:588} INFO - Filling up the DagBag from /opt/airflow/dags/shopbrasil_panorama_precos.py
[2026-07-04T13:48:57.793+0000] {processor.py:925} INFO - DAG(s) 'shopbrasil_panorama_precos' retrieved from /opt/airflow/dags/shopbrasil_panorama_precos.py
[2026-07-04T13:48:57.854+0000] {logging_mixin.py:190} INFO - [2026-07-04T13:48:57.854+0000] {dag.py:3239} INFO - Sync 1 DAGs
[2026-07-04T13:48:57.895+0000] {logging_mixin.py:190} INFO - [2026-07-04T13:48:57.895+0000] {dag.py:4180} INFO - Setting next_dagrun for shopbrasil_panorama_precos to 2026-07-04 09:00:00+00:00, run_after=2026-07-04 09:00:00+00:00
[2026-07-04T13:48:57.931+0000] {processor.py:208} INFO - Processing /opt/airflow/dags/shopbrasil_panorama_precos.py took 0.180 seconds
[2026-07-04T13:49:28.224+0000] {processor.py:186} INFO - Started process (PID=934) to work on /opt/airflow/dags/shopbrasil_panorama_precos.py
[2026-07-04T13:49:28.226+0000] {processor.py:914} INFO - Processing file /opt/airflow/dags/shopbrasil_panorama_precos.py for tasks to queue
[2026-07-04T13:49:28.231+0000] {logging_mixin.py:190} INFO - [2026-07-04T13:49:28.230+0000] {dagbag.py:588} INFO - Filling up the DagBag from /opt/airflow/dags/shopbrasil_panorama_precos.py
[2026-07-04T13:49:28.260+0000] {processor.py:925} INFO - DAG(s) 'shopbrasil_panorama_precos' retrieved from /opt/airflow/dags/shopbrasil_panorama_precos.py
[2026-07-04T13:49:28.335+0000] {logging_mixin.py:190} INFO - [2026-07-04T13:49:28.335+0000] {dag.py:3239} INFO - Sync 1 DAGs
[2026-07-04T13:49:28.395+0000] {logging_mixin.py:190} INFO - [2026-07-04T13:49:28.395+0000] {dag.py:4180} INFO - Setting next_dagrun for shopbrasil_panorama_precos to 2026-07-04 09:00:00+00:00, run_after=2026-07-04 09:00:00+00:00
[2026-07-04T13:49:28.435+0000] {processor.py:208} INFO - Processing /opt/airflow/dags/shopbrasil_panorama_precos.py took 0.224 seconds
[2026-07-04T13:49:58.747+0000] {processor.py:186} INFO - Started process (PID=945) to work on /opt/airflow/dags/shopbrasil_panorama_precos.py
[2026-07-04T13:49:58.748+0000] {processor.py:914} INFO - Processing file /opt/airflow/dags/shopbrasil_panorama_precos.py for tasks to queue
[2026-07-04T13:49:58.752+0000] {logging_mixin.py:190} INFO - [2026-07-04T13:49:58.751+0000] {dagbag.py:588} INFO - Filling up the DagBag from /opt/airflow/dags/shopbrasil_panorama_precos.py
[2026-07-04T13:49:58.779+0000] {processor.py:925} INFO - DAG(s) 'shopbrasil_panorama_precos' retrieved from /opt/airflow/dags/shopbrasil_panorama_precos.py
[2026-07-04T13:49:58.867+0000] {logging_mixin.py:190} INFO - [2026-07-04T13:49:58.866+0000] {dag.py:3239} INFO - Sync 1 DAGs
[2026-07-04T13:49:58.909+0000] {logging_mixin.py:190} INFO - [2026-07-04T13:49:58.909+0000] {dag.py:4180} INFO - Setting next_dagrun for shopbrasil_panorama_precos to 2026-07-04 09:00:00+00:00, run_after=2026-07-04 09:00:00+00:00
[2026-07-04T13:49:58.948+0000] {processor.py:208} INFO - Processing /opt/airflow/dags/shopbrasil_panorama_precos.py took 0.213 seconds
[2026-07-04T13:50:29.517+0000] {processor.py:186} INFO - Started process (PID=955) to work on /opt/airflow/dags/shopbrasil_panorama_precos.py
[2026-07-04T13:50:29.520+0000] {processor.py:914} INFO - Processing file /opt/airflow/dags/shopbrasil_panorama_precos.py for tasks to queue
[2026-07-04T13:50:29.525+0000] {logging_mixin.py:190} INFO - [2026-07-04T13:50:29.524+0000] {dagbag.py:588} INFO - Filling up the DagBag from /opt/airflow/dags/shopbrasil_panorama_precos.py
[2026-07-04T13:50:29.551+0000] {processor.py:925} INFO - DAG(s) 'shopbrasil_panorama_precos' retrieved from /opt/airflow/dags/shopbrasil_panorama_precos.py
[2026-07-04T13:50:29.628+0000] {logging_mixin.py:190} INFO - [2026-07-04T13:50:29.628+0000] {dag.py:3239} INFO - Sync 1 DAGs
[2026-07-04T13:50:29.699+0000] {logging_mixin.py:190} INFO - [2026-07-04T13:50:29.698+0000] {dag.py:4180} INFO - Setting next_dagrun for shopbrasil_panorama_precos to 2026-07-04 09:00:00+00:00, run_after=2026-07-04 09:00:00+00:00
[2026-07-04T13:50:29.741+0000] {processor.py:208} INFO - Processing /opt/airflow/dags/shopbrasil_panorama_precos.py took 0.241 seconds
[2026-07-04T13:51:00.228+0000] {processor.py:186} INFO - Started process (PID=960) to work on /opt/airflow/dags/shopbrasil_panorama_precos.py
[2026-07-04T13:51:00.230+0000] {processor.py:914} INFO - Processing file /opt/airflow/dags/shopbrasil_panorama_precos.py for tasks to queue
[2026-07-04T13:51:00.235+0000] {logging_mixin.py:190} INFO - [2026-07-04T13:51:00.234+0000] {dagbag.py:588} INFO - Filling up the DagBag from /opt/airflow/dags/shopbrasil_panorama_precos.py
[2026-07-04T13:51:00.257+0000] {processor.py:925} INFO - DAG(s) 'shopbrasil_panorama_precos' retrieved from /opt/airflow/dags/shopbrasil_panorama_precos.py
[2026-07-04T13:51:00.311+0000] {logging_mixin.py:190} INFO - [2026-07-04T13:51:00.311+0000] {dag.py:3239} INFO - Sync 1 DAGs
[2026-07-04T13:51:00.375+0000] {logging_mixin.py:190} INFO - [2026-07-04T13:51:00.375+0000] {dag.py:4180} INFO - Setting next_dagrun for shopbrasil_panorama_precos to 2026-07-04 09:00:00+00:00, run_after=2026-07-04 09:00:00+00:00
[2026-07-04T13:51:00.404+0000] {processor.py:208} INFO - Processing /opt/airflow/dags/shopbrasil_panorama_precos.py took 0.192 seconds
[2026-07-04T13:51:30.909+0000] {processor.py:186} INFO - Started process (PID=971) to work on /opt/airflow/dags/shopbrasil_panorama_precos.py
[2026-07-04T13:51:30.911+0000] {processor.py:914} INFO - Processing file /opt/airflow/dags/shopbrasil_panorama_precos.py for tasks to queue
[2026-07-04T13:51:30.915+0000] {logging_mixin.py:190} INFO - [2026-07-04T13:51:30.914+0000] {dagbag.py:588} INFO - Filling up the DagBag from /opt/airflow/dags/shopbrasil_panorama_precos.py
[2026-07-04T13:51:30.940+0000] {processor.py:925} INFO - DAG(s) 'shopbrasil_panorama_precos' retrieved from /opt/airflow/dags/shopbrasil_panorama_precos.py
[2026-07-04T13:51:30.987+0000] {logging_mixin.py:190} INFO - [2026-07-04T13:51:30.987+0000] {dag.py:3239} INFO - Sync 1 DAGs
[2026-07-04T13:51:31.031+0000] {logging_mixin.py:190} INFO - [2026-07-04T13:51:31.031+0000] {dag.py:4180} INFO - Setting next_dagrun for shopbrasil_panorama_precos to 2026-07-04 09:00:00+00:00, run_after=2026-07-04 09:00:00+00:00
[2026-07-04T13:51:31.061+0000] {processor.py:208} INFO - Processing /opt/airflow/dags/shopbrasil_panorama_precos.py took 0.161 seconds
[2026-07-04T13:52:01.390+0000] {processor.py:186} INFO - Started process (PID=982) to work on /opt/airflow/dags/shopbrasil_panorama_precos.py
[2026-07-04T13:52:01.392+0000] {processor.py:914} INFO - Processing file /opt/airflow/dags/shopbrasil_panorama_precos.py for tasks to queue
[2026-07-04T13:52:01.395+0000] {logging_mixin.py:190} INFO - [2026-07-04T13:52:01.395+0000] {dagbag.py:588} INFO - Filling up the DagBag from /opt/airflow/dags/shopbrasil_panorama_precos.py
[2026-07-04T13:52:01.417+0000] {processor.py:925} INFO - DAG(s) 'shopbrasil_panorama_precos' retrieved from /opt/airflow/dags/shopbrasil_panorama_precos.py
[2026-07-04T13:52:01.471+0000] {logging_mixin.py:190} INFO - [2026-07-04T13:52:01.470+0000] {dag.py:3239} INFO - Sync 1 DAGs
[2026-07-04T13:52:01.513+0000] {logging_mixin.py:190} INFO - [2026-07-04T13:52:01.513+0000] {dag.py:4180} INFO - Setting next_dagrun for shopbrasil_panorama_precos to 2026-07-04 09:00:00+00:00, run_after=2026-07-04 09:00:00+00:00
[2026-07-04T13:52:01.541+0000] {processor.py:208} INFO - Processing /opt/airflow/dags/shopbrasil_panorama_precos.py took 0.164 seconds
[2026-07-04T13:52:32.050+0000] {processor.py:186} INFO - Started process (PID=993) to work on /opt/airflow/dags/shopbrasil_panorama_precos.py
[2026-07-04T13:52:32.052+0000] {processor.py:914} INFO - Processing file /opt/airflow/dags/shopbrasil_panorama_precos.py for tasks to queue
[2026-07-04T13:52:32.057+0000] {logging_mixin.py:190} INFO - [2026-07-04T13:52:32.056+0000] {dagbag.py:588} INFO - Filling up the DagBag from /opt/airflow/dags/shopbrasil_panorama_precos.py
[2026-07-04T13:52:32.089+0000] {processor.py:925} INFO - DAG(s) 'shopbrasil_panorama_precos' retrieved from /opt/airflow/dags/shopbrasil_panorama_precos.py
[2026-07-04T13:52:32.172+0000] {logging_mixin.py:190} INFO - [2026-07-04T13:52:32.171+0000] {dag.py:3239} INFO - Sync 1 DAGs
[2026-07-04T13:52:32.241+0000] {logging_mixin.py:190} INFO - [2026-07-04T13:52:32.240+0000] {dag.py:4180} INFO - Setting next_dagrun for shopbrasil_panorama_precos to 2026-07-04 09:00:00+00:00, run_after=2026-07-04 09:00:00+00:00
[2026-07-04T13:52:32.281+0000] {processor.py:208} INFO - Processing /opt/airflow/dags/shopbrasil_panorama_precos.py took 0.247 seconds
[2026-07-04T13:53:02.770+0000] {processor.py:186} INFO - Started process (PID=1004) to work on /opt/airflow/dags/shopbrasil_panorama_precos.py
[2026-07-04T13:53:02.772+0000] {processor.py:914} INFO - Processing file /opt/airflow/dags/shopbrasil_panorama_precos.py for tasks to queue
[2026-07-04T13:53:02.777+0000] {logging_mixin.py:190} INFO - [2026-07-04T13:53:02.777+0000] {dagbag.py:588} INFO - Filling up the DagBag from /opt/airflow/dags/shopbrasil_panorama_precos.py
[2026-07-04T13:53:02.799+0000] {processor.py:925} INFO - DAG(s) 'shopbrasil_panorama_precos' retrieved from /opt/airflow/dags/shopbrasil_panorama_precos.py
[2026-07-04T13:53:02.848+0000] {logging_mixin.py:190} INFO - [2026-07-04T13:53:02.847+0000] {dag.py:3239} INFO - Sync 1 DAGs
[2026-07-04T13:53:02.890+0000] {logging_mixin.py:190} INFO - [2026-07-04T13:53:02.890+0000] {dag.py:4180} INFO - Setting next_dagrun for shopbrasil_panorama_precos to 2026-07-04 09:00:00+00:00, run_after=2026-07-04 09:00:00+00:00
[2026-07-04T13:53:02.921+0000] {processor.py:208} INFO - Processing /opt/airflow/dags/shopbrasil_panorama_precos.py took 0.165 seconds
[2026-07-04T13:53:33.406+0000] {processor.py:186} INFO - Started process (PID=1015) to work on /opt/airflow/dags/shopbrasil_panorama_precos.py
[2026-07-04T13:53:33.413+0000] {processor.py:914} INFO - Processing file /opt/airflow/dags/shopbrasil_panorama_precos.py for tasks to queue
[2026-07-04T13:53:33.430+0000] {logging_mixin.py:190} INFO - [2026-07-04T13:53:33.428+0000] {dagbag.py:588} INFO - Filling up the DagBag from /opt/airflow/dags/shopbrasil_panorama_precos.py
[2026-07-04T13:53:33.468+0000] {processor.py:925} INFO - DAG(s) 'shopbrasil_panorama_precos' retrieved from /opt/airflow/dags/shopbrasil_panorama_precos.py
[2026-07-04T13:53:33.527+0000] {logging_mixin.py:190} INFO - [2026-07-04T13:53:33.526+0000] {dag.py:3239} INFO - Sync 1 DAGs
[2026-07-04T13:53:33.577+0000] {logging_mixin.py:190} INFO - [2026-07-04T13:53:33.577+0000] {dag.py:4180} INFO - Setting next_dagrun for shopbrasil_panorama_precos to 2026-07-04 09:00:00+00:00, run_after=2026-07-04 09:00:00+00:00
[2026-07-04T13:53:33.616+0000] {processor.py:208} INFO - Processing /opt/airflow/dags/shopbrasil_panorama_precos.py took 0.238 seconds
[2026-07-04T13:54:03.943+0000] {processor.py:186} INFO - Started process (PID=1026) to work on /opt/airflow/dags/shopbrasil_panorama_precos.py
[2026-07-04T13:54:03.945+0000] {processor.py:914} INFO - Processing file /opt/airflow/dags/shopbrasil_panorama_precos.py for tasks to queue
[2026-07-04T13:54:03.951+0000] {logging_mixin.py:190} INFO - [2026-07-04T13:54:03.950+0000] {dagbag.py:588} INFO - Filling up the DagBag from /opt/airflow/dags/shopbrasil_panorama_precos.py
[2026-07-04T13:54:03.988+0000] {processor.py:925} INFO - DAG(s) 'shopbrasil_panorama_precos' retrieved from /opt/airflow/dags/shopbrasil_panorama_precos.py
[2026-07-04T13:54:04.073+0000] {logging_mixin.py:190} INFO - [2026-07-04T13:54:04.073+0000] {dag.py:3239} INFO - Sync 1 DAGs
[2026-07-04T13:54:04.142+0000] {logging_mixin.py:190} INFO - [2026-07-04T13:54:04.142+0000] {dag.py:4180} INFO - Setting next_dagrun for shopbrasil_panorama_precos to 2026-07-04 09:00:00+00:00, run_after=2026-07-04 09:00:00+00:00
[2026-07-04T13:54:04.192+0000] {processor.py:208} INFO - Processing /opt/airflow/dags/shopbrasil_panorama_precos.py took 0.262 seconds
[2026-07-04T13:54:34.746+0000] {processor.py:186} INFO - Started process (PID=1036) to work on /opt/airflow/dags/shopbrasil_panorama_precos.py
[2026-07-04T13:54:34.749+0000] {processor.py:914} INFO - Processing file /opt/airflow/dags/shopbrasil_panorama_precos.py for tasks to queue
[2026-07-04T13:54:34.754+0000] {logging_mixin.py:190} INFO - [2026-07-04T13:54:34.754+0000] {dagbag.py:588} INFO - Filling up the DagBag from /opt/airflow/dags/shopbrasil_panorama_precos.py
[2026-07-04T13:54:34.787+0000] {processor.py:925} INFO - DAG(s) 'shopbrasil_panorama_precos' retrieved from /opt/airflow/dags/shopbrasil_panorama_precos.py
[2026-07-04T13:54:34.845+0000] {logging_mixin.py:190} INFO - [2026-07-04T13:54:34.844+0000] {dag.py:3239} INFO - Sync 1 DAGs
[2026-07-04T13:54:34.910+0000] {logging_mixin.py:190} INFO - [2026-07-04T13:54:34.910+0000] {dag.py:4180} INFO - Setting next_dagrun for shopbrasil_panorama_precos to 2026-07-04 09:00:00+00:00, run_after=2026-07-04 09:00:00+00:00
[2026-07-04T13:54:34.952+0000] {processor.py:208} INFO - Processing /opt/airflow/dags/shopbrasil_panorama_precos.py took 0.222 seconds
[2026-07-04T13:55:05.249+0000] {processor.py:186} INFO - Started process (PID=1041) to work on /opt/airflow/dags/shopbrasil_panorama_precos.py
[2026-07-04T13:55:05.251+0000] {processor.py:914} INFO - Processing file /opt/airflow/dags/shopbrasil_panorama_precos.py for tasks to queue
[2026-07-04T13:55:05.257+0000] {logging_mixin.py:190} INFO - [2026-07-04T13:55:05.256+0000] {dagbag.py:588} INFO - Filling up the DagBag from /opt/airflow/dags/shopbrasil_panorama_precos.py
[2026-07-04T13:55:05.296+0000] {processor.py:925} INFO - DAG(s) 'shopbrasil_panorama_precos' retrieved from /opt/airflow/dags/shopbrasil_panorama_precos.py
[2026-07-04T13:55:05.377+0000] {logging_mixin.py:190} INFO - [2026-07-04T13:55:05.376+0000] {dag.py:3239} INFO - Sync 1 DAGs
[2026-07-04T13:55:05.445+0000] {logging_mixin.py:190} INFO - [2026-07-04T13:55:05.444+0000] {dag.py:4180} INFO - Setting next_dagrun for shopbrasil_panorama_precos to 2026-07-04 09:00:00+00:00, run_after=2026-07-04 09:00:00+00:00
[2026-07-04T13:55:05.498+0000] {processor.py:208} INFO - Processing /opt/airflow/dags/shopbrasil_panorama_precos.py took 0.266 seconds
[2026-07-04T13:55:36.185+0000] {processor.py:186} INFO - Started process (PID=1052) to work on /opt/airflow/dags/shopbrasil_panorama_precos.py
[2026-07-04T13:55:36.186+0000] {processor.py:914} INFO - Processing file /opt/airflow/dags/shopbrasil_panorama_precos.py for tasks to queue
[2026-07-04T13:55:36.190+0000] {logging_mixin.py:190} INFO - [2026-07-04T13:55:36.189+0000] {dagbag.py:588} INFO - Filling up the DagBag from /opt/airflow/dags/shopbrasil_panorama_precos.py
[2026-07-04T13:55:36.213+0000] {processor.py:925} INFO - DAG(s) 'shopbrasil_panorama_precos' retrieved from /opt/airflow/dags/shopbrasil_panorama_precos.py
[2026-07-04T13:55:36.293+0000] {logging_mixin.py:190} INFO - [2026-07-04T13:55:36.292+0000] {dag.py:3239} INFO - Sync 1 DAGs
[2026-07-04T13:55:36.361+0000] {logging_mixin.py:190} INFO - [2026-07-04T13:55:36.361+0000] {dag.py:4180} INFO - Setting next_dagrun for shopbrasil_panorama_precos to 2026-07-04 09:00:00+00:00, run_after=2026-07-04 09:00:00+00:00
[2026-07-04T13:55:36.401+0000] {processor.py:208} INFO - Processing /opt/airflow/dags/shopbrasil_panorama_precos.py took 0.230 seconds
[2026-07-04T13:56:06.636+0000] {processor.py:186} INFO - Started process (PID=1063) to work on /opt/airflow/dags/shopbrasil_panorama_precos.py
[2026-07-04T13:56:06.642+0000] {processor.py:914} INFO - Processing file /opt/airflow/dags/shopbrasil_panorama_precos.py for tasks to queue
[2026-07-04T13:56:06.652+0000] {logging_mixin.py:190} INFO - [2026-07-04T13:56:06.649+0000] {dagbag.py:588} INFO - Filling up the DagBag from /opt/airflow/dags/shopbrasil_panorama_precos.py
[2026-07-04T13:56:06.701+0000] {processor.py:925} INFO - DAG(s) 'shopbrasil_panorama_precos' retrieved from /opt/airflow/dags/shopbrasil_panorama_precos.py
[2026-07-04T13:56:06.799+0000] {logging_mixin.py:190} INFO - [2026-07-04T13:56:06.797+0000] {dag.py:3239} INFO - Sync 1 DAGs
[2026-07-04T13:56:06.862+0000] {logging_mixin.py:190} INFO - [2026-07-04T13:56:06.862+0000] {dag.py:4180} INFO - Setting next_dagrun for shopbrasil_panorama_precos to 2026-07-04 09:00:00+00:00, run_after=2026-07-04 09:00:00+00:00
[2026-07-04T13:56:06.919+0000] {processor.py:208} INFO - Processing /opt/airflow/dags/shopbrasil_panorama_precos.py took 0.297 seconds
[2026-07-04T13:56:37.684+0000] {processor.py:186} INFO - Started process (PID=1074) to work on /opt/airflow/dags/shopbrasil_panorama_precos.py
[2026-07-04T13:56:37.687+0000] {processor.py:914} INFO - Processing file /opt/airflow/dags/shopbrasil_panorama_precos.py for tasks to queue
[2026-07-04T13:56:37.692+0000] {logging_mixin.py:190} INFO - [2026-07-04T13:56:37.692+0000] {dagbag.py:588} INFO - Filling up the DagBag from /opt/airflow/dags/shopbrasil_panorama_precos.py
[2026-07-04T13:56:37.726+0000] {processor.py:925} INFO - DAG(s) 'shopbrasil_panorama_precos' retrieved from /opt/airflow/dags/shopbrasil_panorama_precos.py
[2026-07-04T13:56:37.893+0000] {logging_mixin.py:190} INFO - [2026-07-04T13:56:37.893+0000] {dag.py:3239} INFO - Sync 1 DAGs
[2026-07-04T13:56:37.950+0000] {logging_mixin.py:190} INFO - [2026-07-04T13:56:37.950+0000] {dag.py:4180} INFO - Setting next_dagrun for shopbrasil_panorama_precos to 2026-07-04 09:00:00+00:00, run_after=2026-07-04 09:00:00+00:00
[2026-07-04T13:56:37.990+0000] {processor.py:208} INFO - Processing /opt/airflow/dags/shopbrasil_panorama_precos.py took 0.325 seconds
[2026-07-04T13:57:08.490+0000] {processor.py:186} INFO - Started process (PID=1085) to work on /opt/airflow/dags/shopbrasil_panorama_precos.py
[2026-07-04T13:57:08.491+0000] {processor.py:914} INFO - Processing file /opt/airflow/dags/shopbrasil_panorama_precos.py for tasks to queue
[2026-07-04T13:57:08.497+0000] {logging_mixin.py:190} INFO - [2026-07-04T13:57:08.497+0000] {dagbag.py:588} INFO - Filling up the DagBag from /opt/airflow/dags/shopbrasil_panorama_precos.py
[2026-07-04T13:57:08.532+0000] {processor.py:925} INFO - DAG(s) 'shopbrasil_panorama_precos' retrieved from /opt/airflow/dags/shopbrasil_panorama_precos.py
[2026-07-04T13:57:08.609+0000] {logging_mixin.py:190} INFO - [2026-07-04T13:57:08.609+0000] {dag.py:3239} INFO - Sync 1 DAGs
[2026-07-04T13:57:08.690+0000] {logging_mixin.py:190} INFO - [2026-07-04T13:57:08.690+0000] {dag.py:4180} INFO - Setting next_dagrun for shopbrasil_panorama_precos to 2026-07-04 09:00:00+00:00, run_after=2026-07-04 09:00:00+00:00
[2026-07-04T13:57:08.730+0000] {processor.py:208} INFO - Processing /opt/airflow/dags/shopbrasil_panorama_precos.py took 0.253 seconds
[2026-07-04T13:57:39.314+0000] {processor.py:186} INFO - Started process (PID=1095) to work on /opt/airflow/dags/shopbrasil_panorama_precos.py
[2026-07-04T13:57:39.316+0000] {processor.py:914} INFO - Processing file /opt/airflow/dags/shopbrasil_panorama_precos.py for tasks to queue
[2026-07-04T13:57:39.321+0000] {logging_mixin.py:190} INFO - [2026-07-04T13:57:39.320+0000] {dagbag.py:588} INFO - Filling up the DagBag from /opt/airflow/dags/shopbrasil_panorama_precos.py
[2026-07-04T13:57:39.362+0000] {processor.py:925} INFO - DAG(s) 'shopbrasil_panorama_precos' retrieved from /opt/airflow/dags/shopbrasil_panorama_precos.py
[2026-07-04T13:57:39.436+0000] {logging_mixin.py:190} INFO - [2026-07-04T13:57:39.435+0000] {dag.py:3239} INFO - Sync 1 DAGs
[2026-07-04T13:57:39.505+0000] {logging_mixin.py:190} INFO - [2026-07-04T13:57:39.504+0000] {dag.py:4180} INFO - Setting next_dagrun for shopbrasil_panorama_precos to 2026-07-04 09:00:00+00:00, run_after=2026-07-04 09:00:00+00:00
[2026-07-04T13:57:39.559+0000] {processor.py:208} INFO - Processing /opt/airflow/dags/shopbrasil_panorama_precos.py took 0.261 seconds
[2026-07-04T13:58:10.145+0000] {processor.py:186} INFO - Started process (PID=1100) to work on /opt/airflow/dags/shopbrasil_panorama_precos.py
[2026-07-04T13:58:10.147+0000] {processor.py:914} INFO - Processing file /opt/airflow/dags/shopbrasil_panorama_precos.py for tasks to queue
[2026-07-04T13:58:10.152+0000] {logging_mixin.py:190} INFO - [2026-07-04T13:58:10.151+0000] {dagbag.py:588} INFO - Filling up the DagBag from /opt/airflow/dags/shopbrasil_panorama_precos.py
[2026-07-04T13:58:10.186+0000] {processor.py:925} INFO - DAG(s) 'shopbrasil_panorama_precos' retrieved from /opt/airflow/dags/shopbrasil_panorama_precos.py
[2026-07-04T13:58:10.271+0000] {logging_mixin.py:190} INFO - [2026-07-04T13:58:10.271+0000] {dag.py:3239} INFO - Sync 1 DAGs
[2026-07-04T13:58:10.341+0000] {logging_mixin.py:190} INFO - [2026-07-04T13:58:10.340+0000] {dag.py:4180} INFO - Setting next_dagrun for shopbrasil_panorama_precos to 2026-07-04 09:00:00+00:00, run_after=2026-07-04 09:00:00+00:00
[2026-07-04T13:58:10.383+0000] {processor.py:208} INFO - Processing /opt/airflow/dags/shopbrasil_panorama_precos.py took 0.254 seconds
[2026-07-04T13:58:40.726+0000] {processor.py:186} INFO - Started process (PID=1110) to work on /opt/airflow/dags/shopbrasil_panorama_precos.py
[2026-07-04T13:58:40.729+0000] {processor.py:914} INFO - Processing file /opt/airflow/dags/shopbrasil_panorama_precos.py for tasks to queue
[2026-07-04T13:58:40.734+0000] {logging_mixin.py:190} INFO - [2026-07-04T13:58:40.733+0000] {dagbag.py:588} INFO - Filling up the DagBag from /opt/airflow/dags/shopbrasil_panorama_precos.py
[2026-07-04T13:58:40.799+0000] {processor.py:925} INFO - DAG(s) 'shopbrasil_panorama_precos' retrieved from /opt/airflow/dags/shopbrasil_panorama_precos.py
[2026-07-04T13:58:40.902+0000] {logging_mixin.py:190} INFO - [2026-07-04T13:58:40.901+0000] {dag.py:3239} INFO - Sync 1 DAGs
[2026-07-04T13:58:41.003+0000] {logging_mixin.py:190} INFO - [2026-07-04T13:58:41.003+0000] {dag.py:4180} INFO - Setting next_dagrun for shopbrasil_panorama_precos to 2026-07-04 09:00:00+00:00, run_after=2026-07-04 09:00:00+00:00
[2026-07-04T13:58:41.057+0000] {processor.py:208} INFO - Processing /opt/airflow/dags/shopbrasil_panorama_precos.py took 0.349 seconds
[2026-07-04T13:59:11.579+0000] {processor.py:186} INFO - Started process (PID=1122) to work on /opt/airflow/dags/shopbrasil_panorama_precos.py
[2026-07-04T13:59:11.581+0000] {processor.py:914} INFO - Processing file /opt/airflow/dags/shopbrasil_panorama_precos.py for tasks to queue
[2026-07-04T13:59:11.586+0000] {logging_mixin.py:190} INFO - [2026-07-04T13:59:11.585+0000] {dagbag.py:588} INFO - Filling up the DagBag from /opt/airflow/dags/shopbrasil_panorama_precos.py
[2026-07-04T13:59:11.619+0000] {processor.py:925} INFO - DAG(s) 'shopbrasil_panorama_precos' retrieved from /opt/airflow/dags/shopbrasil_panorama_precos.py
[2026-07-04T13:59:11.693+0000] {logging_mixin.py:190} INFO - [2026-07-04T13:59:11.692+0000] {dag.py:3239} INFO - Sync 1 DAGs
[2026-07-04T13:59:11.771+0000] {logging_mixin.py:190} INFO - [2026-07-04T13:59:11.770+0000] {dag.py:4180} INFO - Setting next_dagrun for shopbrasil_panorama_precos to 2026-07-04 09:00:00+00:00, run_after=2026-07-04 09:00:00+00:00
[2026-07-04T13:59:11.824+0000] {processor.py:208} INFO - Processing /opt/airflow/dags/shopbrasil_panorama_precos.py took 0.264 seconds
[2026-07-04T13:59:42.394+0000] {processor.py:186} INFO - Started process (PID=1133) to work on /opt/airflow/dags/shopbrasil_panorama_precos.py
[2026-07-04T13:59:42.397+0000] {processor.py:914} INFO - Processing file /opt/airflow/dags/shopbrasil_panorama_precos.py for tasks to queue
[2026-07-04T13:59:42.405+0000] {logging_mixin.py:190} INFO - [2026-07-04T13:59:42.403+0000] {dagbag.py:588} INFO - Filling up the DagBag from /opt/airflow/dags/shopbrasil_panorama_precos.py
[2026-07-04T13:59:42.439+0000] {processor.py:925} INFO - DAG(s) 'shopbrasil_panorama_precos' retrieved from /opt/airflow/dags/shopbrasil_panorama_precos.py
[2026-07-04T13:59:42.521+0000] {logging_mixin.py:190} INFO - [2026-07-04T13:59:42.521+0000] {dag.py:3239} INFO - Sync 1 DAGs
[2026-07-04T13:59:42.596+0000] {logging_mixin.py:190} INFO - [2026-07-04T13:59:42.595+0000] {dag.py:4180} INFO - Setting next_dagrun for shopbrasil_panorama_precos to 2026-07-04 09:00:00+00:00, run_after=2026-07-04 09:00:00+00:00
[2026-07-04T13:59:42.638+0000] {processor.py:208} INFO - Processing /opt/airflow/dags/shopbrasil_panorama_precos.py took 0.262 seconds
[2026-07-04T14:00:13.159+0000] {processor.py:186} INFO - Started process (PID=1144) to work on /opt/airflow/dags/shopbrasil_panorama_precos.py
[2026-07-04T14:00:13.162+0000] {processor.py:914} INFO - Processing file /opt/airflow/dags/shopbrasil_panorama_precos.py for tasks to queue
[2026-07-04T14:00:13.166+0000] {logging_mixin.py:190} INFO - [2026-07-04T14:00:13.166+0000] {dagbag.py:588} INFO - Filling up the DagBag from /opt/airflow/dags/shopbrasil_panorama_precos.py
[2026-07-04T14:00:13.200+0000] {processor.py:925} INFO - DAG(s) 'shopbrasil_panorama_precos' retrieved from /opt/airflow/dags/shopbrasil_panorama_precos.py
[2026-07-04T14:00:13.286+0000] {logging_mixin.py:190} INFO - [2026-07-04T14:00:13.285+0000] {dag.py:3239} INFO - Sync 1 DAGs
[2026-07-04T14:00:13.342+0000] {logging_mixin.py:190} INFO - [2026-07-04T14:00:13.341+0000] {dag.py:4180} INFO - Setting next_dagrun for shopbrasil_panorama_precos to 2026-07-04 09:00:00+00:00, run_after=2026-07-04 09:00:00+00:00
[2026-07-04T14:00:13.391+0000] {processor.py:208} INFO - Processing /opt/airflow/dags/shopbrasil_panorama_precos.py took 0.244 seconds
[2026-07-04T14:00:43.897+0000] {processor.py:186} INFO - Started process (PID=1155) to work on /opt/airflow/dags/shopbrasil_panorama_precos.py
[2026-07-04T14:00:43.899+0000] {processor.py:914} INFO - Processing file /opt/airflow/dags/shopbrasil_panorama_precos.py for tasks to queue
[2026-07-04T14:00:43.905+0000] {logging_mixin.py:190} INFO - [2026-07-04T14:00:43.904+0000] {dagbag.py:588} INFO - Filling up the DagBag from /opt/airflow/dags/shopbrasil_panorama_precos.py
[2026-07-04T14:00:43.947+0000] {processor.py:925} INFO - DAG(s) 'shopbrasil_panorama_precos' retrieved from /opt/airflow/dags/shopbrasil_panorama_precos.py
[2026-07-04T14:00:44.024+0000] {logging_mixin.py:190} INFO - [2026-07-04T14:00:44.023+0000] {dag.py:3239} INFO - Sync 1 DAGs
[2026-07-04T14:00:44.111+0000] {logging_mixin.py:190} INFO - [2026-07-04T14:00:44.111+0000] {dag.py:4180} INFO - Setting next_dagrun for shopbrasil_panorama_precos to 2026-07-04 09:00:00+00:00, run_after=2026-07-04 09:00:00+00:00
[2026-07-04T14:00:44.155+0000] {processor.py:208} INFO - Processing /opt/airflow/dags/shopbrasil_panorama_precos.py took 0.272 seconds
[2026-07-04T14:01:14.690+0000] {processor.py:186} INFO - Started process (PID=1166) to work on /opt/airflow/dags/shopbrasil_panorama_precos.py
[2026-07-04T14:01:14.692+0000] {processor.py:914} INFO - Processing file /opt/airflow/dags/shopbrasil_panorama_precos.py for tasks to queue
[2026-07-04T14:01:14.696+0000] {logging_mixin.py:190} INFO - [2026-07-04T14:01:14.695+0000] {dagbag.py:588} INFO - Filling up the DagBag from /opt/airflow/dags/shopbrasil_panorama_precos.py
[2026-07-04T14:01:14.729+0000] {processor.py:925} INFO - DAG(s) 'shopbrasil_panorama_precos' retrieved from /opt/airflow/dags/shopbrasil_panorama_precos.py
[2026-07-04T14:01:14.791+0000] {logging_mixin.py:190} INFO - [2026-07-04T14:01:14.790+0000] {dag.py:3239} INFO - Sync 1 DAGs
[2026-07-04T14:01:14.851+0000] {logging_mixin.py:190} INFO - [2026-07-04T14:01:14.851+0000] {dag.py:4180} INFO - Setting next_dagrun for shopbrasil_panorama_precos to 2026-07-04 09:00:00+00:00, run_after=2026-07-04 09:00:00+00:00
[2026-07-04T14:01:14.899+0000] {processor.py:208} INFO - Processing /opt/airflow/dags/shopbrasil_panorama_precos.py took 0.223 seconds
[2026-07-04T14:01:45.480+0000] {processor.py:186} INFO - Started process (PID=1170) to work on /opt/airflow/dags/shopbrasil_panorama_precos.py
[2026-07-04T14:01:45.482+0000] {processor.py:914} INFO - Processing file /opt/airflow/dags/shopbrasil_panorama_precos.py for tasks to queue
[2026-07-04T14:01:45.491+0000] {logging_mixin.py:190} INFO - [2026-07-04T14:01:45.490+0000] {dagbag.py:588} INFO - Filling up the DagBag from /opt/airflow/dags/shopbrasil_panorama_precos.py
[2026-07-04T14:01:45.530+0000] {processor.py:925} INFO - DAG(s) 'shopbrasil_panorama_precos' retrieved from /opt/airflow/dags/shopbrasil_panorama_precos.py
[2026-07-04T14:01:45.601+0000] {logging_mixin.py:190} INFO - [2026-07-04T14:01:45.600+0000] {dag.py:3239} INFO - Sync 1 DAGs
[2026-07-04T14:01:45.667+0000] {logging_mixin.py:190} INFO - [2026-07-04T14:01:45.667+0000] {dag.py:4180} INFO - Setting next_dagrun for shopbrasil_panorama_precos to 2026-07-04 09:00:00+00:00, run_after=2026-07-04 09:00:00+00:00
[2026-07-04T14:01:45.714+0000] {processor.py:208} INFO - Processing /opt/airflow/dags/shopbrasil_panorama_precos.py took 0.246 seconds
[2026-07-04T14:02:16.258+0000] {processor.py:186} INFO - Started process (PID=1180) to work on /opt/airflow/dags/shopbrasil_panorama_precos.py
[2026-07-04T14:02:16.261+0000] {processor.py:914} INFO - Processing file /opt/airflow/dags/shopbrasil_panorama_precos.py for tasks to queue
[2026-07-04T14:02:16.265+0000] {logging_mixin.py:190} INFO - [2026-07-04T14:02:16.264+0000] {dagbag.py:588} INFO - Filling up the DagBag from /opt/airflow/dags/shopbrasil_panorama_precos.py
[2026-07-04T14:02:16.301+0000] {processor.py:925} INFO - DAG(s) 'shopbrasil_panorama_precos' retrieved from /opt/airflow/dags/shopbrasil_panorama_precos.py
[2026-07-04T14:02:16.363+0000] {logging_mixin.py:190} INFO - [2026-07-04T14:02:16.362+0000] {dag.py:3239} INFO - Sync 1 DAGs
[2026-07-04T14:02:16.408+0000] {logging_mixin.py:190} INFO - [2026-07-04T14:02:16.407+0000] {dag.py:4180} INFO - Setting next_dagrun for shopbrasil_panorama_precos to 2026-07-04 09:00:00+00:00, run_after=2026-07-04 09:00:00+00:00
[2026-07-04T14:02:16.449+0000] {processor.py:208} INFO - Processing /opt/airflow/dags/shopbrasil_panorama_precos.py took 0.209 seconds
[2026-07-04T14:02:46.740+0000] {processor.py:186} INFO - Started process (PID=1191) to work on /opt/airflow/dags/shopbrasil_panorama_precos.py
[2026-07-04T14:02:46.742+0000] {processor.py:914} INFO - Processing file /opt/airflow/dags/shopbrasil_panorama_precos.py for tasks to queue
[2026-07-04T14:02:46.748+0000] {logging_mixin.py:190} INFO - [2026-07-04T14:02:46.747+0000] {dagbag.py:588} INFO - Filling up the DagBag from /opt/airflow/dags/shopbrasil_panorama_precos.py
[2026-07-04T14:02:46.787+0000] {processor.py:925} INFO - DAG(s) 'shopbrasil_panorama_precos' retrieved from /opt/airflow/dags/shopbrasil_panorama_precos.py
[2026-07-04T14:02:46.862+0000] {logging_mixin.py:190} INFO - [2026-07-04T14:02:46.862+0000] {dag.py:3239} INFO - Sync 1 DAGs
[2026-07-04T14:02:46.923+0000] {logging_mixin.py:190} INFO - [2026-07-04T14:02:46.922+0000] {dag.py:4180} INFO - Setting next_dagrun for shopbrasil_panorama_precos to 2026-07-04 09:00:00+00:00, run_after=2026-07-04 09:00:00+00:00
[2026-07-04T14:02:46.965+0000] {processor.py:208} INFO - Processing /opt/airflow/dags/shopbrasil_panorama_precos.py took 0.236 seconds
[2026-07-04T14:03:17.449+0000] {processor.py:186} INFO - Started process (PID=1202) to work on /opt/airflow/dags/shopbrasil_panorama_precos.py
[2026-07-04T14:03:17.451+0000] {processor.py:914} INFO - Processing file /opt/airflow/dags/shopbrasil_panorama_precos.py for tasks to queue
[2026-07-04T14:03:17.457+0000] {logging_mixin.py:190} INFO - [2026-07-04T14:03:17.456+0000] {dagbag.py:588} INFO - Filling up the DagBag from /opt/airflow/dags/shopbrasil_panorama_precos.py
[2026-07-04T14:03:17.486+0000] {processor.py:925} INFO - DAG(s) 'shopbrasil_panorama_precos' retrieved from /opt/airflow/dags/shopbrasil_panorama_precos.py
[2026-07-04T14:03:17.556+0000] {logging_mixin.py:190} INFO - [2026-07-04T14:03:17.555+0000] {dag.py:3239} INFO - Sync 1 DAGs
[2026-07-04T14:03:17.612+0000] {logging_mixin.py:190} INFO - [2026-07-04T14:03:17.611+0000] {dag.py:4180} INFO - Setting next_dagrun for shopbrasil_panorama_precos to 2026-07-04 09:00:00+00:00, run_after=2026-07-04 09:00:00+00:00
[2026-07-04T14:03:17.659+0000] {processor.py:208} INFO - Processing /opt/airflow/dags/shopbrasil_panorama_precos.py took 0.223 seconds
[2026-07-04T14:03:48.190+0000] {processor.py:186} INFO - Started process (PID=1213) to work on /opt/airflow/dags/shopbrasil_panorama_precos.py
[2026-07-04T14:03:48.192+0000] {processor.py:914} INFO - Processing file /opt/airflow/dags/shopbrasil_panorama_precos.py for tasks to queue
[2026-07-04T14:03:48.197+0000] {logging_mixin.py:190} INFO - [2026-07-04T14:03:48.197+0000] {dagbag.py:588} INFO - Filling up the DagBag from /opt/airflow/dags/shopbrasil_panorama_precos.py
[2026-07-04T14:03:48.233+0000] {processor.py:925} INFO - DAG(s) 'shopbrasil_panorama_precos' retrieved from /opt/airflow/dags/shopbrasil_panorama_precos.py
[2026-07-04T14:03:48.311+0000] {logging_mixin.py:190} INFO - [2026-07-04T14:03:48.310+0000] {dag.py:3239} INFO - Sync 1 DAGs
[2026-07-04T14:03:48.392+0000] {logging_mixin.py:190} INFO - [2026-07-04T14:03:48.391+0000] {dag.py:4180} INFO - Setting next_dagrun for shopbrasil_panorama_precos to 2026-07-04 09:00:00+00:00, run_after=2026-07-04 09:00:00+00:00
[2026-07-04T14:03:48.453+0000] {processor.py:208} INFO - Processing /opt/airflow/dags/shopbrasil_panorama_precos.py took 0.279 seconds
[2026-07-04T14:04:19.067+0000] {processor.py:186} INFO - Started process (PID=1224) to work on /opt/airflow/dags/shopbrasil_panorama_precos.py
[2026-07-04T14:04:19.070+0000] {processor.py:914} INFO - Processing file /opt/airflow/dags/shopbrasil_panorama_precos.py for tasks to queue
[2026-07-04T14:04:19.075+0000] {logging_mixin.py:190} INFO - [2026-07-04T14:04:19.074+0000] {dagbag.py:588} INFO - Filling up the DagBag from /opt/airflow/dags/shopbrasil_panorama_precos.py
[2026-07-04T14:04:19.112+0000] {processor.py:925} INFO - DAG(s) 'shopbrasil_panorama_precos' retrieved from /opt/airflow/dags/shopbrasil_panorama_precos.py
[2026-07-04T14:04:19.247+0000] {logging_mixin.py:190} INFO - [2026-07-04T14:04:19.246+0000] {dag.py:3239} INFO - Sync 1 DAGs
[2026-07-04T14:04:19.349+0000] {logging_mixin.py:190} INFO - [2026-07-04T14:04:19.348+0000] {dag.py:4180} INFO - Setting next_dagrun for shopbrasil_panorama_precos to 2026-07-04 09:00:00+00:00, run_after=2026-07-04 09:00:00+00:00
[2026-07-04T14:04:19.389+0000] {processor.py:208} INFO - Processing /opt/airflow/dags/shopbrasil_panorama_precos.py took 0.355 seconds
[2026-07-04T14:04:49.950+0000] {processor.py:186} INFO - Started process (PID=1235) to work on /opt/airflow/dags/shopbrasil_panorama_precos.py
[2026-07-04T14:04:49.952+0000] {processor.py:914} INFO - Processing file /opt/airflow/dags/shopbrasil_panorama_precos.py for tasks to queue
[2026-07-04T14:04:49.960+0000] {logging_mixin.py:190} INFO - [2026-07-04T14:04:49.959+0000] {dagbag.py:588} INFO - Filling up the DagBag from /opt/airflow/dags/shopbrasil_panorama_precos.py
[2026-07-04T14:04:49.999+0000] {processor.py:925} INFO - DAG(s) 'shopbrasil_panorama_precos' retrieved from /opt/airflow/dags/shopbrasil_panorama_precos.py
[2026-07-04T14:04:50.085+0000] {logging_mixin.py:190} INFO - [2026-07-04T14:04:50.084+0000] {dag.py:3239} INFO - Sync 1 DAGs
[2026-07-04T14:04:50.144+0000] {logging_mixin.py:190} INFO - [2026-07-04T14:04:50.144+0000] {dag.py:4180} INFO - Setting next_dagrun for shopbrasil_panorama_precos to 2026-07-04 09:00:00+00:00, run_after=2026-07-04 09:00:00+00:00
[2026-07-04T14:04:50.186+0000] {processor.py:208} INFO - Processing /opt/airflow/dags/shopbrasil_panorama_precos.py took 0.255 seconds
[2026-07-04T14:05:20.865+0000] {processor.py:186} INFO - Started process (PID=1245) to work on /opt/airflow/dags/shopbrasil_panorama_precos.py
[2026-07-04T14:05:20.870+0000] {processor.py:914} INFO - Processing file /opt/airflow/dags/shopbrasil_panorama_precos.py for tasks to queue
[2026-07-04T14:05:20.878+0000] {logging_mixin.py:190} INFO - [2026-07-04T14:05:20.877+0000] {dagbag.py:588} INFO - Filling up the DagBag from /opt/airflow/dags/shopbrasil_panorama_precos.py
[2026-07-04T14:05:20.927+0000] {processor.py:925} INFO - DAG(s) 'shopbrasil_panorama_precos' retrieved from /opt/airflow/dags/shopbrasil_panorama_precos.py
[2026-07-04T14:05:21.006+0000] {logging_mixin.py:190} INFO - [2026-07-04T14:05:21.005+0000] {dag.py:3239} INFO - Sync 1 DAGs
[2026-07-04T14:05:21.066+0000] {logging_mixin.py:190} INFO - [2026-07-04T14:05:21.065+0000] {dag.py:4180} INFO - Setting next_dagrun for shopbrasil_panorama_precos to 2026-07-04 09:00:00+00:00, run_after=2026-07-04 09:00:00+00:00
[2026-07-04T14:05:21.110+0000] {processor.py:208} INFO - Processing /opt/airflow/dags/shopbrasil_panorama_precos.py took 0.255 seconds
[2026-07-04T14:05:51.474+0000] {processor.py:186} INFO - Started process (PID=1250) to work on /opt/airflow/dags/shopbrasil_panorama_precos.py
[2026-07-04T14:05:51.478+0000] {processor.py:914} INFO - Processing file /opt/airflow/dags/shopbrasil_panorama_precos.py for tasks to queue
[2026-07-04T14:05:51.485+0000] {logging_mixin.py:190} INFO - [2026-07-04T14:05:51.484+0000] {dagbag.py:588} INFO - Filling up the DagBag from /opt/airflow/dags/shopbrasil_panorama_precos.py
[2026-07-04T14:05:51.520+0000] {processor.py:925} INFO - DAG(s) 'shopbrasil_panorama_precos' retrieved from /opt/airflow/dags/shopbrasil_panorama_precos.py
[2026-07-04T14:05:51.587+0000] {logging_mixin.py:190} INFO - [2026-07-04T14:05:51.587+0000] {dag.py:3239} INFO - Sync 1 DAGs
[2026-07-04T14:05:51.633+0000] {logging_mixin.py:190} INFO - [2026-07-04T14:05:51.633+0000] {dag.py:4180} INFO - Setting next_dagrun for shopbrasil_panorama_precos to 2026-07-04 09:00:00+00:00, run_after=2026-07-04 09:00:00+00:00
[2026-07-04T14:05:51.675+0000] {processor.py:208} INFO - Processing /opt/airflow/dags/shopbrasil_panorama_precos.py took 0.240 seconds
[2026-07-04T14:06:22.288+0000] {processor.py:186} INFO - Started process (PID=1261) to work on /opt/airflow/dags/shopbrasil_panorama_precos.py
[2026-07-04T14:06:22.292+0000] {processor.py:914} INFO - Processing file /opt/airflow/dags/shopbrasil_panorama_precos.py for tasks to queue
[2026-07-04T14:06:22.298+0000] {logging_mixin.py:190} INFO - [2026-07-04T14:06:22.297+0000] {dagbag.py:588} INFO - Filling up the DagBag from /opt/airflow/dags/shopbrasil_panorama_precos.py
[2026-07-04T14:06:22.352+0000] {processor.py:925} INFO - DAG(s) 'shopbrasil_panorama_precos' retrieved from /opt/airflow/dags/shopbrasil_panorama_precos.py
[2026-07-04T14:06:22.453+0000] {logging_mixin.py:190} INFO - [2026-07-04T14:06:22.452+0000] {dag.py:3239} INFO - Sync 1 DAGs
[2026-07-04T14:06:22.550+0000] {logging_mixin.py:190} INFO - [2026-07-04T14:06:22.548+0000] {dag.py:4180} INFO - Setting next_dagrun for shopbrasil_panorama_precos to 2026-07-04 09:00:00+00:00, run_after=2026-07-04 09:00:00+00:00
[2026-07-04T14:06:22.635+0000] {processor.py:208} INFO - Processing /opt/airflow/dags/shopbrasil_panorama_precos.py took 0.375 seconds
[2026-07-04T14:06:53.054+0000] {processor.py:186} INFO - Started process (PID=1271) to work on /opt/airflow/dags/shopbrasil_panorama_precos.py
[2026-07-04T14:06:53.055+0000] {processor.py:914} INFO - Processing file /opt/airflow/dags/shopbrasil_panorama_precos.py for tasks to queue
[2026-07-04T14:06:53.059+0000] {logging_mixin.py:190} INFO - [2026-07-04T14:06:53.058+0000] {dagbag.py:588} INFO - Filling up the DagBag from /opt/airflow/dags/shopbrasil_panorama_precos.py
[2026-07-04T14:06:53.085+0000] {processor.py:925} INFO - DAG(s) 'shopbrasil_panorama_precos' retrieved from /opt/airflow/dags/shopbrasil_panorama_precos.py
[2026-07-04T14:06:53.146+0000] {logging_mixin.py:190} INFO - [2026-07-04T14:06:53.146+0000] {dag.py:3239} INFO - Sync 1 DAGs
[2026-07-04T14:06:53.198+0000] {logging_mixin.py:190} INFO - [2026-07-04T14:06:53.197+0000] {dag.py:4180} INFO - Setting next_dagrun for shopbrasil_panorama_precos to 2026-07-04 09:00:00+00:00, run_after=2026-07-04 09:00:00+00:00
[2026-07-04T14:06:53.241+0000] {processor.py:208} INFO - Processing /opt/airflow/dags/shopbrasil_panorama_precos.py took 0.201 seconds
[2026-07-04T14:07:23.546+0000] {processor.py:186} INFO - Started process (PID=1282) to work on /opt/airflow/dags/shopbrasil_panorama_precos.py
[2026-07-04T14:07:23.548+0000] {processor.py:914} INFO - Processing file /opt/airflow/dags/shopbrasil_panorama_precos.py for tasks to queue
[2026-07-04T14:07:23.552+0000] {logging_mixin.py:190} INFO - [2026-07-04T14:07:23.551+0000] {dagbag.py:588} INFO - Filling up the DagBag from /opt/airflow/dags/shopbrasil_panorama_precos.py
[2026-07-04T14:07:23.584+0000] {processor.py:925} INFO - DAG(s) 'shopbrasil_panorama_precos' retrieved from /opt/airflow/dags/shopbrasil_panorama_precos.py
[2026-07-04T14:07:23.675+0000] {logging_mixin.py:190} INFO - [2026-07-04T14:07:23.674+0000] {dag.py:3239} INFO - Sync 1 DAGs
[2026-07-04T14:07:23.727+0000] {logging_mixin.py:190} INFO - [2026-07-04T14:07:23.727+0000] {dag.py:4180} INFO - Setting next_dagrun for shopbrasil_panorama_precos to 2026-07-04 09:00:00+00:00, run_after=2026-07-04 09:00:00+00:00
[2026-07-04T14:07:23.770+0000] {processor.py:208} INFO - Processing /opt/airflow/dags/shopbrasil_panorama_precos.py took 0.238 seconds
[2026-07-04T14:07:54.195+0000] {processor.py:186} INFO - Started process (PID=1293) to work on /opt/airflow/dags/shopbrasil_panorama_precos.py
[2026-07-04T14:07:54.196+0000] {processor.py:914} INFO - Processing file /opt/airflow/dags/shopbrasil_panorama_precos.py for tasks to queue
[2026-07-04T14:07:54.201+0000] {logging_mixin.py:190} INFO - [2026-07-04T14:07:54.200+0000] {dagbag.py:588} INFO - Filling up the DagBag from /opt/airflow/dags/shopbrasil_panorama_precos.py
[2026-07-04T14:07:54.232+0000] {processor.py:925} INFO - DAG(s) 'shopbrasil_panorama_precos' retrieved from /opt/airflow/dags/shopbrasil_panorama_precos.py
[2026-07-04T14:07:54.290+0000] {logging_mixin.py:190} INFO - [2026-07-04T14:07:54.289+0000] {dag.py:3239} INFO - Sync 1 DAGs
[2026-07-04T14:07:54.331+0000] {logging_mixin.py:190} INFO - [2026-07-04T14:07:54.331+0000] {dag.py:4180} INFO - Setting next_dagrun for shopbrasil_panorama_precos to 2026-07-04 09:00:00+00:00, run_after=2026-07-04 09:00:00+00:00
[2026-07-04T14:07:54.364+0000] {processor.py:208} INFO - Processing /opt/airflow/dags/shopbrasil_panorama_precos.py took 0.183 seconds
[2026-07-04T14:08:24.841+0000] {processor.py:186} INFO - Started process (PID=1304) to work on /opt/airflow/dags/shopbrasil_panorama_precos.py
[2026-07-04T14:08:24.843+0000] {processor.py:914} INFO - Processing file /opt/airflow/dags/shopbrasil_panorama_precos.py for tasks to queue
[2026-07-04T14:08:24.846+0000] {logging_mixin.py:190} INFO - [2026-07-04T14:08:24.846+0000] {dagbag.py:588} INFO - Filling up the DagBag from /opt/airflow/dags/shopbrasil_panorama_precos.py
[2026-07-04T14:08:24.868+0000] {processor.py:925} INFO - DAG(s) 'shopbrasil_panorama_precos' retrieved from /opt/airflow/dags/shopbrasil_panorama_precos.py
[2026-07-04T14:08:24.919+0000] {logging_mixin.py:190} INFO - [2026-07-04T14:08:24.918+0000] {dag.py:3239} INFO - Sync 1 DAGs
[2026-07-04T14:08:24.961+0000] {logging_mixin.py:190} INFO - [2026-07-04T14:08:24.961+0000] {dag.py:4180} INFO - Setting next_dagrun for shopbrasil_panorama_precos to 2026-07-04 09:00:00+00:00, run_after=2026-07-04 09:00:00+00:00
[2026-07-04T14:08:24.993+0000] {processor.py:208} INFO - Processing /opt/airflow/dags/shopbrasil_panorama_precos.py took 0.161 seconds
[2026-07-04T14:08:55.367+0000] {processor.py:186} INFO - Started process (PID=1314) to work on /opt/airflow/dags/shopbrasil_panorama_precos.py
[2026-07-04T14:08:55.369+0000] {processor.py:914} INFO - Processing file /opt/airflow/dags/shopbrasil_panorama_precos.py for tasks to queue
[2026-07-04T14:08:55.379+0000] {logging_mixin.py:190} INFO - [2026-07-04T14:08:55.375+0000] {dagbag.py:588} INFO - Filling up the DagBag from /opt/airflow/dags/shopbrasil_panorama_precos.py
[2026-07-04T14:08:55.568+0000] {processor.py:925} INFO - DAG(s) 'shopbrasil_panorama_precos' retrieved from /opt/airflow/dags/shopbrasil_panorama_precos.py
[2026-07-04T14:08:55.917+0000] {logging_mixin.py:190} INFO - [2026-07-04T14:08:55.916+0000] {dag.py:3239} INFO - Sync 1 DAGs
[2026-07-04T14:08:56.075+0000] {logging_mixin.py:190} INFO - [2026-07-04T14:08:56.074+0000] {dag.py:4180} INFO - Setting next_dagrun for shopbrasil_panorama_precos to 2026-07-04 09:00:00+00:00, run_after=2026-07-04 09:00:00+00:00
[2026-07-04T14:08:56.125+0000] {processor.py:208} INFO - Processing /opt/airflow/dags/shopbrasil_panorama_precos.py took 0.791 seconds
[2026-07-04T14:09:26.739+0000] {processor.py:186} INFO - Started process (PID=1319) to work on /opt/airflow/dags/shopbrasil_panorama_precos.py
[2026-07-04T14:09:26.741+0000] {processor.py:914} INFO - Processing file /opt/airflow/dags/shopbrasil_panorama_precos.py for tasks to queue
[2026-07-04T14:09:26.750+0000] {logging_mixin.py:190} INFO - [2026-07-04T14:09:26.749+0000] {dagbag.py:588} INFO - Filling up the DagBag from /opt/airflow/dags/shopbrasil_panorama_precos.py
[2026-07-04T14:09:26.778+0000] {processor.py:925} INFO - DAG(s) 'shopbrasil_panorama_precos' retrieved from /opt/airflow/dags/shopbrasil_panorama_precos.py
[2026-07-04T14:09:26.863+0000] {logging_mixin.py:190} INFO - [2026-07-04T14:09:26.863+0000] {dag.py:3239} INFO - Sync 1 DAGs
[2026-07-04T14:09:26.929+0000] {logging_mixin.py:190} INFO - [2026-07-04T14:09:26.929+0000] {dag.py:4180} INFO - Setting next_dagrun for shopbrasil_panorama_precos to 2026-07-04 09:00:00+00:00, run_after=2026-07-04 09:00:00+00:00
[2026-07-04T14:09:26.992+0000] {processor.py:208} INFO - Processing /opt/airflow/dags/shopbrasil_panorama_precos.py took 0.270 seconds
[2026-07-04T14:09:57.783+0000] {processor.py:186} INFO - Started process (PID=1330) to work on /opt/airflow/dags/shopbrasil_panorama_precos.py
[2026-07-04T14:09:57.786+0000] {processor.py:914} INFO - Processing file /opt/airflow/dags/shopbrasil_panorama_precos.py for tasks to queue
[2026-07-04T14:09:57.795+0000] {logging_mixin.py:190} INFO - [2026-07-04T14:09:57.794+0000] {dagbag.py:588} INFO - Filling up the DagBag from /opt/airflow/dags/shopbrasil_panorama_precos.py
[2026-07-04T14:09:57.829+0000] {processor.py:925} INFO - DAG(s) 'shopbrasil_panorama_precos' retrieved from /opt/airflow/dags/shopbrasil_panorama_precos.py
[2026-07-04T14:09:57.895+0000] {logging_mixin.py:190} INFO - [2026-07-04T14:09:57.894+0000] {dag.py:3239} INFO - Sync 1 DAGs
[2026-07-04T14:09:57.950+0000] {logging_mixin.py:190} INFO - [2026-07-04T14:09:57.950+0000] {dag.py:4180} INFO - Setting next_dagrun for shopbrasil_panorama_precos to 2026-07-04 09:00:00+00:00, run_after=2026-07-04 09:00:00+00:00
[2026-07-04T14:09:57.986+0000] {processor.py:208} INFO - Processing /opt/airflow/dags/shopbrasil_panorama_precos.py took 0.243 seconds
[2026-07-04T14:10:28.556+0000] {processor.py:186} INFO - Started process (PID=1340) to work on /opt/airflow/dags/shopbrasil_panorama_precos.py
[2026-07-04T14:10:28.559+0000] {processor.py:914} INFO - Processing file /opt/airflow/dags/shopbrasil_panorama_precos.py for tasks to queue
[2026-07-04T14:10:28.564+0000] {logging_mixin.py:190} INFO - [2026-07-04T14:10:28.563+0000] {dagbag.py:588} INFO - Filling up the DagBag from /opt/airflow/dags/shopbrasil_panorama_precos.py
[2026-07-04T14:10:28.596+0000] {processor.py:925} INFO - DAG(s) 'shopbrasil_panorama_precos' retrieved from /opt/airflow/dags/shopbrasil_panorama_precos.py
[2026-07-04T14:10:28.659+0000] {logging_mixin.py:190} INFO - [2026-07-04T14:10:28.659+0000] {dag.py:3239} INFO - Sync 1 DAGs
[2026-07-04T14:10:28.706+0000] {logging_mixin.py:190} INFO - [2026-07-04T14:10:28.706+0000] {dag.py:4180} INFO - Setting next_dagrun for shopbrasil_panorama_precos to 2026-07-04 09:00:00+00:00, run_after=2026-07-04 09:00:00+00:00
[2026-07-04T14:10:28.747+0000] {processor.py:208} INFO - Processing /opt/airflow/dags/shopbrasil_panorama_precos.py took 0.212 seconds
[2026-07-04T14:10:59.304+0000] {processor.py:186} INFO - Started process (PID=1351) to work on /opt/airflow/dags/shopbrasil_panorama_precos.py
[2026-07-04T14:10:59.306+0000] {processor.py:914} INFO - Processing file /opt/airflow/dags/shopbrasil_panorama_precos.py for tasks to queue
[2026-07-04T14:10:59.312+0000] {logging_mixin.py:190} INFO - [2026-07-04T14:10:59.312+0000] {dagbag.py:588} INFO - Filling up the DagBag from /opt/airflow/dags/shopbrasil_panorama_precos.py
[2026-07-04T14:10:59.352+0000] {processor.py:925} INFO - DAG(s) 'shopbrasil_panorama_precos' retrieved from /opt/airflow/dags/shopbrasil_panorama_precos.py
[2026-07-04T14:10:59.431+0000] {logging_mixin.py:190} INFO - [2026-07-04T14:10:59.431+0000] {dag.py:3239} INFO - Sync 1 DAGs
[2026-07-04T14:10:59.510+0000] {logging_mixin.py:190} INFO - [2026-07-04T14:10:59.509+0000] {dag.py:4180} INFO - Setting next_dagrun for shopbrasil_panorama_precos to 2026-07-04 09:00:00+00:00, run_after=2026-07-04 09:00:00+00:00
[2026-07-04T14:10:59.553+0000] {processor.py:208} INFO - Processing /opt/airflow/dags/shopbrasil_panorama_precos.py took 0.267 seconds
[2026-07-04T14:11:30.209+0000] {processor.py:186} INFO - Started process (PID=1362) to work on /opt/airflow/dags/shopbrasil_panorama_precos.py
[2026-07-04T14:11:30.210+0000] {processor.py:914} INFO - Processing file /opt/airflow/dags/shopbrasil_panorama_precos.py for tasks to queue
[2026-07-04T14:11:30.216+0000] {logging_mixin.py:190} INFO - [2026-07-04T14:11:30.215+0000] {dagbag.py:588} INFO - Filling up the DagBag from /opt/airflow/dags/shopbrasil_panorama_precos.py
[2026-07-04T14:11:30.251+0000] {processor.py:925} INFO - DAG(s) 'shopbrasil_panorama_precos' retrieved from /opt/airflow/dags/shopbrasil_panorama_precos.py
[2026-07-04T14:11:30.321+0000] {logging_mixin.py:190} INFO - [2026-07-04T14:11:30.321+0000] {dag.py:3239} INFO - Sync 1 DAGs
[2026-07-04T14:11:30.390+0000] {logging_mixin.py:190} INFO - [2026-07-04T14:11:30.390+0000] {dag.py:4180} INFO - Setting next_dagrun for shopbrasil_panorama_precos to 2026-07-04 09:00:00+00:00, run_after=2026-07-04 09:00:00+00:00
[2026-07-04T14:11:30.436+0000] {processor.py:208} INFO - Processing /opt/airflow/dags/shopbrasil_panorama_precos.py took 0.236 seconds
[2026-07-04T14:12:01.052+0000] {processor.py:186} INFO - Started process (PID=1373) to work on /opt/airflow/dags/shopbrasil_panorama_precos.py
[2026-07-04T14:12:01.054+0000] {processor.py:914} INFO - Processing file /opt/airflow/dags/shopbrasil_panorama_precos.py for tasks to queue
[2026-07-04T14:12:01.060+0000] {logging_mixin.py:190} INFO - [2026-07-04T14:12:01.059+0000] {dagbag.py:588} INFO - Filling up the DagBag from /opt/airflow/dags/shopbrasil_panorama_precos.py
[2026-07-04T14:12:01.091+0000] {processor.py:925} INFO - DAG(s) 'shopbrasil_panorama_precos' retrieved from /opt/airflow/dags/shopbrasil_panorama_precos.py
[2026-07-04T14:12:01.170+0000] {logging_mixin.py:190} INFO - [2026-07-04T14:12:01.170+0000] {dag.py:3239} INFO - Sync 1 DAGs
[2026-07-04T14:12:01.221+0000] {logging_mixin.py:190} INFO - [2026-07-04T14:12:01.220+0000] {dag.py:4180} INFO - Setting next_dagrun for shopbrasil_panorama_precos to 2026-07-04 09:00:00+00:00, run_after=2026-07-04 09:00:00+00:00
[2026-07-04T14:12:01.263+0000] {processor.py:208} INFO - Processing /opt/airflow/dags/shopbrasil_panorama_precos.py took 0.223 seconds
[2026-07-04T14:12:31.978+0000] {processor.py:186} INFO - Started process (PID=1384) to work on /opt/airflow/dags/shopbrasil_panorama_precos.py
[2026-07-04T14:12:31.987+0000] {processor.py:914} INFO - Processing file /opt/airflow/dags/shopbrasil_panorama_precos.py for tasks to queue
[2026-07-04T14:12:31.994+0000] {logging_mixin.py:190} INFO - [2026-07-04T14:12:31.993+0000] {dagbag.py:588} INFO - Filling up the DagBag from /opt/airflow/dags/shopbrasil_panorama_precos.py
[2026-07-04T14:12:32.040+0000] {processor.py:925} INFO - DAG(s) 'shopbrasil_panorama_precos' retrieved from /opt/airflow/dags/shopbrasil_panorama_precos.py
[2026-07-04T14:12:32.313+0000] {logging_mixin.py:190} INFO - [2026-07-04T14:12:32.313+0000] {dag.py:3239} INFO - Sync 1 DAGs
[2026-07-04T14:12:32.379+0000] {logging_mixin.py:190} INFO - [2026-07-04T14:12:32.379+0000] {dag.py:4180} INFO - Setting next_dagrun for shopbrasil_panorama_precos to 2026-07-04 09:00:00+00:00, run_after=2026-07-04 09:00:00+00:00
[2026-07-04T14:12:32.423+0000] {processor.py:208} INFO - Processing /opt/airflow/dags/shopbrasil_panorama_precos.py took 0.480 seconds
[2026-07-04T14:13:03.022+0000] {processor.py:186} INFO - Started process (PID=1388) to work on /opt/airflow/dags/shopbrasil_panorama_precos.py
[2026-07-04T14:13:03.029+0000] {processor.py:914} INFO - Processing file /opt/airflow/dags/shopbrasil_panorama_precos.py for tasks to queue
[2026-07-04T14:13:03.040+0000] {logging_mixin.py:190} INFO - [2026-07-04T14:13:03.039+0000] {dagbag.py:588} INFO - Filling up the DagBag from /opt/airflow/dags/shopbrasil_panorama_precos.py
[2026-07-04T14:13:03.067+0000] {processor.py:925} INFO - DAG(s) 'shopbrasil_panorama_precos' retrieved from /opt/airflow/dags/shopbrasil_panorama_precos.py
[2026-07-04T14:13:03.129+0000] {logging_mixin.py:190} INFO - [2026-07-04T14:13:03.128+0000] {dag.py:3239} INFO - Sync 1 DAGs
[2026-07-04T14:13:03.214+0000] {logging_mixin.py:190} INFO - [2026-07-04T14:13:03.213+0000] {dag.py:4180} INFO - Setting next_dagrun for shopbrasil_panorama_precos to 2026-07-04 09:00:00+00:00, run_after=2026-07-04 09:00:00+00:00
[2026-07-04T14:13:03.261+0000] {processor.py:208} INFO - Processing /opt/airflow/dags/shopbrasil_panorama_precos.py took 0.274 seconds
[2026-07-04T14:13:33.417+0000] {processor.py:186} INFO - Started process (PID=1398) to work on /opt/airflow/dags/shopbrasil_panorama_precos.py
[2026-07-04T14:13:33.419+0000] {processor.py:914} INFO - Processing file /opt/airflow/dags/shopbrasil_panorama_precos.py for tasks to queue
[2026-07-04T14:13:33.422+0000] {logging_mixin.py:190} INFO - [2026-07-04T14:13:33.422+0000] {dagbag.py:588} INFO - Filling up the DagBag from /opt/airflow/dags/shopbrasil_panorama_precos.py
[2026-07-04T14:13:33.444+0000] {processor.py:925} INFO - DAG(s) 'shopbrasil_panorama_precos' retrieved from /opt/airflow/dags/shopbrasil_panorama_precos.py
[2026-07-04T14:13:33.508+0000] {logging_mixin.py:190} INFO - [2026-07-04T14:13:33.507+0000] {dag.py:3239} INFO - Sync 1 DAGs
[2026-07-04T14:13:33.556+0000] {logging_mixin.py:190} INFO - [2026-07-04T14:13:33.556+0000] {dag.py:4180} INFO - Setting next_dagrun for shopbrasil_panorama_precos to 2026-07-04 09:00:00+00:00, run_after=2026-07-04 09:00:00+00:00
[2026-07-04T14:13:33.593+0000] {processor.py:208} INFO - Processing /opt/airflow/dags/shopbrasil_panorama_precos.py took 0.197 seconds
[2026-07-04T14:14:04.192+0000] {processor.py:186} INFO - Started process (PID=1408) to work on /opt/airflow/dags/shopbrasil_panorama_precos.py
[2026-07-04T14:14:04.194+0000] {processor.py:914} INFO - Processing file /opt/airflow/dags/shopbrasil_panorama_precos.py for tasks to queue
[2026-07-04T14:14:04.198+0000] {logging_mixin.py:190} INFO - [2026-07-04T14:14:04.198+0000] {dagbag.py:588} INFO - Filling up the DagBag from /opt/airflow/dags/shopbrasil_panorama_precos.py
[2026-07-04T14:14:04.232+0000] {processor.py:925} INFO - DAG(s) 'shopbrasil_panorama_precos' retrieved from /opt/airflow/dags/shopbrasil_panorama_precos.py
[2026-07-04T14:14:04.291+0000] {logging_mixin.py:190} INFO - [2026-07-04T14:14:04.290+0000] {dag.py:3239} INFO - Sync 1 DAGs
[2026-07-04T14:14:04.337+0000] {logging_mixin.py:190} INFO - [2026-07-04T14:14:04.337+0000] {dag.py:4180} INFO - Setting next_dagrun for shopbrasil_panorama_precos to 2026-07-04 09:00:00+00:00, run_after=2026-07-04 09:00:00+00:00
[2026-07-04T14:14:04.377+0000] {processor.py:208} INFO - Processing /opt/airflow/dags/shopbrasil_panorama_precos.py took 0.196 seconds
[2026-07-04T14:14:34.871+0000] {processor.py:186} INFO - Started process (PID=1420) to work on /opt/airflow/dags/shopbrasil_panorama_precos.py
[2026-07-04T14:14:34.873+0000] {processor.py:914} INFO - Processing file /opt/airflow/dags/shopbrasil_panorama_precos.py for tasks to queue
[2026-07-04T14:14:34.877+0000] {logging_mixin.py:190} INFO - [2026-07-04T14:14:34.876+0000] {dagbag.py:588} INFO - Filling up the DagBag from /opt/airflow/dags/shopbrasil_panorama_precos.py
[2026-07-04T14:14:34.910+0000] {processor.py:925} INFO - DAG(s) 'shopbrasil_panorama_precos' retrieved from /opt/airflow/dags/shopbrasil_panorama_precos.py
[2026-07-04T14:14:34.975+0000] {logging_mixin.py:190} INFO - [2026-07-04T14:14:34.975+0000] {dag.py:3239} INFO - Sync 1 DAGs
[2026-07-04T14:14:35.047+0000] {logging_mixin.py:190} INFO - [2026-07-04T14:14:35.047+0000] {dag.py:4180} INFO - Setting next_dagrun for shopbrasil_panorama_precos to 2026-07-04 09:00:00+00:00, run_after=2026-07-04 09:00:00+00:00
[2026-07-04T14:14:35.090+0000] {processor.py:208} INFO - Processing /opt/airflow/dags/shopbrasil_panorama_precos.py took 0.237 seconds
[2026-07-04T14:15:05.485+0000] {processor.py:186} INFO - Started process (PID=1431) to work on /opt/airflow/dags/shopbrasil_panorama_precos.py
[2026-07-04T14:15:05.490+0000] {processor.py:914} INFO - Processing file /opt/airflow/dags/shopbrasil_panorama_precos.py for tasks to queue
[2026-07-04T14:15:05.494+0000] {logging_mixin.py:190} INFO - [2026-07-04T14:15:05.493+0000] {dagbag.py:588} INFO - Filling up the DagBag from /opt/airflow/dags/shopbrasil_panorama_precos.py
[2026-07-04T14:15:05.520+0000] {processor.py:925} INFO - DAG(s) 'shopbrasil_panorama_precos' retrieved from /opt/airflow/dags/shopbrasil_panorama_precos.py
[2026-07-04T14:15:05.584+0000] {logging_mixin.py:190} INFO - [2026-07-04T14:15:05.583+0000] {dag.py:3239} INFO - Sync 1 DAGs
[2026-07-04T14:15:05.631+0000] {logging_mixin.py:190} INFO - [2026-07-04T14:15:05.631+0000] {dag.py:4180} INFO - Setting next_dagrun for shopbrasil_panorama_precos to 2026-07-04 09:00:00+00:00, run_after=2026-07-04 09:00:00+00:00
[2026-07-04T14:15:05.676+0000] {processor.py:208} INFO - Processing /opt/airflow/dags/shopbrasil_panorama_precos.py took 0.201 seconds
[2026-07-04T14:15:36.211+0000] {processor.py:186} INFO - Started process (PID=1442) to work on /opt/airflow/dags/shopbrasil_panorama_precos.py
[2026-07-04T14:15:36.213+0000] {processor.py:914} INFO - Processing file /opt/airflow/dags/shopbrasil_panorama_precos.py for tasks to queue
[2026-07-04T14:15:36.217+0000] {logging_mixin.py:190} INFO - [2026-07-04T14:15:36.216+0000] {dagbag.py:588} INFO - Filling up the DagBag from /opt/airflow/dags/shopbrasil_panorama_precos.py
[2026-07-04T14:15:36.240+0000] {processor.py:925} INFO - DAG(s) 'shopbrasil_panorama_precos' retrieved from /opt/airflow/dags/shopbrasil_panorama_precos.py
[2026-07-04T14:15:36.299+0000] {logging_mixin.py:190} INFO - [2026-07-04T14:15:36.299+0000] {dag.py:3239} INFO - Sync 1 DAGs
[2026-07-04T14:15:36.350+0000] {logging_mixin.py:190} INFO - [2026-07-04T14:15:36.350+0000] {dag.py:4180} INFO - Setting next_dagrun for shopbrasil_panorama_precos to 2026-07-04 09:00:00+00:00, run_after=2026-07-04 09:00:00+00:00
[2026-07-04T14:15:36.383+0000] {processor.py:208} INFO - Processing /opt/airflow/dags/shopbrasil_panorama_precos.py took 0.190 seconds
[2026-07-04T14:16:06.742+0000] {processor.py:186} INFO - Started process (PID=1453) to work on /opt/airflow/dags/shopbrasil_panorama_precos.py
[2026-07-04T14:16:06.744+0000] {processor.py:914} INFO - Processing file /opt/airflow/dags/shopbrasil_panorama_precos.py for tasks to queue
[2026-07-04T14:16:06.748+0000] {logging_mixin.py:190} INFO - [2026-07-04T14:16:06.748+0000] {dagbag.py:588} INFO - Filling up the DagBag from /opt/airflow/dags/shopbrasil_panorama_precos.py
[2026-07-04T14:16:06.781+0000] {processor.py:925} INFO - DAG(s) 'shopbrasil_panorama_precos' retrieved from /opt/airflow/dags/shopbrasil_panorama_precos.py
[2026-07-04T14:16:06.842+0000] {logging_mixin.py:190} INFO - [2026-07-04T14:16:06.842+0000] {dag.py:3239} INFO - Sync 1 DAGs
[2026-07-04T14:16:06.894+0000] {logging_mixin.py:190} INFO - [2026-07-04T14:16:06.893+0000] {dag.py:4180} INFO - Setting next_dagrun for shopbrasil_panorama_precos to 2026-07-04 09:00:00+00:00, run_after=2026-07-04 09:00:00+00:00
[2026-07-04T14:16:06.943+0000] {processor.py:208} INFO - Processing /opt/airflow/dags/shopbrasil_panorama_precos.py took 0.214 seconds
[2026-07-04T14:16:37.317+0000] {processor.py:186} INFO - Started process (PID=1464) to work on /opt/airflow/dags/shopbrasil_panorama_precos.py
[2026-07-04T14:16:37.320+0000] {processor.py:914} INFO - Processing file /opt/airflow/dags/shopbrasil_panorama_precos.py for tasks to queue
[2026-07-04T14:16:37.331+0000] {logging_mixin.py:190} INFO - [2026-07-04T14:16:37.330+0000] {dagbag.py:588} INFO - Filling up the DagBag from /opt/airflow/dags/shopbrasil_panorama_precos.py
[2026-07-04T14:16:37.363+0000] {processor.py:925} INFO - DAG(s) 'shopbrasil_panorama_precos' retrieved from /opt/airflow/dags/shopbrasil_panorama_precos.py
[2026-07-04T14:16:37.443+0000] {logging_mixin.py:190} INFO - [2026-07-04T14:16:37.442+0000] {dag.py:3239} INFO - Sync 1 DAGs
[2026-07-04T14:16:37.534+0000] {logging_mixin.py:190} INFO - [2026-07-04T14:16:37.534+0000] {dag.py:4180} INFO - Setting next_dagrun for shopbrasil_panorama_precos to 2026-07-04 09:00:00+00:00, run_after=2026-07-04 09:00:00+00:00
[2026-07-04T14:16:37.609+0000] {processor.py:208} INFO - Processing /opt/airflow/dags/shopbrasil_panorama_precos.py took 0.305 seconds
[2026-07-04T14:17:08.164+0000] {processor.py:186} INFO - Started process (PID=1469) to work on /opt/airflow/dags/shopbrasil_panorama_precos.py
[2026-07-04T14:17:08.166+0000] {processor.py:914} INFO - Processing file /opt/airflow/dags/shopbrasil_panorama_precos.py for tasks to queue
[2026-07-04T14:17:08.171+0000] {logging_mixin.py:190} INFO - [2026-07-04T14:17:08.170+0000] {dagbag.py:588} INFO - Filling up the DagBag from /opt/airflow/dags/shopbrasil_panorama_precos.py
[2026-07-04T14:17:08.194+0000] {processor.py:925} INFO - DAG(s) 'shopbrasil_panorama_precos' retrieved from /opt/airflow/dags/shopbrasil_panorama_precos.py
[2026-07-04T14:17:08.260+0000] {logging_mixin.py:190} INFO - [2026-07-04T14:17:08.260+0000] {dag.py:3239} INFO - Sync 1 DAGs
[2026-07-04T14:17:08.303+0000] {logging_mixin.py:190} INFO - [2026-07-04T14:17:08.303+0000] {dag.py:4180} INFO - Setting next_dagrun for shopbrasil_panorama_precos to 2026-07-04 09:00:00+00:00, run_after=2026-07-04 09:00:00+00:00
[2026-07-04T14:17:08.343+0000] {processor.py:208} INFO - Processing /opt/airflow/dags/shopbrasil_panorama_precos.py took 0.195 seconds
[2026-07-04T14:17:38.702+0000] {processor.py:186} INFO - Started process (PID=1480) to work on /opt/airflow/dags/shopbrasil_panorama_precos.py
[2026-07-04T14:17:38.703+0000] {processor.py:914} INFO - Processing file /opt/airflow/dags/shopbrasil_panorama_precos.py for tasks to queue
[2026-07-04T14:17:38.711+0000] {logging_mixin.py:190} INFO - [2026-07-04T14:17:38.710+0000] {dagbag.py:588} INFO - Filling up the DagBag from /opt/airflow/dags/shopbrasil_panorama_precos.py
[2026-07-04T14:17:38.743+0000] {processor.py:925} INFO - DAG(s) 'shopbrasil_panorama_precos' retrieved from /opt/airflow/dags/shopbrasil_panorama_precos.py
[2026-07-04T14:17:38.799+0000] {logging_mixin.py:190} INFO - [2026-07-04T14:17:38.799+0000] {dag.py:3239} INFO - Sync 1 DAGs
[2026-07-04T14:17:38.845+0000] {logging_mixin.py:190} INFO - [2026-07-04T14:17:38.845+0000] {dag.py:4180} INFO - Setting next_dagrun for shopbrasil_panorama_precos to 2026-07-04 09:00:00+00:00, run_after=2026-07-04 09:00:00+00:00
[2026-07-04T14:17:38.882+0000] {processor.py:208} INFO - Processing /opt/airflow/dags/shopbrasil_panorama_precos.py took 0.191 seconds
[2026-07-04T14:18:09.183+0000] {processor.py:186} INFO - Started process (PID=1491) to work on /opt/airflow/dags/shopbrasil_panorama_precos.py
[2026-07-04T14:18:09.184+0000] {processor.py:914} INFO - Processing file /opt/airflow/dags/shopbrasil_panorama_precos.py for tasks to queue
[2026-07-04T14:18:09.188+0000] {logging_mixin.py:190} INFO - [2026-07-04T14:18:09.187+0000] {dagbag.py:588} INFO - Filling up the DagBag from /opt/airflow/dags/shopbrasil_panorama_precos.py
[2026-07-04T14:18:09.210+0000] {processor.py:925} INFO - DAG(s) 'shopbrasil_panorama_precos' retrieved from /opt/airflow/dags/shopbrasil_panorama_precos.py
[2026-07-04T14:18:09.263+0000] {logging_mixin.py:190} INFO - [2026-07-04T14:18:09.262+0000] {dag.py:3239} INFO - Sync 1 DAGs
[2026-07-04T14:18:09.307+0000] {logging_mixin.py:190} INFO - [2026-07-04T14:18:09.307+0000] {dag.py:4180} INFO - Setting next_dagrun for shopbrasil_panorama_precos to 2026-07-04 09:00:00+00:00, run_after=2026-07-04 09:00:00+00:00
[2026-07-04T14:18:09.347+0000] {processor.py:208} INFO - Processing /opt/airflow/dags/shopbrasil_panorama_precos.py took 0.180 seconds
[2026-07-04T14:18:39.710+0000] {processor.py:186} INFO - Started process (PID=1502) to work on /opt/airflow/dags/shopbrasil_panorama_precos.py
[2026-07-04T14:18:39.712+0000] {processor.py:914} INFO - Processing file /opt/airflow/dags/shopbrasil_panorama_precos.py for tasks to queue
[2026-07-04T14:18:39.720+0000] {logging_mixin.py:190} INFO - [2026-07-04T14:18:39.719+0000] {dagbag.py:588} INFO - Filling up the DagBag from /opt/airflow/dags/shopbrasil_panorama_precos.py
[2026-07-04T14:18:39.753+0000] {processor.py:925} INFO - DAG(s) 'shopbrasil_panorama_precos' retrieved from /opt/airflow/dags/shopbrasil_panorama_precos.py
[2026-07-04T14:18:39.813+0000] {logging_mixin.py:190} INFO - [2026-07-04T14:18:39.812+0000] {dag.py:3239} INFO - Sync 1 DAGs
[2026-07-04T14:18:39.863+0000] {logging_mixin.py:190} INFO - [2026-07-04T14:18:39.863+0000] {dag.py:4180} INFO - Setting next_dagrun for shopbrasil_panorama_precos to 2026-07-04 09:00:00+00:00, run_after=2026-07-04 09:00:00+00:00
[2026-07-04T14:18:39.896+0000] {processor.py:208} INFO - Processing /opt/airflow/dags/shopbrasil_panorama_precos.py took 0.200 seconds
[2026-07-04T14:19:10.256+0000] {processor.py:186} INFO - Started process (PID=1513) to work on /opt/airflow/dags/shopbrasil_panorama_precos.py
[2026-07-04T14:19:10.259+0000] {processor.py:914} INFO - Processing file /opt/airflow/dags/shopbrasil_panorama_precos.py for tasks to queue
[2026-07-04T14:19:10.267+0000] {logging_mixin.py:190} INFO - [2026-07-04T14:19:10.266+0000] {dagbag.py:588} INFO - Filling up the DagBag from /opt/airflow/dags/shopbrasil_panorama_precos.py
[2026-07-04T14:19:10.310+0000] {processor.py:925} INFO - DAG(s) 'shopbrasil_panorama_precos' retrieved from /opt/airflow/dags/shopbrasil_panorama_precos.py
[2026-07-04T14:19:10.384+0000] {logging_mixin.py:190} INFO - [2026-07-04T14:19:10.384+0000] {dag.py:3239} INFO - Sync 1 DAGs
[2026-07-04T14:19:10.450+0000] {logging_mixin.py:190} INFO - [2026-07-04T14:19:10.450+0000] {dag.py:4180} INFO - Setting next_dagrun for shopbrasil_panorama_precos to 2026-07-04 09:00:00+00:00, run_after=2026-07-04 09:00:00+00:00
[2026-07-04T14:19:10.489+0000] {processor.py:208} INFO - Processing /opt/airflow/dags/shopbrasil_panorama_precos.py took 0.248 seconds
[2026-07-04T14:19:41.007+0000] {processor.py:186} INFO - Started process (PID=1524) to work on /opt/airflow/dags/shopbrasil_panorama_precos.py
[2026-07-04T14:19:41.010+0000] {processor.py:914} INFO - Processing file /opt/airflow/dags/shopbrasil_panorama_precos.py for tasks to queue
[2026-07-04T14:19:41.021+0000] {logging_mixin.py:190} INFO - [2026-07-04T14:19:41.020+0000] {dagbag.py:588} INFO - Filling up the DagBag from /opt/airflow/dags/shopbrasil_panorama_precos.py
[2026-07-04T14:19:41.052+0000] {processor.py:925} INFO - DAG(s) 'shopbrasil_panorama_precos' retrieved from /opt/airflow/dags/shopbrasil_panorama_precos.py
[2026-07-04T14:19:41.112+0000] {logging_mixin.py:190} INFO - [2026-07-04T14:19:41.112+0000] {dag.py:3239} INFO - Sync 1 DAGs
[2026-07-04T14:19:41.153+0000] {logging_mixin.py:190} INFO - [2026-07-04T14:19:41.153+0000] {dag.py:4180} INFO - Setting next_dagrun for shopbrasil_panorama_precos to 2026-07-04 09:00:00+00:00, run_after=2026-07-04 09:00:00+00:00
[2026-07-04T14:19:41.190+0000] {processor.py:208} INFO - Processing /opt/airflow/dags/shopbrasil_panorama_precos.py took 0.209 seconds
[2026-07-04T14:20:11.800+0000] {processor.py:186} INFO - Started process (PID=1534) to work on /opt/airflow/dags/shopbrasil_panorama_precos.py
[2026-07-04T14:20:11.809+0000] {processor.py:914} INFO - Processing file /opt/airflow/dags/shopbrasil_panorama_precos.py for tasks to queue
[2026-07-04T14:20:11.818+0000] {logging_mixin.py:190} INFO - [2026-07-04T14:20:11.817+0000] {dagbag.py:588} INFO - Filling up the DagBag from /opt/airflow/dags/shopbrasil_panorama_precos.py
[2026-07-04T14:20:11.930+0000] {processor.py:925} INFO - DAG(s) 'shopbrasil_panorama_precos' retrieved from /opt/airflow/dags/shopbrasil_panorama_precos.py
[2026-07-04T14:20:12.019+0000] {logging_mixin.py:190} INFO - [2026-07-04T14:20:12.019+0000] {dag.py:3239} INFO - Sync 1 DAGs
[2026-07-04T14:20:12.108+0000] {logging_mixin.py:190} INFO - [2026-07-04T14:20:12.107+0000] {dag.py:4180} INFO - Setting next_dagrun for shopbrasil_panorama_precos to 2026-07-04 09:00:00+00:00, run_after=2026-07-04 09:00:00+00:00
[2026-07-04T14:20:12.162+0000] {processor.py:208} INFO - Processing /opt/airflow/dags/shopbrasil_panorama_precos.py took 0.401 seconds
[2026-07-04T14:20:42.767+0000] {processor.py:186} INFO - Started process (PID=1539) to work on /opt/airflow/dags/shopbrasil_panorama_precos.py
[2026-07-04T14:20:42.772+0000] {processor.py:914} INFO - Processing file /opt/airflow/dags/shopbrasil_panorama_precos.py for tasks to queue
[2026-07-04T14:20:42.776+0000] {logging_mixin.py:190} INFO - [2026-07-04T14:20:42.776+0000] {dagbag.py:588} INFO - Filling up the DagBag from /opt/airflow/dags/shopbrasil_panorama_precos.py
[2026-07-04T14:20:42.816+0000] {processor.py:925} INFO - DAG(s) 'shopbrasil_panorama_precos' retrieved from /opt/airflow/dags/shopbrasil_panorama_precos.py
[2026-07-04T14:20:42.905+0000] {logging_mixin.py:190} INFO - [2026-07-04T14:20:42.904+0000] {dag.py:3239} INFO - Sync 1 DAGs
[2026-07-04T14:20:42.979+0000] {logging_mixin.py:190} INFO - [2026-07-04T14:20:42.978+0000] {dag.py:4180} INFO - Setting next_dagrun for shopbrasil_panorama_precos to 2026-07-04 09:00:00+00:00, run_after=2026-07-04 09:00:00+00:00
[2026-07-04T14:20:43.017+0000] {processor.py:208} INFO - Processing /opt/airflow/dags/shopbrasil_panorama_precos.py took 0.264 seconds
[2026-07-04T14:21:13.606+0000] {processor.py:186} INFO - Started process (PID=1550) to work on /opt/airflow/dags/shopbrasil_panorama_precos.py
[2026-07-04T14:21:13.609+0000] {processor.py:914} INFO - Processing file /opt/airflow/dags/shopbrasil_panorama_precos.py for tasks to queue
[2026-07-04T14:21:13.614+0000] {logging_mixin.py:190} INFO - [2026-07-04T14:21:13.613+0000] {dagbag.py:588} INFO - Filling up the DagBag from /opt/airflow/dags/shopbrasil_panorama_precos.py
[2026-07-04T14:21:13.649+0000] {processor.py:925} INFO - DAG(s) 'shopbrasil_panorama_precos' retrieved from /opt/airflow/dags/shopbrasil_panorama_precos.py
[2026-07-04T14:21:13.707+0000] {logging_mixin.py:190} INFO - [2026-07-04T14:21:13.706+0000] {dag.py:3239} INFO - Sync 1 DAGs
[2026-07-04T14:21:13.751+0000] {logging_mixin.py:190} INFO - [2026-07-04T14:21:13.751+0000] {dag.py:4180} INFO - Setting next_dagrun for shopbrasil_panorama_precos to 2026-07-04 09:00:00+00:00, run_after=2026-07-04 09:00:00+00:00
[2026-07-04T14:21:13.782+0000] {processor.py:208} INFO - Processing /opt/airflow/dags/shopbrasil_panorama_precos.py took 0.191 seconds
[2026-07-04T14:21:44.317+0000] {processor.py:186} INFO - Started process (PID=1561) to work on /opt/airflow/dags/shopbrasil_panorama_precos.py
[2026-07-04T14:21:44.318+0000] {processor.py:914} INFO - Processing file /opt/airflow/dags/shopbrasil_panorama_precos.py for tasks to queue
[2026-07-04T14:21:44.322+0000] {logging_mixin.py:190} INFO - [2026-07-04T14:21:44.322+0000] {dagbag.py:588} INFO - Filling up the DagBag from /opt/airflow/dags/shopbrasil_panorama_precos.py
[2026-07-04T14:21:44.345+0000] {processor.py:925} INFO - DAG(s) 'shopbrasil_panorama_precos' retrieved from /opt/airflow/dags/shopbrasil_panorama_precos.py
[2026-07-04T14:21:44.401+0000] {logging_mixin.py:190} INFO - [2026-07-04T14:21:44.401+0000] {dag.py:3239} INFO - Sync 1 DAGs
[2026-07-04T14:21:44.443+0000] {logging_mixin.py:190} INFO - [2026-07-04T14:21:44.443+0000] {dag.py:4180} INFO - Setting next_dagrun for shopbrasil_panorama_precos to 2026-07-04 09:00:00+00:00, run_after=2026-07-04 09:00:00+00:00
[2026-07-04T14:21:44.475+0000] {processor.py:208} INFO - Processing /opt/airflow/dags/shopbrasil_panorama_precos.py took 0.168 seconds
[2026-07-04T14:22:15.054+0000] {processor.py:186} INFO - Started process (PID=1572) to work on /opt/airflow/dags/shopbrasil_panorama_precos.py
[2026-07-04T14:22:15.057+0000] {processor.py:914} INFO - Processing file /opt/airflow/dags/shopbrasil_panorama_precos.py for tasks to queue
[2026-07-04T14:22:15.063+0000] {logging_mixin.py:190} INFO - [2026-07-04T14:22:15.062+0000] {dagbag.py:588} INFO - Filling up the DagBag from /opt/airflow/dags/shopbrasil_panorama_precos.py
[2026-07-04T14:22:15.094+0000] {processor.py:925} INFO - DAG(s) 'shopbrasil_panorama_precos' retrieved from /opt/airflow/dags/shopbrasil_panorama_precos.py
[2026-07-04T14:22:15.153+0000] {logging_mixin.py:190} INFO - [2026-07-04T14:22:15.152+0000] {dag.py:3239} INFO - Sync 1 DAGs
[2026-07-04T14:22:15.202+0000] {logging_mixin.py:190} INFO - [2026-07-04T14:22:15.202+0000] {dag.py:4180} INFO - Setting next_dagrun for shopbrasil_panorama_precos to 2026-07-04 09:00:00+00:00, run_after=2026-07-04 09:00:00+00:00
[2026-07-04T14:22:15.236+0000] {processor.py:208} INFO - Processing /opt/airflow/dags/shopbrasil_panorama_precos.py took 0.197 seconds
[2026-07-04T14:22:45.611+0000] {processor.py:186} INFO - Started process (PID=1583) to work on /opt/airflow/dags/shopbrasil_panorama_precos.py
[2026-07-04T14:22:45.614+0000] {processor.py:914} INFO - Processing file /opt/airflow/dags/shopbrasil_panorama_precos.py for tasks to queue
[2026-07-04T14:22:45.621+0000] {logging_mixin.py:190} INFO - [2026-07-04T14:22:45.620+0000] {dagbag.py:588} INFO - Filling up the DagBag from /opt/airflow/dags/shopbrasil_panorama_precos.py
[2026-07-04T14:22:45.650+0000] {processor.py:925} INFO - DAG(s) 'shopbrasil_panorama_precos' retrieved from /opt/airflow/dags/shopbrasil_panorama_precos.py
[2026-07-04T14:22:45.715+0000] {logging_mixin.py:190} INFO - [2026-07-04T14:22:45.714+0000] {dag.py:3239} INFO - Sync 1 DAGs
[2026-07-04T14:22:45.758+0000] {logging_mixin.py:190} INFO - [2026-07-04T14:22:45.758+0000] {dag.py:4180} INFO - Setting next_dagrun for shopbrasil_panorama_precos to 2026-07-04 09:00:00+00:00, run_after=2026-07-04 09:00:00+00:00
[2026-07-04T14:22:45.803+0000] {processor.py:208} INFO - Processing /opt/airflow/dags/shopbrasil_panorama_precos.py took 0.202 seconds
[2026-07-04T14:23:16.367+0000] {processor.py:186} INFO - Started process (PID=1594) to work on /opt/airflow/dags/shopbrasil_panorama_precos.py
[2026-07-04T14:23:16.372+0000] {processor.py:914} INFO - Processing file /opt/airflow/dags/shopbrasil_panorama_precos.py for tasks to queue
[2026-07-04T14:23:16.383+0000] {logging_mixin.py:190} INFO - [2026-07-04T14:23:16.382+0000] {dagbag.py:588} INFO - Filling up the DagBag from /opt/airflow/dags/shopbrasil_panorama_precos.py
[2026-07-04T14:23:16.422+0000] {processor.py:925} INFO - DAG(s) 'shopbrasil_panorama_precos' retrieved from /opt/airflow/dags/shopbrasil_panorama_precos.py
[2026-07-04T14:23:16.503+0000] {logging_mixin.py:190} INFO - [2026-07-04T14:23:16.503+0000] {dag.py:3239} INFO - Sync 1 DAGs
[2026-07-04T14:23:16.591+0000] {logging_mixin.py:190} INFO - [2026-07-04T14:23:16.590+0000] {dag.py:4180} INFO - Setting next_dagrun for shopbrasil_panorama_precos to 2026-07-04 09:00:00+00:00, run_after=2026-07-04 09:00:00+00:00
[2026-07-04T14:23:16.637+0000] {processor.py:208} INFO - Processing /opt/airflow/dags/shopbrasil_panorama_precos.py took 0.298 seconds
[2026-07-04T14:23:47.030+0000] {processor.py:186} INFO - Started process (PID=1606) to work on /opt/airflow/dags/shopbrasil_panorama_precos.py
[2026-07-04T14:23:47.033+0000] {processor.py:914} INFO - Processing file /opt/airflow/dags/shopbrasil_panorama_precos.py for tasks to queue
[2026-07-04T14:23:47.046+0000] {logging_mixin.py:190} INFO - [2026-07-04T14:23:47.045+0000] {dagbag.py:588} INFO - Filling up the DagBag from /opt/airflow/dags/shopbrasil_panorama_precos.py
[2026-07-04T14:23:47.078+0000] {processor.py:925} INFO - DAG(s) 'shopbrasil_panorama_precos' retrieved from /opt/airflow/dags/shopbrasil_panorama_precos.py
[2026-07-04T14:23:47.151+0000] {logging_mixin.py:190} INFO - [2026-07-04T14:23:47.151+0000] {dag.py:3239} INFO - Sync 1 DAGs
[2026-07-04T14:23:47.217+0000] {logging_mixin.py:190} INFO - [2026-07-04T14:23:47.217+0000] {dag.py:4180} INFO - Setting next_dagrun for shopbrasil_panorama_precos to 2026-07-04 09:00:00+00:00, run_after=2026-07-04 09:00:00+00:00
[2026-07-04T14:23:47.268+0000] {processor.py:208} INFO - Processing /opt/airflow/dags/shopbrasil_panorama_precos.py took 0.252 seconds
[2026-07-04T15:07:52.415+0000] {processor.py:186} INFO - Started process (PID=1611) to work on /opt/airflow/dags/shopbrasil_panorama_precos.py
[2026-07-04T15:07:52.419+0000] {processor.py:914} INFO - Processing file /opt/airflow/dags/shopbrasil_panorama_precos.py for tasks to queue
[2026-07-04T15:07:52.425+0000] {logging_mixin.py:190} INFO - [2026-07-04T15:07:52.424+0000] {dagbag.py:588} INFO - Filling up the DagBag from /opt/airflow/dags/shopbrasil_panorama_precos.py
[2026-07-04T15:07:52.495+0000] {processor.py:925} INFO - DAG(s) 'shopbrasil_panorama_precos' retrieved from /opt/airflow/dags/shopbrasil_panorama_precos.py
[2026-07-04T15:07:52.669+0000] {logging_mixin.py:190} INFO - [2026-07-04T15:07:52.668+0000] {dag.py:3239} INFO - Sync 1 DAGs
[2026-07-04T15:07:52.780+0000] {logging_mixin.py:190} INFO - [2026-07-04T15:07:52.779+0000] {dag.py:4180} INFO - Setting next_dagrun for shopbrasil_panorama_precos to 2026-07-04 09:00:00+00:00, run_after=2026-07-04 09:00:00+00:00
[2026-07-04T15:07:53.004+0000] {processor.py:208} INFO - Processing /opt/airflow/dags/shopbrasil_panorama_precos.py took 0.647 seconds
[2026-07-04T15:08:23.894+0000] {processor.py:186} INFO - Started process (PID=1622) to work on /opt/airflow/dags/shopbrasil_panorama_precos.py
[2026-07-04T15:08:23.906+0000] {processor.py:914} INFO - Processing file /opt/airflow/dags/shopbrasil_panorama_precos.py for tasks to queue
[2026-07-04T15:08:23.910+0000] {logging_mixin.py:190} INFO - [2026-07-04T15:08:23.909+0000] {dagbag.py:588} INFO - Filling up the DagBag from /opt/airflow/dags/shopbrasil_panorama_precos.py
[2026-07-04T15:08:23.934+0000] {processor.py:925} INFO - DAG(s) 'shopbrasil_panorama_precos' retrieved from /opt/airflow/dags/shopbrasil_panorama_precos.py
[2026-07-04T15:08:23.977+0000] {logging_mixin.py:190} INFO - [2026-07-04T15:08:23.977+0000] {dag.py:3239} INFO - Sync 1 DAGs
[2026-07-04T15:08:24.017+0000] {logging_mixin.py:190} INFO - [2026-07-04T15:08:24.017+0000] {dag.py:4180} INFO - Setting next_dagrun for shopbrasil_panorama_precos to 2026-07-04 09:00:00+00:00, run_after=2026-07-04 09:00:00+00:00
[2026-07-04T15:08:24.049+0000] {processor.py:208} INFO - Processing /opt/airflow/dags/shopbrasil_panorama_precos.py took 0.168 seconds
[2026-07-04T15:08:54.638+0000] {processor.py:186} INFO - Started process (PID=1633) to work on /opt/airflow/dags/shopbrasil_panorama_precos.py
[2026-07-04T15:08:54.639+0000] {processor.py:914} INFO - Processing file /opt/airflow/dags/shopbrasil_panorama_precos.py for tasks to queue
[2026-07-04T15:08:54.643+0000] {logging_mixin.py:190} INFO - [2026-07-04T15:08:54.643+0000] {dagbag.py:588} INFO - Filling up the DagBag from /opt/airflow/dags/shopbrasil_panorama_precos.py
[2026-07-04T15:08:54.665+0000] {processor.py:925} INFO - DAG(s) 'shopbrasil_panorama_precos' retrieved from /opt/airflow/dags/shopbrasil_panorama_precos.py
[2026-07-04T15:08:54.714+0000] {logging_mixin.py:190} INFO - [2026-07-04T15:08:54.714+0000] {dag.py:3239} INFO - Sync 1 DAGs
[2026-07-04T15:08:54.757+0000] {logging_mixin.py:190} INFO - [2026-07-04T15:08:54.757+0000] {dag.py:4180} INFO - Setting next_dagrun for shopbrasil_panorama_precos to 2026-07-04 09:00:00+00:00, run_after=2026-07-04 09:00:00+00:00
[2026-07-04T15:08:54.792+0000] {processor.py:208} INFO - Processing /opt/airflow/dags/shopbrasil_panorama_precos.py took 0.163 seconds
[2026-07-04T15:09:25.076+0000] {processor.py:186} INFO - Started process (PID=1644) to work on /opt/airflow/dags/shopbrasil_panorama_precos.py
[2026-07-04T15:09:25.077+0000] {processor.py:914} INFO - Processing file /opt/airflow/dags/shopbrasil_panorama_precos.py for tasks to queue
[2026-07-04T15:09:25.081+0000] {logging_mixin.py:190} INFO - [2026-07-04T15:09:25.080+0000] {dagbag.py:588} INFO - Filling up the DagBag from /opt/airflow/dags/shopbrasil_panorama_precos.py
[2026-07-04T15:09:25.102+0000] {processor.py:925} INFO - DAG(s) 'shopbrasil_panorama_precos' retrieved from /opt/airflow/dags/shopbrasil_panorama_precos.py
[2026-07-04T15:09:25.158+0000] {logging_mixin.py:190} INFO - [2026-07-04T15:09:25.157+0000] {dag.py:3239} INFO - Sync 1 DAGs
[2026-07-04T15:09:25.200+0000] {logging_mixin.py:190} INFO - [2026-07-04T15:09:25.200+0000] {dag.py:4180} INFO - Setting next_dagrun for shopbrasil_panorama_precos to 2026-07-04 09:00:00+00:00, run_after=2026-07-04 09:00:00+00:00
[2026-07-04T15:09:25.232+0000] {processor.py:208} INFO - Processing /opt/airflow/dags/shopbrasil_panorama_precos.py took 0.165 seconds
[2026-07-04T15:09:55.714+0000] {processor.py:186} INFO - Started process (PID=1655) to work on /opt/airflow/dags/shopbrasil_panorama_precos.py
[2026-07-04T15:09:55.715+0000] {processor.py:914} INFO - Processing file /opt/airflow/dags/shopbrasil_panorama_precos.py for tasks to queue
[2026-07-04T15:09:55.720+0000] {logging_mixin.py:190} INFO - [2026-07-04T15:09:55.720+0000] {dagbag.py:588} INFO - Filling up the DagBag from /opt/airflow/dags/shopbrasil_panorama_precos.py
[2026-07-04T15:09:55.741+0000] {processor.py:925} INFO - DAG(s) 'shopbrasil_panorama_precos' retrieved from /opt/airflow/dags/shopbrasil_panorama_precos.py
[2026-07-04T15:09:55.788+0000] {logging_mixin.py:190} INFO - [2026-07-04T15:09:55.788+0000] {dag.py:3239} INFO - Sync 1 DAGs
[2026-07-04T15:09:55.831+0000] {logging_mixin.py:190} INFO - [2026-07-04T15:09:55.831+0000] {dag.py:4180} INFO - Setting next_dagrun for shopbrasil_panorama_precos to 2026-07-04 09:00:00+00:00, run_after=2026-07-04 09:00:00+00:00
[2026-07-04T15:09:55.861+0000] {processor.py:208} INFO - Processing /opt/airflow/dags/shopbrasil_panorama_precos.py took 0.157 seconds
[2026-07-04T15:10:26.383+0000] {processor.py:186} INFO - Started process (PID=1665) to work on /opt/airflow/dags/shopbrasil_panorama_precos.py
[2026-07-04T15:10:26.386+0000] {processor.py:914} INFO - Processing file /opt/airflow/dags/shopbrasil_panorama_precos.py for tasks to queue
[2026-07-04T15:10:26.391+0000] {logging_mixin.py:190} INFO - [2026-07-04T15:10:26.390+0000] {dagbag.py:588} INFO - Filling up the DagBag from /opt/airflow/dags/shopbrasil_panorama_precos.py
[2026-07-04T15:10:26.430+0000] {processor.py:925} INFO - DAG(s) 'shopbrasil_panorama_precos' retrieved from /opt/airflow/dags/shopbrasil_panorama_precos.py
[2026-07-04T15:10:26.525+0000] {logging_mixin.py:190} INFO - [2026-07-04T15:10:26.525+0000] {dag.py:3239} INFO - Sync 1 DAGs
[2026-07-04T15:10:26.590+0000] {logging_mixin.py:190} INFO - [2026-07-04T15:10:26.589+0000] {dag.py:4180} INFO - Setting next_dagrun for shopbrasil_panorama_precos to 2026-07-04 09:00:00+00:00, run_after=2026-07-04 09:00:00+00:00
[2026-07-04T15:10:26.635+0000] {processor.py:208} INFO - Processing /opt/airflow/dags/shopbrasil_panorama_precos.py took 0.264 seconds
[2026-07-04T15:10:56.984+0000] {processor.py:186} INFO - Started process (PID=1670) to work on /opt/airflow/dags/shopbrasil_panorama_precos.py
[2026-07-04T15:10:56.986+0000] {processor.py:914} INFO - Processing file /opt/airflow/dags/shopbrasil_panorama_precos.py for tasks to queue
[2026-07-04T15:10:56.991+0000] {logging_mixin.py:190} INFO - [2026-07-04T15:10:56.990+0000] {dagbag.py:588} INFO - Filling up the DagBag from /opt/airflow/dags/shopbrasil_panorama_precos.py
[2026-07-04T15:10:57.011+0000] {processor.py:925} INFO - DAG(s) 'shopbrasil_panorama_precos' retrieved from /opt/airflow/dags/shopbrasil_panorama_precos.py
[2026-07-04T15:10:57.058+0000] {logging_mixin.py:190} INFO - [2026-07-04T15:10:57.058+0000] {dag.py:3239} INFO - Sync 1 DAGs
[2026-07-04T15:10:57.117+0000] {logging_mixin.py:190} INFO - [2026-07-04T15:10:57.116+0000] {dag.py:4180} INFO - Setting next_dagrun for shopbrasil_panorama_precos to 2026-07-04 09:00:00+00:00, run_after=2026-07-04 09:00:00+00:00
[2026-07-04T15:10:57.156+0000] {processor.py:208} INFO - Processing /opt/airflow/dags/shopbrasil_panorama_precos.py took 0.186 seconds
[2026-07-04T15:11:27.352+0000] {processor.py:186} INFO - Started process (PID=1681) to work on /opt/airflow/dags/shopbrasil_panorama_precos.py
[2026-07-04T15:11:27.354+0000] {processor.py:914} INFO - Processing file /opt/airflow/dags/shopbrasil_panorama_precos.py for tasks to queue
[2026-07-04T15:11:27.358+0000] {logging_mixin.py:190} INFO - [2026-07-04T15:11:27.357+0000] {dagbag.py:588} INFO - Filling up the DagBag from /opt/airflow/dags/shopbrasil_panorama_precos.py
[2026-07-04T15:11:27.379+0000] {processor.py:925} INFO - DAG(s) 'shopbrasil_panorama_precos' retrieved from /opt/airflow/dags/shopbrasil_panorama_precos.py
[2026-07-04T15:11:27.428+0000] {logging_mixin.py:190} INFO - [2026-07-04T15:11:27.428+0000] {dag.py:3239} INFO - Sync 1 DAGs
[2026-07-04T15:11:27.473+0000] {logging_mixin.py:190} INFO - [2026-07-04T15:11:27.473+0000] {dag.py:4180} INFO - Setting next_dagrun for shopbrasil_panorama_precos to 2026-07-04 09:00:00+00:00, run_after=2026-07-04 09:00:00+00:00
[2026-07-04T15:11:27.505+0000] {processor.py:208} INFO - Processing /opt/airflow/dags/shopbrasil_panorama_precos.py took 0.175 seconds
[2026-07-04T15:11:57.835+0000] {processor.py:186} INFO - Started process (PID=1692) to work on /opt/airflow/dags/shopbrasil_panorama_precos.py
[2026-07-04T15:11:57.837+0000] {processor.py:914} INFO - Processing file /opt/airflow/dags/shopbrasil_panorama_precos.py for tasks to queue
[2026-07-04T15:11:57.842+0000] {logging_mixin.py:190} INFO - [2026-07-04T15:11:57.841+0000] {dagbag.py:588} INFO - Filling up the DagBag from /opt/airflow/dags/shopbrasil_panorama_precos.py
[2026-07-04T15:11:57.874+0000] {processor.py:925} INFO - DAG(s) 'shopbrasil_panorama_precos' retrieved from /opt/airflow/dags/shopbrasil_panorama_precos.py
[2026-07-04T15:11:57.945+0000] {logging_mixin.py:190} INFO - [2026-07-04T15:11:57.944+0000] {dag.py:3239} INFO - Sync 1 DAGs
[2026-07-04T15:11:58.008+0000] {logging_mixin.py:190} INFO - [2026-07-04T15:11:58.008+0000] {dag.py:4180} INFO - Setting next_dagrun for shopbrasil_panorama_precos to 2026-07-04 09:00:00+00:00, run_after=2026-07-04 09:00:00+00:00
[2026-07-04T15:11:58.058+0000] {processor.py:208} INFO - Processing /opt/airflow/dags/shopbrasil_panorama_precos.py took 0.232 seconds
[2026-07-04T15:12:28.460+0000] {processor.py:186} INFO - Started process (PID=1703) to work on /opt/airflow/dags/shopbrasil_panorama_precos.py
[2026-07-04T15:12:28.463+0000] {processor.py:914} INFO - Processing file /opt/airflow/dags/shopbrasil_panorama_precos.py for tasks to queue
[2026-07-04T15:12:28.472+0000] {logging_mixin.py:190} INFO - [2026-07-04T15:12:28.471+0000] {dagbag.py:588} INFO - Filling up the DagBag from /opt/airflow/dags/shopbrasil_panorama_precos.py
[2026-07-04T15:12:28.507+0000] {processor.py:925} INFO - DAG(s) 'shopbrasil_panorama_precos' retrieved from /opt/airflow/dags/shopbrasil_panorama_precos.py
[2026-07-04T15:12:28.563+0000] {logging_mixin.py:190} INFO - [2026-07-04T15:12:28.562+0000] {dag.py:3239} INFO - Sync 1 DAGs
[2026-07-04T15:12:28.604+0000] {logging_mixin.py:190} INFO - [2026-07-04T15:12:28.603+0000] {dag.py:4180} INFO - Setting next_dagrun for shopbrasil_panorama_precos to 2026-07-04 09:00:00+00:00, run_after=2026-07-04 09:00:00+00:00
[2026-07-04T15:12:28.634+0000] {processor.py:208} INFO - Processing /opt/airflow/dags/shopbrasil_panorama_precos.py took 0.199 seconds
[2026-07-04T15:12:59.095+0000] {processor.py:186} INFO - Started process (PID=1714) to work on /opt/airflow/dags/shopbrasil_panorama_precos.py
[2026-07-04T15:12:59.181+0000] {processor.py:914} INFO - Processing file /opt/airflow/dags/shopbrasil_panorama_precos.py for tasks to queue
[2026-07-04T15:12:59.190+0000] {logging_mixin.py:190} INFO - [2026-07-04T15:12:59.189+0000] {dagbag.py:588} INFO - Filling up the DagBag from /opt/airflow/dags/shopbrasil_panorama_precos.py
[2026-07-04T15:12:59.246+0000] {processor.py:925} INFO - DAG(s) 'shopbrasil_panorama_precos' retrieved from /opt/airflow/dags/shopbrasil_panorama_precos.py
[2026-07-04T15:12:59.301+0000] {logging_mixin.py:190} INFO - [2026-07-04T15:12:59.301+0000] {dag.py:3239} INFO - Sync 1 DAGs
[2026-07-04T15:12:59.340+0000] {logging_mixin.py:190} INFO - [2026-07-04T15:12:59.339+0000] {dag.py:4180} INFO - Setting next_dagrun for shopbrasil_panorama_precos to 2026-07-04 09:00:00+00:00, run_after=2026-07-04 09:00:00+00:00
[2026-07-04T15:12:59.371+0000] {processor.py:208} INFO - Processing /opt/airflow/dags/shopbrasil_panorama_precos.py took 0.285 seconds
[2026-07-04T15:13:29.694+0000] {processor.py:186} INFO - Started process (PID=1725) to work on /opt/airflow/dags/shopbrasil_panorama_precos.py
[2026-07-04T15:13:29.696+0000] {processor.py:914} INFO - Processing file /opt/airflow/dags/shopbrasil_panorama_precos.py for tasks to queue
[2026-07-04T15:13:29.701+0000] {logging_mixin.py:190} INFO - [2026-07-04T15:13:29.700+0000] {dagbag.py:588} INFO - Filling up the DagBag from /opt/airflow/dags/shopbrasil_panorama_precos.py
[2026-07-04T15:13:29.733+0000] {processor.py:925} INFO - DAG(s) 'shopbrasil_panorama_precos' retrieved from /opt/airflow/dags/shopbrasil_panorama_precos.py
[2026-07-04T15:13:29.815+0000] {logging_mixin.py:190} INFO - [2026-07-04T15:13:29.814+0000] {dag.py:3239} INFO - Sync 1 DAGs
[2026-07-04T15:13:29.889+0000] {logging_mixin.py:190} INFO - [2026-07-04T15:13:29.889+0000] {dag.py:4180} INFO - Setting next_dagrun for shopbrasil_panorama_precos to 2026-07-04 09:00:00+00:00, run_after=2026-07-04 09:00:00+00:00
[2026-07-04T15:13:29.925+0000] {processor.py:208} INFO - Processing /opt/airflow/dags/shopbrasil_panorama_precos.py took 0.239 seconds
[2026-07-04T15:14:00.398+0000] {processor.py:186} INFO - Started process (PID=1737) to work on /opt/airflow/dags/shopbrasil_panorama_precos.py
[2026-07-04T15:14:00.400+0000] {processor.py:914} INFO - Processing file /opt/airflow/dags/shopbrasil_panorama_precos.py for tasks to queue
[2026-07-04T15:14:00.403+0000] {logging_mixin.py:190} INFO - [2026-07-04T15:14:00.403+0000] {dagbag.py:588} INFO - Filling up the DagBag from /opt/airflow/dags/shopbrasil_panorama_precos.py
[2026-07-04T15:14:00.425+0000] {processor.py:925} INFO - DAG(s) 'shopbrasil_panorama_precos' retrieved from /opt/airflow/dags/shopbrasil_panorama_precos.py
[2026-07-04T15:14:00.488+0000] {logging_mixin.py:190} INFO - [2026-07-04T15:14:00.488+0000] {dag.py:3239} INFO - Sync 1 DAGs
[2026-07-04T15:14:00.532+0000] {logging_mixin.py:190} INFO - [2026-07-04T15:14:00.532+0000] {dag.py:4180} INFO - Setting next_dagrun for shopbrasil_panorama_precos to 2026-07-04 09:00:00+00:00, run_after=2026-07-04 09:00:00+00:00
[2026-07-04T15:14:00.569+0000] {processor.py:208} INFO - Processing /opt/airflow/dags/shopbrasil_panorama_precos.py took 0.180 seconds
[2026-07-04T15:14:31.101+0000] {processor.py:186} INFO - Started process (PID=1747) to work on /opt/airflow/dags/shopbrasil_panorama_precos.py
[2026-07-04T15:14:31.103+0000] {processor.py:914} INFO - Processing file /opt/airflow/dags/shopbrasil_panorama_precos.py for tasks to queue
[2026-07-04T15:14:31.109+0000] {logging_mixin.py:190} INFO - [2026-07-04T15:14:31.108+0000] {dagbag.py:588} INFO - Filling up the DagBag from /opt/airflow/dags/shopbrasil_panorama_precos.py
[2026-07-04T15:14:31.147+0000] {processor.py:925} INFO - DAG(s) 'shopbrasil_panorama_precos' retrieved from /opt/airflow/dags/shopbrasil_panorama_precos.py
[2026-07-04T15:14:31.244+0000] {logging_mixin.py:190} INFO - [2026-07-04T15:14:31.244+0000] {dag.py:3239} INFO - Sync 1 DAGs
[2026-07-04T15:14:31.311+0000] {logging_mixin.py:190} INFO - [2026-07-04T15:14:31.311+0000] {dag.py:4180} INFO - Setting next_dagrun for shopbrasil_panorama_precos to 2026-07-04 09:00:00+00:00, run_after=2026-07-04 09:00:00+00:00
[2026-07-04T15:14:31.345+0000] {processor.py:208} INFO - Processing /opt/airflow/dags/shopbrasil_panorama_precos.py took 0.298 seconds
[2026-07-04T15:15:01.846+0000] {processor.py:186} INFO - Started process (PID=1752) to work on /opt/airflow/dags/shopbrasil_panorama_precos.py
[2026-07-04T15:15:01.848+0000] {processor.py:914} INFO - Processing file /opt/airflow/dags/shopbrasil_panorama_precos.py for tasks to queue
[2026-07-04T15:15:01.852+0000] {logging_mixin.py:190} INFO - [2026-07-04T15:15:01.851+0000] {dagbag.py:588} INFO - Filling up the DagBag from /opt/airflow/dags/shopbrasil_panorama_precos.py
[2026-07-04T15:15:01.883+0000] {processor.py:925} INFO - DAG(s) 'shopbrasil_panorama_precos' retrieved from /opt/airflow/dags/shopbrasil_panorama_precos.py
[2026-07-04T15:15:01.948+0000] {logging_mixin.py:190} INFO - [2026-07-04T15:15:01.947+0000] {dag.py:3239} INFO - Sync 1 DAGs
[2026-07-04T15:15:01.996+0000] {logging_mixin.py:190} INFO - [2026-07-04T15:15:01.995+0000] {dag.py:4180} INFO - Setting next_dagrun for shopbrasil_panorama_precos to 2026-07-04 09:00:00+00:00, run_after=2026-07-04 09:00:00+00:00
[2026-07-04T15:15:02.031+0000] {processor.py:208} INFO - Processing /opt/airflow/dags/shopbrasil_panorama_precos.py took 0.195 seconds
[2026-07-04T15:15:32.588+0000] {processor.py:186} INFO - Started process (PID=1763) to work on /opt/airflow/dags/shopbrasil_panorama_precos.py
[2026-07-04T15:15:32.589+0000] {processor.py:914} INFO - Processing file /opt/airflow/dags/shopbrasil_panorama_precos.py for tasks to queue
[2026-07-04T15:15:32.594+0000] {logging_mixin.py:190} INFO - [2026-07-04T15:15:32.593+0000] {dagbag.py:588} INFO - Filling up the DagBag from /opt/airflow/dags/shopbrasil_panorama_precos.py
[2026-07-04T15:15:32.629+0000] {processor.py:925} INFO - DAG(s) 'shopbrasil_panorama_precos' retrieved from /opt/airflow/dags/shopbrasil_panorama_precos.py
[2026-07-04T15:15:32.711+0000] {logging_mixin.py:190} INFO - [2026-07-04T15:15:32.710+0000] {dag.py:3239} INFO - Sync 1 DAGs
[2026-07-04T15:15:32.774+0000] {logging_mixin.py:190} INFO - [2026-07-04T15:15:32.774+0000] {dag.py:4180} INFO - Setting next_dagrun for shopbrasil_panorama_precos to 2026-07-04 09:00:00+00:00, run_after=2026-07-04 09:00:00+00:00
[2026-07-04T15:15:32.817+0000] {processor.py:208} INFO - Processing /opt/airflow/dags/shopbrasil_panorama_precos.py took 0.238 seconds
[2026-07-04T15:16:03.087+0000] {processor.py:186} INFO - Started process (PID=1775) to work on /opt/airflow/dags/shopbrasil_panorama_precos.py
[2026-07-04T15:16:03.088+0000] {processor.py:914} INFO - Processing file /opt/airflow/dags/shopbrasil_panorama_precos.py for tasks to queue
[2026-07-04T15:16:03.092+0000] {logging_mixin.py:190} INFO - [2026-07-04T15:16:03.091+0000] {dagbag.py:588} INFO - Filling up the DagBag from /opt/airflow/dags/shopbrasil_panorama_precos.py
[2026-07-04T15:16:03.125+0000] {processor.py:925} INFO - DAG(s) 'shopbrasil_panorama_precos' retrieved from /opt/airflow/dags/shopbrasil_panorama_precos.py
[2026-07-04T15:16:03.188+0000] {logging_mixin.py:190} INFO - [2026-07-04T15:16:03.188+0000] {dag.py:3239} INFO - Sync 1 DAGs
[2026-07-04T15:16:03.247+0000] {logging_mixin.py:190} INFO - [2026-07-04T15:16:03.246+0000] {dag.py:4180} INFO - Setting next_dagrun for shopbrasil_panorama_precos to 2026-07-04 09:00:00+00:00, run_after=2026-07-04 09:00:00+00:00
[2026-07-04T15:16:03.284+0000] {processor.py:208} INFO - Processing /opt/airflow/dags/shopbrasil_panorama_precos.py took 0.210 seconds
[2026-07-04T15:16:33.846+0000] {processor.py:186} INFO - Started process (PID=1787) to work on /opt/airflow/dags/shopbrasil_panorama_precos.py
[2026-07-04T15:16:33.849+0000] {processor.py:914} INFO - Processing file /opt/airflow/dags/shopbrasil_panorama_precos.py for tasks to queue
[2026-07-04T15:16:33.854+0000] {logging_mixin.py:190} INFO - [2026-07-04T15:16:33.853+0000] {dagbag.py:588} INFO - Filling up the DagBag from /opt/airflow/dags/shopbrasil_panorama_precos.py
[2026-07-04T15:16:33.891+0000] {processor.py:925} INFO - DAG(s) 'shopbrasil_panorama_precos' retrieved from /opt/airflow/dags/shopbrasil_panorama_precos.py
[2026-07-04T15:16:33.973+0000] {logging_mixin.py:190} INFO - [2026-07-04T15:16:33.973+0000] {dag.py:3239} INFO - Sync 1 DAGs
[2026-07-04T15:16:34.036+0000] {logging_mixin.py:190} INFO - [2026-07-04T15:16:34.036+0000] {dag.py:4180} INFO - Setting next_dagrun for shopbrasil_panorama_precos to 2026-07-04 09:00:00+00:00, run_after=2026-07-04 09:00:00+00:00
[2026-07-04T15:16:34.087+0000] {processor.py:208} INFO - Processing /opt/airflow/dags/shopbrasil_panorama_precos.py took 0.253 seconds
[2026-07-04T15:17:04.704+0000] {processor.py:186} INFO - Started process (PID=1798) to work on /opt/airflow/dags/shopbrasil_panorama_precos.py
[2026-07-04T15:17:04.708+0000] {processor.py:914} INFO - Processing file /opt/airflow/dags/shopbrasil_panorama_precos.py for tasks to queue
[2026-07-04T15:17:04.718+0000] {logging_mixin.py:190} INFO - [2026-07-04T15:17:04.718+0000] {dagbag.py:588} INFO - Filling up the DagBag from /opt/airflow/dags/shopbrasil_panorama_precos.py
[2026-07-04T15:17:04.743+0000] {processor.py:925} INFO - DAG(s) 'shopbrasil_panorama_precos' retrieved from /opt/airflow/dags/shopbrasil_panorama_precos.py
[2026-07-04T15:17:04.807+0000] {logging_mixin.py:190} INFO - [2026-07-04T15:17:04.807+0000] {dag.py:3239} INFO - Sync 1 DAGs
[2026-07-04T15:17:04.867+0000] {logging_mixin.py:190} INFO - [2026-07-04T15:17:04.866+0000] {dag.py:4180} INFO - Setting next_dagrun for shopbrasil_panorama_precos to 2026-07-04 09:00:00+00:00, run_after=2026-07-04 09:00:00+00:00
[2026-07-04T15:17:04.934+0000] {processor.py:208} INFO - Processing /opt/airflow/dags/shopbrasil_panorama_precos.py took 0.274 seconds
[2026-07-04T15:17:35.502+0000] {processor.py:186} INFO - Started process (PID=1809) to work on /opt/airflow/dags/shopbrasil_panorama_precos.py
[2026-07-04T15:17:35.504+0000] {processor.py:914} INFO - Processing file /opt/airflow/dags/shopbrasil_panorama_precos.py for tasks to queue
[2026-07-04T15:17:35.511+0000] {logging_mixin.py:190} INFO - [2026-07-04T15:17:35.510+0000] {dagbag.py:588} INFO - Filling up the DagBag from /opt/airflow/dags/shopbrasil_panorama_precos.py
[2026-07-04T15:17:35.538+0000] {processor.py:925} INFO - DAG(s) 'shopbrasil_panorama_precos' retrieved from /opt/airflow/dags/shopbrasil_panorama_precos.py
[2026-07-04T15:17:35.590+0000] {logging_mixin.py:190} INFO - [2026-07-04T15:17:35.589+0000] {dag.py:3239} INFO - Sync 1 DAGs
[2026-07-04T15:17:35.637+0000] {logging_mixin.py:190} INFO - [2026-07-04T15:17:35.637+0000] {dag.py:4180} INFO - Setting next_dagrun for shopbrasil_panorama_precos to 2026-07-04 09:00:00+00:00, run_after=2026-07-04 09:00:00+00:00
[2026-07-04T15:17:35.675+0000] {processor.py:208} INFO - Processing /opt/airflow/dags/shopbrasil_panorama_precos.py took 0.196 seconds
[2026-07-04T15:18:06.316+0000] {processor.py:186} INFO - Started process (PID=1819) to work on /opt/airflow/dags/shopbrasil_panorama_precos.py
[2026-07-04T15:18:06.318+0000] {processor.py:914} INFO - Processing file /opt/airflow/dags/shopbrasil_panorama_precos.py for tasks to queue
[2026-07-04T15:18:06.324+0000] {logging_mixin.py:190} INFO - [2026-07-04T15:18:06.322+0000] {dagbag.py:588} INFO - Filling up the DagBag from /opt/airflow/dags/shopbrasil_panorama_precos.py
[2026-07-04T15:18:06.358+0000] {processor.py:925} INFO - DAG(s) 'shopbrasil_panorama_precos' retrieved from /opt/airflow/dags/shopbrasil_panorama_precos.py
[2026-07-04T15:18:06.450+0000] {logging_mixin.py:190} INFO - [2026-07-04T15:18:06.450+0000] {dag.py:3239} INFO - Sync 1 DAGs
[2026-07-04T15:18:06.512+0000] {logging_mixin.py:190} INFO - [2026-07-04T15:18:06.511+0000] {dag.py:4180} INFO - Setting next_dagrun for shopbrasil_panorama_precos to 2026-07-04 09:00:00+00:00, run_after=2026-07-04 09:00:00+00:00
[2026-07-04T15:18:06.562+0000] {processor.py:208} INFO - Processing /opt/airflow/dags/shopbrasil_panorama_precos.py took 0.260 seconds
[2026-07-04T15:18:37.133+0000] {processor.py:186} INFO - Started process (PID=1824) to work on /opt/airflow/dags/shopbrasil_panorama_precos.py
[2026-07-04T15:18:37.136+0000] {processor.py:914} INFO - Processing file /opt/airflow/dags/shopbrasil_panorama_precos.py for tasks to queue
[2026-07-04T15:18:37.140+0000] {logging_mixin.py:190} INFO - [2026-07-04T15:18:37.140+0000] {dagbag.py:588} INFO - Filling up the DagBag from /opt/airflow/dags/shopbrasil_panorama_precos.py
[2026-07-04T15:18:37.178+0000] {processor.py:925} INFO - DAG(s) 'shopbrasil_panorama_precos' retrieved from /opt/airflow/dags/shopbrasil_panorama_precos.py
[2026-07-04T15:18:37.355+0000] {logging_mixin.py:190} INFO - [2026-07-04T15:18:37.354+0000] {dag.py:3239} INFO - Sync 1 DAGs
[2026-07-04T15:18:37.548+0000] {logging_mixin.py:190} INFO - [2026-07-04T15:18:37.544+0000] {dag.py:4180} INFO - Setting next_dagrun for shopbrasil_panorama_precos to 2026-07-04 09:00:00+00:00, run_after=2026-07-04 09:00:00+00:00
[2026-07-04T15:18:37.763+0000] {processor.py:208} INFO - Processing /opt/airflow/dags/shopbrasil_panorama_precos.py took 0.645 seconds
[2026-07-04T15:19:08.125+0000] {processor.py:186} INFO - Started process (PID=1835) to work on /opt/airflow/dags/shopbrasil_panorama_precos.py
[2026-07-04T15:19:08.128+0000] {processor.py:914} INFO - Processing file /opt/airflow/dags/shopbrasil_panorama_precos.py for tasks to queue
[2026-07-04T15:19:08.136+0000] {logging_mixin.py:190} INFO - [2026-07-04T15:19:08.135+0000] {dagbag.py:588} INFO - Filling up the DagBag from /opt/airflow/dags/shopbrasil_panorama_precos.py
[2026-07-04T15:19:08.190+0000] {processor.py:925} INFO - DAG(s) 'shopbrasil_panorama_precos' retrieved from /opt/airflow/dags/shopbrasil_panorama_precos.py
[2026-07-04T15:19:08.310+0000] {logging_mixin.py:190} INFO - [2026-07-04T15:19:08.291+0000] {dag.py:3239} INFO - Sync 1 DAGs
[2026-07-04T15:19:08.433+0000] {logging_mixin.py:190} INFO - [2026-07-04T15:19:08.433+0000] {dag.py:4180} INFO - Setting next_dagrun for shopbrasil_panorama_precos to 2026-07-04 09:00:00+00:00, run_after=2026-07-04 09:00:00+00:00
[2026-07-04T15:19:08.478+0000] {processor.py:208} INFO - Processing /opt/airflow/dags/shopbrasil_panorama_precos.py took 0.380 seconds
[2026-07-04T15:19:39.014+0000] {processor.py:186} INFO - Started process (PID=1845) to work on /opt/airflow/dags/shopbrasil_panorama_precos.py
[2026-07-04T15:19:39.016+0000] {processor.py:914} INFO - Processing file /opt/airflow/dags/shopbrasil_panorama_precos.py for tasks to queue
[2026-07-04T15:19:39.032+0000] {logging_mixin.py:190} INFO - [2026-07-04T15:19:39.031+0000] {dagbag.py:588} INFO - Filling up the DagBag from /opt/airflow/dags/shopbrasil_panorama_precos.py
[2026-07-04T15:19:39.076+0000] {processor.py:925} INFO - DAG(s) 'shopbrasil_panorama_precos' retrieved from /opt/airflow/dags/shopbrasil_panorama_precos.py
[2026-07-04T15:19:39.147+0000] {logging_mixin.py:190} INFO - [2026-07-04T15:19:39.146+0000] {dag.py:3239} INFO - Sync 1 DAGs
[2026-07-04T15:19:39.239+0000] {logging_mixin.py:190} INFO - [2026-07-04T15:19:39.238+0000] {dag.py:4180} INFO - Setting next_dagrun for shopbrasil_panorama_precos to 2026-07-04 09:00:00+00:00, run_after=2026-07-04 09:00:00+00:00
[2026-07-04T15:19:39.282+0000] {processor.py:208} INFO - Processing /opt/airflow/dags/shopbrasil_panorama_precos.py took 0.296 seconds
[2026-07-04T15:20:09.722+0000] {processor.py:186} INFO - Started process (PID=1856) to work on /opt/airflow/dags/shopbrasil_panorama_precos.py
[2026-07-04T15:20:09.723+0000] {processor.py:914} INFO - Processing file /opt/airflow/dags/shopbrasil_panorama_precos.py for tasks to queue
[2026-07-04T15:20:09.728+0000] {logging_mixin.py:190} INFO - [2026-07-04T15:20:09.728+0000] {dagbag.py:588} INFO - Filling up the DagBag from /opt/airflow/dags/shopbrasil_panorama_precos.py
[2026-07-04T15:20:09.754+0000] {processor.py:925} INFO - DAG(s) 'shopbrasil_panorama_precos' retrieved from /opt/airflow/dags/shopbrasil_panorama_precos.py
[2026-07-04T15:20:09.811+0000] {logging_mixin.py:190} INFO - [2026-07-04T15:20:09.810+0000] {dag.py:3239} INFO - Sync 1 DAGs
[2026-07-04T15:20:09.850+0000] {logging_mixin.py:190} INFO - [2026-07-04T15:20:09.850+0000] {dag.py:4180} INFO - Setting next_dagrun for shopbrasil_panorama_precos to 2026-07-04 09:00:00+00:00, run_after=2026-07-04 09:00:00+00:00
[2026-07-04T15:20:09.879+0000] {processor.py:208} INFO - Processing /opt/airflow/dags/shopbrasil_panorama_precos.py took 0.169 seconds
[2026-07-04T15:20:40.208+0000] {processor.py:186} INFO - Started process (PID=1867) to work on /opt/airflow/dags/shopbrasil_panorama_precos.py
[2026-07-04T15:20:40.212+0000] {processor.py:914} INFO - Processing file /opt/airflow/dags/shopbrasil_panorama_precos.py for tasks to queue
[2026-07-04T15:20:40.217+0000] {logging_mixin.py:190} INFO - [2026-07-04T15:20:40.216+0000] {dagbag.py:588} INFO - Filling up the DagBag from /opt/airflow/dags/shopbrasil_panorama_precos.py
[2026-07-04T15:20:40.251+0000] {processor.py:925} INFO - DAG(s) 'shopbrasil_panorama_precos' retrieved from /opt/airflow/dags/shopbrasil_panorama_precos.py
[2026-07-04T15:20:40.335+0000] {logging_mixin.py:190} INFO - [2026-07-04T15:20:40.334+0000] {dag.py:3239} INFO - Sync 1 DAGs
[2026-07-04T15:20:40.417+0000] {logging_mixin.py:190} INFO - [2026-07-04T15:20:40.416+0000] {dag.py:4180} INFO - Setting next_dagrun for shopbrasil_panorama_precos to 2026-07-04 09:00:00+00:00, run_after=2026-07-04 09:00:00+00:00
[2026-07-04T15:20:40.472+0000] {processor.py:208} INFO - Processing /opt/airflow/dags/shopbrasil_panorama_precos.py took 0.279 seconds
[2026-07-04T15:21:11.027+0000] {processor.py:186} INFO - Started process (PID=1879) to work on /opt/airflow/dags/shopbrasil_panorama_precos.py
[2026-07-04T15:21:11.028+0000] {processor.py:914} INFO - Processing file /opt/airflow/dags/shopbrasil_panorama_precos.py for tasks to queue
[2026-07-04T15:21:11.035+0000] {logging_mixin.py:190} INFO - [2026-07-04T15:21:11.034+0000] {dagbag.py:588} INFO - Filling up the DagBag from /opt/airflow/dags/shopbrasil_panorama_precos.py
[2026-07-04T15:21:11.068+0000] {processor.py:925} INFO - DAG(s) 'shopbrasil_panorama_precos' retrieved from /opt/airflow/dags/shopbrasil_panorama_precos.py
[2026-07-04T15:21:11.124+0000] {logging_mixin.py:190} INFO - [2026-07-04T15:21:11.124+0000] {dag.py:3239} INFO - Sync 1 DAGs
[2026-07-04T15:21:11.168+0000] {logging_mixin.py:190} INFO - [2026-07-04T15:21:11.168+0000] {dag.py:4180} INFO - Setting next_dagrun for shopbrasil_panorama_precos to 2026-07-04 09:00:00+00:00, run_after=2026-07-04 09:00:00+00:00
[2026-07-04T15:21:11.206+0000] {processor.py:208} INFO - Processing /opt/airflow/dags/shopbrasil_panorama_precos.py took 0.192 seconds
[2026-07-04T15:21:41.522+0000] {processor.py:186} INFO - Started process (PID=1890) to work on /opt/airflow/dags/shopbrasil_panorama_precos.py
[2026-07-04T15:21:41.524+0000] {processor.py:914} INFO - Processing file /opt/airflow/dags/shopbrasil_panorama_precos.py for tasks to queue
[2026-07-04T15:21:41.528+0000] {logging_mixin.py:190} INFO - [2026-07-04T15:21:41.527+0000] {dagbag.py:588} INFO - Filling up the DagBag from /opt/airflow/dags/shopbrasil_panorama_precos.py
[2026-07-04T15:21:41.554+0000] {processor.py:925} INFO - DAG(s) 'shopbrasil_panorama_precos' retrieved from /opt/airflow/dags/shopbrasil_panorama_precos.py
[2026-07-04T15:21:41.612+0000] {logging_mixin.py:190} INFO - [2026-07-04T15:21:41.611+0000] {dag.py:3239} INFO - Sync 1 DAGs
[2026-07-04T15:21:41.673+0000] {logging_mixin.py:190} INFO - [2026-07-04T15:21:41.673+0000] {dag.py:4180} INFO - Setting next_dagrun for shopbrasil_panorama_precos to 2026-07-04 09:00:00+00:00, run_after=2026-07-04 09:00:00+00:00
[2026-07-04T15:21:41.715+0000] {processor.py:208} INFO - Processing /opt/airflow/dags/shopbrasil_panorama_precos.py took 0.206 seconds
[2026-07-04T15:22:12.110+0000] {processor.py:186} INFO - Started process (PID=1894) to work on /opt/airflow/dags/shopbrasil_panorama_precos.py
[2026-07-04T15:22:12.112+0000] {processor.py:914} INFO - Processing file /opt/airflow/dags/shopbrasil_panorama_precos.py for tasks to queue
[2026-07-04T15:22:12.117+0000] {logging_mixin.py:190} INFO - [2026-07-04T15:22:12.117+0000] {dagbag.py:588} INFO - Filling up the DagBag from /opt/airflow/dags/shopbrasil_panorama_precos.py
[2026-07-04T15:22:12.140+0000] {processor.py:925} INFO - DAG(s) 'shopbrasil_panorama_precos' retrieved from /opt/airflow/dags/shopbrasil_panorama_precos.py
[2026-07-04T15:22:12.197+0000] {logging_mixin.py:190} INFO - [2026-07-04T15:22:12.196+0000] {dag.py:3239} INFO - Sync 1 DAGs
[2026-07-04T15:22:12.254+0000] {logging_mixin.py:190} INFO - [2026-07-04T15:22:12.253+0000] {dag.py:4180} INFO - Setting next_dagrun for shopbrasil_panorama_precos to 2026-07-04 09:00:00+00:00, run_after=2026-07-04 09:00:00+00:00
[2026-07-04T15:22:12.287+0000] {processor.py:208} INFO - Processing /opt/airflow/dags/shopbrasil_panorama_precos.py took 0.192 seconds
[2026-07-04T15:22:42.824+0000] {processor.py:186} INFO - Started process (PID=1905) to work on /opt/airflow/dags/shopbrasil_panorama_precos.py
[2026-07-04T15:22:42.826+0000] {processor.py:914} INFO - Processing file /opt/airflow/dags/shopbrasil_panorama_precos.py for tasks to queue
[2026-07-04T15:22:42.832+0000] {logging_mixin.py:190} INFO - [2026-07-04T15:22:42.831+0000] {dagbag.py:588} INFO - Filling up the DagBag from /opt/airflow/dags/shopbrasil_panorama_precos.py
[2026-07-04T15:22:42.868+0000] {processor.py:925} INFO - DAG(s) 'shopbrasil_panorama_precos' retrieved from /opt/airflow/dags/shopbrasil_panorama_precos.py
[2026-07-04T15:22:42.926+0000] {logging_mixin.py:190} INFO - [2026-07-04T15:22:42.926+0000] {dag.py:3239} INFO - Sync 1 DAGs
[2026-07-04T15:22:42.979+0000] {logging_mixin.py:190} INFO - [2026-07-04T15:22:42.978+0000] {dag.py:4180} INFO - Setting next_dagrun for shopbrasil_panorama_precos to 2026-07-04 09:00:00+00:00, run_after=2026-07-04 09:00:00+00:00
[2026-07-04T15:22:43.013+0000] {processor.py:208} INFO - Processing /opt/airflow/dags/shopbrasil_panorama_precos.py took 0.205 seconds
[2026-07-04T15:23:13.509+0000] {processor.py:186} INFO - Started process (PID=1916) to work on /opt/airflow/dags/shopbrasil_panorama_precos.py
[2026-07-04T15:23:13.510+0000] {processor.py:914} INFO - Processing file /opt/airflow/dags/shopbrasil_panorama_precos.py for tasks to queue
[2026-07-04T15:23:13.516+0000] {logging_mixin.py:190} INFO - [2026-07-04T15:23:13.514+0000] {dagbag.py:588} INFO - Filling up the DagBag from /opt/airflow/dags/shopbrasil_panorama_precos.py
[2026-07-04T15:23:13.545+0000] {processor.py:925} INFO - DAG(s) 'shopbrasil_panorama_precos' retrieved from /opt/airflow/dags/shopbrasil_panorama_precos.py
[2026-07-04T15:23:13.596+0000] {logging_mixin.py:190} INFO - [2026-07-04T15:23:13.596+0000] {dag.py:3239} INFO - Sync 1 DAGs
[2026-07-04T15:23:13.634+0000] {logging_mixin.py:190} INFO - [2026-07-04T15:23:13.633+0000] {dag.py:4180} INFO - Setting next_dagrun for shopbrasil_panorama_precos to 2026-07-04 09:00:00+00:00, run_after=2026-07-04 09:00:00+00:00
[2026-07-04T15:23:13.661+0000] {processor.py:208} INFO - Processing /opt/airflow/dags/shopbrasil_panorama_precos.py took 0.161 seconds
[2026-07-04T15:23:44.105+0000] {processor.py:186} INFO - Started process (PID=1927) to work on /opt/airflow/dags/shopbrasil_panorama_precos.py
[2026-07-04T15:23:44.106+0000] {processor.py:914} INFO - Processing file /opt/airflow/dags/shopbrasil_panorama_precos.py for tasks to queue
[2026-07-04T15:23:44.111+0000] {logging_mixin.py:190} INFO - [2026-07-04T15:23:44.110+0000] {dagbag.py:588} INFO - Filling up the DagBag from /opt/airflow/dags/shopbrasil_panorama_precos.py
[2026-07-04T15:23:44.141+0000] {processor.py:925} INFO - DAG(s) 'shopbrasil_panorama_precos' retrieved from /opt/airflow/dags/shopbrasil_panorama_precos.py
[2026-07-04T15:23:44.194+0000] {logging_mixin.py:190} INFO - [2026-07-04T15:23:44.194+0000] {dag.py:3239} INFO - Sync 1 DAGs
[2026-07-04T15:23:44.250+0000] {logging_mixin.py:190} INFO - [2026-07-04T15:23:44.249+0000] {dag.py:4180} INFO - Setting next_dagrun for shopbrasil_panorama_precos to 2026-07-04 09:00:00+00:00, run_after=2026-07-04 09:00:00+00:00
[2026-07-04T15:23:44.279+0000] {processor.py:208} INFO - Processing /opt/airflow/dags/shopbrasil_panorama_precos.py took 0.184 seconds
[2026-07-04T15:24:14.774+0000] {processor.py:186} INFO - Started process (PID=1938) to work on /opt/airflow/dags/shopbrasil_panorama_precos.py
[2026-07-04T15:24:14.775+0000] {processor.py:914} INFO - Processing file /opt/airflow/dags/shopbrasil_panorama_precos.py for tasks to queue
[2026-07-04T15:24:14.780+0000] {logging_mixin.py:190} INFO - [2026-07-04T15:24:14.780+0000] {dagbag.py:588} INFO - Filling up the DagBag from /opt/airflow/dags/shopbrasil_panorama_precos.py
[2026-07-04T15:24:14.806+0000] {processor.py:925} INFO - DAG(s) 'shopbrasil_panorama_precos' retrieved from /opt/airflow/dags/shopbrasil_panorama_precos.py
[2026-07-04T15:24:14.858+0000] {logging_mixin.py:190} INFO - [2026-07-04T15:24:14.858+0000] {dag.py:3239} INFO - Sync 1 DAGs
[2026-07-04T15:24:14.927+0000] {logging_mixin.py:190} INFO - [2026-07-04T15:24:14.927+0000] {dag.py:4180} INFO - Setting next_dagrun for shopbrasil_panorama_precos to 2026-07-04 09:00:00+00:00, run_after=2026-07-04 09:00:00+00:00
[2026-07-04T15:24:14.968+0000] {processor.py:208} INFO - Processing /opt/airflow/dags/shopbrasil_panorama_precos.py took 0.204 seconds
[2026-07-04T15:24:45.526+0000] {processor.py:186} INFO - Started process (PID=1949) to work on /opt/airflow/dags/shopbrasil_panorama_precos.py
[2026-07-04T15:24:45.528+0000] {processor.py:914} INFO - Processing file /opt/airflow/dags/shopbrasil_panorama_precos.py for tasks to queue
[2026-07-04T15:24:45.532+0000] {logging_mixin.py:190} INFO - [2026-07-04T15:24:45.532+0000] {dagbag.py:588} INFO - Filling up the DagBag from /opt/airflow/dags/shopbrasil_panorama_precos.py
[2026-07-04T15:24:45.562+0000] {processor.py:925} INFO - DAG(s) 'shopbrasil_panorama_precos' retrieved from /opt/airflow/dags/shopbrasil_panorama_precos.py
[2026-07-04T15:24:45.655+0000] {logging_mixin.py:190} INFO - [2026-07-04T15:24:45.654+0000] {dag.py:3239} INFO - Sync 1 DAGs
[2026-07-04T15:24:45.730+0000] {logging_mixin.py:190} INFO - [2026-07-04T15:24:45.729+0000] {dag.py:4180} INFO - Setting next_dagrun for shopbrasil_panorama_precos to 2026-07-04 09:00:00+00:00, run_after=2026-07-04 09:00:00+00:00
[2026-07-04T15:24:45.783+0000] {processor.py:208} INFO - Processing /opt/airflow/dags/shopbrasil_panorama_precos.py took 0.284 seconds
[2026-07-04T15:25:16.315+0000] {processor.py:186} INFO - Started process (PID=1960) to work on /opt/airflow/dags/shopbrasil_panorama_precos.py
[2026-07-04T15:25:16.317+0000] {processor.py:914} INFO - Processing file /opt/airflow/dags/shopbrasil_panorama_precos.py for tasks to queue
[2026-07-04T15:25:16.323+0000] {logging_mixin.py:190} INFO - [2026-07-04T15:25:16.322+0000] {dagbag.py:588} INFO - Filling up the DagBag from /opt/airflow/dags/shopbrasil_panorama_precos.py
[2026-07-04T15:25:16.360+0000] {processor.py:925} INFO - DAG(s) 'shopbrasil_panorama_precos' retrieved from /opt/airflow/dags/shopbrasil_panorama_precos.py
[2026-07-04T15:25:16.427+0000] {logging_mixin.py:190} INFO - [2026-07-04T15:25:16.426+0000] {dag.py:3239} INFO - Sync 1 DAGs
[2026-07-04T15:25:16.488+0000] {logging_mixin.py:190} INFO - [2026-07-04T15:25:16.488+0000] {dag.py:4180} INFO - Setting next_dagrun for shopbrasil_panorama_precos to 2026-07-04 09:00:00+00:00, run_after=2026-07-04 09:00:00+00:00
[2026-07-04T15:25:16.525+0000] {processor.py:208} INFO - Processing /opt/airflow/dags/shopbrasil_panorama_precos.py took 0.227 seconds
[2026-07-04T15:25:46.981+0000] {processor.py:186} INFO - Started process (PID=1971) to work on /opt/airflow/dags/shopbrasil_panorama_precos.py
[2026-07-04T15:25:46.982+0000] {processor.py:914} INFO - Processing file /opt/airflow/dags/shopbrasil_panorama_precos.py for tasks to queue
[2026-07-04T15:25:46.988+0000] {logging_mixin.py:190} INFO - [2026-07-04T15:25:46.988+0000] {dagbag.py:588} INFO - Filling up the DagBag from /opt/airflow/dags/shopbrasil_panorama_precos.py
[2026-07-04T15:25:47.017+0000] {processor.py:925} INFO - DAG(s) 'shopbrasil_panorama_precos' retrieved from /opt/airflow/dags/shopbrasil_panorama_precos.py
[2026-07-04T15:25:47.066+0000] {logging_mixin.py:190} INFO - [2026-07-04T15:25:47.066+0000] {dag.py:3239} INFO - Sync 1 DAGs
[2026-07-04T15:25:47.107+0000] {logging_mixin.py:190} INFO - [2026-07-04T15:25:47.106+0000] {dag.py:4180} INFO - Setting next_dagrun for shopbrasil_panorama_precos to 2026-07-04 09:00:00+00:00, run_after=2026-07-04 09:00:00+00:00
[2026-07-04T15:25:47.135+0000] {processor.py:208} INFO - Processing /opt/airflow/dags/shopbrasil_panorama_precos.py took 0.169 seconds
[2026-07-04T15:26:17.479+0000] {processor.py:186} INFO - Started process (PID=1981) to work on /opt/airflow/dags/shopbrasil_panorama_precos.py
[2026-07-04T15:26:17.481+0000] {processor.py:914} INFO - Processing file /opt/airflow/dags/shopbrasil_panorama_precos.py for tasks to queue
[2026-07-04T15:26:17.485+0000] {logging_mixin.py:190} INFO - [2026-07-04T15:26:17.485+0000] {dagbag.py:588} INFO - Filling up the DagBag from /opt/airflow/dags/shopbrasil_panorama_precos.py
[2026-07-04T15:26:17.507+0000] {processor.py:925} INFO - DAG(s) 'shopbrasil_panorama_precos' retrieved from /opt/airflow/dags/shopbrasil_panorama_precos.py
[2026-07-04T15:26:17.553+0000] {logging_mixin.py:190} INFO - [2026-07-04T15:26:17.552+0000] {dag.py:3239} INFO - Sync 1 DAGs
[2026-07-04T15:26:17.615+0000] {logging_mixin.py:190} INFO - [2026-07-04T15:26:17.614+0000] {dag.py:4180} INFO - Setting next_dagrun for shopbrasil_panorama_precos to 2026-07-04 09:00:00+00:00, run_after=2026-07-04 09:00:00+00:00
[2026-07-04T15:26:17.657+0000] {processor.py:208} INFO - Processing /opt/airflow/dags/shopbrasil_panorama_precos.py took 0.200 seconds
[2026-07-04T15:26:48.187+0000] {processor.py:186} INFO - Started process (PID=1986) to work on /opt/airflow/dags/shopbrasil_panorama_precos.py
[2026-07-04T15:26:48.189+0000] {processor.py:914} INFO - Processing file /opt/airflow/dags/shopbrasil_panorama_precos.py for tasks to queue
[2026-07-04T15:26:48.194+0000] {logging_mixin.py:190} INFO - [2026-07-04T15:26:48.193+0000] {dagbag.py:588} INFO - Filling up the DagBag from /opt/airflow/dags/shopbrasil_panorama_precos.py
[2026-07-04T15:26:48.227+0000] {processor.py:925} INFO - DAG(s) 'shopbrasil_panorama_precos' retrieved from /opt/airflow/dags/shopbrasil_panorama_precos.py
[2026-07-04T15:26:48.292+0000] {logging_mixin.py:190} INFO - [2026-07-04T15:26:48.292+0000] {dag.py:3239} INFO - Sync 1 DAGs
[2026-07-04T15:26:48.338+0000] {logging_mixin.py:190} INFO - [2026-07-04T15:26:48.337+0000] {dag.py:4180} INFO - Setting next_dagrun for shopbrasil_panorama_precos to 2026-07-04 09:00:00+00:00, run_after=2026-07-04 09:00:00+00:00
[2026-07-04T15:26:48.376+0000] {processor.py:208} INFO - Processing /opt/airflow/dags/shopbrasil_panorama_precos.py took 0.209 seconds
[2026-07-04T15:27:18.937+0000] {processor.py:186} INFO - Started process (PID=1997) to work on /opt/airflow/dags/shopbrasil_panorama_precos.py
[2026-07-04T15:27:18.938+0000] {processor.py:914} INFO - Processing file /opt/airflow/dags/shopbrasil_panorama_precos.py for tasks to queue
[2026-07-04T15:27:18.943+0000] {logging_mixin.py:190} INFO - [2026-07-04T15:27:18.942+0000] {dagbag.py:588} INFO - Filling up the DagBag from /opt/airflow/dags/shopbrasil_panorama_precos.py
[2026-07-04T15:27:18.967+0000] {processor.py:925} INFO - DAG(s) 'shopbrasil_panorama_precos' retrieved from /opt/airflow/dags/shopbrasil_panorama_precos.py
[2026-07-04T15:27:19.021+0000] {logging_mixin.py:190} INFO - [2026-07-04T15:27:19.021+0000] {dag.py:3239} INFO - Sync 1 DAGs
[2026-07-04T15:27:19.069+0000] {logging_mixin.py:190} INFO - [2026-07-04T15:27:19.068+0000] {dag.py:4180} INFO - Setting next_dagrun for shopbrasil_panorama_precos to 2026-07-04 09:00:00+00:00, run_after=2026-07-04 09:00:00+00:00
[2026-07-04T15:27:19.105+0000] {processor.py:208} INFO - Processing /opt/airflow/dags/shopbrasil_panorama_precos.py took 0.177 seconds
[2026-07-04T15:27:49.400+0000] {processor.py:186} INFO - Started process (PID=2009) to work on /opt/airflow/dags/shopbrasil_panorama_precos.py
[2026-07-04T15:27:49.402+0000] {processor.py:914} INFO - Processing file /opt/airflow/dags/shopbrasil_panorama_precos.py for tasks to queue
[2026-07-04T15:27:49.407+0000] {logging_mixin.py:190} INFO - [2026-07-04T15:27:49.406+0000] {dagbag.py:588} INFO - Filling up the DagBag from /opt/airflow/dags/shopbrasil_panorama_precos.py
[2026-07-04T15:27:49.431+0000] {processor.py:925} INFO - DAG(s) 'shopbrasil_panorama_precos' retrieved from /opt/airflow/dags/shopbrasil_panorama_precos.py
[2026-07-04T15:27:49.484+0000] {logging_mixin.py:190} INFO - [2026-07-04T15:27:49.484+0000] {dag.py:3239} INFO - Sync 1 DAGs
[2026-07-04T15:27:49.526+0000] {logging_mixin.py:190} INFO - [2026-07-04T15:27:49.526+0000] {dag.py:4180} INFO - Setting next_dagrun for shopbrasil_panorama_precos to 2026-07-04 09:00:00+00:00, run_after=2026-07-04 09:00:00+00:00
[2026-07-04T15:27:49.564+0000] {processor.py:208} INFO - Processing /opt/airflow/dags/shopbrasil_panorama_precos.py took 0.175 seconds
[2026-07-04T15:28:19.910+0000] {processor.py:186} INFO - Started process (PID=2020) to work on /opt/airflow/dags/shopbrasil_panorama_precos.py
[2026-07-04T15:28:19.912+0000] {processor.py:914} INFO - Processing file /opt/airflow/dags/shopbrasil_panorama_precos.py for tasks to queue
[2026-07-04T15:28:19.916+0000] {logging_mixin.py:190} INFO - [2026-07-04T15:28:19.915+0000] {dagbag.py:588} INFO - Filling up the DagBag from /opt/airflow/dags/shopbrasil_panorama_precos.py
[2026-07-04T15:28:19.948+0000] {processor.py:925} INFO - DAG(s) 'shopbrasil_panorama_precos' retrieved from /opt/airflow/dags/shopbrasil_panorama_precos.py
[2026-07-04T15:28:20.013+0000] {logging_mixin.py:190} INFO - [2026-07-04T15:28:20.012+0000] {dag.py:3239} INFO - Sync 1 DAGs
[2026-07-04T15:28:20.080+0000] {logging_mixin.py:190} INFO - [2026-07-04T15:28:20.080+0000] {dag.py:4180} INFO - Setting next_dagrun for shopbrasil_panorama_precos to 2026-07-04 09:00:00+00:00, run_after=2026-07-04 09:00:00+00:00
[2026-07-04T15:28:20.121+0000] {processor.py:208} INFO - Processing /opt/airflow/dags/shopbrasil_panorama_precos.py took 0.223 seconds
[2026-07-04T15:28:50.626+0000] {processor.py:186} INFO - Started process (PID=2031) to work on /opt/airflow/dags/shopbrasil_panorama_precos.py
[2026-07-04T15:28:50.629+0000] {processor.py:914} INFO - Processing file /opt/airflow/dags/shopbrasil_panorama_precos.py for tasks to queue
[2026-07-04T15:28:50.633+0000] {logging_mixin.py:190} INFO - [2026-07-04T15:28:50.633+0000] {dagbag.py:588} INFO - Filling up the DagBag from /opt/airflow/dags/shopbrasil_panorama_precos.py
[2026-07-04T15:28:50.665+0000] {processor.py:925} INFO - DAG(s) 'shopbrasil_panorama_precos' retrieved from /opt/airflow/dags/shopbrasil_panorama_precos.py
[2026-07-04T15:28:50.741+0000] {logging_mixin.py:190} INFO - [2026-07-04T15:28:50.740+0000] {dag.py:3239} INFO - Sync 1 DAGs
[2026-07-04T15:28:50.802+0000] {logging_mixin.py:190} INFO - [2026-07-04T15:28:50.801+0000] {dag.py:4180} INFO - Setting next_dagrun for shopbrasil_panorama_precos to 2026-07-04 09:00:00+00:00, run_after=2026-07-04 09:00:00+00:00
[2026-07-04T15:28:50.841+0000] {processor.py:208} INFO - Processing /opt/airflow/dags/shopbrasil_panorama_precos.py took 0.231 seconds
[2026-07-04T15:29:21.426+0000] {processor.py:186} INFO - Started process (PID=2042) to work on /opt/airflow/dags/shopbrasil_panorama_precos.py
[2026-07-04T15:29:21.428+0000] {processor.py:914} INFO - Processing file /opt/airflow/dags/shopbrasil_panorama_precos.py for tasks to queue
[2026-07-04T15:29:21.433+0000] {logging_mixin.py:190} INFO - [2026-07-04T15:29:21.432+0000] {dagbag.py:588} INFO - Filling up the DagBag from /opt/airflow/dags/shopbrasil_panorama_precos.py
[2026-07-04T15:29:21.455+0000] {processor.py:925} INFO - DAG(s) 'shopbrasil_panorama_precos' retrieved from /opt/airflow/dags/shopbrasil_panorama_precos.py
[2026-07-04T15:29:21.511+0000] {logging_mixin.py:190} INFO - [2026-07-04T15:29:21.511+0000] {dag.py:3239} INFO - Sync 1 DAGs
[2026-07-04T15:29:21.552+0000] {logging_mixin.py:190} INFO - [2026-07-04T15:29:21.552+0000] {dag.py:4180} INFO - Setting next_dagrun for shopbrasil_panorama_precos to 2026-07-04 09:00:00+00:00, run_after=2026-07-04 09:00:00+00:00
[2026-07-04T15:29:21.584+0000] {processor.py:208} INFO - Processing /opt/airflow/dags/shopbrasil_panorama_precos.py took 0.173 seconds
[2026-07-04T15:29:52.088+0000] {processor.py:186} INFO - Started process (PID=2053) to work on /opt/airflow/dags/shopbrasil_panorama_precos.py
[2026-07-04T15:29:52.090+0000] {processor.py:914} INFO - Processing file /opt/airflow/dags/shopbrasil_panorama_precos.py for tasks to queue
[2026-07-04T15:29:52.096+0000] {logging_mixin.py:190} INFO - [2026-07-04T15:29:52.095+0000] {dagbag.py:588} INFO - Filling up the DagBag from /opt/airflow/dags/shopbrasil_panorama_precos.py
[2026-07-04T15:29:52.120+0000] {processor.py:925} INFO - DAG(s) 'shopbrasil_panorama_precos' retrieved from /opt/airflow/dags/shopbrasil_panorama_precos.py
[2026-07-04T15:29:52.201+0000] {logging_mixin.py:190} INFO - [2026-07-04T15:29:52.200+0000] {dag.py:3239} INFO - Sync 1 DAGs
[2026-07-04T15:29:52.267+0000] {logging_mixin.py:190} INFO - [2026-07-04T15:29:52.267+0000] {dag.py:4180} INFO - Setting next_dagrun for shopbrasil_panorama_precos to 2026-07-04 09:00:00+00:00, run_after=2026-07-04 09:00:00+00:00
[2026-07-04T15:29:52.310+0000] {processor.py:208} INFO - Processing /opt/airflow/dags/shopbrasil_panorama_precos.py took 0.237 seconds
[2026-07-04T15:30:22.787+0000] {processor.py:186} INFO - Started process (PID=2063) to work on /opt/airflow/dags/shopbrasil_panorama_precos.py
[2026-07-04T15:33:27.263+0000] {processor.py:186} INFO - Started process (PID=64) to work on /opt/airflow/dags/shopbrasil_panorama_precos.py
[2026-07-04T15:33:27.265+0000] {processor.py:914} INFO - Processing file /opt/airflow/dags/shopbrasil_panorama_precos.py for tasks to queue
[2026-07-04T15:33:27.269+0000] {logging_mixin.py:190} INFO - [2026-07-04T15:33:27.268+0000] {dagbag.py:588} INFO - Filling up the DagBag from /opt/airflow/dags/shopbrasil_panorama_precos.py
[2026-07-04T15:33:27.323+0000] {processor.py:925} INFO - DAG(s) 'shopbrasil_panorama_precos' retrieved from /opt/airflow/dags/shopbrasil_panorama_precos.py
[2026-07-04T15:33:27.456+0000] {logging_mixin.py:190} INFO - [2026-07-04T15:33:27.456+0000] {dag.py:3239} INFO - Sync 1 DAGs
[2026-07-04T15:33:27.503+0000] {logging_mixin.py:190} INFO - [2026-07-04T15:33:27.503+0000] {dag.py:4180} INFO - Setting next_dagrun for shopbrasil_panorama_precos to 2026-07-04 09:00:00+00:00, run_after=2026-07-04 09:00:00+00:00
[2026-07-04T15:33:27.550+0000] {processor.py:208} INFO - Processing /opt/airflow/dags/shopbrasil_panorama_precos.py took 0.300 seconds
[2026-07-04T15:33:58.015+0000] {processor.py:186} INFO - Started process (PID=74) to work on /opt/airflow/dags/shopbrasil_panorama_precos.py
[2026-07-04T15:33:58.017+0000] {processor.py:914} INFO - Processing file /opt/airflow/dags/shopbrasil_panorama_precos.py for tasks to queue
[2026-07-04T15:33:58.020+0000] {logging_mixin.py:190} INFO - [2026-07-04T15:33:58.020+0000] {dagbag.py:588} INFO - Filling up the DagBag from /opt/airflow/dags/shopbrasil_panorama_precos.py
[2026-07-04T15:33:58.052+0000] {processor.py:925} INFO - DAG(s) 'shopbrasil_panorama_precos' retrieved from /opt/airflow/dags/shopbrasil_panorama_precos.py
[2026-07-04T15:33:58.137+0000] {logging_mixin.py:190} INFO - [2026-07-04T15:33:58.137+0000] {dag.py:3239} INFO - Sync 1 DAGs
[2026-07-04T15:33:58.206+0000] {logging_mixin.py:190} INFO - [2026-07-04T15:33:58.205+0000] {dag.py:4180} INFO - Setting next_dagrun for shopbrasil_panorama_precos to 2026-07-04 09:00:00+00:00, run_after=2026-07-04 09:00:00+00:00
[2026-07-04T15:33:58.245+0000] {processor.py:208} INFO - Processing /opt/airflow/dags/shopbrasil_panorama_precos.py took 0.247 seconds
[2026-07-04T15:34:28.728+0000] {processor.py:186} INFO - Started process (PID=79) to work on /opt/airflow/dags/shopbrasil_panorama_precos.py
[2026-07-04T15:34:28.729+0000] {processor.py:914} INFO - Processing file /opt/airflow/dags/shopbrasil_panorama_precos.py for tasks to queue
[2026-07-04T15:34:28.734+0000] {logging_mixin.py:190} INFO - [2026-07-04T15:34:28.733+0000] {dagbag.py:588} INFO - Filling up the DagBag from /opt/airflow/dags/shopbrasil_panorama_precos.py
[2026-07-04T15:34:28.764+0000] {processor.py:925} INFO - DAG(s) 'shopbrasil_panorama_precos' retrieved from /opt/airflow/dags/shopbrasil_panorama_precos.py
[2026-07-04T15:34:28.816+0000] {logging_mixin.py:190} INFO - [2026-07-04T15:34:28.815+0000] {dag.py:3239} INFO - Sync 1 DAGs
[2026-07-04T15:34:28.855+0000] {logging_mixin.py:190} INFO - [2026-07-04T15:34:28.854+0000] {dag.py:4180} INFO - Setting next_dagrun for shopbrasil_panorama_precos to 2026-07-04 09:00:00+00:00, run_after=2026-07-04 09:00:00+00:00
[2026-07-04T15:34:28.884+0000] {processor.py:208} INFO - Processing /opt/airflow/dags/shopbrasil_panorama_precos.py took 0.167 seconds
[2026-07-04T15:34:59.348+0000] {processor.py:186} INFO - Started process (PID=90) to work on /opt/airflow/dags/shopbrasil_panorama_precos.py
[2026-07-04T15:34:59.350+0000] {processor.py:914} INFO - Processing file /opt/airflow/dags/shopbrasil_panorama_precos.py for tasks to queue
[2026-07-04T15:34:59.353+0000] {logging_mixin.py:190} INFO - [2026-07-04T15:34:59.352+0000] {dagbag.py:588} INFO - Filling up the DagBag from /opt/airflow/dags/shopbrasil_panorama_precos.py
[2026-07-04T15:34:59.375+0000] {processor.py:925} INFO - DAG(s) 'shopbrasil_panorama_precos' retrieved from /opt/airflow/dags/shopbrasil_panorama_precos.py
[2026-07-04T15:34:59.424+0000] {logging_mixin.py:190} INFO - [2026-07-04T15:34:59.423+0000] {dag.py:3239} INFO - Sync 1 DAGs
[2026-07-04T15:34:59.465+0000] {logging_mixin.py:190} INFO - [2026-07-04T15:34:59.465+0000] {dag.py:4180} INFO - Setting next_dagrun for shopbrasil_panorama_precos to 2026-07-04 09:00:00+00:00, run_after=2026-07-04 09:00:00+00:00
[2026-07-04T15:34:59.498+0000] {processor.py:208} INFO - Processing /opt/airflow/dags/shopbrasil_panorama_precos.py took 0.164 seconds
[2026-07-04T15:35:29.978+0000] {processor.py:186} INFO - Started process (PID=101) to work on /opt/airflow/dags/shopbrasil_panorama_precos.py
[2026-07-04T15:35:29.980+0000] {processor.py:914} INFO - Processing file /opt/airflow/dags/shopbrasil_panorama_precos.py for tasks to queue
[2026-07-04T15:35:29.983+0000] {logging_mixin.py:190} INFO - [2026-07-04T15:35:29.983+0000] {dagbag.py:588} INFO - Filling up the DagBag from /opt/airflow/dags/shopbrasil_panorama_precos.py
[2026-07-04T15:35:30.003+0000] {processor.py:925} INFO - DAG(s) 'shopbrasil_panorama_precos' retrieved from /opt/airflow/dags/shopbrasil_panorama_precos.py
[2026-07-04T15:35:30.056+0000] {logging_mixin.py:190} INFO - [2026-07-04T15:35:30.055+0000] {dag.py:3239} INFO - Sync 1 DAGs
[2026-07-04T15:35:30.105+0000] {logging_mixin.py:190} INFO - [2026-07-04T15:35:30.105+0000] {dag.py:4180} INFO - Setting next_dagrun for shopbrasil_panorama_precos to 2026-07-04 09:00:00+00:00, run_after=2026-07-04 09:00:00+00:00
[2026-07-04T15:35:30.145+0000] {processor.py:208} INFO - Processing /opt/airflow/dags/shopbrasil_panorama_precos.py took 0.181 seconds
[2026-07-04T15:36:00.634+0000] {processor.py:186} INFO - Started process (PID=112) to work on /opt/airflow/dags/shopbrasil_panorama_precos.py
[2026-07-04T15:36:00.635+0000] {processor.py:914} INFO - Processing file /opt/airflow/dags/shopbrasil_panorama_precos.py for tasks to queue
[2026-07-04T15:36:00.639+0000] {logging_mixin.py:190} INFO - [2026-07-04T15:36:00.638+0000] {dagbag.py:588} INFO - Filling up the DagBag from /opt/airflow/dags/shopbrasil_panorama_precos.py
[2026-07-04T15:36:00.669+0000] {processor.py:925} INFO - DAG(s) 'shopbrasil_panorama_precos' retrieved from /opt/airflow/dags/shopbrasil_panorama_precos.py
[2026-07-04T15:36:00.733+0000] {logging_mixin.py:190} INFO - [2026-07-04T15:36:00.732+0000] {dag.py:3239} INFO - Sync 1 DAGs
[2026-07-04T15:36:00.792+0000] {logging_mixin.py:190} INFO - [2026-07-04T15:36:00.791+0000] {dag.py:4180} INFO - Setting next_dagrun for shopbrasil_panorama_precos to 2026-07-04 09:00:00+00:00, run_after=2026-07-04 09:00:00+00:00
[2026-07-04T15:36:00.831+0000] {processor.py:208} INFO - Processing /opt/airflow/dags/shopbrasil_panorama_precos.py took 0.217 seconds
[2026-07-04T15:36:31.324+0000] {processor.py:186} INFO - Started process (PID=123) to work on /opt/airflow/dags/shopbrasil_panorama_precos.py
[2026-07-04T15:36:31.326+0000] {processor.py:914} INFO - Processing file /opt/airflow/dags/shopbrasil_panorama_precos.py for tasks to queue
[2026-07-04T15:36:31.329+0000] {logging_mixin.py:190} INFO - [2026-07-04T15:36:31.328+0000] {dagbag.py:588} INFO - Filling up the DagBag from /opt/airflow/dags/shopbrasil_panorama_precos.py
[2026-07-04T15:36:31.350+0000] {processor.py:925} INFO - DAG(s) 'shopbrasil_panorama_precos' retrieved from /opt/airflow/dags/shopbrasil_panorama_precos.py
[2026-07-04T15:36:31.406+0000] {logging_mixin.py:190} INFO - [2026-07-04T15:36:31.406+0000] {dag.py:3239} INFO - Sync 1 DAGs
[2026-07-04T15:36:31.457+0000] {logging_mixin.py:190} INFO - [2026-07-04T15:36:31.457+0000] {dag.py:4180} INFO - Setting next_dagrun for shopbrasil_panorama_precos to 2026-07-04 09:00:00+00:00, run_after=2026-07-04 09:00:00+00:00
[2026-07-04T15:36:31.662+0000] {processor.py:208} INFO - Processing /opt/airflow/dags/shopbrasil_panorama_precos.py took 0.348 seconds
[2026-07-04T15:37:02.016+0000] {processor.py:186} INFO - Started process (PID=134) to work on /opt/airflow/dags/shopbrasil_panorama_precos.py
[2026-07-04T15:37:02.017+0000] {processor.py:914} INFO - Processing file /opt/airflow/dags/shopbrasil_panorama_precos.py for tasks to queue
[2026-07-04T15:37:02.020+0000] {logging_mixin.py:190} INFO - [2026-07-04T15:37:02.020+0000] {dagbag.py:588} INFO - Filling up the DagBag from /opt/airflow/dags/shopbrasil_panorama_precos.py
[2026-07-04T15:37:02.040+0000] {processor.py:925} INFO - DAG(s) 'shopbrasil_panorama_precos' retrieved from /opt/airflow/dags/shopbrasil_panorama_precos.py
[2026-07-04T15:37:02.089+0000] {logging_mixin.py:190} INFO - [2026-07-04T15:37:02.089+0000] {dag.py:3239} INFO - Sync 1 DAGs
[2026-07-04T15:37:02.343+0000] {logging_mixin.py:190} INFO - [2026-07-04T15:37:02.343+0000] {dag.py:4180} INFO - Setting next_dagrun for shopbrasil_panorama_precos to 2026-07-04 09:00:00+00:00, run_after=2026-07-04 09:00:00+00:00
[2026-07-04T15:37:02.372+0000] {processor.py:208} INFO - Processing /opt/airflow/dags/shopbrasil_panorama_precos.py took 0.366 seconds
[2026-07-04T15:37:33.076+0000] {processor.py:186} INFO - Started process (PID=145) to work on /opt/airflow/dags/shopbrasil_panorama_precos.py
[2026-07-04T15:37:33.078+0000] {processor.py:914} INFO - Processing file /opt/airflow/dags/shopbrasil_panorama_precos.py for tasks to queue
[2026-07-04T15:37:33.082+0000] {logging_mixin.py:190} INFO - [2026-07-04T15:37:33.081+0000] {dagbag.py:588} INFO - Filling up the DagBag from /opt/airflow/dags/shopbrasil_panorama_precos.py
[2026-07-04T15:37:33.105+0000] {processor.py:925} INFO - DAG(s) 'shopbrasil_panorama_precos' retrieved from /opt/airflow/dags/shopbrasil_panorama_precos.py
[2026-07-04T15:37:33.350+0000] {logging_mixin.py:190} INFO - [2026-07-04T15:37:33.350+0000] {dag.py:3239} INFO - Sync 1 DAGs
[2026-07-04T15:37:33.383+0000] {logging_mixin.py:190} INFO - [2026-07-04T15:37:33.383+0000] {dag.py:4180} INFO - Setting next_dagrun for shopbrasil_panorama_precos to 2026-07-04 09:00:00+00:00, run_after=2026-07-04 09:00:00+00:00
[2026-07-04T15:37:33.410+0000] {processor.py:208} INFO - Processing /opt/airflow/dags/shopbrasil_panorama_precos.py took 0.343 seconds
[2026-07-04T15:38:04.225+0000] {processor.py:186} INFO - Started process (PID=155) to work on /opt/airflow/dags/shopbrasil_panorama_precos.py
[2026-07-04T15:38:04.226+0000] {processor.py:914} INFO - Processing file /opt/airflow/dags/shopbrasil_panorama_precos.py for tasks to queue
[2026-07-04T15:38:04.230+0000] {logging_mixin.py:190} INFO - [2026-07-04T15:38:04.229+0000] {dagbag.py:588} INFO - Filling up the DagBag from /opt/airflow/dags/shopbrasil_panorama_precos.py
[2026-07-04T15:38:04.261+0000] {processor.py:925} INFO - DAG(s) 'shopbrasil_panorama_precos' retrieved from /opt/airflow/dags/shopbrasil_panorama_precos.py
[2026-07-04T15:38:04.333+0000] {logging_mixin.py:190} INFO - [2026-07-04T15:38:04.332+0000] {dag.py:3239} INFO - Sync 1 DAGs
[2026-07-04T15:38:04.390+0000] {logging_mixin.py:190} INFO - [2026-07-04T15:38:04.390+0000] {dag.py:4180} INFO - Setting next_dagrun for shopbrasil_panorama_precos to 2026-07-04 09:00:00+00:00, run_after=2026-07-04 09:00:00+00:00
[2026-07-04T15:38:04.429+0000] {processor.py:208} INFO - Processing /opt/airflow/dags/shopbrasil_panorama_precos.py took 0.217 seconds
[2026-07-04T15:38:34.933+0000] {processor.py:186} INFO - Started process (PID=160) to work on /opt/airflow/dags/shopbrasil_panorama_precos.py
[2026-07-04T15:38:34.934+0000] {processor.py:914} INFO - Processing file /opt/airflow/dags/shopbrasil_panorama_precos.py for tasks to queue
[2026-07-04T15:38:34.937+0000] {logging_mixin.py:190} INFO - [2026-07-04T15:38:34.937+0000] {dagbag.py:588} INFO - Filling up the DagBag from /opt/airflow/dags/shopbrasil_panorama_precos.py
[2026-07-04T15:38:34.957+0000] {processor.py:925} INFO - DAG(s) 'shopbrasil_panorama_precos' retrieved from /opt/airflow/dags/shopbrasil_panorama_precos.py
[2026-07-04T15:38:35.001+0000] {logging_mixin.py:190} INFO - [2026-07-04T15:38:35.001+0000] {dag.py:3239} INFO - Sync 1 DAGs
[2026-07-04T15:38:35.045+0000] {logging_mixin.py:190} INFO - [2026-07-04T15:38:35.045+0000] {dag.py:4180} INFO - Setting next_dagrun for shopbrasil_panorama_precos to 2026-07-04 09:00:00+00:00, run_after=2026-07-04 09:00:00+00:00
[2026-07-04T15:38:35.257+0000] {processor.py:208} INFO - Processing /opt/airflow/dags/shopbrasil_panorama_precos.py took 0.338 seconds
[2026-07-04T15:39:05.605+0000] {processor.py:186} INFO - Started process (PID=171) to work on /opt/airflow/dags/shopbrasil_panorama_precos.py
[2026-07-04T15:39:05.606+0000] {processor.py:914} INFO - Processing file /opt/airflow/dags/shopbrasil_panorama_precos.py for tasks to queue
[2026-07-04T15:39:05.609+0000] {logging_mixin.py:190} INFO - [2026-07-04T15:39:05.609+0000] {dagbag.py:588} INFO - Filling up the DagBag from /opt/airflow/dags/shopbrasil_panorama_precos.py
[2026-07-04T15:39:05.629+0000] {processor.py:925} INFO - DAG(s) 'shopbrasil_panorama_precos' retrieved from /opt/airflow/dags/shopbrasil_panorama_precos.py
[2026-07-04T15:39:05.681+0000] {logging_mixin.py:190} INFO - [2026-07-04T15:39:05.680+0000] {dag.py:3239} INFO - Sync 1 DAGs
[2026-07-04T15:39:05.896+0000] {logging_mixin.py:190} INFO - [2026-07-04T15:39:05.896+0000] {dag.py:4180} INFO - Setting next_dagrun for shopbrasil_panorama_precos to 2026-07-04 09:00:00+00:00, run_after=2026-07-04 09:00:00+00:00
[2026-07-04T15:39:05.924+0000] {processor.py:208} INFO - Processing /opt/airflow/dags/shopbrasil_panorama_precos.py took 0.328 seconds
[2026-07-04T15:39:36.546+0000] {processor.py:186} INFO - Started process (PID=182) to work on /opt/airflow/dags/shopbrasil_panorama_precos.py
[2026-07-04T15:39:36.548+0000] {processor.py:914} INFO - Processing file /opt/airflow/dags/shopbrasil_panorama_precos.py for tasks to queue
[2026-07-04T15:39:36.553+0000] {logging_mixin.py:190} INFO - [2026-07-04T15:39:36.552+0000] {dagbag.py:588} INFO - Filling up the DagBag from /opt/airflow/dags/shopbrasil_panorama_precos.py
[2026-07-04T15:39:36.587+0000] {processor.py:925} INFO - DAG(s) 'shopbrasil_panorama_precos' retrieved from /opt/airflow/dags/shopbrasil_panorama_precos.py
[2026-07-04T15:39:36.901+0000] {logging_mixin.py:190} INFO - [2026-07-04T15:39:36.900+0000] {dag.py:3239} INFO - Sync 1 DAGs
[2026-07-04T15:39:36.950+0000] {logging_mixin.py:190} INFO - [2026-07-04T15:39:36.950+0000] {dag.py:4180} INFO - Setting next_dagrun for shopbrasil_panorama_precos to 2026-07-04 09:00:00+00:00, run_after=2026-07-04 09:00:00+00:00
[2026-07-04T15:39:36.984+0000] {processor.py:208} INFO - Processing /opt/airflow/dags/shopbrasil_panorama_precos.py took 0.455 seconds
[2026-07-04T15:40:07.690+0000] {processor.py:186} INFO - Started process (PID=193) to work on /opt/airflow/dags/shopbrasil_panorama_precos.py
[2026-07-04T15:40:07.691+0000] {processor.py:914} INFO - Processing file /opt/airflow/dags/shopbrasil_panorama_precos.py for tasks to queue
[2026-07-04T15:40:07.696+0000] {logging_mixin.py:190} INFO - [2026-07-04T15:40:07.695+0000] {dagbag.py:588} INFO - Filling up the DagBag from /opt/airflow/dags/shopbrasil_panorama_precos.py
[2026-07-04T15:40:07.717+0000] {processor.py:925} INFO - DAG(s) 'shopbrasil_panorama_precos' retrieved from /opt/airflow/dags/shopbrasil_panorama_precos.py
[2026-07-04T15:40:07.772+0000] {logging_mixin.py:190} INFO - [2026-07-04T15:40:07.772+0000] {dag.py:3239} INFO - Sync 1 DAGs
[2026-07-04T15:40:07.814+0000] {logging_mixin.py:190} INFO - [2026-07-04T15:40:07.814+0000] {dag.py:4180} INFO - Setting next_dagrun for shopbrasil_panorama_precos to 2026-07-04 09:00:00+00:00, run_after=2026-07-04 09:00:00+00:00
[2026-07-04T15:40:07.851+0000] {processor.py:208} INFO - Processing /opt/airflow/dags/shopbrasil_panorama_precos.py took 0.178 seconds
[2026-07-04T15:40:38.326+0000] {processor.py:186} INFO - Started process (PID=204) to work on /opt/airflow/dags/shopbrasil_panorama_precos.py
[2026-07-04T15:40:38.328+0000] {processor.py:914} INFO - Processing file /opt/airflow/dags/shopbrasil_panorama_precos.py for tasks to queue
[2026-07-04T15:40:38.332+0000] {logging_mixin.py:190} INFO - [2026-07-04T15:40:38.331+0000] {dagbag.py:588} INFO - Filling up the DagBag from /opt/airflow/dags/shopbrasil_panorama_precos.py
[2026-07-04T15:40:38.358+0000] {processor.py:925} INFO - DAG(s) 'shopbrasil_panorama_precos' retrieved from /opt/airflow/dags/shopbrasil_panorama_precos.py
[2026-07-04T15:40:38.417+0000] {logging_mixin.py:190} INFO - [2026-07-04T15:40:38.417+0000] {dag.py:3239} INFO - Sync 1 DAGs
[2026-07-04T15:40:38.460+0000] {logging_mixin.py:190} INFO - [2026-07-04T15:40:38.459+0000] {dag.py:4180} INFO - Setting next_dagrun for shopbrasil_panorama_precos to 2026-07-04 09:00:00+00:00, run_after=2026-07-04 09:00:00+00:00
[2026-07-04T15:40:38.698+0000] {processor.py:208} INFO - Processing /opt/airflow/dags/shopbrasil_panorama_precos.py took 0.386 seconds
[2026-07-04T15:41:09.045+0000] {processor.py:186} INFO - Started process (PID=215) to work on /opt/airflow/dags/shopbrasil_panorama_precos.py
[2026-07-04T15:41:09.047+0000] {processor.py:914} INFO - Processing file /opt/airflow/dags/shopbrasil_panorama_precos.py for tasks to queue
[2026-07-04T15:41:09.050+0000] {logging_mixin.py:190} INFO - [2026-07-04T15:41:09.049+0000] {dagbag.py:588} INFO - Filling up the DagBag from /opt/airflow/dags/shopbrasil_panorama_precos.py
[2026-07-04T15:41:09.075+0000] {processor.py:925} INFO - DAG(s) 'shopbrasil_panorama_precos' retrieved from /opt/airflow/dags/shopbrasil_panorama_precos.py
[2026-07-04T15:41:09.147+0000] {logging_mixin.py:190} INFO - [2026-07-04T15:41:09.146+0000] {dag.py:3239} INFO - Sync 1 DAGs
[2026-07-04T15:41:09.434+0000] {logging_mixin.py:190} INFO - [2026-07-04T15:41:09.434+0000] {dag.py:4180} INFO - Setting next_dagrun for shopbrasil_panorama_precos to 2026-07-04 09:00:00+00:00, run_after=2026-07-04 09:00:00+00:00
[2026-07-04T15:41:09.466+0000] {processor.py:208} INFO - Processing /opt/airflow/dags/shopbrasil_panorama_precos.py took 0.430 seconds
[2026-07-04T15:41:40.125+0000] {processor.py:186} INFO - Started process (PID=226) to work on /opt/airflow/dags/shopbrasil_panorama_precos.py
[2026-07-04T15:41:40.126+0000] {processor.py:914} INFO - Processing file /opt/airflow/dags/shopbrasil_panorama_precos.py for tasks to queue
[2026-07-04T15:41:40.131+0000] {logging_mixin.py:190} INFO - [2026-07-04T15:41:40.130+0000] {dagbag.py:588} INFO - Filling up the DagBag from /opt/airflow/dags/shopbrasil_panorama_precos.py
[2026-07-04T15:41:40.160+0000] {processor.py:925} INFO - DAG(s) 'shopbrasil_panorama_precos' retrieved from /opt/airflow/dags/shopbrasil_panorama_precos.py
[2026-07-04T15:41:40.414+0000] {logging_mixin.py:190} INFO - [2026-07-04T15:41:40.414+0000] {dag.py:3239} INFO - Sync 1 DAGs
[2026-07-04T15:41:40.477+0000] {logging_mixin.py:190} INFO - [2026-07-04T15:41:40.476+0000] {dag.py:4180} INFO - Setting next_dagrun for shopbrasil_panorama_precos to 2026-07-04 09:00:00+00:00, run_after=2026-07-04 09:00:00+00:00
[2026-07-04T15:41:40.506+0000] {processor.py:208} INFO - Processing /opt/airflow/dags/shopbrasil_panorama_precos.py took 0.392 seconds
[2026-07-04T15:42:11.135+0000] {processor.py:186} INFO - Started process (PID=236) to work on /opt/airflow/dags/shopbrasil_panorama_precos.py
[2026-07-04T15:42:11.136+0000] {processor.py:914} INFO - Processing file /opt/airflow/dags/shopbrasil_panorama_precos.py for tasks to queue
[2026-07-04T15:42:11.141+0000] {logging_mixin.py:190} INFO - [2026-07-04T15:42:11.140+0000] {dagbag.py:588} INFO - Filling up the DagBag from /opt/airflow/dags/shopbrasil_panorama_precos.py
[2026-07-04T15:42:11.168+0000] {processor.py:925} INFO - DAG(s) 'shopbrasil_panorama_precos' retrieved from /opt/airflow/dags/shopbrasil_panorama_precos.py
[2026-07-04T15:42:11.237+0000] {logging_mixin.py:190} INFO - [2026-07-04T15:42:11.237+0000] {dag.py:3239} INFO - Sync 1 DAGs
[2026-07-04T15:42:11.288+0000] {logging_mixin.py:190} INFO - [2026-07-04T15:42:11.287+0000] {dag.py:4180} INFO - Setting next_dagrun for shopbrasil_panorama_precos to 2026-07-04 09:00:00+00:00, run_after=2026-07-04 09:00:00+00:00
[2026-07-04T15:42:11.330+0000] {processor.py:208} INFO - Processing /opt/airflow/dags/shopbrasil_panorama_precos.py took 0.208 seconds
[2026-07-04T15:42:41.879+0000] {processor.py:186} INFO - Started process (PID=241) to work on /opt/airflow/dags/shopbrasil_panorama_precos.py
[2026-07-04T15:42:41.884+0000] {processor.py:914} INFO - Processing file /opt/airflow/dags/shopbrasil_panorama_precos.py for tasks to queue
[2026-07-04T15:42:41.887+0000] {logging_mixin.py:190} INFO - [2026-07-04T15:42:41.886+0000] {dagbag.py:588} INFO - Filling up the DagBag from /opt/airflow/dags/shopbrasil_panorama_precos.py
[2026-07-04T15:42:41.914+0000] {processor.py:925} INFO - DAG(s) 'shopbrasil_panorama_precos' retrieved from /opt/airflow/dags/shopbrasil_panorama_precos.py
[2026-07-04T15:42:41.988+0000] {logging_mixin.py:190} INFO - [2026-07-04T15:42:41.988+0000] {dag.py:3239} INFO - Sync 1 DAGs
[2026-07-04T15:42:42.026+0000] {logging_mixin.py:190} INFO - [2026-07-04T15:42:42.026+0000] {dag.py:4180} INFO - Setting next_dagrun for shopbrasil_panorama_precos to 2026-07-04 09:00:00+00:00, run_after=2026-07-04 09:00:00+00:00
[2026-07-04T15:42:42.240+0000] {processor.py:208} INFO - Processing /opt/airflow/dags/shopbrasil_panorama_precos.py took 0.458 seconds
[2026-07-04T15:43:12.547+0000] {processor.py:186} INFO - Started process (PID=252) to work on /opt/airflow/dags/shopbrasil_panorama_precos.py
[2026-07-04T15:43:12.549+0000] {processor.py:914} INFO - Processing file /opt/airflow/dags/shopbrasil_panorama_precos.py for tasks to queue
[2026-07-04T15:43:12.553+0000] {logging_mixin.py:190} INFO - [2026-07-04T15:43:12.552+0000] {dagbag.py:588} INFO - Filling up the DagBag from /opt/airflow/dags/shopbrasil_panorama_precos.py
[2026-07-04T15:43:12.586+0000] {processor.py:925} INFO - DAG(s) 'shopbrasil_panorama_precos' retrieved from /opt/airflow/dags/shopbrasil_panorama_precos.py
[2026-07-04T15:43:12.657+0000] {logging_mixin.py:190} INFO - [2026-07-04T15:43:12.657+0000] {dag.py:3239} INFO - Sync 1 DAGs
[2026-07-04T15:43:12.930+0000] {logging_mixin.py:190} INFO - [2026-07-04T15:43:12.930+0000] {dag.py:4180} INFO - Setting next_dagrun for shopbrasil_panorama_precos to 2026-07-04 09:00:00+00:00, run_after=2026-07-04 09:00:00+00:00
[2026-07-04T15:43:12.966+0000] {processor.py:208} INFO - Processing /opt/airflow/dags/shopbrasil_panorama_precos.py took 0.434 seconds
[2026-07-04T15:43:43.715+0000] {processor.py:186} INFO - Started process (PID=263) to work on /opt/airflow/dags/shopbrasil_panorama_precos.py
[2026-07-04T15:43:43.716+0000] {processor.py:914} INFO - Processing file /opt/airflow/dags/shopbrasil_panorama_precos.py for tasks to queue
[2026-07-04T15:43:43.719+0000] {logging_mixin.py:190} INFO - [2026-07-04T15:43:43.719+0000] {dagbag.py:588} INFO - Filling up the DagBag from /opt/airflow/dags/shopbrasil_panorama_precos.py
[2026-07-04T15:43:43.740+0000] {processor.py:925} INFO - DAG(s) 'shopbrasil_panorama_precos' retrieved from /opt/airflow/dags/shopbrasil_panorama_precos.py
[2026-07-04T15:43:43.991+0000] {logging_mixin.py:190} INFO - [2026-07-04T15:43:43.991+0000] {dag.py:3239} INFO - Sync 1 DAGs
[2026-07-04T15:43:44.036+0000] {logging_mixin.py:190} INFO - [2026-07-04T15:43:44.036+0000] {dag.py:4180} INFO - Setting next_dagrun for shopbrasil_panorama_precos to 2026-07-04 09:00:00+00:00, run_after=2026-07-04 09:00:00+00:00
[2026-07-04T15:43:44.073+0000] {processor.py:208} INFO - Processing /opt/airflow/dags/shopbrasil_panorama_precos.py took 0.368 seconds
[2026-07-04T15:44:14.803+0000] {processor.py:186} INFO - Started process (PID=274) to work on /opt/airflow/dags/shopbrasil_panorama_precos.py
[2026-07-04T15:44:14.805+0000] {processor.py:914} INFO - Processing file /opt/airflow/dags/shopbrasil_panorama_precos.py for tasks to queue
[2026-07-04T15:44:14.810+0000] {logging_mixin.py:190} INFO - [2026-07-04T15:44:14.809+0000] {dagbag.py:588} INFO - Filling up the DagBag from /opt/airflow/dags/shopbrasil_panorama_precos.py
[2026-07-04T15:44:14.840+0000] {processor.py:925} INFO - DAG(s) 'shopbrasil_panorama_precos' retrieved from /opt/airflow/dags/shopbrasil_panorama_precos.py
[2026-07-04T15:44:14.899+0000] {logging_mixin.py:190} INFO - [2026-07-04T15:44:14.898+0000] {dag.py:3239} INFO - Sync 1 DAGs
[2026-07-04T15:44:14.937+0000] {logging_mixin.py:190} INFO - [2026-07-04T15:44:14.937+0000] {dag.py:4180} INFO - Setting next_dagrun for shopbrasil_panorama_precos to 2026-07-04 09:00:00+00:00, run_after=2026-07-04 09:00:00+00:00
[2026-07-04T15:44:14.968+0000] {processor.py:208} INFO - Processing /opt/airflow/dags/shopbrasil_panorama_precos.py took 0.195 seconds
[2026-07-04T15:44:45.496+0000] {processor.py:186} INFO - Started process (PID=285) to work on /opt/airflow/dags/shopbrasil_panorama_precos.py
[2026-07-04T15:44:45.498+0000] {processor.py:914} INFO - Processing file /opt/airflow/dags/shopbrasil_panorama_precos.py for tasks to queue
[2026-07-04T15:44:45.501+0000] {logging_mixin.py:190} INFO - [2026-07-04T15:44:45.500+0000] {dagbag.py:588} INFO - Filling up the DagBag from /opt/airflow/dags/shopbrasil_panorama_precos.py
[2026-07-04T15:44:45.521+0000] {processor.py:925} INFO - DAG(s) 'shopbrasil_panorama_precos' retrieved from /opt/airflow/dags/shopbrasil_panorama_precos.py
[2026-07-04T15:44:45.569+0000] {logging_mixin.py:190} INFO - [2026-07-04T15:44:45.569+0000] {dag.py:3239} INFO - Sync 1 DAGs
[2026-07-04T15:44:45.610+0000] {logging_mixin.py:190} INFO - [2026-07-04T15:44:45.610+0000] {dag.py:4180} INFO - Setting next_dagrun for shopbrasil_panorama_precos to 2026-07-04 09:00:00+00:00, run_after=2026-07-04 09:00:00+00:00
[2026-07-04T15:44:45.867+0000] {processor.py:208} INFO - Processing /opt/airflow/dags/shopbrasil_panorama_precos.py took 0.379 seconds
[2026-07-04T15:45:16.484+0000] {processor.py:186} INFO - Started process (PID=296) to work on /opt/airflow/dags/shopbrasil_panorama_precos.py
[2026-07-04T15:45:16.506+0000] {processor.py:914} INFO - Processing file /opt/airflow/dags/shopbrasil_panorama_precos.py for tasks to queue
[2026-07-04T15:45:16.605+0000] {logging_mixin.py:190} INFO - [2026-07-04T15:45:16.605+0000] {dagbag.py:588} INFO - Filling up the DagBag from /opt/airflow/dags/shopbrasil_panorama_precos.py
[2026-07-04T15:45:16.737+0000] {processor.py:925} INFO - DAG(s) 'shopbrasil_panorama_precos' retrieved from /opt/airflow/dags/shopbrasil_panorama_precos.py
[2026-07-04T15:45:16.956+0000] {logging_mixin.py:190} INFO - [2026-07-04T15:45:16.955+0000] {dag.py:3239} INFO - Sync 1 DAGs
[2026-07-04T15:45:17.940+0000] {logging_mixin.py:190} INFO - [2026-07-04T15:45:17.939+0000] {dag.py:4180} INFO - Setting next_dagrun for shopbrasil_panorama_precos to 2026-07-04 09:00:00+00:00, run_after=2026-07-04 09:00:00+00:00
[2026-07-04T15:45:18.034+0000] {processor.py:208} INFO - Processing /opt/airflow/dags/shopbrasil_panorama_precos.py took 1.634 seconds
[2026-07-04T15:45:48.160+0000] {processor.py:186} INFO - Started process (PID=307) to work on /opt/airflow/dags/shopbrasil_panorama_precos.py
[2026-07-04T15:45:48.162+0000] {processor.py:914} INFO - Processing file /opt/airflow/dags/shopbrasil_panorama_precos.py for tasks to queue
[2026-07-04T15:45:48.167+0000] {logging_mixin.py:190} INFO - [2026-07-04T15:45:48.166+0000] {dagbag.py:588} INFO - Filling up the DagBag from /opt/airflow/dags/shopbrasil_panorama_precos.py
[2026-07-04T15:45:48.197+0000] {processor.py:925} INFO - DAG(s) 'shopbrasil_panorama_precos' retrieved from /opt/airflow/dags/shopbrasil_panorama_precos.py
[2026-07-04T15:45:48.527+0000] {logging_mixin.py:190} INFO - [2026-07-04T15:45:48.526+0000] {dag.py:3239} INFO - Sync 1 DAGs
[2026-07-04T15:45:48.580+0000] {logging_mixin.py:190} INFO - [2026-07-04T15:45:48.580+0000] {dag.py:4180} INFO - Setting next_dagrun for shopbrasil_panorama_precos to 2026-07-04 09:00:00+00:00, run_after=2026-07-04 09:00:00+00:00
[2026-07-04T15:45:48.623+0000] {processor.py:208} INFO - Processing /opt/airflow/dags/shopbrasil_panorama_precos.py took 0.476 seconds
[2026-07-04T15:46:19.219+0000] {processor.py:186} INFO - Started process (PID=311) to work on /opt/airflow/dags/shopbrasil_panorama_precos.py
[2026-07-04T15:46:19.221+0000] {processor.py:914} INFO - Processing file /opt/airflow/dags/shopbrasil_panorama_precos.py for tasks to queue
[2026-07-04T15:46:19.226+0000] {logging_mixin.py:190} INFO - [2026-07-04T15:46:19.225+0000] {dagbag.py:588} INFO - Filling up the DagBag from /opt/airflow/dags/shopbrasil_panorama_precos.py
[2026-07-04T15:46:19.257+0000] {processor.py:925} INFO - DAG(s) 'shopbrasil_panorama_precos' retrieved from /opt/airflow/dags/shopbrasil_panorama_precos.py
[2026-07-04T15:46:19.338+0000] {logging_mixin.py:190} INFO - [2026-07-04T15:46:19.337+0000] {dag.py:3239} INFO - Sync 1 DAGs
[2026-07-04T15:46:19.393+0000] {logging_mixin.py:190} INFO - [2026-07-04T15:46:19.392+0000] {dag.py:4180} INFO - Setting next_dagrun for shopbrasil_panorama_precos to 2026-07-04 09:00:00+00:00, run_after=2026-07-04 09:00:00+00:00
[2026-07-04T15:46:19.437+0000] {processor.py:208} INFO - Processing /opt/airflow/dags/shopbrasil_panorama_precos.py took 0.231 seconds
[2026-07-04T15:46:49.718+0000] {processor.py:186} INFO - Started process (PID=322) to work on /opt/airflow/dags/shopbrasil_panorama_precos.py
[2026-07-04T15:46:49.720+0000] {processor.py:914} INFO - Processing file /opt/airflow/dags/shopbrasil_panorama_precos.py for tasks to queue
[2026-07-04T15:46:49.725+0000] {logging_mixin.py:190} INFO - [2026-07-04T15:46:49.724+0000] {dagbag.py:588} INFO - Filling up the DagBag from /opt/airflow/dags/shopbrasil_panorama_precos.py
[2026-07-04T15:46:49.756+0000] {processor.py:925} INFO - DAG(s) 'shopbrasil_panorama_precos' retrieved from /opt/airflow/dags/shopbrasil_panorama_precos.py
[2026-07-04T15:46:49.813+0000] {logging_mixin.py:190} INFO - [2026-07-04T15:46:49.813+0000] {dag.py:3239} INFO - Sync 1 DAGs
[2026-07-04T15:46:49.873+0000] {logging_mixin.py:190} INFO - [2026-07-04T15:46:49.873+0000] {dag.py:4180} INFO - Setting next_dagrun for shopbrasil_panorama_precos to 2026-07-04 09:00:00+00:00, run_after=2026-07-04 09:00:00+00:00
[2026-07-04T15:46:50.103+0000] {processor.py:208} INFO - Processing /opt/airflow/dags/shopbrasil_panorama_precos.py took 0.399 seconds
[2026-07-04T15:47:20.417+0000] {processor.py:186} INFO - Started process (PID=332) to work on /opt/airflow/dags/shopbrasil_panorama_precos.py
[2026-07-04T15:47:20.418+0000] {processor.py:914} INFO - Processing file /opt/airflow/dags/shopbrasil_panorama_precos.py for tasks to queue
[2026-07-04T15:47:20.422+0000] {logging_mixin.py:190} INFO - [2026-07-04T15:47:20.421+0000] {dagbag.py:588} INFO - Filling up the DagBag from /opt/airflow/dags/shopbrasil_panorama_precos.py
[2026-07-04T15:47:20.455+0000] {processor.py:925} INFO - DAG(s) 'shopbrasil_panorama_precos' retrieved from /opt/airflow/dags/shopbrasil_panorama_precos.py
[2026-07-04T15:47:20.517+0000] {logging_mixin.py:190} INFO - [2026-07-04T15:47:20.517+0000] {dag.py:3239} INFO - Sync 1 DAGs
[2026-07-04T15:47:20.850+0000] {logging_mixin.py:190} INFO - [2026-07-04T15:47:20.849+0000] {dag.py:4180} INFO - Setting next_dagrun for shopbrasil_panorama_precos to 2026-07-04 09:00:00+00:00, run_after=2026-07-04 09:00:00+00:00
[2026-07-04T15:47:20.967+0000] {processor.py:208} INFO - Processing /opt/airflow/dags/shopbrasil_panorama_precos.py took 0.560 seconds
[2026-07-04T15:47:51.271+0000] {processor.py:186} INFO - Started process (PID=343) to work on /opt/airflow/dags/shopbrasil_panorama_precos.py
[2026-07-04T15:47:51.273+0000] {processor.py:914} INFO - Processing file /opt/airflow/dags/shopbrasil_panorama_precos.py for tasks to queue
[2026-07-04T15:47:51.278+0000] {logging_mixin.py:190} INFO - [2026-07-04T15:47:51.277+0000] {dagbag.py:588} INFO - Filling up the DagBag from /opt/airflow/dags/shopbrasil_panorama_precos.py
[2026-07-04T15:47:51.314+0000] {processor.py:925} INFO - DAG(s) 'shopbrasil_panorama_precos' retrieved from /opt/airflow/dags/shopbrasil_panorama_precos.py
[2026-07-04T15:47:51.630+0000] {logging_mixin.py:190} INFO - [2026-07-04T15:47:51.629+0000] {dag.py:3239} INFO - Sync 1 DAGs
[2026-07-04T15:47:51.709+0000] {logging_mixin.py:190} INFO - [2026-07-04T15:47:51.709+0000] {dag.py:4180} INFO - Setting next_dagrun for shopbrasil_panorama_precos to 2026-07-04 09:00:00+00:00, run_after=2026-07-04 09:00:00+00:00
[2026-07-04T15:47:51.741+0000] {processor.py:208} INFO - Processing /opt/airflow/dags/shopbrasil_panorama_precos.py took 0.485 seconds
[2026-07-04T15:48:22.550+0000] {processor.py:186} INFO - Started process (PID=354) to work on /opt/airflow/dags/shopbrasil_panorama_precos.py
[2026-07-04T15:48:22.555+0000] {processor.py:914} INFO - Processing file /opt/airflow/dags/shopbrasil_panorama_precos.py for tasks to queue
[2026-07-04T15:48:22.566+0000] {logging_mixin.py:190} INFO - [2026-07-04T15:48:22.565+0000] {dagbag.py:588} INFO - Filling up the DagBag from /opt/airflow/dags/shopbrasil_panorama_precos.py
[2026-07-04T15:48:22.679+0000] {processor.py:925} INFO - DAG(s) 'shopbrasil_panorama_precos' retrieved from /opt/airflow/dags/shopbrasil_panorama_precos.py
[2026-07-04T15:48:22.810+0000] {logging_mixin.py:190} INFO - [2026-07-04T15:48:22.810+0000] {dag.py:3239} INFO - Sync 1 DAGs
[2026-07-04T15:48:22.878+0000] {logging_mixin.py:190} INFO - [2026-07-04T15:48:22.878+0000] {dag.py:4180} INFO - Setting next_dagrun for shopbrasil_panorama_precos to 2026-07-04 09:00:00+00:00, run_after=2026-07-04 09:00:00+00:00
[2026-07-04T15:48:22.965+0000] {processor.py:208} INFO - Processing /opt/airflow/dags/shopbrasil_panorama_precos.py took 0.485 seconds
[2026-07-04T15:48:53.581+0000] {processor.py:186} INFO - Started process (PID=365) to work on /opt/airflow/dags/shopbrasil_panorama_precos.py
[2026-07-04T15:48:53.583+0000] {processor.py:914} INFO - Processing file /opt/airflow/dags/shopbrasil_panorama_precos.py for tasks to queue
[2026-07-04T15:48:53.590+0000] {logging_mixin.py:190} INFO - [2026-07-04T15:48:53.589+0000] {dagbag.py:588} INFO - Filling up the DagBag from /opt/airflow/dags/shopbrasil_panorama_precos.py
[2026-07-04T15:48:53.625+0000] {processor.py:925} INFO - DAG(s) 'shopbrasil_panorama_precos' retrieved from /opt/airflow/dags/shopbrasil_panorama_precos.py
[2026-07-04T15:48:53.726+0000] {logging_mixin.py:190} INFO - [2026-07-04T15:48:53.726+0000] {dag.py:3239} INFO - Sync 1 DAGs
[2026-07-04T15:48:53.819+0000] {logging_mixin.py:190} INFO - [2026-07-04T15:48:53.819+0000] {dag.py:4180} INFO - Setting next_dagrun for shopbrasil_panorama_precos to 2026-07-04 09:00:00+00:00, run_after=2026-07-04 09:00:00+00:00
[2026-07-04T15:48:54.121+0000] {processor.py:208} INFO - Processing /opt/airflow/dags/shopbrasil_panorama_precos.py took 0.563 seconds
[2026-07-04T15:49:24.712+0000] {processor.py:186} INFO - Started process (PID=376) to work on /opt/airflow/dags/shopbrasil_panorama_precos.py
[2026-07-04T15:49:24.714+0000] {processor.py:914} INFO - Processing file /opt/airflow/dags/shopbrasil_panorama_precos.py for tasks to queue
[2026-07-04T15:49:24.718+0000] {logging_mixin.py:190} INFO - [2026-07-04T15:49:24.718+0000] {dagbag.py:588} INFO - Filling up the DagBag from /opt/airflow/dags/shopbrasil_panorama_precos.py
[2026-07-04T15:49:24.750+0000] {processor.py:925} INFO - DAG(s) 'shopbrasil_panorama_precos' retrieved from /opt/airflow/dags/shopbrasil_panorama_precos.py
[2026-07-04T15:49:24.809+0000] {logging_mixin.py:190} INFO - [2026-07-04T15:49:24.808+0000] {dag.py:3239} INFO - Sync 1 DAGs
[2026-07-04T15:49:25.081+0000] {logging_mixin.py:190} INFO - [2026-07-04T15:49:25.081+0000] {dag.py:4180} INFO - Setting next_dagrun for shopbrasil_panorama_precos to 2026-07-04 09:00:00+00:00, run_after=2026-07-04 09:00:00+00:00
[2026-07-04T15:49:25.112+0000] {processor.py:208} INFO - Processing /opt/airflow/dags/shopbrasil_panorama_precos.py took 0.410 seconds
[2026-07-04T15:49:55.787+0000] {processor.py:186} INFO - Started process (PID=386) to work on /opt/airflow/dags/shopbrasil_panorama_precos.py
[2026-07-04T15:49:55.789+0000] {processor.py:914} INFO - Processing file /opt/airflow/dags/shopbrasil_panorama_precos.py for tasks to queue
[2026-07-04T15:49:55.794+0000] {logging_mixin.py:190} INFO - [2026-07-04T15:49:55.793+0000] {dagbag.py:588} INFO - Filling up the DagBag from /opt/airflow/dags/shopbrasil_panorama_precos.py
[2026-07-04T15:49:55.825+0000] {processor.py:925} INFO - DAG(s) 'shopbrasil_panorama_precos' retrieved from /opt/airflow/dags/shopbrasil_panorama_precos.py
[2026-07-04T15:49:56.146+0000] {logging_mixin.py:190} INFO - [2026-07-04T15:49:56.145+0000] {dag.py:3239} INFO - Sync 1 DAGs
[2026-07-04T15:49:56.193+0000] {logging_mixin.py:190} INFO - [2026-07-04T15:49:56.193+0000] {dag.py:4180} INFO - Setting next_dagrun for shopbrasil_panorama_precos to 2026-07-04 09:00:00+00:00, run_after=2026-07-04 09:00:00+00:00
[2026-07-04T15:49:56.234+0000] {processor.py:208} INFO - Processing /opt/airflow/dags/shopbrasil_panorama_precos.py took 0.462 seconds
[2026-07-04T15:50:26.962+0000] {processor.py:186} INFO - Started process (PID=391) to work on /opt/airflow/dags/shopbrasil_panorama_precos.py
[2026-07-04T15:50:26.964+0000] {processor.py:914} INFO - Processing file /opt/airflow/dags/shopbrasil_panorama_precos.py for tasks to queue
[2026-07-04T15:50:26.976+0000] {logging_mixin.py:190} INFO - [2026-07-04T15:50:26.973+0000] {dagbag.py:588} INFO - Filling up the DagBag from /opt/airflow/dags/shopbrasil_panorama_precos.py
[2026-07-04T15:50:27.015+0000] {processor.py:925} INFO - DAG(s) 'shopbrasil_panorama_precos' retrieved from /opt/airflow/dags/shopbrasil_panorama_precos.py
[2026-07-04T15:50:27.097+0000] {logging_mixin.py:190} INFO - [2026-07-04T15:50:27.097+0000] {dag.py:3239} INFO - Sync 1 DAGs
[2026-07-04T15:50:27.163+0000] {logging_mixin.py:190} INFO - [2026-07-04T15:50:27.162+0000] {dag.py:4180} INFO - Setting next_dagrun for shopbrasil_panorama_precos to 2026-07-04 09:00:00+00:00, run_after=2026-07-04 09:00:00+00:00
[2026-07-04T15:50:27.198+0000] {processor.py:208} INFO - Processing /opt/airflow/dags/shopbrasil_panorama_precos.py took 0.253 seconds
[2026-07-04T15:50:57.302+0000] {processor.py:186} INFO - Started process (PID=402) to work on /opt/airflow/dags/shopbrasil_panorama_precos.py
[2026-07-04T15:50:57.303+0000] {processor.py:914} INFO - Processing file /opt/airflow/dags/shopbrasil_panorama_precos.py for tasks to queue
[2026-07-04T15:50:57.306+0000] {logging_mixin.py:190} INFO - [2026-07-04T15:50:57.306+0000] {dagbag.py:588} INFO - Filling up the DagBag from /opt/airflow/dags/shopbrasil_panorama_precos.py
[2026-07-04T15:50:57.331+0000] {processor.py:925} INFO - DAG(s) 'shopbrasil_panorama_precos' retrieved from /opt/airflow/dags/shopbrasil_panorama_precos.py
[2026-07-04T15:50:57.383+0000] {logging_mixin.py:190} INFO - [2026-07-04T15:50:57.383+0000] {dag.py:3239} INFO - Sync 1 DAGs
[2026-07-04T15:50:57.425+0000] {logging_mixin.py:190} INFO - [2026-07-04T15:50:57.424+0000] {dag.py:4180} INFO - Setting next_dagrun for shopbrasil_panorama_precos to 2026-07-04 09:00:00+00:00, run_after=2026-07-04 09:00:00+00:00
[2026-07-04T15:50:57.624+0000] {processor.py:208} INFO - Processing /opt/airflow/dags/shopbrasil_panorama_precos.py took 0.331 seconds
[2026-07-04T15:51:28.052+0000] {processor.py:186} INFO - Started process (PID=413) to work on /opt/airflow/dags/shopbrasil_panorama_precos.py
[2026-07-04T15:51:28.061+0000] {processor.py:914} INFO - Processing file /opt/airflow/dags/shopbrasil_panorama_precos.py for tasks to queue
[2026-07-04T15:51:28.078+0000] {logging_mixin.py:190} INFO - [2026-07-04T15:51:28.077+0000] {dagbag.py:588} INFO - Filling up the DagBag from /opt/airflow/dags/shopbrasil_panorama_precos.py
[2026-07-04T15:51:28.111+0000] {processor.py:925} INFO - DAG(s) 'shopbrasil_panorama_precos' retrieved from /opt/airflow/dags/shopbrasil_panorama_precos.py
[2026-07-04T15:51:28.208+0000] {logging_mixin.py:190} INFO - [2026-07-04T15:51:28.208+0000] {dag.py:3239} INFO - Sync 1 DAGs
[2026-07-04T15:51:28.597+0000] {logging_mixin.py:190} INFO - [2026-07-04T15:51:28.597+0000] {dag.py:4180} INFO - Setting next_dagrun for shopbrasil_panorama_precos to 2026-07-04 09:00:00+00:00, run_after=2026-07-04 09:00:00+00:00
[2026-07-04T15:51:28.680+0000] {processor.py:208} INFO - Processing /opt/airflow/dags/shopbrasil_panorama_precos.py took 0.646 seconds
[2026-07-04T15:51:58.879+0000] {processor.py:186} INFO - Started process (PID=424) to work on /opt/airflow/dags/shopbrasil_panorama_precos.py
[2026-07-04T15:51:58.881+0000] {processor.py:914} INFO - Processing file /opt/airflow/dags/shopbrasil_panorama_precos.py for tasks to queue
[2026-07-04T15:51:58.888+0000] {logging_mixin.py:190} INFO - [2026-07-04T15:51:58.887+0000] {dagbag.py:588} INFO - Filling up the DagBag from /opt/airflow/dags/shopbrasil_panorama_precos.py
[2026-07-04T15:51:58.918+0000] {processor.py:925} INFO - DAG(s) 'shopbrasil_panorama_precos' retrieved from /opt/airflow/dags/shopbrasil_panorama_precos.py
[2026-07-04T15:51:59.190+0000] {logging_mixin.py:190} INFO - [2026-07-04T15:51:59.190+0000] {dag.py:3239} INFO - Sync 1 DAGs
[2026-07-04T15:51:59.252+0000] {logging_mixin.py:190} INFO - [2026-07-04T15:51:59.251+0000] {dag.py:4180} INFO - Setting next_dagrun for shopbrasil_panorama_precos to 2026-07-04 09:00:00+00:00, run_after=2026-07-04 09:00:00+00:00
[2026-07-04T15:51:59.295+0000] {processor.py:208} INFO - Processing /opt/airflow/dags/shopbrasil_panorama_precos.py took 0.431 seconds
[2026-07-04T15:52:29.449+0000] {processor.py:186} INFO - Started process (PID=435) to work on /opt/airflow/dags/shopbrasil_panorama_precos.py
[2026-07-04T15:52:29.450+0000] {processor.py:914} INFO - Processing file /opt/airflow/dags/shopbrasil_panorama_precos.py for tasks to queue
[2026-07-04T15:52:29.453+0000] {logging_mixin.py:190} INFO - [2026-07-04T15:52:29.453+0000] {dagbag.py:588} INFO - Filling up the DagBag from /opt/airflow/dags/shopbrasil_panorama_precos.py
[2026-07-04T15:52:29.475+0000] {processor.py:925} INFO - DAG(s) 'shopbrasil_panorama_precos' retrieved from /opt/airflow/dags/shopbrasil_panorama_precos.py
[2026-07-04T15:52:29.543+0000] {logging_mixin.py:190} INFO - [2026-07-04T15:52:29.543+0000] {dag.py:3239} INFO - Sync 1 DAGs
[2026-07-04T15:52:29.606+0000] {logging_mixin.py:190} INFO - [2026-07-04T15:52:29.604+0000] {dag.py:4180} INFO - Setting next_dagrun for shopbrasil_panorama_precos to 2026-07-04 09:00:00+00:00, run_after=2026-07-04 09:00:00+00:00
[2026-07-04T15:52:29.648+0000] {processor.py:208} INFO - Processing /opt/airflow/dags/shopbrasil_panorama_precos.py took 0.210 seconds
[2026-07-04T15:52:59.910+0000] {processor.py:186} INFO - Started process (PID=446) to work on /opt/airflow/dags/shopbrasil_panorama_precos.py
[2026-07-04T15:52:59.914+0000] {processor.py:914} INFO - Processing file /opt/airflow/dags/shopbrasil_panorama_precos.py for tasks to queue
[2026-07-04T15:52:59.919+0000] {logging_mixin.py:190} INFO - [2026-07-04T15:52:59.918+0000] {dagbag.py:588} INFO - Filling up the DagBag from /opt/airflow/dags/shopbrasil_panorama_precos.py
[2026-07-04T15:52:59.951+0000] {processor.py:925} INFO - DAG(s) 'shopbrasil_panorama_precos' retrieved from /opt/airflow/dags/shopbrasil_panorama_precos.py
[2026-07-04T15:53:00.056+0000] {logging_mixin.py:190} INFO - [2026-07-04T15:53:00.055+0000] {dag.py:3239} INFO - Sync 1 DAGs
[2026-07-04T15:53:00.127+0000] {logging_mixin.py:190} INFO - [2026-07-04T15:53:00.126+0000] {dag.py:4180} INFO - Setting next_dagrun for shopbrasil_panorama_precos to 2026-07-04 09:00:00+00:00, run_after=2026-07-04 09:00:00+00:00
[2026-07-04T15:53:00.364+0000] {processor.py:208} INFO - Processing /opt/airflow/dags/shopbrasil_panorama_precos.py took 0.466 seconds
[2026-07-04T15:53:30.682+0000] {processor.py:186} INFO - Started process (PID=457) to work on /opt/airflow/dags/shopbrasil_panorama_precos.py
[2026-07-04T15:53:30.683+0000] {processor.py:914} INFO - Processing file /opt/airflow/dags/shopbrasil_panorama_precos.py for tasks to queue
[2026-07-04T15:53:30.686+0000] {logging_mixin.py:190} INFO - [2026-07-04T15:53:30.686+0000] {dagbag.py:588} INFO - Filling up the DagBag from /opt/airflow/dags/shopbrasil_panorama_precos.py
[2026-07-04T15:53:30.713+0000] {processor.py:925} INFO - DAG(s) 'shopbrasil_panorama_precos' retrieved from /opt/airflow/dags/shopbrasil_panorama_precos.py
[2026-07-04T15:53:30.761+0000] {logging_mixin.py:190} INFO - [2026-07-04T15:53:30.760+0000] {dag.py:3239} INFO - Sync 1 DAGs
[2026-07-04T15:53:30.994+0000] {logging_mixin.py:190} INFO - [2026-07-04T15:53:30.994+0000] {dag.py:4180} INFO - Setting next_dagrun for shopbrasil_panorama_precos to 2026-07-04 09:00:00+00:00, run_after=2026-07-04 09:00:00+00:00
[2026-07-04T15:53:31.024+0000] {processor.py:208} INFO - Processing /opt/airflow/dags/shopbrasil_panorama_precos.py took 0.352 seconds
[2026-07-04T15:54:01.766+0000] {processor.py:186} INFO - Started process (PID=467) to work on /opt/airflow/dags/shopbrasil_panorama_precos.py
[2026-07-04T15:54:01.768+0000] {processor.py:914} INFO - Processing file /opt/airflow/dags/shopbrasil_panorama_precos.py for tasks to queue
[2026-07-04T15:54:01.773+0000] {logging_mixin.py:190} INFO - [2026-07-04T15:54:01.772+0000] {dagbag.py:588} INFO - Filling up the DagBag from /opt/airflow/dags/shopbrasil_panorama_precos.py
[2026-07-04T15:54:01.797+0000] {processor.py:925} INFO - DAG(s) 'shopbrasil_panorama_precos' retrieved from /opt/airflow/dags/shopbrasil_panorama_precos.py
[2026-07-04T15:54:02.193+0000] {logging_mixin.py:190} INFO - [2026-07-04T15:54:02.192+0000] {dag.py:3239} INFO - Sync 1 DAGs
[2026-07-04T15:54:02.239+0000] {logging_mixin.py:190} INFO - [2026-07-04T15:54:02.239+0000] {dag.py:4180} INFO - Setting next_dagrun for shopbrasil_panorama_precos to 2026-07-04 09:00:00+00:00, run_after=2026-07-04 09:00:00+00:00
[2026-07-04T15:54:02.278+0000] {processor.py:208} INFO - Processing /opt/airflow/dags/shopbrasil_panorama_precos.py took 0.527 seconds
[2026-07-04T15:54:33.282+0000] {processor.py:186} INFO - Started process (PID=472) to work on /opt/airflow/dags/shopbrasil_panorama_precos.py
[2026-07-04T15:54:33.283+0000] {processor.py:914} INFO - Processing file /opt/airflow/dags/shopbrasil_panorama_precos.py for tasks to queue
[2026-07-04T15:54:33.288+0000] {logging_mixin.py:190} INFO - [2026-07-04T15:54:33.287+0000] {dagbag.py:588} INFO - Filling up the DagBag from /opt/airflow/dags/shopbrasil_panorama_precos.py
[2026-07-04T15:54:33.320+0000] {processor.py:925} INFO - DAG(s) 'shopbrasil_panorama_precos' retrieved from /opt/airflow/dags/shopbrasil_panorama_precos.py
[2026-07-04T15:54:33.376+0000] {logging_mixin.py:190} INFO - [2026-07-04T15:54:33.376+0000] {dag.py:3239} INFO - Sync 1 DAGs
[2026-07-04T15:54:33.421+0000] {logging_mixin.py:190} INFO - [2026-07-04T15:54:33.420+0000] {dag.py:4180} INFO - Setting next_dagrun for shopbrasil_panorama_precos to 2026-07-04 09:00:00+00:00, run_after=2026-07-04 09:00:00+00:00
[2026-07-04T15:54:33.455+0000] {processor.py:208} INFO - Processing /opt/airflow/dags/shopbrasil_panorama_precos.py took 0.184 seconds
[2026-07-04T15:55:03.799+0000] {processor.py:186} INFO - Started process (PID=483) to work on /opt/airflow/dags/shopbrasil_panorama_precos.py
[2026-07-04T15:55:03.804+0000] {processor.py:914} INFO - Processing file /opt/airflow/dags/shopbrasil_panorama_precos.py for tasks to queue
[2026-07-04T15:55:03.808+0000] {logging_mixin.py:190} INFO - [2026-07-04T15:55:03.807+0000] {dagbag.py:588} INFO - Filling up the DagBag from /opt/airflow/dags/shopbrasil_panorama_precos.py
[2026-07-04T15:55:03.841+0000] {processor.py:925} INFO - DAG(s) 'shopbrasil_panorama_precos' retrieved from /opt/airflow/dags/shopbrasil_panorama_precos.py
[2026-07-04T15:55:03.911+0000] {logging_mixin.py:190} INFO - [2026-07-04T15:55:03.910+0000] {dag.py:3239} INFO - Sync 1 DAGs
[2026-07-04T15:55:03.980+0000] {logging_mixin.py:190} INFO - [2026-07-04T15:55:03.980+0000] {dag.py:4180} INFO - Setting next_dagrun for shopbrasil_panorama_precos to 2026-07-04 09:00:00+00:00, run_after=2026-07-04 09:00:00+00:00
[2026-07-04T15:55:04.021+0000] {processor.py:208} INFO - Processing /opt/airflow/dags/shopbrasil_panorama_precos.py took 0.235 seconds
[2026-07-04T15:55:34.515+0000] {processor.py:186} INFO - Started process (PID=494) to work on /opt/airflow/dags/shopbrasil_panorama_precos.py
[2026-07-04T15:55:34.516+0000] {processor.py:914} INFO - Processing file /opt/airflow/dags/shopbrasil_panorama_precos.py for tasks to queue
[2026-07-04T15:55:34.522+0000] {logging_mixin.py:190} INFO - [2026-07-04T15:55:34.521+0000] {dagbag.py:588} INFO - Filling up the DagBag from /opt/airflow/dags/shopbrasil_panorama_precos.py
[2026-07-04T15:55:34.547+0000] {processor.py:925} INFO - DAG(s) 'shopbrasil_panorama_precos' retrieved from /opt/airflow/dags/shopbrasil_panorama_precos.py
[2026-07-04T15:55:34.610+0000] {logging_mixin.py:190} INFO - [2026-07-04T15:55:34.609+0000] {dag.py:3239} INFO - Sync 1 DAGs
[2026-07-04T15:55:34.677+0000] {logging_mixin.py:190} INFO - [2026-07-04T15:55:34.677+0000] {dag.py:4180} INFO - Setting next_dagrun for shopbrasil_panorama_precos to 2026-07-04 09:00:00+00:00, run_after=2026-07-04 09:00:00+00:00
[2026-07-04T15:55:34.727+0000] {processor.py:208} INFO - Processing /opt/airflow/dags/shopbrasil_panorama_precos.py took 0.228 seconds
[2026-07-04T15:56:05.097+0000] {processor.py:186} INFO - Started process (PID=504) to work on /opt/airflow/dags/shopbrasil_panorama_precos.py
[2026-07-04T15:56:05.098+0000] {processor.py:914} INFO - Processing file /opt/airflow/dags/shopbrasil_panorama_precos.py for tasks to queue
[2026-07-04T15:56:05.102+0000] {logging_mixin.py:190} INFO - [2026-07-04T15:56:05.101+0000] {dagbag.py:588} INFO - Filling up the DagBag from /opt/airflow/dags/shopbrasil_panorama_precos.py
[2026-07-04T15:56:05.123+0000] {processor.py:925} INFO - DAG(s) 'shopbrasil_panorama_precos' retrieved from /opt/airflow/dags/shopbrasil_panorama_precos.py
[2026-07-04T15:56:05.174+0000] {logging_mixin.py:190} INFO - [2026-07-04T15:56:05.173+0000] {dag.py:3239} INFO - Sync 1 DAGs
[2026-07-04T15:56:05.216+0000] {logging_mixin.py:190} INFO - [2026-07-04T15:56:05.216+0000] {dag.py:4180} INFO - Setting next_dagrun for shopbrasil_panorama_precos to 2026-07-04 09:00:00+00:00, run_after=2026-07-04 09:00:00+00:00
[2026-07-04T15:56:05.246+0000] {processor.py:208} INFO - Processing /opt/airflow/dags/shopbrasil_panorama_precos.py took 0.163 seconds
[2026-07-04T15:56:35.772+0000] {processor.py:186} INFO - Started process (PID=515) to work on /opt/airflow/dags/shopbrasil_panorama_precos.py
[2026-07-04T15:56:35.773+0000] {processor.py:914} INFO - Processing file /opt/airflow/dags/shopbrasil_panorama_precos.py for tasks to queue
[2026-07-04T15:56:35.778+0000] {logging_mixin.py:190} INFO - [2026-07-04T15:56:35.777+0000] {dagbag.py:588} INFO - Filling up the DagBag from /opt/airflow/dags/shopbrasil_panorama_precos.py
[2026-07-04T15:56:35.803+0000] {processor.py:925} INFO - DAG(s) 'shopbrasil_panorama_precos' retrieved from /opt/airflow/dags/shopbrasil_panorama_precos.py
[2026-07-04T15:56:35.866+0000] {logging_mixin.py:190} INFO - [2026-07-04T15:56:35.866+0000] {dag.py:3239} INFO - Sync 1 DAGs
[2026-07-04T15:56:35.914+0000] {logging_mixin.py:190} INFO - [2026-07-04T15:56:35.914+0000] {dag.py:4180} INFO - Setting next_dagrun for shopbrasil_panorama_precos to 2026-07-04 09:00:00+00:00, run_after=2026-07-04 09:00:00+00:00
[2026-07-04T15:56:35.948+0000] {processor.py:208} INFO - Processing /opt/airflow/dags/shopbrasil_panorama_precos.py took 0.186 seconds
[2026-07-04T15:57:06.237+0000] {processor.py:186} INFO - Started process (PID=526) to work on /opt/airflow/dags/shopbrasil_panorama_precos.py
[2026-07-04T15:57:06.240+0000] {processor.py:914} INFO - Processing file /opt/airflow/dags/shopbrasil_panorama_precos.py for tasks to queue
[2026-07-04T15:57:06.245+0000] {logging_mixin.py:190} INFO - [2026-07-04T15:57:06.244+0000] {dagbag.py:588} INFO - Filling up the DagBag from /opt/airflow/dags/shopbrasil_panorama_precos.py
[2026-07-04T15:57:06.279+0000] {processor.py:925} INFO - DAG(s) 'shopbrasil_panorama_precos' retrieved from /opt/airflow/dags/shopbrasil_panorama_precos.py
[2026-07-04T15:57:06.332+0000] {logging_mixin.py:190} INFO - [2026-07-04T15:57:06.332+0000] {dag.py:3239} INFO - Sync 1 DAGs
[2026-07-04T15:57:06.381+0000] {logging_mixin.py:190} INFO - [2026-07-04T15:57:06.381+0000] {dag.py:4180} INFO - Setting next_dagrun for shopbrasil_panorama_precos to 2026-07-04 09:00:00+00:00, run_after=2026-07-04 09:00:00+00:00
[2026-07-04T15:57:06.413+0000] {processor.py:208} INFO - Processing /opt/airflow/dags/shopbrasil_panorama_precos.py took 0.192 seconds
[2026-07-04T15:57:36.991+0000] {processor.py:186} INFO - Started process (PID=537) to work on /opt/airflow/dags/shopbrasil_panorama_precos.py
[2026-07-04T15:57:36.993+0000] {processor.py:914} INFO - Processing file /opt/airflow/dags/shopbrasil_panorama_precos.py for tasks to queue
[2026-07-04T15:57:36.998+0000] {logging_mixin.py:190} INFO - [2026-07-04T15:57:36.997+0000] {dagbag.py:588} INFO - Filling up the DagBag from /opt/airflow/dags/shopbrasil_panorama_precos.py
[2026-07-04T15:57:37.031+0000] {processor.py:925} INFO - DAG(s) 'shopbrasil_panorama_precos' retrieved from /opt/airflow/dags/shopbrasil_panorama_precos.py
[2026-07-04T15:57:37.099+0000] {logging_mixin.py:190} INFO - [2026-07-04T15:57:37.099+0000] {dag.py:3239} INFO - Sync 1 DAGs
[2026-07-04T15:57:37.160+0000] {logging_mixin.py:190} INFO - [2026-07-04T15:57:37.160+0000] {dag.py:4180} INFO - Setting next_dagrun for shopbrasil_panorama_precos to 2026-07-04 09:00:00+00:00, run_after=2026-07-04 09:00:00+00:00
[2026-07-04T15:57:37.199+0000] {processor.py:208} INFO - Processing /opt/airflow/dags/shopbrasil_panorama_precos.py took 0.219 seconds
[2026-07-04T15:58:07.473+0000] {processor.py:186} INFO - Started process (PID=547) to work on /opt/airflow/dags/shopbrasil_panorama_precos.py
[2026-07-04T15:58:07.475+0000] {processor.py:914} INFO - Processing file /opt/airflow/dags/shopbrasil_panorama_precos.py for tasks to queue
[2026-07-04T15:58:07.479+0000] {logging_mixin.py:190} INFO - [2026-07-04T15:58:07.478+0000] {dagbag.py:588} INFO - Filling up the DagBag from /opt/airflow/dags/shopbrasil_panorama_precos.py
[2026-07-04T15:58:07.514+0000] {processor.py:925} INFO - DAG(s) 'shopbrasil_panorama_precos' retrieved from /opt/airflow/dags/shopbrasil_panorama_precos.py
[2026-07-04T15:58:07.582+0000] {logging_mixin.py:190} INFO - [2026-07-04T15:58:07.582+0000] {dag.py:3239} INFO - Sync 1 DAGs
[2026-07-04T15:58:07.648+0000] {logging_mixin.py:190} INFO - [2026-07-04T15:58:07.647+0000] {dag.py:4180} INFO - Setting next_dagrun for shopbrasil_panorama_precos to 2026-07-04 09:00:00+00:00, run_after=2026-07-04 09:00:00+00:00
[2026-07-04T15:58:07.689+0000] {processor.py:208} INFO - Processing /opt/airflow/dags/shopbrasil_panorama_precos.py took 0.229 seconds
[2026-07-04T15:58:38.218+0000] {processor.py:186} INFO - Started process (PID=552) to work on /opt/airflow/dags/shopbrasil_panorama_precos.py
[2026-07-04T15:58:38.223+0000] {processor.py:914} INFO - Processing file /opt/airflow/dags/shopbrasil_panorama_precos.py for tasks to queue
[2026-07-04T15:58:38.231+0000] {logging_mixin.py:190} INFO - [2026-07-04T15:58:38.229+0000] {dagbag.py:588} INFO - Filling up the DagBag from /opt/airflow/dags/shopbrasil_panorama_precos.py
[2026-07-04T15:58:38.305+0000] {processor.py:925} INFO - DAG(s) 'shopbrasil_panorama_precos' retrieved from /opt/airflow/dags/shopbrasil_panorama_precos.py
[2026-07-04T15:58:38.373+0000] {logging_mixin.py:190} INFO - [2026-07-04T15:58:38.373+0000] {dag.py:3239} INFO - Sync 1 DAGs
[2026-07-04T15:58:38.435+0000] {logging_mixin.py:190} INFO - [2026-07-04T15:58:38.434+0000] {dag.py:4180} INFO - Setting next_dagrun for shopbrasil_panorama_precos to 2026-07-04 09:00:00+00:00, run_after=2026-07-04 09:00:00+00:00
[2026-07-04T15:58:38.478+0000] {processor.py:208} INFO - Processing /opt/airflow/dags/shopbrasil_panorama_precos.py took 0.284 seconds
[2026-07-04T15:59:09.049+0000] {processor.py:186} INFO - Started process (PID=563) to work on /opt/airflow/dags/shopbrasil_panorama_precos.py
[2026-07-04T15:59:09.051+0000] {processor.py:914} INFO - Processing file /opt/airflow/dags/shopbrasil_panorama_precos.py for tasks to queue
[2026-07-04T15:59:09.056+0000] {logging_mixin.py:190} INFO - [2026-07-04T15:59:09.055+0000] {dagbag.py:588} INFO - Filling up the DagBag from /opt/airflow/dags/shopbrasil_panorama_precos.py
[2026-07-04T15:59:09.141+0000] {processor.py:925} INFO - DAG(s) 'shopbrasil_panorama_precos' retrieved from /opt/airflow/dags/shopbrasil_panorama_precos.py
[2026-07-04T15:59:09.414+0000] {logging_mixin.py:190} INFO - [2026-07-04T15:59:09.414+0000] {dag.py:3239} INFO - Sync 1 DAGs
[2026-07-04T15:59:09.534+0000] {logging_mixin.py:190} INFO - [2026-07-04T15:59:09.533+0000] {dag.py:4180} INFO - Setting next_dagrun for shopbrasil_panorama_precos to 2026-07-04 09:00:00+00:00, run_after=2026-07-04 09:00:00+00:00
[2026-07-04T15:59:09.594+0000] {processor.py:208} INFO - Processing /opt/airflow/dags/shopbrasil_panorama_precos.py took 0.564 seconds
[2026-07-04T15:59:39.943+0000] {processor.py:186} INFO - Started process (PID=574) to work on /opt/airflow/dags/shopbrasil_panorama_precos.py
[2026-07-04T15:59:39.946+0000] {processor.py:914} INFO - Processing file /opt/airflow/dags/shopbrasil_panorama_precos.py for tasks to queue
[2026-07-04T15:59:39.958+0000] {logging_mixin.py:190} INFO - [2026-07-04T15:59:39.953+0000] {dagbag.py:588} INFO - Filling up the DagBag from /opt/airflow/dags/shopbrasil_panorama_precos.py
[2026-07-04T15:59:40.067+0000] {processor.py:925} INFO - DAG(s) 'shopbrasil_panorama_precos' retrieved from /opt/airflow/dags/shopbrasil_panorama_precos.py
[2026-07-04T15:59:40.221+0000] {logging_mixin.py:190} INFO - [2026-07-04T15:59:40.221+0000] {dag.py:3239} INFO - Sync 1 DAGs
[2026-07-04T15:59:40.281+0000] {logging_mixin.py:190} INFO - [2026-07-04T15:59:40.281+0000] {dag.py:4180} INFO - Setting next_dagrun for shopbrasil_panorama_precos to 2026-07-04 09:00:00+00:00, run_after=2026-07-04 09:00:00+00:00
[2026-07-04T15:59:40.379+0000] {processor.py:208} INFO - Processing /opt/airflow/dags/shopbrasil_panorama_precos.py took 0.452 seconds
[2026-07-04T16:00:10.991+0000] {processor.py:186} INFO - Started process (PID=585) to work on /opt/airflow/dags/shopbrasil_panorama_precos.py
[2026-07-04T16:00:10.992+0000] {processor.py:914} INFO - Processing file /opt/airflow/dags/shopbrasil_panorama_precos.py for tasks to queue
[2026-07-04T16:00:10.995+0000] {logging_mixin.py:190} INFO - [2026-07-04T16:00:10.995+0000] {dagbag.py:588} INFO - Filling up the DagBag from /opt/airflow/dags/shopbrasil_panorama_precos.py
[2026-07-04T16:00:11.018+0000] {processor.py:925} INFO - DAG(s) 'shopbrasil_panorama_precos' retrieved from /opt/airflow/dags/shopbrasil_panorama_precos.py
[2026-07-04T16:00:11.074+0000] {logging_mixin.py:190} INFO - [2026-07-04T16:00:11.074+0000] {dag.py:3239} INFO - Sync 1 DAGs
[2026-07-04T16:00:11.121+0000] {logging_mixin.py:190} INFO - [2026-07-04T16:00:11.120+0000] {dag.py:4180} INFO - Setting next_dagrun for shopbrasil_panorama_precos to 2026-07-04 09:00:00+00:00, run_after=2026-07-04 09:00:00+00:00
[2026-07-04T16:00:11.157+0000] {processor.py:208} INFO - Processing /opt/airflow/dags/shopbrasil_panorama_precos.py took 0.180 seconds
[2026-07-04T16:00:41.585+0000] {processor.py:186} INFO - Started process (PID=597) to work on /opt/airflow/dags/shopbrasil_panorama_precos.py
[2026-07-04T16:00:41.587+0000] {processor.py:914} INFO - Processing file /opt/airflow/dags/shopbrasil_panorama_precos.py for tasks to queue
[2026-07-04T16:00:41.592+0000] {logging_mixin.py:190} INFO - [2026-07-04T16:00:41.591+0000] {dagbag.py:588} INFO - Filling up the DagBag from /opt/airflow/dags/shopbrasil_panorama_precos.py
[2026-07-04T16:00:41.614+0000] {processor.py:925} INFO - DAG(s) 'shopbrasil_panorama_precos' retrieved from /opt/airflow/dags/shopbrasil_panorama_precos.py
[2026-07-04T16:00:41.662+0000] {logging_mixin.py:190} INFO - [2026-07-04T16:00:41.662+0000] {dag.py:3239} INFO - Sync 1 DAGs
[2026-07-04T16:00:41.702+0000] {logging_mixin.py:190} INFO - [2026-07-04T16:00:41.702+0000] {dag.py:4180} INFO - Setting next_dagrun for shopbrasil_panorama_precos to 2026-07-04 09:00:00+00:00, run_after=2026-07-04 09:00:00+00:00
[2026-07-04T16:00:41.731+0000] {processor.py:208} INFO - Processing /opt/airflow/dags/shopbrasil_panorama_precos.py took 0.162 seconds
[2026-07-04T16:01:12.225+0000] {processor.py:186} INFO - Started process (PID=608) to work on /opt/airflow/dags/shopbrasil_panorama_precos.py
[2026-07-04T16:01:12.226+0000] {processor.py:914} INFO - Processing file /opt/airflow/dags/shopbrasil_panorama_precos.py for tasks to queue
[2026-07-04T16:01:12.231+0000] {logging_mixin.py:190} INFO - [2026-07-04T16:01:12.231+0000] {dagbag.py:588} INFO - Filling up the DagBag from /opt/airflow/dags/shopbrasil_panorama_precos.py
[2026-07-04T16:01:12.253+0000] {processor.py:925} INFO - DAG(s) 'shopbrasil_panorama_precos' retrieved from /opt/airflow/dags/shopbrasil_panorama_precos.py
[2026-07-04T16:01:12.308+0000] {logging_mixin.py:190} INFO - [2026-07-04T16:01:12.308+0000] {dag.py:3239} INFO - Sync 1 DAGs
[2026-07-04T16:01:12.352+0000] {logging_mixin.py:190} INFO - [2026-07-04T16:01:12.352+0000] {dag.py:4180} INFO - Setting next_dagrun for shopbrasil_panorama_precos to 2026-07-04 09:00:00+00:00, run_after=2026-07-04 09:00:00+00:00
[2026-07-04T16:01:12.386+0000] {processor.py:208} INFO - Processing /opt/airflow/dags/shopbrasil_panorama_precos.py took 0.176 seconds
[2026-07-04T16:01:42.752+0000] {processor.py:186} INFO - Started process (PID=619) to work on /opt/airflow/dags/shopbrasil_panorama_precos.py
[2026-07-04T16:01:42.754+0000] {processor.py:914} INFO - Processing file /opt/airflow/dags/shopbrasil_panorama_precos.py for tasks to queue
[2026-07-04T16:01:42.757+0000] {logging_mixin.py:190} INFO - [2026-07-04T16:01:42.756+0000] {dagbag.py:588} INFO - Filling up the DagBag from /opt/airflow/dags/shopbrasil_panorama_precos.py
[2026-07-04T16:01:42.783+0000] {processor.py:925} INFO - DAG(s) 'shopbrasil_panorama_precos' retrieved from /opt/airflow/dags/shopbrasil_panorama_precos.py
[2026-07-04T16:01:42.867+0000] {logging_mixin.py:190} INFO - [2026-07-04T16:01:42.866+0000] {dag.py:3239} INFO - Sync 1 DAGs
[2026-07-04T16:01:42.911+0000] {logging_mixin.py:190} INFO - [2026-07-04T16:01:42.911+0000] {dag.py:4180} INFO - Setting next_dagrun for shopbrasil_panorama_precos to 2026-07-04 09:00:00+00:00, run_after=2026-07-04 09:00:00+00:00
[2026-07-04T16:01:42.956+0000] {processor.py:208} INFO - Processing /opt/airflow/dags/shopbrasil_panorama_precos.py took 0.213 seconds
[2026-07-04T16:02:13.272+0000] {processor.py:186} INFO - Started process (PID=630) to work on /opt/airflow/dags/shopbrasil_panorama_precos.py
[2026-07-04T16:02:13.274+0000] {processor.py:914} INFO - Processing file /opt/airflow/dags/shopbrasil_panorama_precos.py for tasks to queue
[2026-07-04T16:02:13.279+0000] {logging_mixin.py:190} INFO - [2026-07-04T16:02:13.278+0000] {dagbag.py:588} INFO - Filling up the DagBag from /opt/airflow/dags/shopbrasil_panorama_precos.py
[2026-07-04T16:02:13.311+0000] {processor.py:925} INFO - DAG(s) 'shopbrasil_panorama_precos' retrieved from /opt/airflow/dags/shopbrasil_panorama_precos.py
[2026-07-04T16:02:13.378+0000] {logging_mixin.py:190} INFO - [2026-07-04T16:02:13.377+0000] {dag.py:3239} INFO - Sync 1 DAGs
[2026-07-04T16:02:13.434+0000] {logging_mixin.py:190} INFO - [2026-07-04T16:02:13.434+0000] {dag.py:4180} INFO - Setting next_dagrun for shopbrasil_panorama_precos to 2026-07-04 09:00:00+00:00, run_after=2026-07-04 09:00:00+00:00
[2026-07-04T16:02:13.476+0000] {processor.py:208} INFO - Processing /opt/airflow/dags/shopbrasil_panorama_precos.py took 0.213 seconds
[2026-07-04T16:02:43.951+0000] {processor.py:186} INFO - Started process (PID=634) to work on /opt/airflow/dags/shopbrasil_panorama_precos.py
[2026-07-04T16:02:43.953+0000] {processor.py:914} INFO - Processing file /opt/airflow/dags/shopbrasil_panorama_precos.py for tasks to queue
[2026-07-04T16:02:43.956+0000] {logging_mixin.py:190} INFO - [2026-07-04T16:02:43.956+0000] {dagbag.py:588} INFO - Filling up the DagBag from /opt/airflow/dags/shopbrasil_panorama_precos.py
[2026-07-04T16:02:43.978+0000] {processor.py:925} INFO - DAG(s) 'shopbrasil_panorama_precos' retrieved from /opt/airflow/dags/shopbrasil_panorama_precos.py
[2026-07-04T16:02:44.029+0000] {logging_mixin.py:190} INFO - [2026-07-04T16:02:44.028+0000] {dag.py:3239} INFO - Sync 1 DAGs
[2026-07-04T16:02:44.085+0000] {logging_mixin.py:190} INFO - [2026-07-04T16:02:44.084+0000] {dag.py:4180} INFO - Setting next_dagrun for shopbrasil_panorama_precos to 2026-07-04 09:00:00+00:00, run_after=2026-07-04 09:00:00+00:00
[2026-07-04T16:02:44.130+0000] {processor.py:208} INFO - Processing /opt/airflow/dags/shopbrasil_panorama_precos.py took 0.188 seconds
[2026-07-04T16:03:14.673+0000] {processor.py:186} INFO - Started process (PID=644) to work on /opt/airflow/dags/shopbrasil_panorama_precos.py
[2026-07-04T16:03:14.678+0000] {processor.py:914} INFO - Processing file /opt/airflow/dags/shopbrasil_panorama_precos.py for tasks to queue
[2026-07-04T16:03:14.691+0000] {logging_mixin.py:190} INFO - [2026-07-04T16:03:14.687+0000] {dagbag.py:588} INFO - Filling up the DagBag from /opt/airflow/dags/shopbrasil_panorama_precos.py
[2026-07-04T16:03:14.737+0000] {processor.py:925} INFO - DAG(s) 'shopbrasil_panorama_precos' retrieved from /opt/airflow/dags/shopbrasil_panorama_precos.py
[2026-07-04T16:03:14.842+0000] {logging_mixin.py:190} INFO - [2026-07-04T16:03:14.841+0000] {dag.py:3239} INFO - Sync 1 DAGs
[2026-07-04T16:03:14.952+0000] {processor.py:208} INFO - Processing /opt/airflow/dags/shopbrasil_panorama_precos.py took 0.319 seconds
[2026-07-04T16:03:45.611+0000] {processor.py:186} INFO - Started process (PID=671) to work on /opt/airflow/dags/shopbrasil_panorama_precos.py
[2026-07-04T16:03:45.616+0000] {processor.py:914} INFO - Processing file /opt/airflow/dags/shopbrasil_panorama_precos.py for tasks to queue
[2026-07-04T16:03:45.625+0000] {logging_mixin.py:190} INFO - [2026-07-04T16:03:45.624+0000] {dagbag.py:588} INFO - Filling up the DagBag from /opt/airflow/dags/shopbrasil_panorama_precos.py
[2026-07-04T16:03:45.660+0000] {processor.py:925} INFO - DAG(s) 'shopbrasil_panorama_precos' retrieved from /opt/airflow/dags/shopbrasil_panorama_precos.py
[2026-07-04T16:03:45.749+0000] {logging_mixin.py:190} INFO - [2026-07-04T16:03:45.748+0000] {dag.py:3239} INFO - Sync 1 DAGs
[2026-07-04T16:03:45.859+0000] {processor.py:208} INFO - Processing /opt/airflow/dags/shopbrasil_panorama_precos.py took 0.273 seconds
[2026-07-04T16:04:16.666+0000] {processor.py:186} INFO - Started process (PID=682) to work on /opt/airflow/dags/shopbrasil_panorama_precos.py
[2026-07-04T16:04:16.668+0000] {processor.py:914} INFO - Processing file /opt/airflow/dags/shopbrasil_panorama_precos.py for tasks to queue
[2026-07-04T16:04:16.674+0000] {logging_mixin.py:190} INFO - [2026-07-04T16:04:16.674+0000] {dagbag.py:588} INFO - Filling up the DagBag from /opt/airflow/dags/shopbrasil_panorama_precos.py
[2026-07-04T16:04:16.701+0000] {processor.py:925} INFO - DAG(s) 'shopbrasil_panorama_precos' retrieved from /opt/airflow/dags/shopbrasil_panorama_precos.py
[2026-07-04T16:04:16.764+0000] {logging_mixin.py:190} INFO - [2026-07-04T16:04:16.764+0000] {dag.py:3239} INFO - Sync 1 DAGs
[2026-07-04T16:04:16.805+0000] {logging_mixin.py:190} INFO - [2026-07-04T16:04:16.805+0000] {dag.py:4180} INFO - Setting next_dagrun for shopbrasil_panorama_precos to 2026-07-05 09:00:00+00:00, run_after=2026-07-05 09:00:00+00:00
[2026-07-04T16:04:16.839+0000] {processor.py:208} INFO - Processing /opt/airflow/dags/shopbrasil_panorama_precos.py took 0.185 seconds
[2026-07-04T16:04:47.158+0000] {processor.py:186} INFO - Started process (PID=693) to work on /opt/airflow/dags/shopbrasil_panorama_precos.py
[2026-07-04T16:04:47.159+0000] {processor.py:914} INFO - Processing file /opt/airflow/dags/shopbrasil_panorama_precos.py for tasks to queue
[2026-07-04T16:04:47.163+0000] {logging_mixin.py:190} INFO - [2026-07-04T16:04:47.162+0000] {dagbag.py:588} INFO - Filling up the DagBag from /opt/airflow/dags/shopbrasil_panorama_precos.py
[2026-07-04T16:04:47.189+0000] {processor.py:925} INFO - DAG(s) 'shopbrasil_panorama_precos' retrieved from /opt/airflow/dags/shopbrasil_panorama_precos.py
[2026-07-04T16:04:47.256+0000] {logging_mixin.py:190} INFO - [2026-07-04T16:04:47.256+0000] {dag.py:3239} INFO - Sync 1 DAGs
[2026-07-04T16:04:47.331+0000] {logging_mixin.py:190} INFO - [2026-07-04T16:04:47.331+0000] {dag.py:4180} INFO - Setting next_dagrun for shopbrasil_panorama_precos to 2026-07-05 09:00:00+00:00, run_after=2026-07-05 09:00:00+00:00
[2026-07-04T16:04:47.373+0000] {processor.py:208} INFO - Processing /opt/airflow/dags/shopbrasil_panorama_precos.py took 0.225 seconds
[2026-07-04T16:05:17.912+0000] {processor.py:186} INFO - Started process (PID=704) to work on /opt/airflow/dags/shopbrasil_panorama_precos.py
[2026-07-04T16:05:17.914+0000] {processor.py:914} INFO - Processing file /opt/airflow/dags/shopbrasil_panorama_precos.py for tasks to queue
[2026-07-04T16:05:17.917+0000] {logging_mixin.py:190} INFO - [2026-07-04T16:05:17.917+0000] {dagbag.py:588} INFO - Filling up the DagBag from /opt/airflow/dags/shopbrasil_panorama_precos.py
[2026-07-04T16:05:17.943+0000] {processor.py:925} INFO - DAG(s) 'shopbrasil_panorama_precos' retrieved from /opt/airflow/dags/shopbrasil_panorama_precos.py
[2026-07-04T16:05:17.996+0000] {logging_mixin.py:190} INFO - [2026-07-04T16:05:17.996+0000] {dag.py:3239} INFO - Sync 1 DAGs
[2026-07-04T16:05:18.043+0000] {logging_mixin.py:190} INFO - [2026-07-04T16:05:18.042+0000] {dag.py:4180} INFO - Setting next_dagrun for shopbrasil_panorama_precos to 2026-07-05 09:00:00+00:00, run_after=2026-07-05 09:00:00+00:00
[2026-07-04T16:05:18.072+0000] {processor.py:208} INFO - Processing /opt/airflow/dags/shopbrasil_panorama_precos.py took 0.171 seconds
[2026-07-04T16:05:48.574+0000] {processor.py:186} INFO - Started process (PID=715) to work on /opt/airflow/dags/shopbrasil_panorama_precos.py
[2026-07-04T16:05:48.575+0000] {processor.py:914} INFO - Processing file /opt/airflow/dags/shopbrasil_panorama_precos.py for tasks to queue
[2026-07-04T16:05:48.579+0000] {logging_mixin.py:190} INFO - [2026-07-04T16:05:48.578+0000] {dagbag.py:588} INFO - Filling up the DagBag from /opt/airflow/dags/shopbrasil_panorama_precos.py
[2026-07-04T16:05:48.600+0000] {processor.py:925} INFO - DAG(s) 'shopbrasil_panorama_precos' retrieved from /opt/airflow/dags/shopbrasil_panorama_precos.py
[2026-07-04T16:05:48.657+0000] {logging_mixin.py:190} INFO - [2026-07-04T16:05:48.656+0000] {dag.py:3239} INFO - Sync 1 DAGs
[2026-07-04T16:05:48.706+0000] {logging_mixin.py:190} INFO - [2026-07-04T16:05:48.705+0000] {dag.py:4180} INFO - Setting next_dagrun for shopbrasil_panorama_precos to 2026-07-05 09:00:00+00:00, run_after=2026-07-05 09:00:00+00:00
[2026-07-04T16:05:48.741+0000] {processor.py:208} INFO - Processing /opt/airflow/dags/shopbrasil_panorama_precos.py took 0.177 seconds
[2026-07-04T16:06:19.250+0000] {processor.py:186} INFO - Started process (PID=727) to work on /opt/airflow/dags/shopbrasil_panorama_precos.py
[2026-07-04T16:06:19.252+0000] {processor.py:914} INFO - Processing file /opt/airflow/dags/shopbrasil_panorama_precos.py for tasks to queue
[2026-07-04T16:06:19.257+0000] {logging_mixin.py:190} INFO - [2026-07-04T16:06:19.257+0000] {dagbag.py:588} INFO - Filling up the DagBag from /opt/airflow/dags/shopbrasil_panorama_precos.py
[2026-07-04T16:06:19.291+0000] {processor.py:925} INFO - DAG(s) 'shopbrasil_panorama_precos' retrieved from /opt/airflow/dags/shopbrasil_panorama_precos.py
[2026-07-04T16:06:19.349+0000] {logging_mixin.py:190} INFO - [2026-07-04T16:06:19.349+0000] {dag.py:3239} INFO - Sync 1 DAGs
[2026-07-04T16:06:19.385+0000] {logging_mixin.py:190} INFO - [2026-07-04T16:06:19.385+0000] {dag.py:4180} INFO - Setting next_dagrun for shopbrasil_panorama_precos to 2026-07-05 09:00:00+00:00, run_after=2026-07-05 09:00:00+00:00
[2026-07-04T16:06:19.413+0000] {processor.py:208} INFO - Processing /opt/airflow/dags/shopbrasil_panorama_precos.py took 0.176 seconds
[2026-07-04T16:06:49.803+0000] {processor.py:186} INFO - Started process (PID=731) to work on /opt/airflow/dags/shopbrasil_panorama_precos.py
[2026-07-04T16:06:49.805+0000] {processor.py:914} INFO - Processing file /opt/airflow/dags/shopbrasil_panorama_precos.py for tasks to queue
[2026-07-04T16:06:49.808+0000] {logging_mixin.py:190} INFO - [2026-07-04T16:06:49.807+0000] {dagbag.py:588} INFO - Filling up the DagBag from /opt/airflow/dags/shopbrasil_panorama_precos.py
[2026-07-04T16:06:49.829+0000] {processor.py:925} INFO - DAG(s) 'shopbrasil_panorama_precos' retrieved from /opt/airflow/dags/shopbrasil_panorama_precos.py
[2026-07-04T16:06:49.878+0000] {logging_mixin.py:190} INFO - [2026-07-04T16:06:49.878+0000] {dag.py:3239} INFO - Sync 1 DAGs
[2026-07-04T16:06:49.932+0000] {logging_mixin.py:190} INFO - [2026-07-04T16:06:49.932+0000] {dag.py:4180} INFO - Setting next_dagrun for shopbrasil_panorama_precos to 2026-07-05 09:00:00+00:00, run_after=2026-07-05 09:00:00+00:00
[2026-07-04T16:06:49.965+0000] {processor.py:208} INFO - Processing /opt/airflow/dags/shopbrasil_panorama_precos.py took 0.170 seconds
[2026-07-04T16:07:20.386+0000] {processor.py:186} INFO - Started process (PID=742) to work on /opt/airflow/dags/shopbrasil_panorama_precos.py
[2026-07-04T16:07:20.388+0000] {processor.py:914} INFO - Processing file /opt/airflow/dags/shopbrasil_panorama_precos.py for tasks to queue
[2026-07-04T16:07:20.392+0000] {logging_mixin.py:190} INFO - [2026-07-04T16:07:20.392+0000] {dagbag.py:588} INFO - Filling up the DagBag from /opt/airflow/dags/shopbrasil_panorama_precos.py
[2026-07-04T16:07:20.425+0000] {processor.py:925} INFO - DAG(s) 'shopbrasil_panorama_precos' retrieved from /opt/airflow/dags/shopbrasil_panorama_precos.py
[2026-07-04T16:07:20.505+0000] {logging_mixin.py:190} INFO - [2026-07-04T16:07:20.505+0000] {dag.py:3239} INFO - Sync 1 DAGs
[2026-07-04T16:07:20.569+0000] {logging_mixin.py:190} INFO - [2026-07-04T16:07:20.569+0000] {dag.py:4180} INFO - Setting next_dagrun for shopbrasil_panorama_precos to 2026-07-05 09:00:00+00:00, run_after=2026-07-05 09:00:00+00:00
[2026-07-04T16:07:20.621+0000] {processor.py:208} INFO - Processing /opt/airflow/dags/shopbrasil_panorama_precos.py took 0.248 seconds
[2026-07-04T16:07:51.011+0000] {processor.py:186} INFO - Started process (PID=753) to work on /opt/airflow/dags/shopbrasil_panorama_precos.py
[2026-07-04T16:07:51.013+0000] {processor.py:914} INFO - Processing file /opt/airflow/dags/shopbrasil_panorama_precos.py for tasks to queue
[2026-07-04T16:07:51.016+0000] {logging_mixin.py:190} INFO - [2026-07-04T16:07:51.015+0000] {dagbag.py:588} INFO - Filling up the DagBag from /opt/airflow/dags/shopbrasil_panorama_precos.py
[2026-07-04T16:07:51.036+0000] {processor.py:925} INFO - DAG(s) 'shopbrasil_panorama_precos' retrieved from /opt/airflow/dags/shopbrasil_panorama_precos.py
[2026-07-04T16:07:51.082+0000] {logging_mixin.py:190} INFO - [2026-07-04T16:07:51.081+0000] {dag.py:3239} INFO - Sync 1 DAGs
[2026-07-04T16:07:51.224+0000] {logging_mixin.py:190} INFO - [2026-07-04T16:07:51.223+0000] {dag.py:4180} INFO - Setting next_dagrun for shopbrasil_panorama_precos to 2026-07-05 09:00:00+00:00, run_after=2026-07-05 09:00:00+00:00
[2026-07-04T16:07:51.265+0000] {processor.py:208} INFO - Processing /opt/airflow/dags/shopbrasil_panorama_precos.py took 0.263 seconds
[2026-07-04T16:08:21.742+0000] {processor.py:186} INFO - Started process (PID=764) to work on /opt/airflow/dags/shopbrasil_panorama_precos.py
[2026-07-04T16:08:21.743+0000] {processor.py:914} INFO - Processing file /opt/airflow/dags/shopbrasil_panorama_precos.py for tasks to queue
[2026-07-04T16:08:21.747+0000] {logging_mixin.py:190} INFO - [2026-07-04T16:08:21.746+0000] {dagbag.py:588} INFO - Filling up the DagBag from /opt/airflow/dags/shopbrasil_panorama_precos.py
[2026-07-04T16:08:21.771+0000] {processor.py:925} INFO - DAG(s) 'shopbrasil_panorama_precos' retrieved from /opt/airflow/dags/shopbrasil_panorama_precos.py
[2026-07-04T16:08:21.832+0000] {logging_mixin.py:190} INFO - [2026-07-04T16:08:21.832+0000] {dag.py:3239} INFO - Sync 1 DAGs
[2026-07-04T16:08:21.874+0000] {logging_mixin.py:190} INFO - [2026-07-04T16:08:21.874+0000] {dag.py:4180} INFO - Setting next_dagrun for shopbrasil_panorama_precos to 2026-07-05 09:00:00+00:00, run_after=2026-07-05 09:00:00+00:00
[2026-07-04T16:08:21.905+0000] {processor.py:208} INFO - Processing /opt/airflow/dags/shopbrasil_panorama_precos.py took 0.173 seconds
[2026-07-04T16:08:52.308+0000] {processor.py:186} INFO - Started process (PID=775) to work on /opt/airflow/dags/shopbrasil_panorama_precos.py
[2026-07-04T16:08:52.309+0000] {processor.py:914} INFO - Processing file /opt/airflow/dags/shopbrasil_panorama_precos.py for tasks to queue
[2026-07-04T16:08:52.313+0000] {logging_mixin.py:190} INFO - [2026-07-04T16:08:52.312+0000] {dagbag.py:588} INFO - Filling up the DagBag from /opt/airflow/dags/shopbrasil_panorama_precos.py
[2026-07-04T16:08:52.333+0000] {processor.py:925} INFO - DAG(s) 'shopbrasil_panorama_precos' retrieved from /opt/airflow/dags/shopbrasil_panorama_precos.py
[2026-07-04T16:08:52.379+0000] {logging_mixin.py:190} INFO - [2026-07-04T16:08:52.378+0000] {dag.py:3239} INFO - Sync 1 DAGs
[2026-07-04T16:08:52.422+0000] {logging_mixin.py:190} INFO - [2026-07-04T16:08:52.422+0000] {dag.py:4180} INFO - Setting next_dagrun for shopbrasil_panorama_precos to 2026-07-05 09:00:00+00:00, run_after=2026-07-05 09:00:00+00:00
[2026-07-04T16:08:52.480+0000] {processor.py:208} INFO - Processing /opt/airflow/dags/shopbrasil_panorama_precos.py took 0.185 seconds
[2026-07-04T16:09:22.977+0000] {processor.py:186} INFO - Started process (PID=786) to work on /opt/airflow/dags/shopbrasil_panorama_precos.py
[2026-07-04T16:09:22.979+0000] {processor.py:914} INFO - Processing file /opt/airflow/dags/shopbrasil_panorama_precos.py for tasks to queue
[2026-07-04T16:09:22.989+0000] {logging_mixin.py:190} INFO - [2026-07-04T16:09:22.984+0000] {dagbag.py:588} INFO - Filling up the DagBag from /opt/airflow/dags/shopbrasil_panorama_precos.py
[2026-07-04T16:09:23.024+0000] {processor.py:925} INFO - DAG(s) 'shopbrasil_panorama_precos' retrieved from /opt/airflow/dags/shopbrasil_panorama_precos.py
[2026-07-04T16:09:23.100+0000] {logging_mixin.py:190} INFO - [2026-07-04T16:09:23.100+0000] {dag.py:3239} INFO - Sync 1 DAGs
[2026-07-04T16:09:23.159+0000] {logging_mixin.py:190} INFO - [2026-07-04T16:09:23.159+0000] {dag.py:4180} INFO - Setting next_dagrun for shopbrasil_panorama_precos to 2026-07-05 09:00:00+00:00, run_after=2026-07-05 09:00:00+00:00
[2026-07-04T16:09:23.216+0000] {processor.py:208} INFO - Processing /opt/airflow/dags/shopbrasil_panorama_precos.py took 0.259 seconds
[2026-07-04T16:09:53.747+0000] {processor.py:186} INFO - Started process (PID=797) to work on /opt/airflow/dags/shopbrasil_panorama_precos.py
[2026-07-04T16:09:53.748+0000] {processor.py:914} INFO - Processing file /opt/airflow/dags/shopbrasil_panorama_precos.py for tasks to queue
[2026-07-04T16:09:53.752+0000] {logging_mixin.py:190} INFO - [2026-07-04T16:09:53.751+0000] {dagbag.py:588} INFO - Filling up the DagBag from /opt/airflow/dags/shopbrasil_panorama_precos.py
[2026-07-04T16:09:53.774+0000] {processor.py:925} INFO - DAG(s) 'shopbrasil_panorama_precos' retrieved from /opt/airflow/dags/shopbrasil_panorama_precos.py
[2026-07-04T16:09:53.831+0000] {logging_mixin.py:190} INFO - [2026-07-04T16:09:53.830+0000] {dag.py:3239} INFO - Sync 1 DAGs
[2026-07-04T16:09:53.870+0000] {logging_mixin.py:190} INFO - [2026-07-04T16:09:53.870+0000] {dag.py:4180} INFO - Setting next_dagrun for shopbrasil_panorama_precos to 2026-07-05 09:00:00+00:00, run_after=2026-07-05 09:00:00+00:00
[2026-07-04T16:09:53.901+0000] {processor.py:208} INFO - Processing /opt/airflow/dags/shopbrasil_panorama_precos.py took 0.164 seconds
[2026-07-04T16:10:24.220+0000] {processor.py:186} INFO - Started process (PID=808) to work on /opt/airflow/dags/shopbrasil_panorama_precos.py
[2026-07-04T16:10:24.222+0000] {processor.py:914} INFO - Processing file /opt/airflow/dags/shopbrasil_panorama_precos.py for tasks to queue
[2026-07-04T16:10:24.225+0000] {logging_mixin.py:190} INFO - [2026-07-04T16:10:24.225+0000] {dagbag.py:588} INFO - Filling up the DagBag from /opt/airflow/dags/shopbrasil_panorama_precos.py
[2026-07-04T16:10:24.248+0000] {processor.py:925} INFO - DAG(s) 'shopbrasil_panorama_precos' retrieved from /opt/airflow/dags/shopbrasil_panorama_precos.py
[2026-07-04T16:10:24.311+0000] {logging_mixin.py:190} INFO - [2026-07-04T16:10:24.310+0000] {dag.py:3239} INFO - Sync 1 DAGs
[2026-07-04T16:10:24.366+0000] {logging_mixin.py:190} INFO - [2026-07-04T16:10:24.366+0000] {dag.py:4180} INFO - Setting next_dagrun for shopbrasil_panorama_precos to 2026-07-05 09:00:00+00:00, run_after=2026-07-05 09:00:00+00:00
[2026-07-04T16:10:24.398+0000] {processor.py:208} INFO - Processing /opt/airflow/dags/shopbrasil_panorama_precos.py took 0.187 seconds
[2026-07-04T16:10:54.930+0000] {processor.py:186} INFO - Started process (PID=818) to work on /opt/airflow/dags/shopbrasil_panorama_precos.py
[2026-07-04T16:10:54.932+0000] {processor.py:914} INFO - Processing file /opt/airflow/dags/shopbrasil_panorama_precos.py for tasks to queue
[2026-07-04T16:10:54.937+0000] {logging_mixin.py:190} INFO - [2026-07-04T16:10:54.936+0000] {dagbag.py:588} INFO - Filling up the DagBag from /opt/airflow/dags/shopbrasil_panorama_precos.py
[2026-07-04T16:10:54.959+0000] {processor.py:925} INFO - DAG(s) 'shopbrasil_panorama_precos' retrieved from /opt/airflow/dags/shopbrasil_panorama_precos.py
[2026-07-04T16:10:55.006+0000] {logging_mixin.py:190} INFO - [2026-07-04T16:10:55.006+0000] {dag.py:3239} INFO - Sync 1 DAGs
[2026-07-04T16:10:55.065+0000] {logging_mixin.py:190} INFO - [2026-07-04T16:10:55.065+0000] {dag.py:4180} INFO - Setting next_dagrun for shopbrasil_panorama_precos to 2026-07-05 09:00:00+00:00, run_after=2026-07-05 09:00:00+00:00
[2026-07-04T16:10:55.105+0000] {processor.py:208} INFO - Processing /opt/airflow/dags/shopbrasil_panorama_precos.py took 0.190 seconds
[2026-07-04T16:11:25.624+0000] {processor.py:186} INFO - Started process (PID=823) to work on /opt/airflow/dags/shopbrasil_panorama_precos.py
[2026-07-04T16:11:25.626+0000] {processor.py:914} INFO - Processing file /opt/airflow/dags/shopbrasil_panorama_precos.py for tasks to queue
[2026-07-04T16:11:25.634+0000] {logging_mixin.py:190} INFO - [2026-07-04T16:11:25.633+0000] {dagbag.py:588} INFO - Filling up the DagBag from /opt/airflow/dags/shopbrasil_panorama_precos.py
[2026-07-04T16:11:25.680+0000] {processor.py:925} INFO - DAG(s) 'shopbrasil_panorama_precos' retrieved from /opt/airflow/dags/shopbrasil_panorama_precos.py
[2026-07-04T16:11:25.743+0000] {logging_mixin.py:190} INFO - [2026-07-04T16:11:25.743+0000] {dag.py:3239} INFO - Sync 1 DAGs
[2026-07-04T16:11:25.803+0000] {logging_mixin.py:190} INFO - [2026-07-04T16:11:25.802+0000] {dag.py:4180} INFO - Setting next_dagrun for shopbrasil_panorama_precos to 2026-07-05 09:00:00+00:00, run_after=2026-07-05 09:00:00+00:00
[2026-07-04T16:11:25.841+0000] {processor.py:208} INFO - Processing /opt/airflow/dags/shopbrasil_panorama_precos.py took 0.230 seconds
[2026-07-04T16:11:56.387+0000] {processor.py:186} INFO - Started process (PID=834) to work on /opt/airflow/dags/shopbrasil_panorama_precos.py
[2026-07-04T16:11:56.389+0000] {processor.py:914} INFO - Processing file /opt/airflow/dags/shopbrasil_panorama_precos.py for tasks to queue
[2026-07-04T16:11:56.393+0000] {logging_mixin.py:190} INFO - [2026-07-04T16:11:56.393+0000] {dagbag.py:588} INFO - Filling up the DagBag from /opt/airflow/dags/shopbrasil_panorama_precos.py
[2026-07-04T16:11:56.423+0000] {processor.py:925} INFO - DAG(s) 'shopbrasil_panorama_precos' retrieved from /opt/airflow/dags/shopbrasil_panorama_precos.py
[2026-07-04T16:11:56.474+0000] {logging_mixin.py:190} INFO - [2026-07-04T16:11:56.473+0000] {dag.py:3239} INFO - Sync 1 DAGs
[2026-07-04T16:11:56.517+0000] {logging_mixin.py:190} INFO - [2026-07-04T16:11:56.516+0000] {dag.py:4180} INFO - Setting next_dagrun for shopbrasil_panorama_precos to 2026-07-05 09:00:00+00:00, run_after=2026-07-05 09:00:00+00:00
[2026-07-04T16:11:56.557+0000] {processor.py:208} INFO - Processing /opt/airflow/dags/shopbrasil_panorama_precos.py took 0.181 seconds
[2026-07-04T16:12:27.478+0000] {processor.py:186} INFO - Started process (PID=844) to work on /opt/airflow/dags/shopbrasil_panorama_precos.py
[2026-07-04T16:12:27.480+0000] {processor.py:914} INFO - Processing file /opt/airflow/dags/shopbrasil_panorama_precos.py for tasks to queue
[2026-07-04T16:12:27.490+0000] {logging_mixin.py:190} INFO - [2026-07-04T16:12:27.486+0000] {dagbag.py:588} INFO - Filling up the DagBag from /opt/airflow/dags/shopbrasil_panorama_precos.py
[2026-07-04T16:12:27.529+0000] {processor.py:925} INFO - DAG(s) 'shopbrasil_panorama_precos' retrieved from /opt/airflow/dags/shopbrasil_panorama_precos.py
[2026-07-04T16:12:27.719+0000] {logging_mixin.py:190} INFO - [2026-07-04T16:12:27.712+0000] {dag.py:3239} INFO - Sync 1 DAGs
[2026-07-04T16:12:28.057+0000] {logging_mixin.py:190} INFO - [2026-07-04T16:12:28.053+0000] {dag.py:4180} INFO - Setting next_dagrun for shopbrasil_panorama_precos to 2026-07-05 09:00:00+00:00, run_after=2026-07-05 09:00:00+00:00
[2026-07-04T16:12:28.410+0000] {processor.py:208} INFO - Processing /opt/airflow/dags/shopbrasil_panorama_precos.py took 0.946 seconds
[2026-07-04T16:12:59.650+0000] {processor.py:186} INFO - Started process (PID=854) to work on /opt/airflow/dags/shopbrasil_panorama_precos.py
[2026-07-04T16:12:59.663+0000] {processor.py:914} INFO - Processing file /opt/airflow/dags/shopbrasil_panorama_precos.py for tasks to queue
[2026-07-04T16:12:59.701+0000] {logging_mixin.py:190} INFO - [2026-07-04T16:12:59.700+0000] {dagbag.py:588} INFO - Filling up the DagBag from /opt/airflow/dags/shopbrasil_panorama_precos.py
[2026-07-04T16:13:00.030+0000] {processor.py:925} INFO - DAG(s) 'shopbrasil_panorama_precos' retrieved from /opt/airflow/dags/shopbrasil_panorama_precos.py
[2026-07-04T16:13:00.303+0000] {logging_mixin.py:190} INFO - [2026-07-04T16:13:00.300+0000] {dag.py:3239} INFO - Sync 1 DAGs
[2026-07-04T16:13:00.685+0000] {logging_mixin.py:190} INFO - [2026-07-04T16:13:00.682+0000] {dag.py:4180} INFO - Setting next_dagrun for shopbrasil_panorama_precos to 2026-07-05 09:00:00+00:00, run_after=2026-07-05 09:00:00+00:00
[2026-07-04T16:13:01.827+0000] {processor.py:208} INFO - Processing /opt/airflow/dags/shopbrasil_panorama_precos.py took 2.264 seconds
[2026-07-04T16:13:32.882+0000] {processor.py:186} INFO - Started process (PID=864) to work on /opt/airflow/dags/shopbrasil_panorama_precos.py
[2026-07-04T16:13:32.904+0000] {processor.py:914} INFO - Processing file /opt/airflow/dags/shopbrasil_panorama_precos.py for tasks to queue
[2026-07-04T16:13:32.952+0000] {logging_mixin.py:190} INFO - [2026-07-04T16:13:32.930+0000] {dagbag.py:588} INFO - Filling up the DagBag from /opt/airflow/dags/shopbrasil_panorama_precos.py
[2026-07-04T16:13:33.308+0000] {processor.py:925} INFO - DAG(s) 'shopbrasil_panorama_precos' retrieved from /opt/airflow/dags/shopbrasil_panorama_precos.py
[2026-07-04T16:13:33.674+0000] {logging_mixin.py:190} INFO - [2026-07-04T16:13:33.674+0000] {dag.py:3239} INFO - Sync 1 DAGs
[2026-07-04T16:13:33.793+0000] {logging_mixin.py:190} INFO - [2026-07-04T16:13:33.790+0000] {dag.py:4180} INFO - Setting next_dagrun for shopbrasil_panorama_precos to 2026-07-05 09:00:00+00:00, run_after=2026-07-05 09:00:00+00:00
[2026-07-04T16:13:33.966+0000] {processor.py:208} INFO - Processing /opt/airflow/dags/shopbrasil_panorama_precos.py took 1.248 seconds
[2026-07-04T16:14:04.763+0000] {processor.py:186} INFO - Started process (PID=869) to work on /opt/airflow/dags/shopbrasil_panorama_precos.py
[2026-07-04T16:14:04.765+0000] {processor.py:914} INFO - Processing file /opt/airflow/dags/shopbrasil_panorama_precos.py for tasks to queue
[2026-07-04T16:14:04.775+0000] {logging_mixin.py:190} INFO - [2026-07-04T16:14:04.775+0000] {dagbag.py:588} INFO - Filling up the DagBag from /opt/airflow/dags/shopbrasil_panorama_precos.py
[2026-07-04T16:14:04.830+0000] {processor.py:925} INFO - DAG(s) 'shopbrasil_panorama_precos' retrieved from /opt/airflow/dags/shopbrasil_panorama_precos.py
[2026-07-04T16:14:05.047+0000] {logging_mixin.py:190} INFO - [2026-07-04T16:14:05.047+0000] {dag.py:3239} INFO - Sync 1 DAGs
[2026-07-04T16:14:05.477+0000] {logging_mixin.py:190} INFO - [2026-07-04T16:14:05.475+0000] {dag.py:4180} INFO - Setting next_dagrun for shopbrasil_panorama_precos to 2026-07-05 09:00:00+00:00, run_after=2026-07-05 09:00:00+00:00
[2026-07-04T16:14:05.782+0000] {processor.py:208} INFO - Processing /opt/airflow/dags/shopbrasil_panorama_precos.py took 1.050 seconds
[2026-07-04T16:14:36.883+0000] {processor.py:186} INFO - Started process (PID=878) to work on /opt/airflow/dags/shopbrasil_panorama_precos.py
[2026-07-04T16:14:36.885+0000] {processor.py:914} INFO - Processing file /opt/airflow/dags/shopbrasil_panorama_precos.py for tasks to queue
[2026-07-04T16:14:36.909+0000] {logging_mixin.py:190} INFO - [2026-07-04T16:14:36.902+0000] {dagbag.py:588} INFO - Filling up the DagBag from /opt/airflow/dags/shopbrasil_panorama_precos.py
[2026-07-04T16:14:37.116+0000] {processor.py:925} INFO - DAG(s) 'shopbrasil_panorama_precos' retrieved from /opt/airflow/dags/shopbrasil_panorama_precos.py
[2026-07-04T16:14:37.494+0000] {logging_mixin.py:190} INFO - [2026-07-04T16:14:37.492+0000] {dag.py:3239} INFO - Sync 1 DAGs
[2026-07-04T16:14:37.843+0000] {logging_mixin.py:190} INFO - [2026-07-04T16:14:37.842+0000] {dag.py:4180} INFO - Setting next_dagrun for shopbrasil_panorama_precos to 2026-07-05 09:00:00+00:00, run_after=2026-07-05 09:00:00+00:00
[2026-07-04T16:14:37.907+0000] {processor.py:208} INFO - Processing /opt/airflow/dags/shopbrasil_panorama_precos.py took 1.093 seconds
[2026-07-04T16:15:08.547+0000] {processor.py:186} INFO - Started process (PID=890) to work on /opt/airflow/dags/shopbrasil_panorama_precos.py
[2026-07-04T16:15:08.548+0000] {processor.py:914} INFO - Processing file /opt/airflow/dags/shopbrasil_panorama_precos.py for tasks to queue
[2026-07-04T16:15:08.552+0000] {logging_mixin.py:190} INFO - [2026-07-04T16:15:08.551+0000] {dagbag.py:588} INFO - Filling up the DagBag from /opt/airflow/dags/shopbrasil_panorama_precos.py
[2026-07-04T16:15:08.596+0000] {processor.py:925} INFO - DAG(s) 'shopbrasil_panorama_precos' retrieved from /opt/airflow/dags/shopbrasil_panorama_precos.py
[2026-07-04T16:15:08.695+0000] {logging_mixin.py:190} INFO - [2026-07-04T16:15:08.695+0000] {dag.py:3239} INFO - Sync 1 DAGs
[2026-07-04T16:15:08.759+0000] {logging_mixin.py:190} INFO - [2026-07-04T16:15:08.759+0000] {dag.py:4180} INFO - Setting next_dagrun for shopbrasil_panorama_precos to 2026-07-05 09:00:00+00:00, run_after=2026-07-05 09:00:00+00:00
[2026-07-04T16:15:08.805+0000] {processor.py:208} INFO - Processing /opt/airflow/dags/shopbrasil_panorama_precos.py took 0.275 seconds
[2026-07-04T16:15:39.617+0000] {processor.py:186} INFO - Started process (PID=900) to work on /opt/airflow/dags/shopbrasil_panorama_precos.py
[2026-07-04T16:15:39.619+0000] {processor.py:914} INFO - Processing file /opt/airflow/dags/shopbrasil_panorama_precos.py for tasks to queue
[2026-07-04T16:15:39.630+0000] {logging_mixin.py:190} INFO - [2026-07-04T16:15:39.629+0000] {dagbag.py:588} INFO - Filling up the DagBag from /opt/airflow/dags/shopbrasil_panorama_precos.py
[2026-07-04T16:15:39.693+0000] {processor.py:925} INFO - DAG(s) 'shopbrasil_panorama_precos' retrieved from /opt/airflow/dags/shopbrasil_panorama_precos.py
[2026-07-04T16:15:39.854+0000] {logging_mixin.py:190} INFO - [2026-07-04T16:15:39.853+0000] {dag.py:3239} INFO - Sync 1 DAGs
[2026-07-04T16:15:40.006+0000] {logging_mixin.py:190} INFO - [2026-07-04T16:15:40.005+0000] {dag.py:4180} INFO - Setting next_dagrun for shopbrasil_panorama_precos to 2026-07-05 09:00:00+00:00, run_after=2026-07-05 09:00:00+00:00
[2026-07-04T16:15:40.129+0000] {processor.py:208} INFO - Processing /opt/airflow/dags/shopbrasil_panorama_precos.py took 0.531 seconds
[2026-07-04T16:16:10.500+0000] {processor.py:186} INFO - Started process (PID=911) to work on /opt/airflow/dags/shopbrasil_panorama_precos.py
[2026-07-04T16:16:10.502+0000] {processor.py:914} INFO - Processing file /opt/airflow/dags/shopbrasil_panorama_precos.py for tasks to queue
[2026-07-04T16:16:10.506+0000] {logging_mixin.py:190} INFO - [2026-07-04T16:16:10.506+0000] {dagbag.py:588} INFO - Filling up the DagBag from /opt/airflow/dags/shopbrasil_panorama_precos.py
[2026-07-04T16:16:10.543+0000] {processor.py:925} INFO - DAG(s) 'shopbrasil_panorama_precos' retrieved from /opt/airflow/dags/shopbrasil_panorama_precos.py
[2026-07-04T16:16:10.701+0000] {logging_mixin.py:190} INFO - [2026-07-04T16:16:10.699+0000] {dag.py:3239} INFO - Sync 1 DAGs
[2026-07-04T16:16:10.784+0000] {logging_mixin.py:190} INFO - [2026-07-04T16:16:10.783+0000] {dag.py:4180} INFO - Setting next_dagrun for shopbrasil_panorama_precos to 2026-07-05 09:00:00+00:00, run_after=2026-07-05 09:00:00+00:00
[2026-07-04T16:16:10.850+0000] {processor.py:208} INFO - Processing /opt/airflow/dags/shopbrasil_panorama_precos.py took 0.365 seconds
[2026-07-04T16:16:41.649+0000] {processor.py:186} INFO - Started process (PID=916) to work on /opt/airflow/dags/shopbrasil_panorama_precos.py
[2026-07-04T16:16:41.651+0000] {processor.py:914} INFO - Processing file /opt/airflow/dags/shopbrasil_panorama_precos.py for tasks to queue
[2026-07-04T16:16:41.656+0000] {logging_mixin.py:190} INFO - [2026-07-04T16:16:41.655+0000] {dagbag.py:588} INFO - Filling up the DagBag from /opt/airflow/dags/shopbrasil_panorama_precos.py
[2026-07-04T16:16:41.690+0000] {processor.py:925} INFO - DAG(s) 'shopbrasil_panorama_precos' retrieved from /opt/airflow/dags/shopbrasil_panorama_precos.py
[2026-07-04T16:16:41.751+0000] {logging_mixin.py:190} INFO - [2026-07-04T16:16:41.751+0000] {dag.py:3239} INFO - Sync 1 DAGs
[2026-07-04T16:16:41.808+0000] {logging_mixin.py:190} INFO - [2026-07-04T16:16:41.808+0000] {dag.py:4180} INFO - Setting next_dagrun for shopbrasil_panorama_precos to 2026-07-05 09:00:00+00:00, run_after=2026-07-05 09:00:00+00:00
[2026-07-04T16:16:41.858+0000] {processor.py:208} INFO - Processing /opt/airflow/dags/shopbrasil_panorama_precos.py took 0.224 seconds
[2026-07-04T16:17:12.392+0000] {processor.py:186} INFO - Started process (PID=927) to work on /opt/airflow/dags/shopbrasil_panorama_precos.py
[2026-07-04T16:17:12.394+0000] {processor.py:914} INFO - Processing file /opt/airflow/dags/shopbrasil_panorama_precos.py for tasks to queue
[2026-07-04T16:17:12.397+0000] {logging_mixin.py:190} INFO - [2026-07-04T16:17:12.397+0000] {dagbag.py:588} INFO - Filling up the DagBag from /opt/airflow/dags/shopbrasil_panorama_precos.py
[2026-07-04T16:17:12.424+0000] {processor.py:925} INFO - DAG(s) 'shopbrasil_panorama_precos' retrieved from /opt/airflow/dags/shopbrasil_panorama_precos.py
[2026-07-04T16:17:12.482+0000] {logging_mixin.py:190} INFO - [2026-07-04T16:17:12.482+0000] {dag.py:3239} INFO - Sync 1 DAGs
[2026-07-04T16:17:12.524+0000] {logging_mixin.py:190} INFO - [2026-07-04T16:17:12.524+0000] {dag.py:4180} INFO - Setting next_dagrun for shopbrasil_panorama_precos to 2026-07-05 09:00:00+00:00, run_after=2026-07-05 09:00:00+00:00
[2026-07-04T16:17:12.555+0000] {processor.py:208} INFO - Processing /opt/airflow/dags/shopbrasil_panorama_precos.py took 0.172 seconds
[2026-07-04T16:17:43.044+0000] {processor.py:186} INFO - Started process (PID=937) to work on /opt/airflow/dags/shopbrasil_panorama_precos.py
[2026-07-04T16:17:43.046+0000] {processor.py:914} INFO - Processing file /opt/airflow/dags/shopbrasil_panorama_precos.py for tasks to queue
[2026-07-04T16:17:43.049+0000] {logging_mixin.py:190} INFO - [2026-07-04T16:17:43.048+0000] {dagbag.py:588} INFO - Filling up the DagBag from /opt/airflow/dags/shopbrasil_panorama_precos.py
[2026-07-04T16:17:43.070+0000] {processor.py:925} INFO - DAG(s) 'shopbrasil_panorama_precos' retrieved from /opt/airflow/dags/shopbrasil_panorama_precos.py
[2026-07-04T16:17:43.132+0000] {logging_mixin.py:190} INFO - [2026-07-04T16:17:43.131+0000] {dag.py:3239} INFO - Sync 1 DAGs
[2026-07-04T16:17:43.176+0000] {logging_mixin.py:190} INFO - [2026-07-04T16:17:43.176+0000] {dag.py:4180} INFO - Setting next_dagrun for shopbrasil_panorama_precos to 2026-07-05 09:00:00+00:00, run_after=2026-07-05 09:00:00+00:00
[2026-07-04T16:17:43.208+0000] {processor.py:208} INFO - Processing /opt/airflow/dags/shopbrasil_panorama_precos.py took 0.176 seconds
[2026-07-04T16:18:13.647+0000] {processor.py:186} INFO - Started process (PID=948) to work on /opt/airflow/dags/shopbrasil_panorama_precos.py
[2026-07-04T16:18:13.648+0000] {processor.py:914} INFO - Processing file /opt/airflow/dags/shopbrasil_panorama_precos.py for tasks to queue
[2026-07-04T16:18:13.653+0000] {logging_mixin.py:190} INFO - [2026-07-04T16:18:13.652+0000] {dagbag.py:588} INFO - Filling up the DagBag from /opt/airflow/dags/shopbrasil_panorama_precos.py
[2026-07-04T16:18:13.677+0000] {processor.py:925} INFO - DAG(s) 'shopbrasil_panorama_precos' retrieved from /opt/airflow/dags/shopbrasil_panorama_precos.py
[2026-07-04T16:18:13.731+0000] {logging_mixin.py:190} INFO - [2026-07-04T16:18:13.730+0000] {dag.py:3239} INFO - Sync 1 DAGs
[2026-07-04T16:18:13.773+0000] {logging_mixin.py:190} INFO - [2026-07-04T16:18:13.772+0000] {dag.py:4180} INFO - Setting next_dagrun for shopbrasil_panorama_precos to 2026-07-05 09:00:00+00:00, run_after=2026-07-05 09:00:00+00:00
[2026-07-04T16:18:13.806+0000] {processor.py:208} INFO - Processing /opt/airflow/dags/shopbrasil_panorama_precos.py took 0.172 seconds
[2026-07-04T16:18:44.318+0000] {processor.py:186} INFO - Started process (PID=958) to work on /opt/airflow/dags/shopbrasil_panorama_precos.py
[2026-07-04T16:18:44.322+0000] {processor.py:914} INFO - Processing file /opt/airflow/dags/shopbrasil_panorama_precos.py for tasks to queue
[2026-07-04T16:18:44.334+0000] {logging_mixin.py:190} INFO - [2026-07-04T16:18:44.330+0000] {dagbag.py:588} INFO - Filling up the DagBag from /opt/airflow/dags/shopbrasil_panorama_precos.py
[2026-07-04T16:18:44.424+0000] {processor.py:925} INFO - DAG(s) 'shopbrasil_panorama_precos' retrieved from /opt/airflow/dags/shopbrasil_panorama_precos.py
[2026-07-04T16:18:44.546+0000] {logging_mixin.py:190} INFO - [2026-07-04T16:18:44.546+0000] {dag.py:3239} INFO - Sync 1 DAGs
[2026-07-04T16:18:44.695+0000] {logging_mixin.py:190} INFO - [2026-07-04T16:18:44.694+0000] {dag.py:4180} INFO - Setting next_dagrun for shopbrasil_panorama_precos to 2026-07-05 09:00:00+00:00, run_after=2026-07-05 09:00:00+00:00
[2026-07-04T16:18:44.836+0000] {processor.py:208} INFO - Processing /opt/airflow/dags/shopbrasil_panorama_precos.py took 0.552 seconds
[2026-07-04T16:19:15.211+0000] {processor.py:186} INFO - Started process (PID=963) to work on /opt/airflow/dags/shopbrasil_panorama_precos.py
[2026-07-04T16:19:15.213+0000] {processor.py:914} INFO - Processing file /opt/airflow/dags/shopbrasil_panorama_precos.py for tasks to queue
[2026-07-04T16:19:15.219+0000] {logging_mixin.py:190} INFO - [2026-07-04T16:19:15.218+0000] {dagbag.py:588} INFO - Filling up the DagBag from /opt/airflow/dags/shopbrasil_panorama_precos.py
[2026-07-04T16:19:15.253+0000] {processor.py:925} INFO - DAG(s) 'shopbrasil_panorama_precos' retrieved from /opt/airflow/dags/shopbrasil_panorama_precos.py
[2026-07-04T16:19:15.324+0000] {logging_mixin.py:190} INFO - [2026-07-04T16:19:15.324+0000] {dag.py:3239} INFO - Sync 1 DAGs
[2026-07-04T16:19:15.381+0000] {logging_mixin.py:190} INFO - [2026-07-04T16:19:15.381+0000] {dag.py:4180} INFO - Setting next_dagrun for shopbrasil_panorama_precos to 2026-07-05 09:00:00+00:00, run_after=2026-07-05 09:00:00+00:00
[2026-07-04T16:19:15.420+0000] {processor.py:208} INFO - Processing /opt/airflow/dags/shopbrasil_panorama_precos.py took 0.224 seconds
[2026-07-04T16:19:45.865+0000] {processor.py:186} INFO - Started process (PID=974) to work on /opt/airflow/dags/shopbrasil_panorama_precos.py
[2026-07-04T16:19:45.866+0000] {processor.py:914} INFO - Processing file /opt/airflow/dags/shopbrasil_panorama_precos.py for tasks to queue
[2026-07-04T16:19:45.870+0000] {logging_mixin.py:190} INFO - [2026-07-04T16:19:45.869+0000] {dagbag.py:588} INFO - Filling up the DagBag from /opt/airflow/dags/shopbrasil_panorama_precos.py
[2026-07-04T16:19:45.895+0000] {processor.py:925} INFO - DAG(s) 'shopbrasil_panorama_precos' retrieved from /opt/airflow/dags/shopbrasil_panorama_precos.py
[2026-07-04T16:19:45.960+0000] {logging_mixin.py:190} INFO - [2026-07-04T16:19:45.960+0000] {dag.py:3239} INFO - Sync 1 DAGs
[2026-07-04T16:19:46.035+0000] {logging_mixin.py:190} INFO - [2026-07-04T16:19:46.034+0000] {dag.py:4180} INFO - Setting next_dagrun for shopbrasil_panorama_precos to 2026-07-05 09:00:00+00:00, run_after=2026-07-05 09:00:00+00:00
[2026-07-04T16:19:46.075+0000] {processor.py:208} INFO - Processing /opt/airflow/dags/shopbrasil_panorama_precos.py took 0.223 seconds
[2026-07-04T16:20:16.576+0000] {processor.py:186} INFO - Started process (PID=984) to work on /opt/airflow/dags/shopbrasil_panorama_precos.py
[2026-07-04T16:20:16.578+0000] {processor.py:914} INFO - Processing file /opt/airflow/dags/shopbrasil_panorama_precos.py for tasks to queue
[2026-07-04T16:20:16.585+0000] {logging_mixin.py:190} INFO - [2026-07-04T16:20:16.582+0000] {dagbag.py:588} INFO - Filling up the DagBag from /opt/airflow/dags/shopbrasil_panorama_precos.py
[2026-07-04T16:20:16.622+0000] {processor.py:925} INFO - DAG(s) 'shopbrasil_panorama_precos' retrieved from /opt/airflow/dags/shopbrasil_panorama_precos.py
[2026-07-04T16:20:16.699+0000] {logging_mixin.py:190} INFO - [2026-07-04T16:20:16.698+0000] {dag.py:3239} INFO - Sync 1 DAGs
[2026-07-04T16:20:16.744+0000] {logging_mixin.py:190} INFO - [2026-07-04T16:20:16.744+0000] {dag.py:4180} INFO - Setting next_dagrun for shopbrasil_panorama_precos to 2026-07-05 09:00:00+00:00, run_after=2026-07-05 09:00:00+00:00
[2026-07-04T16:20:16.791+0000] {processor.py:208} INFO - Processing /opt/airflow/dags/shopbrasil_panorama_precos.py took 0.230 seconds
[2026-07-04T16:20:46.903+0000] {processor.py:186} INFO - Started process (PID=995) to work on /opt/airflow/dags/shopbrasil_panorama_precos.py
[2026-07-04T16:20:46.928+0000] {processor.py:914} INFO - Processing file /opt/airflow/dags/shopbrasil_panorama_precos.py for tasks to queue
[2026-07-04T16:20:46.976+0000] {logging_mixin.py:190} INFO - [2026-07-04T16:20:46.964+0000] {dagbag.py:588} INFO - Filling up the DagBag from /opt/airflow/dags/shopbrasil_panorama_precos.py
[2026-07-04T16:20:47.253+0000] {processor.py:925} INFO - DAG(s) 'shopbrasil_panorama_precos' retrieved from /opt/airflow/dags/shopbrasil_panorama_precos.py
[2026-07-04T16:20:47.492+0000] {logging_mixin.py:190} INFO - [2026-07-04T16:20:47.491+0000] {dag.py:3239} INFO - Sync 1 DAGs
[2026-07-04T16:20:47.682+0000] {logging_mixin.py:190} INFO - [2026-07-04T16:20:47.681+0000] {dag.py:4180} INFO - Setting next_dagrun for shopbrasil_panorama_precos to 2026-07-05 09:00:00+00:00, run_after=2026-07-05 09:00:00+00:00
[2026-07-04T16:20:47.861+0000] {processor.py:208} INFO - Processing /opt/airflow/dags/shopbrasil_panorama_precos.py took 0.992 seconds
[2026-07-04T16:21:18.629+0000] {processor.py:186} INFO - Started process (PID=1006) to work on /opt/airflow/dags/shopbrasil_panorama_precos.py
[2026-07-04T16:21:18.634+0000] {processor.py:914} INFO - Processing file /opt/airflow/dags/shopbrasil_panorama_precos.py for tasks to queue
[2026-07-04T16:21:18.643+0000] {logging_mixin.py:190} INFO - [2026-07-04T16:21:18.643+0000] {dagbag.py:588} INFO - Filling up the DagBag from /opt/airflow/dags/shopbrasil_panorama_precos.py
[2026-07-04T16:21:18.736+0000] {processor.py:925} INFO - DAG(s) 'shopbrasil_panorama_precos' retrieved from /opt/airflow/dags/shopbrasil_panorama_precos.py
[2026-07-04T16:21:18.884+0000] {logging_mixin.py:190} INFO - [2026-07-04T16:21:18.883+0000] {dag.py:3239} INFO - Sync 1 DAGs
[2026-07-04T16:21:19.027+0000] {logging_mixin.py:190} INFO - [2026-07-04T16:21:19.027+0000] {dag.py:4180} INFO - Setting next_dagrun for shopbrasil_panorama_precos to 2026-07-05 09:00:00+00:00, run_after=2026-07-05 09:00:00+00:00
[2026-07-04T16:21:19.291+0000] {processor.py:208} INFO - Processing /opt/airflow/dags/shopbrasil_panorama_precos.py took 0.687 seconds
[2026-07-04T16:21:49.767+0000] {processor.py:186} INFO - Started process (PID=1016) to work on /opt/airflow/dags/shopbrasil_panorama_precos.py
[2026-07-04T16:21:49.769+0000] {processor.py:914} INFO - Processing file /opt/airflow/dags/shopbrasil_panorama_precos.py for tasks to queue
[2026-07-04T16:21:49.797+0000] {logging_mixin.py:190} INFO - [2026-07-04T16:21:49.797+0000] {dagbag.py:588} INFO - Filling up the DagBag from /opt/airflow/dags/shopbrasil_panorama_precos.py
[2026-07-04T16:21:49.987+0000] {processor.py:925} INFO - DAG(s) 'shopbrasil_panorama_precos' retrieved from /opt/airflow/dags/shopbrasil_panorama_precos.py
[2026-07-04T16:21:50.348+0000] {logging_mixin.py:190} INFO - [2026-07-04T16:21:50.347+0000] {dag.py:3239} INFO - Sync 1 DAGs
[2026-07-04T16:21:50.652+0000] {logging_mixin.py:190} INFO - [2026-07-04T16:21:50.652+0000] {dag.py:4180} INFO - Setting next_dagrun for shopbrasil_panorama_precos to 2026-07-05 09:00:00+00:00, run_after=2026-07-05 09:00:00+00:00
[2026-07-04T16:21:50.840+0000] {processor.py:208} INFO - Processing /opt/airflow/dags/shopbrasil_panorama_precos.py took 1.160 seconds
[2026-07-04T16:22:21.507+0000] {processor.py:186} INFO - Started process (PID=1021) to work on /opt/airflow/dags/shopbrasil_panorama_precos.py
[2026-07-04T16:22:21.516+0000] {processor.py:914} INFO - Processing file /opt/airflow/dags/shopbrasil_panorama_precos.py for tasks to queue
[2026-07-04T16:22:21.520+0000] {logging_mixin.py:190} INFO - [2026-07-04T16:22:21.520+0000] {dagbag.py:588} INFO - Filling up the DagBag from /opt/airflow/dags/shopbrasil_panorama_precos.py
[2026-07-04T16:22:21.587+0000] {processor.py:925} INFO - DAG(s) 'shopbrasil_panorama_precos' retrieved from /opt/airflow/dags/shopbrasil_panorama_precos.py
[2026-07-04T16:22:21.729+0000] {logging_mixin.py:190} INFO - [2026-07-04T16:22:21.728+0000] {dag.py:3239} INFO - Sync 1 DAGs
[2026-07-04T16:22:21.837+0000] {logging_mixin.py:190} INFO - [2026-07-04T16:22:21.836+0000] {dag.py:4180} INFO - Setting next_dagrun for shopbrasil_panorama_precos to 2026-07-05 09:00:00+00:00, run_after=2026-07-05 09:00:00+00:00
[2026-07-04T16:22:21.922+0000] {processor.py:208} INFO - Processing /opt/airflow/dags/shopbrasil_panorama_precos.py took 0.457 seconds
[2026-07-04T16:22:52.043+0000] {processor.py:186} INFO - Started process (PID=1031) to work on /opt/airflow/dags/shopbrasil_panorama_precos.py
[2026-07-04T16:22:52.045+0000] {processor.py:914} INFO - Processing file /opt/airflow/dags/shopbrasil_panorama_precos.py for tasks to queue
[2026-07-04T16:22:52.050+0000] {logging_mixin.py:190} INFO - [2026-07-04T16:22:52.049+0000] {dagbag.py:588} INFO - Filling up the DagBag from /opt/airflow/dags/shopbrasil_panorama_precos.py
[2026-07-04T16:22:52.083+0000] {processor.py:925} INFO - DAG(s) 'shopbrasil_panorama_precos' retrieved from /opt/airflow/dags/shopbrasil_panorama_precos.py
[2026-07-04T16:22:52.153+0000] {logging_mixin.py:190} INFO - [2026-07-04T16:22:52.152+0000] {dag.py:3239} INFO - Sync 1 DAGs
[2026-07-04T16:22:52.211+0000] {logging_mixin.py:190} INFO - [2026-07-04T16:22:52.211+0000] {dag.py:4180} INFO - Setting next_dagrun for shopbrasil_panorama_precos to 2026-07-05 09:00:00+00:00, run_after=2026-07-05 09:00:00+00:00
[2026-07-04T16:22:52.247+0000] {processor.py:208} INFO - Processing /opt/airflow/dags/shopbrasil_panorama_precos.py took 0.218 seconds
[2026-07-04T16:23:22.707+0000] {processor.py:186} INFO - Started process (PID=1041) to work on /opt/airflow/dags/shopbrasil_panorama_precos.py
[2026-07-04T16:23:22.715+0000] {processor.py:914} INFO - Processing file /opt/airflow/dags/shopbrasil_panorama_precos.py for tasks to queue
[2026-07-04T16:23:22.737+0000] {logging_mixin.py:190} INFO - [2026-07-04T16:23:22.733+0000] {dagbag.py:588} INFO - Filling up the DagBag from /opt/airflow/dags/shopbrasil_panorama_precos.py
[2026-07-04T16:23:22.897+0000] {processor.py:925} INFO - DAG(s) 'shopbrasil_panorama_precos' retrieved from /opt/airflow/dags/shopbrasil_panorama_precos.py
[2026-07-04T16:23:23.153+0000] {logging_mixin.py:190} INFO - [2026-07-04T16:23:23.150+0000] {dag.py:3239} INFO - Sync 1 DAGs
[2026-07-04T16:23:23.342+0000] {logging_mixin.py:190} INFO - [2026-07-04T16:23:23.342+0000] {dag.py:4180} INFO - Setting next_dagrun for shopbrasil_panorama_precos to 2026-07-05 09:00:00+00:00, run_after=2026-07-05 09:00:00+00:00
[2026-07-04T16:23:23.431+0000] {processor.py:208} INFO - Processing /opt/airflow/dags/shopbrasil_panorama_precos.py took 0.776 seconds
[2026-07-04T16:23:53.858+0000] {processor.py:186} INFO - Started process (PID=1052) to work on /opt/airflow/dags/shopbrasil_panorama_precos.py
[2026-07-04T16:23:53.859+0000] {processor.py:914} INFO - Processing file /opt/airflow/dags/shopbrasil_panorama_precos.py for tasks to queue
[2026-07-04T16:23:53.862+0000] {logging_mixin.py:190} INFO - [2026-07-04T16:23:53.862+0000] {dagbag.py:588} INFO - Filling up the DagBag from /opt/airflow/dags/shopbrasil_panorama_precos.py
[2026-07-04T16:23:53.885+0000] {processor.py:925} INFO - DAG(s) 'shopbrasil_panorama_precos' retrieved from /opt/airflow/dags/shopbrasil_panorama_precos.py
[2026-07-04T16:23:53.930+0000] {logging_mixin.py:190} INFO - [2026-07-04T16:23:53.930+0000] {dag.py:3239} INFO - Sync 1 DAGs
[2026-07-04T16:23:53.985+0000] {logging_mixin.py:190} INFO - [2026-07-04T16:23:53.984+0000] {dag.py:4180} INFO - Setting next_dagrun for shopbrasil_panorama_precos to 2026-07-05 09:00:00+00:00, run_after=2026-07-05 09:00:00+00:00
[2026-07-04T16:23:54.016+0000] {processor.py:208} INFO - Processing /opt/airflow/dags/shopbrasil_panorama_precos.py took 0.167 seconds
[2026-07-04T16:24:24.653+0000] {processor.py:186} INFO - Started process (PID=1063) to work on /opt/airflow/dags/shopbrasil_panorama_precos.py
[2026-07-04T16:24:24.655+0000] {processor.py:914} INFO - Processing file /opt/airflow/dags/shopbrasil_panorama_precos.py for tasks to queue
[2026-07-04T16:24:24.659+0000] {logging_mixin.py:190} INFO - [2026-07-04T16:24:24.658+0000] {dagbag.py:588} INFO - Filling up the DagBag from /opt/airflow/dags/shopbrasil_panorama_precos.py
[2026-07-04T16:24:24.680+0000] {processor.py:925} INFO - DAG(s) 'shopbrasil_panorama_precos' retrieved from /opt/airflow/dags/shopbrasil_panorama_precos.py
[2026-07-04T16:24:24.737+0000] {logging_mixin.py:190} INFO - [2026-07-04T16:24:24.737+0000] {dag.py:3239} INFO - Sync 1 DAGs
[2026-07-04T16:24:24.777+0000] {logging_mixin.py:190} INFO - [2026-07-04T16:24:24.777+0000] {dag.py:4180} INFO - Setting next_dagrun for shopbrasil_panorama_precos to 2026-07-05 09:00:00+00:00, run_after=2026-07-05 09:00:00+00:00
[2026-07-04T16:24:24.810+0000] {processor.py:208} INFO - Processing /opt/airflow/dags/shopbrasil_panorama_precos.py took 0.167 seconds
[2026-07-04T16:24:55.407+0000] {processor.py:186} INFO - Started process (PID=1074) to work on /opt/airflow/dags/shopbrasil_panorama_precos.py
[2026-07-04T16:24:55.409+0000] {processor.py:914} INFO - Processing file /opt/airflow/dags/shopbrasil_panorama_precos.py for tasks to queue
[2026-07-04T16:24:55.412+0000] {logging_mixin.py:190} INFO - [2026-07-04T16:24:55.412+0000] {dagbag.py:588} INFO - Filling up the DagBag from /opt/airflow/dags/shopbrasil_panorama_precos.py
[2026-07-04T16:24:55.438+0000] {processor.py:925} INFO - DAG(s) 'shopbrasil_panorama_precos' retrieved from /opt/airflow/dags/shopbrasil_panorama_precos.py
[2026-07-04T16:24:55.497+0000] {logging_mixin.py:190} INFO - [2026-07-04T16:24:55.496+0000] {dag.py:3239} INFO - Sync 1 DAGs
[2026-07-04T16:24:55.541+0000] {logging_mixin.py:190} INFO - [2026-07-04T16:24:55.541+0000] {dag.py:4180} INFO - Setting next_dagrun for shopbrasil_panorama_precos to 2026-07-05 09:00:00+00:00, run_after=2026-07-05 09:00:00+00:00
[2026-07-04T16:24:55.573+0000] {processor.py:208} INFO - Processing /opt/airflow/dags/shopbrasil_panorama_precos.py took 0.175 seconds
[2026-07-04T16:25:25.910+0000] {processor.py:186} INFO - Started process (PID=1084) to work on /opt/airflow/dags/shopbrasil_panorama_precos.py
[2026-07-04T16:25:25.911+0000] {processor.py:914} INFO - Processing file /opt/airflow/dags/shopbrasil_panorama_precos.py for tasks to queue
[2026-07-04T16:25:25.916+0000] {logging_mixin.py:190} INFO - [2026-07-04T16:25:25.916+0000] {dagbag.py:588} INFO - Filling up the DagBag from /opt/airflow/dags/shopbrasil_panorama_precos.py
[2026-07-04T16:25:25.945+0000] {processor.py:925} INFO - DAG(s) 'shopbrasil_panorama_precos' retrieved from /opt/airflow/dags/shopbrasil_panorama_precos.py
[2026-07-04T16:25:26.000+0000] {logging_mixin.py:190} INFO - [2026-07-04T16:25:26.000+0000] {dag.py:3239} INFO - Sync 1 DAGs
[2026-07-04T16:25:26.050+0000] {logging_mixin.py:190} INFO - [2026-07-04T16:25:26.050+0000] {dag.py:4180} INFO - Setting next_dagrun for shopbrasil_panorama_precos to 2026-07-05 09:00:00+00:00, run_after=2026-07-05 09:00:00+00:00
[2026-07-04T16:25:26.089+0000] {processor.py:208} INFO - Processing /opt/airflow/dags/shopbrasil_panorama_precos.py took 0.189 seconds
[2026-07-04T16:25:56.648+0000] {processor.py:186} INFO - Started process (PID=1089) to work on /opt/airflow/dags/shopbrasil_panorama_precos.py
[2026-07-04T16:25:56.650+0000] {processor.py:914} INFO - Processing file /opt/airflow/dags/shopbrasil_panorama_precos.py for tasks to queue
[2026-07-04T16:25:56.655+0000] {logging_mixin.py:190} INFO - [2026-07-04T16:25:56.654+0000] {dagbag.py:588} INFO - Filling up the DagBag from /opt/airflow/dags/shopbrasil_panorama_precos.py
[2026-07-04T16:25:56.698+0000] {processor.py:925} INFO - DAG(s) 'shopbrasil_panorama_precos' retrieved from /opt/airflow/dags/shopbrasil_panorama_precos.py
[2026-07-04T16:25:56.790+0000] {logging_mixin.py:190} INFO - [2026-07-04T16:25:56.789+0000] {dag.py:3239} INFO - Sync 1 DAGs
[2026-07-04T16:25:56.902+0000] {logging_mixin.py:190} INFO - [2026-07-04T16:25:56.902+0000] {dag.py:4180} INFO - Setting next_dagrun for shopbrasil_panorama_precos to 2026-07-05 09:00:00+00:00, run_after=2026-07-05 09:00:00+00:00
[2026-07-04T16:25:57.009+0000] {processor.py:208} INFO - Processing /opt/airflow/dags/shopbrasil_panorama_precos.py took 0.383 seconds
[2026-07-04T16:26:27.729+0000] {processor.py:186} INFO - Started process (PID=1107) to work on /opt/airflow/dags/shopbrasil_panorama_precos.py
[2026-07-04T16:26:27.735+0000] {processor.py:914} INFO - Processing file /opt/airflow/dags/shopbrasil_panorama_precos.py for tasks to queue
[2026-07-04T16:26:27.743+0000] {logging_mixin.py:190} INFO - [2026-07-04T16:26:27.742+0000] {dagbag.py:588} INFO - Filling up the DagBag from /opt/airflow/dags/shopbrasil_panorama_precos.py
[2026-07-04T16:26:27.788+0000] {processor.py:925} INFO - DAG(s) 'shopbrasil_panorama_precos' retrieved from /opt/airflow/dags/shopbrasil_panorama_precos.py
[2026-07-04T16:26:27.863+0000] {logging_mixin.py:190} INFO - [2026-07-04T16:26:27.863+0000] {dag.py:3239} INFO - Sync 1 DAGs
[2026-07-04T16:26:27.903+0000] {logging_mixin.py:190} INFO - [2026-07-04T16:26:27.902+0000] {dag.py:4180} INFO - Setting next_dagrun for shopbrasil_panorama_precos to 2026-07-05 09:00:00+00:00, run_after=2026-07-05 09:00:00+00:00
[2026-07-04T16:26:27.942+0000] {processor.py:208} INFO - Processing /opt/airflow/dags/shopbrasil_panorama_precos.py took 0.225 seconds
[2026-07-04T16:26:58.426+0000] {processor.py:186} INFO - Started process (PID=1118) to work on /opt/airflow/dags/shopbrasil_panorama_precos.py
[2026-07-04T16:26:58.428+0000] {processor.py:914} INFO - Processing file /opt/airflow/dags/shopbrasil_panorama_precos.py for tasks to queue
[2026-07-04T16:26:58.433+0000] {logging_mixin.py:190} INFO - [2026-07-04T16:26:58.432+0000] {dagbag.py:588} INFO - Filling up the DagBag from /opt/airflow/dags/shopbrasil_panorama_precos.py
[2026-07-04T16:26:58.466+0000] {processor.py:925} INFO - DAG(s) 'shopbrasil_panorama_precos' retrieved from /opt/airflow/dags/shopbrasil_panorama_precos.py
[2026-07-04T16:26:58.535+0000] {logging_mixin.py:190} INFO - [2026-07-04T16:26:58.534+0000] {dag.py:3239} INFO - Sync 1 DAGs
[2026-07-04T16:26:58.599+0000] {logging_mixin.py:190} INFO - [2026-07-04T16:26:58.599+0000] {dag.py:4180} INFO - Setting next_dagrun for shopbrasil_panorama_precos to 2026-07-05 09:00:00+00:00, run_after=2026-07-05 09:00:00+00:00
[2026-07-04T16:26:58.642+0000] {processor.py:208} INFO - Processing /opt/airflow/dags/shopbrasil_panorama_precos.py took 0.225 seconds
[2026-07-04T16:27:28.988+0000] {processor.py:186} INFO - Started process (PID=1130) to work on /opt/airflow/dags/shopbrasil_panorama_precos.py
[2026-07-04T16:27:28.990+0000] {processor.py:914} INFO - Processing file /opt/airflow/dags/shopbrasil_panorama_precos.py for tasks to queue
[2026-07-04T16:27:28.996+0000] {logging_mixin.py:190} INFO - [2026-07-04T16:27:28.995+0000] {dagbag.py:588} INFO - Filling up the DagBag from /opt/airflow/dags/shopbrasil_panorama_precos.py
[2026-07-04T16:27:29.087+0000] {processor.py:925} INFO - DAG(s) 'shopbrasil_panorama_precos' retrieved from /opt/airflow/dags/shopbrasil_panorama_precos.py
[2026-07-04T16:27:29.348+0000] {logging_mixin.py:190} INFO - [2026-07-04T16:27:29.347+0000] {dag.py:3239} INFO - Sync 1 DAGs
[2026-07-04T16:27:29.410+0000] {logging_mixin.py:190} INFO - [2026-07-04T16:27:29.410+0000] {dag.py:4180} INFO - Setting next_dagrun for shopbrasil_panorama_precos to 2026-07-05 09:00:00+00:00, run_after=2026-07-05 09:00:00+00:00
[2026-07-04T16:27:29.438+0000] {processor.py:208} INFO - Processing /opt/airflow/dags/shopbrasil_panorama_precos.py took 0.465 seconds
[2026-07-04T16:27:59.790+0000] {processor.py:186} INFO - Started process (PID=1141) to work on /opt/airflow/dags/shopbrasil_panorama_precos.py
[2026-07-04T16:27:59.793+0000] {processor.py:914} INFO - Processing file /opt/airflow/dags/shopbrasil_panorama_precos.py for tasks to queue
[2026-07-04T16:27:59.798+0000] {logging_mixin.py:190} INFO - [2026-07-04T16:27:59.798+0000] {dagbag.py:588} INFO - Filling up the DagBag from /opt/airflow/dags/shopbrasil_panorama_precos.py
[2026-07-04T16:27:59.833+0000] {processor.py:925} INFO - DAG(s) 'shopbrasil_panorama_precos' retrieved from /opt/airflow/dags/shopbrasil_panorama_precos.py
[2026-07-04T16:27:59.908+0000] {logging_mixin.py:190} INFO - [2026-07-04T16:27:59.908+0000] {dag.py:3239} INFO - Sync 1 DAGs
[2026-07-04T16:27:59.967+0000] {logging_mixin.py:190} INFO - [2026-07-04T16:27:59.966+0000] {dag.py:4180} INFO - Setting next_dagrun for shopbrasil_panorama_precos to 2026-07-05 09:00:00+00:00, run_after=2026-07-05 09:00:00+00:00
[2026-07-04T16:28:00.007+0000] {processor.py:208} INFO - Processing /opt/airflow/dags/shopbrasil_panorama_precos.py took 0.234 seconds
[2026-07-04T16:28:30.384+0000] {processor.py:186} INFO - Started process (PID=1151) to work on /opt/airflow/dags/shopbrasil_panorama_precos.py
[2026-07-04T16:28:30.385+0000] {processor.py:914} INFO - Processing file /opt/airflow/dags/shopbrasil_panorama_precos.py for tasks to queue
[2026-07-04T16:28:30.389+0000] {logging_mixin.py:190} INFO - [2026-07-04T16:28:30.388+0000] {dagbag.py:588} INFO - Filling up the DagBag from /opt/airflow/dags/shopbrasil_panorama_precos.py
[2026-07-04T16:28:30.417+0000] {processor.py:925} INFO - DAG(s) 'shopbrasil_panorama_precos' retrieved from /opt/airflow/dags/shopbrasil_panorama_precos.py
[2026-07-04T16:28:30.468+0000] {logging_mixin.py:190} INFO - [2026-07-04T16:28:30.468+0000] {dag.py:3239} INFO - Sync 1 DAGs
[2026-07-04T16:28:30.507+0000] {logging_mixin.py:190} INFO - [2026-07-04T16:28:30.506+0000] {dag.py:4180} INFO - Setting next_dagrun for shopbrasil_panorama_precos to 2026-07-05 09:00:00+00:00, run_after=2026-07-05 09:00:00+00:00
[2026-07-04T16:28:30.535+0000] {processor.py:208} INFO - Processing /opt/airflow/dags/shopbrasil_panorama_precos.py took 0.165 seconds
[2026-07-04T16:29:00.984+0000] {processor.py:186} INFO - Started process (PID=1161) to work on /opt/airflow/dags/shopbrasil_panorama_precos.py
[2026-07-04T16:29:00.985+0000] {processor.py:914} INFO - Processing file /opt/airflow/dags/shopbrasil_panorama_precos.py for tasks to queue
[2026-07-04T16:29:00.990+0000] {logging_mixin.py:190} INFO - [2026-07-04T16:29:00.989+0000] {dagbag.py:588} INFO - Filling up the DagBag from /opt/airflow/dags/shopbrasil_panorama_precos.py
[2026-07-04T16:29:01.040+0000] {processor.py:925} INFO - DAG(s) 'shopbrasil_panorama_precos' retrieved from /opt/airflow/dags/shopbrasil_panorama_precos.py
[2026-07-04T16:29:01.126+0000] {logging_mixin.py:190} INFO - [2026-07-04T16:29:01.125+0000] {dag.py:3239} INFO - Sync 1 DAGs
[2026-07-04T16:29:01.189+0000] {logging_mixin.py:190} INFO - [2026-07-04T16:29:01.189+0000] {dag.py:4180} INFO - Setting next_dagrun for shopbrasil_panorama_precos to 2026-07-05 09:00:00+00:00, run_after=2026-07-05 09:00:00+00:00
[2026-07-04T16:29:01.233+0000] {processor.py:208} INFO - Processing /opt/airflow/dags/shopbrasil_panorama_precos.py took 0.308 seconds
[2026-07-04T16:29:31.689+0000] {processor.py:186} INFO - Started process (PID=1166) to work on /opt/airflow/dags/shopbrasil_panorama_precos.py
[2026-07-04T16:29:31.690+0000] {processor.py:914} INFO - Processing file /opt/airflow/dags/shopbrasil_panorama_precos.py for tasks to queue
[2026-07-04T16:29:31.695+0000] {logging_mixin.py:190} INFO - [2026-07-04T16:29:31.695+0000] {dagbag.py:588} INFO - Filling up the DagBag from /opt/airflow/dags/shopbrasil_panorama_precos.py
[2026-07-04T16:29:31.747+0000] {processor.py:925} INFO - DAG(s) 'shopbrasil_panorama_precos' retrieved from /opt/airflow/dags/shopbrasil_panorama_precos.py
[2026-07-04T16:29:31.831+0000] {logging_mixin.py:190} INFO - [2026-07-04T16:29:31.830+0000] {dag.py:3239} INFO - Sync 1 DAGs
[2026-07-04T16:29:31.939+0000] {logging_mixin.py:190} INFO - [2026-07-04T16:29:31.939+0000] {dag.py:4180} INFO - Setting next_dagrun for shopbrasil_panorama_precos to 2026-07-05 09:00:00+00:00, run_after=2026-07-05 09:00:00+00:00
[2026-07-04T16:29:31.989+0000] {processor.py:208} INFO - Processing /opt/airflow/dags/shopbrasil_panorama_precos.py took 0.316 seconds
[2026-07-04T16:30:02.473+0000] {processor.py:186} INFO - Started process (PID=1176) to work on /opt/airflow/dags/shopbrasil_panorama_precos.py
[2026-07-04T16:30:02.475+0000] {processor.py:914} INFO - Processing file /opt/airflow/dags/shopbrasil_panorama_precos.py for tasks to queue
[2026-07-04T16:30:02.478+0000] {logging_mixin.py:190} INFO - [2026-07-04T16:30:02.478+0000] {dagbag.py:588} INFO - Filling up the DagBag from /opt/airflow/dags/shopbrasil_panorama_precos.py
[2026-07-04T16:30:02.505+0000] {processor.py:925} INFO - DAG(s) 'shopbrasil_panorama_precos' retrieved from /opt/airflow/dags/shopbrasil_panorama_precos.py
[2026-07-04T16:30:02.572+0000] {logging_mixin.py:190} INFO - [2026-07-04T16:30:02.572+0000] {dag.py:3239} INFO - Sync 1 DAGs
[2026-07-04T16:30:02.635+0000] {logging_mixin.py:190} INFO - [2026-07-04T16:30:02.635+0000] {dag.py:4180} INFO - Setting next_dagrun for shopbrasil_panorama_precos to 2026-07-05 09:00:00+00:00, run_after=2026-07-05 09:00:00+00:00
[2026-07-04T16:30:02.672+0000] {processor.py:208} INFO - Processing /opt/airflow/dags/shopbrasil_panorama_precos.py took 0.213 seconds
[2026-07-04T16:30:33.212+0000] {processor.py:186} INFO - Started process (PID=1187) to work on /opt/airflow/dags/shopbrasil_panorama_precos.py
[2026-07-04T16:30:33.213+0000] {processor.py:914} INFO - Processing file /opt/airflow/dags/shopbrasil_panorama_precos.py for tasks to queue
[2026-07-04T16:30:33.217+0000] {logging_mixin.py:190} INFO - [2026-07-04T16:30:33.216+0000] {dagbag.py:588} INFO - Filling up the DagBag from /opt/airflow/dags/shopbrasil_panorama_precos.py
[2026-07-04T16:30:33.240+0000] {processor.py:925} INFO - DAG(s) 'shopbrasil_panorama_precos' retrieved from /opt/airflow/dags/shopbrasil_panorama_precos.py
[2026-07-04T16:30:33.303+0000] {logging_mixin.py:190} INFO - [2026-07-04T16:30:33.303+0000] {dag.py:3239} INFO - Sync 1 DAGs
[2026-07-04T16:30:33.345+0000] {logging_mixin.py:190} INFO - [2026-07-04T16:30:33.345+0000] {dag.py:4180} INFO - Setting next_dagrun for shopbrasil_panorama_precos to 2026-07-05 09:00:00+00:00, run_after=2026-07-05 09:00:00+00:00
[2026-07-04T16:30:33.377+0000] {processor.py:208} INFO - Processing /opt/airflow/dags/shopbrasil_panorama_precos.py took 0.175 seconds
[2026-07-04T16:31:03.841+0000] {processor.py:186} INFO - Started process (PID=1197) to work on /opt/airflow/dags/shopbrasil_panorama_precos.py
[2026-07-04T16:31:03.843+0000] {processor.py:914} INFO - Processing file /opt/airflow/dags/shopbrasil_panorama_precos.py for tasks to queue
[2026-07-04T16:31:03.847+0000] {logging_mixin.py:190} INFO - [2026-07-04T16:31:03.847+0000] {dagbag.py:588} INFO - Filling up the DagBag from /opt/airflow/dags/shopbrasil_panorama_precos.py
[2026-07-04T16:31:03.879+0000] {processor.py:925} INFO - DAG(s) 'shopbrasil_panorama_precos' retrieved from /opt/airflow/dags/shopbrasil_panorama_precos.py
[2026-07-04T16:31:03.947+0000] {logging_mixin.py:190} INFO - [2026-07-04T16:31:03.946+0000] {dag.py:3239} INFO - Sync 1 DAGs
[2026-07-04T16:31:04.046+0000] {logging_mixin.py:190} INFO - [2026-07-04T16:31:04.044+0000] {dag.py:4180} INFO - Setting next_dagrun for shopbrasil_panorama_precos to 2026-07-05 09:00:00+00:00, run_after=2026-07-05 09:00:00+00:00
[2026-07-04T16:31:04.108+0000] {processor.py:208} INFO - Processing /opt/airflow/dags/shopbrasil_panorama_precos.py took 0.280 seconds
[2026-07-04T16:31:34.399+0000] {processor.py:186} INFO - Started process (PID=1208) to work on /opt/airflow/dags/shopbrasil_panorama_precos.py
[2026-07-04T16:31:34.401+0000] {processor.py:914} INFO - Processing file /opt/airflow/dags/shopbrasil_panorama_precos.py for tasks to queue
[2026-07-04T16:31:34.406+0000] {logging_mixin.py:190} INFO - [2026-07-04T16:31:34.405+0000] {dagbag.py:588} INFO - Filling up the DagBag from /opt/airflow/dags/shopbrasil_panorama_precos.py
[2026-07-04T16:31:34.454+0000] {processor.py:925} INFO - DAG(s) 'shopbrasil_panorama_precos' retrieved from /opt/airflow/dags/shopbrasil_panorama_precos.py
[2026-07-04T16:31:34.525+0000] {logging_mixin.py:190} INFO - [2026-07-04T16:31:34.524+0000] {dag.py:3239} INFO - Sync 1 DAGs
[2026-07-04T16:31:34.578+0000] {logging_mixin.py:190} INFO - [2026-07-04T16:31:34.578+0000] {dag.py:4180} INFO - Setting next_dagrun for shopbrasil_panorama_precos to 2026-07-05 09:00:00+00:00, run_after=2026-07-05 09:00:00+00:00
[2026-07-04T16:31:34.620+0000] {processor.py:208} INFO - Processing /opt/airflow/dags/shopbrasil_panorama_precos.py took 0.234 seconds
[2026-07-04T16:32:05.118+0000] {processor.py:186} INFO - Started process (PID=1219) to work on /opt/airflow/dags/shopbrasil_panorama_precos.py
[2026-07-04T16:32:05.119+0000] {processor.py:914} INFO - Processing file /opt/airflow/dags/shopbrasil_panorama_precos.py for tasks to queue
[2026-07-04T16:32:05.125+0000] {logging_mixin.py:190} INFO - [2026-07-04T16:32:05.124+0000] {dagbag.py:588} INFO - Filling up the DagBag from /opt/airflow/dags/shopbrasil_panorama_precos.py
[2026-07-04T16:32:05.151+0000] {processor.py:925} INFO - DAG(s) 'shopbrasil_panorama_precos' retrieved from /opt/airflow/dags/shopbrasil_panorama_precos.py
[2026-07-04T16:32:05.198+0000] {logging_mixin.py:190} INFO - [2026-07-04T16:32:05.198+0000] {dag.py:3239} INFO - Sync 1 DAGs
[2026-07-04T16:32:05.252+0000] {logging_mixin.py:190} INFO - [2026-07-04T16:32:05.251+0000] {dag.py:4180} INFO - Setting next_dagrun for shopbrasil_panorama_precos to 2026-07-05 09:00:00+00:00, run_after=2026-07-05 09:00:00+00:00
[2026-07-04T16:32:05.281+0000] {processor.py:208} INFO - Processing /opt/airflow/dags/shopbrasil_panorama_precos.py took 0.181 seconds
[2026-07-04T16:32:35.751+0000] {processor.py:186} INFO - Started process (PID=1230) to work on /opt/airflow/dags/shopbrasil_panorama_precos.py
[2026-07-04T16:32:35.753+0000] {processor.py:914} INFO - Processing file /opt/airflow/dags/shopbrasil_panorama_precos.py for tasks to queue
[2026-07-04T16:32:35.757+0000] {logging_mixin.py:190} INFO - [2026-07-04T16:32:35.757+0000] {dagbag.py:588} INFO - Filling up the DagBag from /opt/airflow/dags/shopbrasil_panorama_precos.py
[2026-07-04T16:32:35.793+0000] {processor.py:925} INFO - DAG(s) 'shopbrasil_panorama_precos' retrieved from /opt/airflow/dags/shopbrasil_panorama_precos.py
[2026-07-04T16:32:35.866+0000] {logging_mixin.py:190} INFO - [2026-07-04T16:32:35.865+0000] {dag.py:3239} INFO - Sync 1 DAGs
[2026-07-04T16:32:36.086+0000] {logging_mixin.py:190} INFO - [2026-07-04T16:32:36.085+0000] {dag.py:4180} INFO - Setting next_dagrun for shopbrasil_panorama_precos to 2026-07-05 09:00:00+00:00, run_after=2026-07-05 09:00:00+00:00
[2026-07-04T16:32:36.150+0000] {processor.py:208} INFO - Processing /opt/airflow/dags/shopbrasil_panorama_precos.py took 0.418 seconds
[2026-07-04T16:33:06.458+0000] {processor.py:186} INFO - Started process (PID=1240) to work on /opt/airflow/dags/shopbrasil_panorama_precos.py
[2026-07-04T16:33:06.459+0000] {processor.py:914} INFO - Processing file /opt/airflow/dags/shopbrasil_panorama_precos.py for tasks to queue
[2026-07-04T16:33:06.465+0000] {logging_mixin.py:190} INFO - [2026-07-04T16:33:06.464+0000] {dagbag.py:588} INFO - Filling up the DagBag from /opt/airflow/dags/shopbrasil_panorama_precos.py
[2026-07-04T16:33:06.503+0000] {processor.py:925} INFO - DAG(s) 'shopbrasil_panorama_precos' retrieved from /opt/airflow/dags/shopbrasil_panorama_precos.py
[2026-07-04T16:33:06.580+0000] {logging_mixin.py:190} INFO - [2026-07-04T16:33:06.579+0000] {dag.py:3239} INFO - Sync 1 DAGs
[2026-07-04T16:33:06.635+0000] {logging_mixin.py:190} INFO - [2026-07-04T16:33:06.635+0000] {dag.py:4180} INFO - Setting next_dagrun for shopbrasil_panorama_precos to 2026-07-05 09:00:00+00:00, run_after=2026-07-05 09:00:00+00:00
[2026-07-04T16:33:06.690+0000] {processor.py:208} INFO - Processing /opt/airflow/dags/shopbrasil_panorama_precos.py took 0.248 seconds
[2026-07-04T16:33:37.030+0000] {processor.py:186} INFO - Started process (PID=1245) to work on /opt/airflow/dags/shopbrasil_panorama_precos.py
[2026-07-04T16:33:37.031+0000] {processor.py:914} INFO - Processing file /opt/airflow/dags/shopbrasil_panorama_precos.py for tasks to queue
[2026-07-04T16:33:37.034+0000] {logging_mixin.py:190} INFO - [2026-07-04T16:33:37.034+0000] {dagbag.py:588} INFO - Filling up the DagBag from /opt/airflow/dags/shopbrasil_panorama_precos.py
[2026-07-04T16:33:37.062+0000] {processor.py:925} INFO - DAG(s) 'shopbrasil_panorama_precos' retrieved from /opt/airflow/dags/shopbrasil_panorama_precos.py
[2026-07-04T16:33:37.113+0000] {logging_mixin.py:190} INFO - [2026-07-04T16:33:37.113+0000] {dag.py:3239} INFO - Sync 1 DAGs
[2026-07-04T16:33:37.155+0000] {logging_mixin.py:190} INFO - [2026-07-04T16:33:37.154+0000] {dag.py:4180} INFO - Setting next_dagrun for shopbrasil_panorama_precos to 2026-07-05 09:00:00+00:00, run_after=2026-07-05 09:00:00+00:00
[2026-07-04T16:33:37.192+0000] {processor.py:208} INFO - Processing /opt/airflow/dags/shopbrasil_panorama_precos.py took 0.172 seconds
[2026-07-04T16:34:07.509+0000] {processor.py:186} INFO - Started process (PID=1256) to work on /opt/airflow/dags/shopbrasil_panorama_precos.py
[2026-07-04T16:34:07.511+0000] {processor.py:914} INFO - Processing file /opt/airflow/dags/shopbrasil_panorama_precos.py for tasks to queue
[2026-07-04T16:34:07.515+0000] {logging_mixin.py:190} INFO - [2026-07-04T16:34:07.514+0000] {dagbag.py:588} INFO - Filling up the DagBag from /opt/airflow/dags/shopbrasil_panorama_precos.py
[2026-07-04T16:34:07.548+0000] {processor.py:925} INFO - DAG(s) 'shopbrasil_panorama_precos' retrieved from /opt/airflow/dags/shopbrasil_panorama_precos.py
[2026-07-04T16:34:07.618+0000] {logging_mixin.py:190} INFO - [2026-07-04T16:34:07.618+0000] {dag.py:3239} INFO - Sync 1 DAGs
[2026-07-04T16:34:07.691+0000] {logging_mixin.py:190} INFO - [2026-07-04T16:34:07.690+0000] {dag.py:4180} INFO - Setting next_dagrun for shopbrasil_panorama_precos to 2026-07-05 09:00:00+00:00, run_after=2026-07-05 09:00:00+00:00
[2026-07-04T16:34:07.754+0000] {processor.py:208} INFO - Processing /opt/airflow/dags/shopbrasil_panorama_precos.py took 0.257 seconds
[2026-07-04T16:34:38.295+0000] {processor.py:186} INFO - Started process (PID=1267) to work on /opt/airflow/dags/shopbrasil_panorama_precos.py
[2026-07-04T16:34:38.297+0000] {processor.py:914} INFO - Processing file /opt/airflow/dags/shopbrasil_panorama_precos.py for tasks to queue
[2026-07-04T16:34:38.301+0000] {logging_mixin.py:190} INFO - [2026-07-04T16:34:38.300+0000] {dagbag.py:588} INFO - Filling up the DagBag from /opt/airflow/dags/shopbrasil_panorama_precos.py
[2026-07-04T16:34:38.326+0000] {processor.py:925} INFO - DAG(s) 'shopbrasil_panorama_precos' retrieved from /opt/airflow/dags/shopbrasil_panorama_precos.py
[2026-07-04T16:34:38.386+0000] {logging_mixin.py:190} INFO - [2026-07-04T16:34:38.385+0000] {dag.py:3239} INFO - Sync 1 DAGs
[2026-07-04T16:34:38.428+0000] {logging_mixin.py:190} INFO - [2026-07-04T16:34:38.428+0000] {dag.py:4180} INFO - Setting next_dagrun for shopbrasil_panorama_precos to 2026-07-05 09:00:00+00:00, run_after=2026-07-05 09:00:00+00:00
[2026-07-04T16:34:38.458+0000] {processor.py:208} INFO - Processing /opt/airflow/dags/shopbrasil_panorama_precos.py took 0.172 seconds
[2026-07-04T16:35:08.914+0000] {processor.py:186} INFO - Started process (PID=1278) to work on /opt/airflow/dags/shopbrasil_panorama_precos.py
[2026-07-04T16:35:08.915+0000] {processor.py:914} INFO - Processing file /opt/airflow/dags/shopbrasil_panorama_precos.py for tasks to queue
[2026-07-04T16:35:08.920+0000] {logging_mixin.py:190} INFO - [2026-07-04T16:35:08.919+0000] {dagbag.py:588} INFO - Filling up the DagBag from /opt/airflow/dags/shopbrasil_panorama_precos.py
[2026-07-04T16:35:08.942+0000] {processor.py:925} INFO - DAG(s) 'shopbrasil_panorama_precos' retrieved from /opt/airflow/dags/shopbrasil_panorama_precos.py
[2026-07-04T16:35:08.994+0000] {logging_mixin.py:190} INFO - [2026-07-04T16:35:08.993+0000] {dag.py:3239} INFO - Sync 1 DAGs
[2026-07-04T16:35:09.036+0000] {logging_mixin.py:190} INFO - [2026-07-04T16:35:09.035+0000] {dag.py:4180} INFO - Setting next_dagrun for shopbrasil_panorama_precos to 2026-07-05 09:00:00+00:00, run_after=2026-07-05 09:00:00+00:00
[2026-07-04T16:35:09.070+0000] {processor.py:208} INFO - Processing /opt/airflow/dags/shopbrasil_panorama_precos.py took 0.164 seconds
[2026-07-04T16:35:39.581+0000] {processor.py:186} INFO - Started process (PID=1288) to work on /opt/airflow/dags/shopbrasil_panorama_precos.py
[2026-07-04T16:35:39.583+0000] {processor.py:914} INFO - Processing file /opt/airflow/dags/shopbrasil_panorama_precos.py for tasks to queue
[2026-07-04T16:35:39.586+0000] {logging_mixin.py:190} INFO - [2026-07-04T16:35:39.586+0000] {dagbag.py:588} INFO - Filling up the DagBag from /opt/airflow/dags/shopbrasil_panorama_precos.py
[2026-07-04T16:35:39.608+0000] {processor.py:925} INFO - DAG(s) 'shopbrasil_panorama_precos' retrieved from /opt/airflow/dags/shopbrasil_panorama_precos.py
[2026-07-04T16:35:39.652+0000] {logging_mixin.py:190} INFO - [2026-07-04T16:35:39.651+0000] {dag.py:3239} INFO - Sync 1 DAGs
[2026-07-04T16:35:39.696+0000] {logging_mixin.py:190} INFO - [2026-07-04T16:35:39.695+0000] {dag.py:4180} INFO - Setting next_dagrun for shopbrasil_panorama_precos to 2026-07-05 09:00:00+00:00, run_after=2026-07-05 09:00:00+00:00
[2026-07-04T16:35:39.733+0000] {processor.py:208} INFO - Processing /opt/airflow/dags/shopbrasil_panorama_precos.py took 0.161 seconds
