[2026-07-04T06:29:11.677+0000] {processor.py:186} INFO - Started process (PID=130) to work on /opt/airflow/dags/exemplos/example_distributed_3.py
[2026-07-04T06:29:11.679+0000] {processor.py:914} INFO - Processing file /opt/airflow/dags/exemplos/example_distributed_3.py for tasks to queue
[2026-07-04T06:29:11.684+0000] {logging_mixin.py:190} INFO - [2026-07-04T06:29:11.683+0000] {dagbag.py:588} INFO - Filling up the DagBag from /opt/airflow/dags/exemplos/example_distributed_3.py
[2026-07-04T06:29:12.968+0000] {processor.py:925} INFO - DAG(s) 'example_distributed_celery_random_sleep' retrieved from /opt/airflow/dags/exemplos/example_distributed_3.py
[2026-07-04T06:29:57.822+0000] {logging_mixin.py:190} INFO - [2026-07-04T06:29:57.821+0000] {dag.py:3239} INFO - Sync 1 DAGs
[2026-07-04T06:29:59.775+0000] {logging_mixin.py:190} INFO - [2026-07-04T06:29:59.775+0000] {dag.py:4180} INFO - Setting next_dagrun for example_distributed_celery_random_sleep to None, run_after=None
[2026-07-04T06:30:01.922+0000] {processor.py:208} INFO - Processing /opt/airflow/dags/exemplos/example_distributed_3.py took 50.257 seconds
[2026-07-04T06:30:48.296+0000] {processor.py:186} INFO - Started process (PID=152) to work on /opt/airflow/dags/exemplos/example_distributed_3.py
[2026-07-04T06:30:48.322+0000] {processor.py:914} INFO - Processing file /opt/airflow/dags/exemplos/example_distributed_3.py for tasks to queue
[2026-07-04T06:30:48.325+0000] {logging_mixin.py:190} INFO - [2026-07-04T06:30:48.324+0000] {dagbag.py:588} INFO - Filling up the DagBag from /opt/airflow/dags/exemplos/example_distributed_3.py
[2026-07-04T06:30:53.009+0000] {processor.py:925} INFO - DAG(s) 'example_distributed_celery_random_sleep' retrieved from /opt/airflow/dags/exemplos/example_distributed_3.py
[2026-07-04T06:32:20.631+0000] {processor.py:186} INFO - Started process (PID=169) to work on /opt/airflow/dags/exemplos/example_distributed_3.py
[2026-07-04T06:32:21.249+0000] {processor.py:914} INFO - Processing file /opt/airflow/dags/exemplos/example_distributed_3.py for tasks to queue
[2026-07-04T06:32:21.485+0000] {logging_mixin.py:190} INFO - [2026-07-04T06:32:21.252+0000] {dagbag.py:588} INFO - Filling up the DagBag from /opt/airflow/dags/exemplos/example_distributed_3.py
[2026-07-04T06:32:27.633+0000] {processor.py:925} INFO - DAG(s) 'example_distributed_celery_random_sleep' retrieved from /opt/airflow/dags/exemplos/example_distributed_3.py
[2026-07-04T06:34:22.404+0000] {processor.py:186} INFO - Started process (PID=173) to work on /opt/airflow/dags/exemplos/example_distributed_3.py
[2026-07-04T06:34:24.495+0000] {processor.py:914} INFO - Processing file /opt/airflow/dags/exemplos/example_distributed_3.py for tasks to queue
[2026-07-04T06:34:27.329+0000] {logging_mixin.py:190} INFO - [2026-07-04T06:34:24.497+0000] {dagbag.py:588} INFO - Filling up the DagBag from /opt/airflow/dags/exemplos/example_distributed_3.py
[2026-07-04T06:59:57.146+0000] {processor.py:186} INFO - Started process (PID=68) to work on /opt/airflow/dags/exemplos/example_distributed_3.py
[2026-07-04T06:59:57.186+0000] {processor.py:914} INFO - Processing file /opt/airflow/dags/exemplos/example_distributed_3.py for tasks to queue
[2026-07-04T06:59:57.190+0000] {logging_mixin.py:190} INFO - [2026-07-04T06:59:57.190+0000] {dagbag.py:588} INFO - Filling up the DagBag from /opt/airflow/dags/exemplos/example_distributed_3.py
[2026-07-04T06:59:57.212+0000] {processor.py:925} INFO - DAG(s) 'example_distributed_celery_random_sleep' retrieved from /opt/airflow/dags/exemplos/example_distributed_3.py
[2026-07-04T06:59:57.494+0000] {logging_mixin.py:190} INFO - [2026-07-04T06:59:57.493+0000] {dag.py:3239} INFO - Sync 1 DAGs
[2026-07-04T06:59:57.526+0000] {logging_mixin.py:190} INFO - [2026-07-04T06:59:57.526+0000] {dag.py:4180} INFO - Setting next_dagrun for example_distributed_celery_random_sleep to None, run_after=None
[2026-07-04T06:59:57.651+0000] {processor.py:208} INFO - Processing /opt/airflow/dags/exemplos/example_distributed_3.py took 0.511 seconds
[2026-07-04T07:00:28.566+0000] {processor.py:186} INFO - Started process (PID=79) to work on /opt/airflow/dags/exemplos/example_distributed_3.py
[2026-07-04T07:00:28.627+0000] {processor.py:914} INFO - Processing file /opt/airflow/dags/exemplos/example_distributed_3.py for tasks to queue
[2026-07-04T07:00:28.632+0000] {logging_mixin.py:190} INFO - [2026-07-04T07:00:28.631+0000] {dagbag.py:588} INFO - Filling up the DagBag from /opt/airflow/dags/exemplos/example_distributed_3.py
[2026-07-04T07:00:28.653+0000] {processor.py:925} INFO - DAG(s) 'example_distributed_celery_random_sleep' retrieved from /opt/airflow/dags/exemplos/example_distributed_3.py
[2026-07-04T07:00:28.695+0000] {logging_mixin.py:190} INFO - [2026-07-04T07:00:28.694+0000] {dag.py:3239} INFO - Sync 1 DAGs
[2026-07-04T07:00:28.710+0000] {logging_mixin.py:190} INFO - [2026-07-04T07:00:28.710+0000] {dag.py:4180} INFO - Setting next_dagrun for example_distributed_celery_random_sleep to None, run_after=None
[2026-07-04T07:00:28.733+0000] {processor.py:208} INFO - Processing /opt/airflow/dags/exemplos/example_distributed_3.py took 0.176 seconds
[2026-07-04T07:00:59.315+0000] {processor.py:186} INFO - Started process (PID=90) to work on /opt/airflow/dags/exemplos/example_distributed_3.py
[2026-07-04T07:00:59.317+0000] {processor.py:914} INFO - Processing file /opt/airflow/dags/exemplos/example_distributed_3.py for tasks to queue
[2026-07-04T07:00:59.322+0000] {logging_mixin.py:190} INFO - [2026-07-04T07:00:59.322+0000] {dagbag.py:588} INFO - Filling up the DagBag from /opt/airflow/dags/exemplos/example_distributed_3.py
[2026-07-04T07:00:59.363+0000] {processor.py:925} INFO - DAG(s) 'example_distributed_celery_random_sleep' retrieved from /opt/airflow/dags/exemplos/example_distributed_3.py
[2026-07-04T07:00:59.516+0000] {logging_mixin.py:190} INFO - [2026-07-04T07:00:59.516+0000] {dag.py:3239} INFO - Sync 1 DAGs
[2026-07-04T07:00:59.556+0000] {logging_mixin.py:190} INFO - [2026-07-04T07:00:59.556+0000] {dag.py:4180} INFO - Setting next_dagrun for example_distributed_celery_random_sleep to None, run_after=None
[2026-07-04T07:00:59.594+0000] {processor.py:208} INFO - Processing /opt/airflow/dags/exemplos/example_distributed_3.py took 0.301 seconds
[2026-07-04T07:01:30.196+0000] {processor.py:186} INFO - Started process (PID=101) to work on /opt/airflow/dags/exemplos/example_distributed_3.py
[2026-07-04T07:01:30.227+0000] {processor.py:914} INFO - Processing file /opt/airflow/dags/exemplos/example_distributed_3.py for tasks to queue
[2026-07-04T07:01:30.229+0000] {logging_mixin.py:190} INFO - [2026-07-04T07:01:30.229+0000] {dagbag.py:588} INFO - Filling up the DagBag from /opt/airflow/dags/exemplos/example_distributed_3.py
[2026-07-04T07:01:30.247+0000] {processor.py:925} INFO - DAG(s) 'example_distributed_celery_random_sleep' retrieved from /opt/airflow/dags/exemplos/example_distributed_3.py
[2026-07-04T07:01:30.289+0000] {logging_mixin.py:190} INFO - [2026-07-04T07:01:30.289+0000] {dag.py:3239} INFO - Sync 1 DAGs
[2026-07-04T07:01:30.319+0000] {logging_mixin.py:190} INFO - [2026-07-04T07:01:30.319+0000] {dag.py:4180} INFO - Setting next_dagrun for example_distributed_celery_random_sleep to None, run_after=None
[2026-07-04T07:01:30.345+0000] {processor.py:208} INFO - Processing /opt/airflow/dags/exemplos/example_distributed_3.py took 0.162 seconds
[2026-07-04T07:02:00.958+0000] {processor.py:186} INFO - Started process (PID=112) to work on /opt/airflow/dags/exemplos/example_distributed_3.py
[2026-07-04T07:02:00.995+0000] {processor.py:914} INFO - Processing file /opt/airflow/dags/exemplos/example_distributed_3.py for tasks to queue
[2026-07-04T07:02:00.997+0000] {logging_mixin.py:190} INFO - [2026-07-04T07:02:00.997+0000] {dagbag.py:588} INFO - Filling up the DagBag from /opt/airflow/dags/exemplos/example_distributed_3.py
[2026-07-04T07:02:01.019+0000] {processor.py:925} INFO - DAG(s) 'example_distributed_celery_random_sleep' retrieved from /opt/airflow/dags/exemplos/example_distributed_3.py
[2026-07-04T07:02:01.093+0000] {logging_mixin.py:190} INFO - [2026-07-04T07:02:01.093+0000] {dag.py:3239} INFO - Sync 1 DAGs
[2026-07-04T07:02:01.123+0000] {logging_mixin.py:190} INFO - [2026-07-04T07:02:01.123+0000] {dag.py:4180} INFO - Setting next_dagrun for example_distributed_celery_random_sleep to None, run_after=None
[2026-07-04T07:02:01.183+0000] {processor.py:208} INFO - Processing /opt/airflow/dags/exemplos/example_distributed_3.py took 0.232 seconds
[2026-07-04T07:02:31.461+0000] {processor.py:186} INFO - Started process (PID=123) to work on /opt/airflow/dags/exemplos/example_distributed_3.py
[2026-07-04T07:02:31.462+0000] {processor.py:914} INFO - Processing file /opt/airflow/dags/exemplos/example_distributed_3.py for tasks to queue
[2026-07-04T07:02:31.469+0000] {logging_mixin.py:190} INFO - [2026-07-04T07:02:31.468+0000] {dagbag.py:588} INFO - Filling up the DagBag from /opt/airflow/dags/exemplos/example_distributed_3.py
[2026-07-04T07:02:31.483+0000] {processor.py:925} INFO - DAG(s) 'example_distributed_celery_random_sleep' retrieved from /opt/airflow/dags/exemplos/example_distributed_3.py
[2026-07-04T07:02:31.531+0000] {logging_mixin.py:190} INFO - [2026-07-04T07:02:31.530+0000] {dag.py:3239} INFO - Sync 1 DAGs
[2026-07-04T07:02:31.544+0000] {logging_mixin.py:190} INFO - [2026-07-04T07:02:31.544+0000] {dag.py:4180} INFO - Setting next_dagrun for example_distributed_celery_random_sleep to None, run_after=None
[2026-07-04T07:02:31.570+0000] {processor.py:208} INFO - Processing /opt/airflow/dags/exemplos/example_distributed_3.py took 0.115 seconds
[2026-07-04T07:03:02.017+0000] {processor.py:186} INFO - Started process (PID=133) to work on /opt/airflow/dags/exemplos/example_distributed_3.py
[2026-07-04T07:03:02.067+0000] {processor.py:914} INFO - Processing file /opt/airflow/dags/exemplos/example_distributed_3.py for tasks to queue
[2026-07-04T07:03:02.070+0000] {logging_mixin.py:190} INFO - [2026-07-04T07:03:02.069+0000] {dagbag.py:588} INFO - Filling up the DagBag from /opt/airflow/dags/exemplos/example_distributed_3.py
[2026-07-04T07:03:02.092+0000] {processor.py:925} INFO - DAG(s) 'example_distributed_celery_random_sleep' retrieved from /opt/airflow/dags/exemplos/example_distributed_3.py
[2026-07-04T07:03:02.190+0000] {logging_mixin.py:190} INFO - [2026-07-04T07:03:02.190+0000] {dag.py:3239} INFO - Sync 1 DAGs
[2026-07-04T07:03:02.222+0000] {logging_mixin.py:190} INFO - [2026-07-04T07:03:02.222+0000] {dag.py:4180} INFO - Setting next_dagrun for example_distributed_celery_random_sleep to None, run_after=None
[2026-07-04T07:03:02.266+0000] {processor.py:208} INFO - Processing /opt/airflow/dags/exemplos/example_distributed_3.py took 0.258 seconds
[2026-07-04T07:03:32.389+0000] {processor.py:186} INFO - Started process (PID=137) to work on /opt/airflow/dags/exemplos/example_distributed_3.py
[2026-07-04T07:03:32.390+0000] {processor.py:914} INFO - Processing file /opt/airflow/dags/exemplos/example_distributed_3.py for tasks to queue
[2026-07-04T07:03:32.393+0000] {logging_mixin.py:190} INFO - [2026-07-04T07:03:32.393+0000] {dagbag.py:588} INFO - Filling up the DagBag from /opt/airflow/dags/exemplos/example_distributed_3.py
[2026-07-04T07:03:32.408+0000] {processor.py:925} INFO - DAG(s) 'example_distributed_celery_random_sleep' retrieved from /opt/airflow/dags/exemplos/example_distributed_3.py
[2026-07-04T07:03:32.488+0000] {logging_mixin.py:190} INFO - [2026-07-04T07:03:32.487+0000] {dag.py:3239} INFO - Sync 1 DAGs
[2026-07-04T07:03:32.506+0000] {logging_mixin.py:190} INFO - [2026-07-04T07:03:32.505+0000] {dag.py:4180} INFO - Setting next_dagrun for example_distributed_celery_random_sleep to None, run_after=None
[2026-07-04T07:03:32.801+0000] {processor.py:208} INFO - Processing /opt/airflow/dags/exemplos/example_distributed_3.py took 0.420 seconds
[2026-07-04T07:04:03.225+0000] {processor.py:186} INFO - Started process (PID=148) to work on /opt/airflow/dags/exemplos/example_distributed_3.py
[2026-07-04T07:04:03.226+0000] {processor.py:914} INFO - Processing file /opt/airflow/dags/exemplos/example_distributed_3.py for tasks to queue
[2026-07-04T07:04:03.228+0000] {logging_mixin.py:190} INFO - [2026-07-04T07:04:03.228+0000] {dagbag.py:588} INFO - Filling up the DagBag from /opt/airflow/dags/exemplos/example_distributed_3.py
[2026-07-04T07:04:03.241+0000] {processor.py:925} INFO - DAG(s) 'example_distributed_celery_random_sleep' retrieved from /opt/airflow/dags/exemplos/example_distributed_3.py
[2026-07-04T07:04:03.470+0000] {logging_mixin.py:190} INFO - [2026-07-04T07:04:03.469+0000] {dag.py:3239} INFO - Sync 1 DAGs
[2026-07-04T07:04:03.489+0000] {logging_mixin.py:190} INFO - [2026-07-04T07:04:03.488+0000] {dag.py:4180} INFO - Setting next_dagrun for example_distributed_celery_random_sleep to None, run_after=None
[2026-07-04T07:04:03.538+0000] {processor.py:208} INFO - Processing /opt/airflow/dags/exemplos/example_distributed_3.py took 0.320 seconds
[2026-07-04T07:04:33.778+0000] {processor.py:186} INFO - Started process (PID=159) to work on /opt/airflow/dags/exemplos/example_distributed_3.py
[2026-07-04T07:04:33.780+0000] {processor.py:914} INFO - Processing file /opt/airflow/dags/exemplos/example_distributed_3.py for tasks to queue
[2026-07-04T07:04:33.784+0000] {logging_mixin.py:190} INFO - [2026-07-04T07:04:33.783+0000] {dagbag.py:588} INFO - Filling up the DagBag from /opt/airflow/dags/exemplos/example_distributed_3.py
[2026-07-04T07:04:33.796+0000] {processor.py:925} INFO - DAG(s) 'example_distributed_celery_random_sleep' retrieved from /opt/airflow/dags/exemplos/example_distributed_3.py
[2026-07-04T07:04:33.846+0000] {logging_mixin.py:190} INFO - [2026-07-04T07:04:33.846+0000] {dag.py:3239} INFO - Sync 1 DAGs
[2026-07-04T07:04:33.867+0000] {logging_mixin.py:190} INFO - [2026-07-04T07:04:33.867+0000] {dag.py:4180} INFO - Setting next_dagrun for example_distributed_celery_random_sleep to None, run_after=None
[2026-07-04T07:04:33.901+0000] {processor.py:208} INFO - Processing /opt/airflow/dags/exemplos/example_distributed_3.py took 0.128 seconds
[2026-07-04T07:05:05.687+0000] {processor.py:186} INFO - Started process (PID=171) to work on /opt/airflow/dags/exemplos/example_distributed_3.py
[2026-07-04T07:05:05.730+0000] {processor.py:914} INFO - Processing file /opt/airflow/dags/exemplos/example_distributed_3.py for tasks to queue
[2026-07-04T07:05:05.734+0000] {logging_mixin.py:190} INFO - [2026-07-04T07:05:05.733+0000] {dagbag.py:588} INFO - Filling up the DagBag from /opt/airflow/dags/exemplos/example_distributed_3.py
[2026-07-04T07:05:05.754+0000] {processor.py:925} INFO - DAG(s) 'example_distributed_celery_random_sleep' retrieved from /opt/airflow/dags/exemplos/example_distributed_3.py
[2026-07-04T07:05:05.804+0000] {logging_mixin.py:190} INFO - [2026-07-04T07:05:05.804+0000] {dag.py:3239} INFO - Sync 1 DAGs
[2026-07-04T07:05:05.856+0000] {logging_mixin.py:190} INFO - [2026-07-04T07:05:05.856+0000] {dag.py:4180} INFO - Setting next_dagrun for example_distributed_celery_random_sleep to None, run_after=None
[2026-07-04T07:05:06.233+0000] {processor.py:208} INFO - Processing /opt/airflow/dags/exemplos/example_distributed_3.py took 0.563 seconds
[2026-07-04T07:06:25.067+0000] {processor.py:186} INFO - Started process (PID=189) to work on /opt/airflow/dags/exemplos/example_distributed_3.py
[2026-07-04T07:06:25.138+0000] {processor.py:914} INFO - Processing file /opt/airflow/dags/exemplos/example_distributed_3.py for tasks to queue
[2026-07-04T07:06:25.140+0000] {logging_mixin.py:190} INFO - [2026-07-04T07:06:25.140+0000] {dagbag.py:588} INFO - Filling up the DagBag from /opt/airflow/dags/exemplos/example_distributed_3.py
[2026-07-04T07:06:25.387+0000] {processor.py:925} INFO - DAG(s) 'example_distributed_celery_random_sleep' retrieved from /opt/airflow/dags/exemplos/example_distributed_3.py
[2026-07-04T07:06:28.045+0000] {logging_mixin.py:190} INFO - [2026-07-04T07:06:28.045+0000] {dag.py:3239} INFO - Sync 1 DAGs
[2026-07-04T07:06:28.056+0000] {logging_mixin.py:190} INFO - [2026-07-04T07:06:28.056+0000] {dag.py:4180} INFO - Setting next_dagrun for example_distributed_celery_random_sleep to None, run_after=None
[2026-07-04T07:06:28.091+0000] {processor.py:208} INFO - Processing /opt/airflow/dags/exemplos/example_distributed_3.py took 3.040 seconds
[2026-07-04T07:06:58.857+0000] {processor.py:186} INFO - Started process (PID=200) to work on /opt/airflow/dags/exemplos/example_distributed_3.py
[2026-07-04T07:06:58.862+0000] {processor.py:914} INFO - Processing file /opt/airflow/dags/exemplos/example_distributed_3.py for tasks to queue
[2026-07-04T07:06:58.864+0000] {logging_mixin.py:190} INFO - [2026-07-04T07:06:58.864+0000] {dagbag.py:588} INFO - Filling up the DagBag from /opt/airflow/dags/exemplos/example_distributed_3.py
[2026-07-04T07:06:58.878+0000] {processor.py:925} INFO - DAG(s) 'example_distributed_celery_random_sleep' retrieved from /opt/airflow/dags/exemplos/example_distributed_3.py
[2026-07-04T07:06:58.921+0000] {logging_mixin.py:190} INFO - [2026-07-04T07:06:58.921+0000] {dag.py:3239} INFO - Sync 1 DAGs
[2026-07-04T07:06:58.938+0000] {logging_mixin.py:190} INFO - [2026-07-04T07:06:58.938+0000] {dag.py:4180} INFO - Setting next_dagrun for example_distributed_celery_random_sleep to None, run_after=None
[2026-07-04T07:06:58.979+0000] {processor.py:208} INFO - Processing /opt/airflow/dags/exemplos/example_distributed_3.py took 0.128 seconds
[2026-07-04T07:09:05.266+0000] {processor.py:186} INFO - Started process (PID=211) to work on /opt/airflow/dags/exemplos/example_distributed_3.py
[2026-07-04T07:09:05.806+0000] {processor.py:914} INFO - Processing file /opt/airflow/dags/exemplos/example_distributed_3.py for tasks to queue
[2026-07-04T07:09:05.809+0000] {logging_mixin.py:190} INFO - [2026-07-04T07:09:05.809+0000] {dagbag.py:588} INFO - Filling up the DagBag from /opt/airflow/dags/exemplos/example_distributed_3.py
[2026-07-04T07:09:30.353+0000] {processor.py:925} INFO - DAG(s) 'example_distributed_celery_random_sleep' retrieved from /opt/airflow/dags/exemplos/example_distributed_3.py
[2026-07-04T07:20:53.746+0000] {processor.py:186} INFO - Started process (PID=61) to work on /opt/airflow/dags/exemplos/example_distributed_3.py
[2026-07-04T07:20:53.781+0000] {processor.py:914} INFO - Processing file /opt/airflow/dags/exemplos/example_distributed_3.py for tasks to queue
[2026-07-04T07:20:53.784+0000] {logging_mixin.py:190} INFO - [2026-07-04T07:20:53.783+0000] {dagbag.py:588} INFO - Filling up the DagBag from /opt/airflow/dags/exemplos/example_distributed_3.py
[2026-07-04T07:20:53.795+0000] {processor.py:925} INFO - DAG(s) 'example_distributed_celery_random_sleep' retrieved from /opt/airflow/dags/exemplos/example_distributed_3.py
[2026-07-04T07:20:53.835+0000] {logging_mixin.py:190} INFO - [2026-07-04T07:20:53.835+0000] {dag.py:3239} INFO - Sync 1 DAGs
[2026-07-04T07:20:53.850+0000] {logging_mixin.py:190} INFO - [2026-07-04T07:20:53.850+0000] {dag.py:4180} INFO - Setting next_dagrun for example_distributed_celery_random_sleep to None, run_after=None
[2026-07-04T07:20:53.905+0000] {processor.py:208} INFO - Processing /opt/airflow/dags/exemplos/example_distributed_3.py took 0.166 seconds
[2026-07-04T07:21:25.379+0000] {processor.py:186} INFO - Started process (PID=72) to work on /opt/airflow/dags/exemplos/example_distributed_3.py
[2026-07-04T07:21:25.380+0000] {processor.py:914} INFO - Processing file /opt/airflow/dags/exemplos/example_distributed_3.py for tasks to queue
[2026-07-04T07:21:25.384+0000] {logging_mixin.py:190} INFO - [2026-07-04T07:21:25.383+0000] {dagbag.py:588} INFO - Filling up the DagBag from /opt/airflow/dags/exemplos/example_distributed_3.py
[2026-07-04T07:21:25.401+0000] {processor.py:925} INFO - DAG(s) 'example_distributed_celery_random_sleep' retrieved from /opt/airflow/dags/exemplos/example_distributed_3.py
[2026-07-04T07:21:25.443+0000] {logging_mixin.py:190} INFO - [2026-07-04T07:21:25.443+0000] {dag.py:3239} INFO - Sync 1 DAGs
[2026-07-04T07:21:25.461+0000] {logging_mixin.py:190} INFO - [2026-07-04T07:21:25.461+0000] {dag.py:4180} INFO - Setting next_dagrun for example_distributed_celery_random_sleep to None, run_after=None
[2026-07-04T07:21:25.646+0000] {processor.py:208} INFO - Processing /opt/airflow/dags/exemplos/example_distributed_3.py took 0.283 seconds
[2026-07-04T07:21:55.956+0000] {processor.py:186} INFO - Started process (PID=83) to work on /opt/airflow/dags/exemplos/example_distributed_3.py
[2026-07-04T07:21:55.980+0000] {processor.py:914} INFO - Processing file /opt/airflow/dags/exemplos/example_distributed_3.py for tasks to queue
[2026-07-04T07:21:55.983+0000] {logging_mixin.py:190} INFO - [2026-07-04T07:21:55.983+0000] {dagbag.py:588} INFO - Filling up the DagBag from /opt/airflow/dags/exemplos/example_distributed_3.py
[2026-07-04T07:21:55.996+0000] {processor.py:925} INFO - DAG(s) 'example_distributed_celery_random_sleep' retrieved from /opt/airflow/dags/exemplos/example_distributed_3.py
[2026-07-04T07:21:56.118+0000] {logging_mixin.py:190} INFO - [2026-07-04T07:21:56.118+0000] {dag.py:3239} INFO - Sync 1 DAGs
[2026-07-04T07:21:56.140+0000] {logging_mixin.py:190} INFO - [2026-07-04T07:21:56.140+0000] {dag.py:4180} INFO - Setting next_dagrun for example_distributed_celery_random_sleep to None, run_after=None
[2026-07-04T07:21:56.186+0000] {processor.py:208} INFO - Processing /opt/airflow/dags/exemplos/example_distributed_3.py took 0.246 seconds
[2026-07-04T07:22:28.163+0000] {processor.py:186} INFO - Started process (PID=93) to work on /opt/airflow/dags/exemplos/example_distributed_3.py
[2026-07-04T07:22:28.216+0000] {processor.py:914} INFO - Processing file /opt/airflow/dags/exemplos/example_distributed_3.py for tasks to queue
[2026-07-04T07:22:28.220+0000] {logging_mixin.py:190} INFO - [2026-07-04T07:22:28.220+0000] {dagbag.py:588} INFO - Filling up the DagBag from /opt/airflow/dags/exemplos/example_distributed_3.py
[2026-07-04T07:22:28.236+0000] {processor.py:925} INFO - DAG(s) 'example_distributed_celery_random_sleep' retrieved from /opt/airflow/dags/exemplos/example_distributed_3.py
[2026-07-04T07:22:28.290+0000] {logging_mixin.py:190} INFO - [2026-07-04T07:22:28.288+0000] {dag.py:3239} INFO - Sync 1 DAGs
[2026-07-04T07:22:28.311+0000] {logging_mixin.py:190} INFO - [2026-07-04T07:22:28.311+0000] {dag.py:4180} INFO - Setting next_dagrun for example_distributed_celery_random_sleep to None, run_after=None
[2026-07-04T07:22:28.339+0000] {processor.py:208} INFO - Processing /opt/airflow/dags/exemplos/example_distributed_3.py took 0.192 seconds
[2026-07-04T07:22:59.058+0000] {processor.py:186} INFO - Started process (PID=103) to work on /opt/airflow/dags/exemplos/example_distributed_3.py
[2026-07-04T07:22:59.059+0000] {processor.py:914} INFO - Processing file /opt/airflow/dags/exemplos/example_distributed_3.py for tasks to queue
[2026-07-04T07:22:59.062+0000] {logging_mixin.py:190} INFO - [2026-07-04T07:22:59.061+0000] {dagbag.py:588} INFO - Filling up the DagBag from /opt/airflow/dags/exemplos/example_distributed_3.py
[2026-07-04T07:22:59.075+0000] {processor.py:925} INFO - DAG(s) 'example_distributed_celery_random_sleep' retrieved from /opt/airflow/dags/exemplos/example_distributed_3.py
[2026-07-04T07:22:59.118+0000] {logging_mixin.py:190} INFO - [2026-07-04T07:22:59.118+0000] {dag.py:3239} INFO - Sync 1 DAGs
[2026-07-04T07:22:59.130+0000] {logging_mixin.py:190} INFO - [2026-07-04T07:22:59.130+0000] {dag.py:4180} INFO - Setting next_dagrun for example_distributed_celery_random_sleep to None, run_after=None
[2026-07-04T07:22:59.191+0000] {processor.py:208} INFO - Processing /opt/airflow/dags/exemplos/example_distributed_3.py took 0.139 seconds
[2026-07-04T07:23:30.574+0000] {processor.py:186} INFO - Started process (PID=106) to work on /opt/airflow/dags/exemplos/example_distributed_3.py
[2026-07-04T07:23:30.641+0000] {processor.py:914} INFO - Processing file /opt/airflow/dags/exemplos/example_distributed_3.py for tasks to queue
[2026-07-04T07:23:30.644+0000] {logging_mixin.py:190} INFO - [2026-07-04T07:23:30.644+0000] {dagbag.py:588} INFO - Filling up the DagBag from /opt/airflow/dags/exemplos/example_distributed_3.py
[2026-07-04T07:23:30.654+0000] {processor.py:925} INFO - DAG(s) 'example_distributed_celery_random_sleep' retrieved from /opt/airflow/dags/exemplos/example_distributed_3.py
[2026-07-04T07:23:30.690+0000] {logging_mixin.py:190} INFO - [2026-07-04T07:23:30.690+0000] {dag.py:3239} INFO - Sync 1 DAGs
[2026-07-04T07:23:30.708+0000] {logging_mixin.py:190} INFO - [2026-07-04T07:23:30.708+0000] {dag.py:4180} INFO - Setting next_dagrun for example_distributed_celery_random_sleep to None, run_after=None
[2026-07-04T07:23:30.760+0000] {processor.py:208} INFO - Processing /opt/airflow/dags/exemplos/example_distributed_3.py took 0.192 seconds
[2026-07-04T07:24:01.653+0000] {processor.py:186} INFO - Started process (PID=116) to work on /opt/airflow/dags/exemplos/example_distributed_3.py
[2026-07-04T07:24:01.789+0000] {processor.py:914} INFO - Processing file /opt/airflow/dags/exemplos/example_distributed_3.py for tasks to queue
[2026-07-04T07:24:01.790+0000] {logging_mixin.py:190} INFO - [2026-07-04T07:24:01.790+0000] {dagbag.py:588} INFO - Filling up the DagBag from /opt/airflow/dags/exemplos/example_distributed_3.py
[2026-07-04T07:24:01.812+0000] {processor.py:925} INFO - DAG(s) 'example_distributed_celery_random_sleep' retrieved from /opt/airflow/dags/exemplos/example_distributed_3.py
[2026-07-04T07:24:01.868+0000] {logging_mixin.py:190} INFO - [2026-07-04T07:24:01.868+0000] {dag.py:3239} INFO - Sync 1 DAGs
[2026-07-04T07:24:07.605+0000] {logging_mixin.py:190} INFO - [2026-07-04T07:24:07.604+0000] {dag.py:4180} INFO - Setting next_dagrun for example_distributed_celery_random_sleep to None, run_after=None
[2026-07-04T07:24:09.090+0000] {processor.py:208} INFO - Processing /opt/airflow/dags/exemplos/example_distributed_3.py took 7.444 seconds
[2026-07-04T07:24:39.850+0000] {processor.py:186} INFO - Started process (PID=127) to work on /opt/airflow/dags/exemplos/example_distributed_3.py
[2026-07-04T07:24:39.873+0000] {processor.py:914} INFO - Processing file /opt/airflow/dags/exemplos/example_distributed_3.py for tasks to queue
[2026-07-04T07:24:39.897+0000] {logging_mixin.py:190} INFO - [2026-07-04T07:24:39.874+0000] {dagbag.py:588} INFO - Filling up the DagBag from /opt/airflow/dags/exemplos/example_distributed_3.py
[2026-07-04T07:24:39.911+0000] {processor.py:925} INFO - DAG(s) 'example_distributed_celery_random_sleep' retrieved from /opt/airflow/dags/exemplos/example_distributed_3.py
[2026-07-04T07:24:39.966+0000] {logging_mixin.py:190} INFO - [2026-07-04T07:24:39.966+0000] {dag.py:3239} INFO - Sync 1 DAGs
[2026-07-04T07:24:40.408+0000] {logging_mixin.py:190} INFO - [2026-07-04T07:24:40.408+0000] {dag.py:4180} INFO - Setting next_dagrun for example_distributed_celery_random_sleep to None, run_after=None
[2026-07-04T07:24:40.464+0000] {processor.py:208} INFO - Processing /opt/airflow/dags/exemplos/example_distributed_3.py took 0.625 seconds
[2026-07-04T07:25:11.087+0000] {processor.py:186} INFO - Started process (PID=138) to work on /opt/airflow/dags/exemplos/example_distributed_3.py
[2026-07-04T07:25:11.092+0000] {processor.py:914} INFO - Processing file /opt/airflow/dags/exemplos/example_distributed_3.py for tasks to queue
[2026-07-04T07:25:11.093+0000] {logging_mixin.py:190} INFO - [2026-07-04T07:25:11.093+0000] {dagbag.py:588} INFO - Filling up the DagBag from /opt/airflow/dags/exemplos/example_distributed_3.py
[2026-07-04T07:25:11.123+0000] {processor.py:925} INFO - DAG(s) 'example_distributed_celery_random_sleep' retrieved from /opt/airflow/dags/exemplos/example_distributed_3.py
[2026-07-04T07:25:11.408+0000] {logging_mixin.py:190} INFO - [2026-07-04T07:25:11.407+0000] {dag.py:3239} INFO - Sync 1 DAGs
[2026-07-04T07:25:11.424+0000] {logging_mixin.py:190} INFO - [2026-07-04T07:25:11.424+0000] {dag.py:4180} INFO - Setting next_dagrun for example_distributed_celery_random_sleep to None, run_after=None
[2026-07-04T07:25:11.457+0000] {processor.py:208} INFO - Processing /opt/airflow/dags/exemplos/example_distributed_3.py took 0.381 seconds
[2026-07-04T07:25:42.067+0000] {processor.py:186} INFO - Started process (PID=149) to work on /opt/airflow/dags/exemplos/example_distributed_3.py
[2026-07-04T07:25:42.069+0000] {processor.py:914} INFO - Processing file /opt/airflow/dags/exemplos/example_distributed_3.py for tasks to queue
[2026-07-04T07:25:42.073+0000] {logging_mixin.py:190} INFO - [2026-07-04T07:25:42.073+0000] {dagbag.py:588} INFO - Filling up the DagBag from /opt/airflow/dags/exemplos/example_distributed_3.py
[2026-07-04T07:25:42.090+0000] {processor.py:925} INFO - DAG(s) 'example_distributed_celery_random_sleep' retrieved from /opt/airflow/dags/exemplos/example_distributed_3.py
[2026-07-04T07:25:42.170+0000] {logging_mixin.py:190} INFO - [2026-07-04T07:25:42.170+0000] {dag.py:3239} INFO - Sync 1 DAGs
[2026-07-04T07:25:42.185+0000] {logging_mixin.py:190} INFO - [2026-07-04T07:25:42.185+0000] {dag.py:4180} INFO - Setting next_dagrun for example_distributed_celery_random_sleep to None, run_after=None
[2026-07-04T07:25:42.211+0000] {processor.py:208} INFO - Processing /opt/airflow/dags/exemplos/example_distributed_3.py took 0.150 seconds
[2026-07-04T07:26:13.045+0000] {processor.py:186} INFO - Started process (PID=160) to work on /opt/airflow/dags/exemplos/example_distributed_3.py
[2026-07-04T07:26:13.076+0000] {processor.py:914} INFO - Processing file /opt/airflow/dags/exemplos/example_distributed_3.py for tasks to queue
[2026-07-04T07:26:13.077+0000] {logging_mixin.py:190} INFO - [2026-07-04T07:26:13.077+0000] {dagbag.py:588} INFO - Filling up the DagBag from /opt/airflow/dags/exemplos/example_distributed_3.py
[2026-07-04T07:26:13.090+0000] {processor.py:925} INFO - DAG(s) 'example_distributed_celery_random_sleep' retrieved from /opt/airflow/dags/exemplos/example_distributed_3.py
[2026-07-04T07:26:13.129+0000] {logging_mixin.py:190} INFO - [2026-07-04T07:26:13.129+0000] {dag.py:3239} INFO - Sync 1 DAGs
[2026-07-04T07:26:13.147+0000] {logging_mixin.py:190} INFO - [2026-07-04T07:26:13.146+0000] {dag.py:4180} INFO - Setting next_dagrun for example_distributed_celery_random_sleep to None, run_after=None
[2026-07-04T07:26:13.178+0000] {processor.py:208} INFO - Processing /opt/airflow/dags/exemplos/example_distributed_3.py took 0.138 seconds
[2026-07-04T07:26:44.062+0000] {processor.py:186} INFO - Started process (PID=171) to work on /opt/airflow/dags/exemplos/example_distributed_3.py
[2026-07-04T07:26:44.066+0000] {processor.py:914} INFO - Processing file /opt/airflow/dags/exemplos/example_distributed_3.py for tasks to queue
[2026-07-04T07:26:44.068+0000] {logging_mixin.py:190} INFO - [2026-07-04T07:26:44.067+0000] {dagbag.py:588} INFO - Filling up the DagBag from /opt/airflow/dags/exemplos/example_distributed_3.py
[2026-07-04T07:26:44.088+0000] {processor.py:925} INFO - DAG(s) 'example_distributed_celery_random_sleep' retrieved from /opt/airflow/dags/exemplos/example_distributed_3.py
[2026-07-04T07:26:44.124+0000] {logging_mixin.py:190} INFO - [2026-07-04T07:26:44.123+0000] {dag.py:3239} INFO - Sync 1 DAGs
[2026-07-04T07:26:44.143+0000] {logging_mixin.py:190} INFO - [2026-07-04T07:26:44.142+0000] {dag.py:4180} INFO - Setting next_dagrun for example_distributed_celery_random_sleep to None, run_after=None
[2026-07-04T07:26:44.346+0000] {processor.py:208} INFO - Processing /opt/airflow/dags/exemplos/example_distributed_3.py took 0.294 seconds
[2026-07-04T07:27:14.612+0000] {processor.py:186} INFO - Started process (PID=195) to work on /opt/airflow/dags/exemplos/example_distributed_3.py
[2026-07-04T07:27:14.616+0000] {processor.py:914} INFO - Processing file /opt/airflow/dags/exemplos/example_distributed_3.py for tasks to queue
[2026-07-04T07:27:14.618+0000] {logging_mixin.py:190} INFO - [2026-07-04T07:27:14.617+0000] {dagbag.py:588} INFO - Filling up the DagBag from /opt/airflow/dags/exemplos/example_distributed_3.py
[2026-07-04T07:27:14.644+0000] {processor.py:925} INFO - DAG(s) 'example_distributed_celery_random_sleep' retrieved from /opt/airflow/dags/exemplos/example_distributed_3.py
[2026-07-04T07:27:14.867+0000] {logging_mixin.py:190} INFO - [2026-07-04T07:27:14.866+0000] {dag.py:3239} INFO - Sync 1 DAGs
[2026-07-04T07:27:14.886+0000] {logging_mixin.py:190} INFO - [2026-07-04T07:27:14.886+0000] {dag.py:4180} INFO - Setting next_dagrun for example_distributed_celery_random_sleep to None, run_after=None
[2026-07-04T07:27:14.912+0000] {processor.py:208} INFO - Processing /opt/airflow/dags/exemplos/example_distributed_3.py took 0.308 seconds
[2026-07-04T07:27:45.757+0000] {processor.py:186} INFO - Started process (PID=229) to work on /opt/airflow/dags/exemplos/example_distributed_3.py
[2026-07-04T07:27:45.759+0000] {processor.py:914} INFO - Processing file /opt/airflow/dags/exemplos/example_distributed_3.py for tasks to queue
[2026-07-04T07:27:45.762+0000] {logging_mixin.py:190} INFO - [2026-07-04T07:27:45.760+0000] {dagbag.py:588} INFO - Filling up the DagBag from /opt/airflow/dags/exemplos/example_distributed_3.py
[2026-07-04T07:27:45.783+0000] {processor.py:925} INFO - DAG(s) 'example_distributed_celery_random_sleep' retrieved from /opt/airflow/dags/exemplos/example_distributed_3.py
[2026-07-04T07:27:45.859+0000] {logging_mixin.py:190} INFO - [2026-07-04T07:27:45.859+0000] {dag.py:3239} INFO - Sync 1 DAGs
[2026-07-04T07:27:45.896+0000] {logging_mixin.py:190} INFO - [2026-07-04T07:27:45.896+0000] {dag.py:4180} INFO - Setting next_dagrun for example_distributed_celery_random_sleep to None, run_after=None
[2026-07-04T07:27:45.968+0000] {processor.py:208} INFO - Processing /opt/airflow/dags/exemplos/example_distributed_3.py took 0.219 seconds
[2026-07-04T07:28:16.468+0000] {processor.py:186} INFO - Started process (PID=240) to work on /opt/airflow/dags/exemplos/example_distributed_3.py
[2026-07-04T07:28:16.485+0000] {processor.py:914} INFO - Processing file /opt/airflow/dags/exemplos/example_distributed_3.py for tasks to queue
[2026-07-04T07:28:16.487+0000] {logging_mixin.py:190} INFO - [2026-07-04T07:28:16.487+0000] {dagbag.py:588} INFO - Filling up the DagBag from /opt/airflow/dags/exemplos/example_distributed_3.py
[2026-07-04T07:28:16.538+0000] {processor.py:925} INFO - DAG(s) 'example_distributed_celery_random_sleep' retrieved from /opt/airflow/dags/exemplos/example_distributed_3.py
[2026-07-04T07:28:16.714+0000] {logging_mixin.py:190} INFO - [2026-07-04T07:28:16.714+0000] {dag.py:3239} INFO - Sync 1 DAGs
[2026-07-04T07:28:16.743+0000] {logging_mixin.py:190} INFO - [2026-07-04T07:28:16.743+0000] {dag.py:4180} INFO - Setting next_dagrun for example_distributed_celery_random_sleep to None, run_after=None
[2026-07-04T07:28:16.884+0000] {processor.py:208} INFO - Processing /opt/airflow/dags/exemplos/example_distributed_3.py took 0.424 seconds
[2026-07-04T07:28:47.304+0000] {processor.py:186} INFO - Started process (PID=252) to work on /opt/airflow/dags/exemplos/example_distributed_3.py
[2026-07-04T07:28:47.388+0000] {processor.py:914} INFO - Processing file /opt/airflow/dags/exemplos/example_distributed_3.py for tasks to queue
[2026-07-04T07:28:47.390+0000] {logging_mixin.py:190} INFO - [2026-07-04T07:28:47.389+0000] {dagbag.py:588} INFO - Filling up the DagBag from /opt/airflow/dags/exemplos/example_distributed_3.py
[2026-07-04T07:28:47.400+0000] {processor.py:925} INFO - DAG(s) 'example_distributed_celery_random_sleep' retrieved from /opt/airflow/dags/exemplos/example_distributed_3.py
[2026-07-04T07:28:47.477+0000] {logging_mixin.py:190} INFO - [2026-07-04T07:28:47.476+0000] {dag.py:3239} INFO - Sync 1 DAGs
[2026-07-04T07:28:47.812+0000] {logging_mixin.py:190} INFO - [2026-07-04T07:28:47.812+0000] {dag.py:4180} INFO - Setting next_dagrun for example_distributed_celery_random_sleep to None, run_after=None
[2026-07-04T07:28:47.923+0000] {processor.py:208} INFO - Processing /opt/airflow/dags/exemplos/example_distributed_3.py took 0.624 seconds
[2026-07-04T07:29:18.106+0000] {processor.py:186} INFO - Started process (PID=263) to work on /opt/airflow/dags/exemplos/example_distributed_3.py
[2026-07-04T07:29:18.127+0000] {processor.py:914} INFO - Processing file /opt/airflow/dags/exemplos/example_distributed_3.py for tasks to queue
[2026-07-04T07:29:18.128+0000] {logging_mixin.py:190} INFO - [2026-07-04T07:29:18.128+0000] {dagbag.py:588} INFO - Filling up the DagBag from /opt/airflow/dags/exemplos/example_distributed_3.py
[2026-07-04T07:29:18.141+0000] {processor.py:925} INFO - DAG(s) 'example_distributed_celery_random_sleep' retrieved from /opt/airflow/dags/exemplos/example_distributed_3.py
[2026-07-04T07:29:18.469+0000] {logging_mixin.py:190} INFO - [2026-07-04T07:29:18.468+0000] {dag.py:3239} INFO - Sync 1 DAGs
[2026-07-04T07:29:18.490+0000] {logging_mixin.py:190} INFO - [2026-07-04T07:29:18.490+0000] {dag.py:4180} INFO - Setting next_dagrun for example_distributed_celery_random_sleep to None, run_after=None
[2026-07-04T07:29:18.660+0000] {processor.py:208} INFO - Processing /opt/airflow/dags/exemplos/example_distributed_3.py took 0.565 seconds
[2026-07-04T07:29:50.580+0000] {processor.py:186} INFO - Started process (PID=273) to work on /opt/airflow/dags/exemplos/example_distributed_3.py
[2026-07-04T07:29:50.601+0000] {processor.py:914} INFO - Processing file /opt/airflow/dags/exemplos/example_distributed_3.py for tasks to queue
[2026-07-04T07:29:50.603+0000] {logging_mixin.py:190} INFO - [2026-07-04T07:29:50.602+0000] {dagbag.py:588} INFO - Filling up the DagBag from /opt/airflow/dags/exemplos/example_distributed_3.py
[2026-07-04T07:29:50.618+0000] {processor.py:925} INFO - DAG(s) 'example_distributed_celery_random_sleep' retrieved from /opt/airflow/dags/exemplos/example_distributed_3.py
[2026-07-04T07:29:50.687+0000] {logging_mixin.py:190} INFO - [2026-07-04T07:29:50.685+0000] {dag.py:3239} INFO - Sync 1 DAGs
[2026-07-04T07:29:50.720+0000] {logging_mixin.py:190} INFO - [2026-07-04T07:29:50.720+0000] {dag.py:4180} INFO - Setting next_dagrun for example_distributed_celery_random_sleep to None, run_after=None
[2026-07-04T07:29:50.793+0000] {processor.py:208} INFO - Processing /opt/airflow/dags/exemplos/example_distributed_3.py took 0.219 seconds
[2026-07-04T07:30:20.990+0000] {processor.py:186} INFO - Started process (PID=291) to work on /opt/airflow/dags/exemplos/example_distributed_3.py
[2026-07-04T07:30:21.039+0000] {processor.py:914} INFO - Processing file /opt/airflow/dags/exemplos/example_distributed_3.py for tasks to queue
[2026-07-04T07:30:21.040+0000] {logging_mixin.py:190} INFO - [2026-07-04T07:30:21.040+0000] {dagbag.py:588} INFO - Filling up the DagBag from /opt/airflow/dags/exemplos/example_distributed_3.py
[2026-07-04T07:30:21.052+0000] {processor.py:925} INFO - DAG(s) 'example_distributed_celery_random_sleep' retrieved from /opt/airflow/dags/exemplos/example_distributed_3.py
[2026-07-04T07:30:21.113+0000] {logging_mixin.py:190} INFO - [2026-07-04T07:30:21.113+0000] {dag.py:3239} INFO - Sync 1 DAGs
[2026-07-04T07:30:21.133+0000] {logging_mixin.py:190} INFO - [2026-07-04T07:30:21.133+0000] {dag.py:4180} INFO - Setting next_dagrun for example_distributed_celery_random_sleep to None, run_after=None
[2026-07-04T07:30:21.177+0000] {processor.py:208} INFO - Processing /opt/airflow/dags/exemplos/example_distributed_3.py took 0.195 seconds
[2026-07-04T07:30:51.254+0000] {processor.py:186} INFO - Started process (PID=336) to work on /opt/airflow/dags/exemplos/example_distributed_3.py
[2026-07-04T07:30:51.256+0000] {processor.py:914} INFO - Processing file /opt/airflow/dags/exemplos/example_distributed_3.py for tasks to queue
[2026-07-04T07:30:51.259+0000] {logging_mixin.py:190} INFO - [2026-07-04T07:30:51.258+0000] {dagbag.py:588} INFO - Filling up the DagBag from /opt/airflow/dags/exemplos/example_distributed_3.py
[2026-07-04T07:30:51.283+0000] {processor.py:925} INFO - DAG(s) 'example_distributed_celery_random_sleep' retrieved from /opt/airflow/dags/exemplos/example_distributed_3.py
[2026-07-04T07:30:51.371+0000] {logging_mixin.py:190} INFO - [2026-07-04T07:30:51.371+0000] {dag.py:3239} INFO - Sync 1 DAGs
[2026-07-04T07:30:51.406+0000] {logging_mixin.py:190} INFO - [2026-07-04T07:30:51.405+0000] {dag.py:4180} INFO - Setting next_dagrun for example_distributed_celery_random_sleep to None, run_after=None
[2026-07-04T07:30:51.442+0000] {processor.py:208} INFO - Processing /opt/airflow/dags/exemplos/example_distributed_3.py took 0.198 seconds
[2026-07-04T07:31:21.542+0000] {processor.py:186} INFO - Started process (PID=347) to work on /opt/airflow/dags/exemplos/example_distributed_3.py
[2026-07-04T07:31:21.543+0000] {processor.py:914} INFO - Processing file /opt/airflow/dags/exemplos/example_distributed_3.py for tasks to queue
[2026-07-04T07:31:21.544+0000] {logging_mixin.py:190} INFO - [2026-07-04T07:31:21.544+0000] {dagbag.py:588} INFO - Filling up the DagBag from /opt/airflow/dags/exemplos/example_distributed_3.py
[2026-07-04T07:31:21.557+0000] {processor.py:925} INFO - DAG(s) 'example_distributed_celery_random_sleep' retrieved from /opt/airflow/dags/exemplos/example_distributed_3.py
[2026-07-04T07:31:21.595+0000] {logging_mixin.py:190} INFO - [2026-07-04T07:31:21.594+0000] {dag.py:3239} INFO - Sync 1 DAGs
[2026-07-04T07:31:21.611+0000] {logging_mixin.py:190} INFO - [2026-07-04T07:31:21.610+0000] {dag.py:4180} INFO - Setting next_dagrun for example_distributed_celery_random_sleep to None, run_after=None
[2026-07-04T07:31:21.638+0000] {processor.py:208} INFO - Processing /opt/airflow/dags/exemplos/example_distributed_3.py took 0.102 seconds
[2026-07-04T07:31:52.152+0000] {processor.py:186} INFO - Started process (PID=362) to work on /opt/airflow/dags/exemplos/example_distributed_3.py
[2026-07-04T07:31:52.228+0000] {processor.py:914} INFO - Processing file /opt/airflow/dags/exemplos/example_distributed_3.py for tasks to queue
[2026-07-04T07:31:52.230+0000] {logging_mixin.py:190} INFO - [2026-07-04T07:31:52.229+0000] {dagbag.py:588} INFO - Filling up the DagBag from /opt/airflow/dags/exemplos/example_distributed_3.py
[2026-07-04T07:31:52.246+0000] {processor.py:925} INFO - DAG(s) 'example_distributed_celery_random_sleep' retrieved from /opt/airflow/dags/exemplos/example_distributed_3.py
[2026-07-04T07:31:52.288+0000] {logging_mixin.py:190} INFO - [2026-07-04T07:31:52.288+0000] {dag.py:3239} INFO - Sync 1 DAGs
[2026-07-04T07:31:52.305+0000] {logging_mixin.py:190} INFO - [2026-07-04T07:31:52.305+0000] {dag.py:4180} INFO - Setting next_dagrun for example_distributed_celery_random_sleep to None, run_after=None
[2026-07-04T07:31:52.335+0000] {processor.py:208} INFO - Processing /opt/airflow/dags/exemplos/example_distributed_3.py took 0.189 seconds
[2026-07-04T07:32:22.717+0000] {processor.py:186} INFO - Started process (PID=373) to work on /opt/airflow/dags/exemplos/example_distributed_3.py
[2026-07-04T07:32:22.718+0000] {processor.py:914} INFO - Processing file /opt/airflow/dags/exemplos/example_distributed_3.py for tasks to queue
[2026-07-04T07:32:22.720+0000] {logging_mixin.py:190} INFO - [2026-07-04T07:32:22.719+0000] {dagbag.py:588} INFO - Filling up the DagBag from /opt/airflow/dags/exemplos/example_distributed_3.py
[2026-07-04T07:32:22.734+0000] {processor.py:925} INFO - DAG(s) 'example_distributed_celery_random_sleep' retrieved from /opt/airflow/dags/exemplos/example_distributed_3.py
[2026-07-04T07:32:22.771+0000] {logging_mixin.py:190} INFO - [2026-07-04T07:32:22.770+0000] {dag.py:3239} INFO - Sync 1 DAGs
[2026-07-04T07:32:22.789+0000] {logging_mixin.py:190} INFO - [2026-07-04T07:32:22.789+0000] {dag.py:4180} INFO - Setting next_dagrun for example_distributed_celery_random_sleep to None, run_after=None
[2026-07-04T07:32:22.815+0000] {processor.py:208} INFO - Processing /opt/airflow/dags/exemplos/example_distributed_3.py took 0.111 seconds
[2026-07-04T07:32:53.244+0000] {processor.py:186} INFO - Started process (PID=384) to work on /opt/airflow/dags/exemplos/example_distributed_3.py
[2026-07-04T07:32:53.256+0000] {processor.py:914} INFO - Processing file /opt/airflow/dags/exemplos/example_distributed_3.py for tasks to queue
[2026-07-04T07:32:53.258+0000] {logging_mixin.py:190} INFO - [2026-07-04T07:32:53.258+0000] {dagbag.py:588} INFO - Filling up the DagBag from /opt/airflow/dags/exemplos/example_distributed_3.py
[2026-07-04T07:32:53.275+0000] {processor.py:925} INFO - DAG(s) 'example_distributed_celery_random_sleep' retrieved from /opt/airflow/dags/exemplos/example_distributed_3.py
[2026-07-04T07:32:53.315+0000] {logging_mixin.py:190} INFO - [2026-07-04T07:32:53.314+0000] {dag.py:3239} INFO - Sync 1 DAGs
[2026-07-04T07:32:53.331+0000] {logging_mixin.py:190} INFO - [2026-07-04T07:32:53.331+0000] {dag.py:4180} INFO - Setting next_dagrun for example_distributed_celery_random_sleep to None, run_after=None
[2026-07-04T07:32:53.410+0000] {processor.py:208} INFO - Processing /opt/airflow/dags/exemplos/example_distributed_3.py took 0.176 seconds
[2026-07-04T07:33:24.042+0000] {processor.py:186} INFO - Started process (PID=396) to work on /opt/airflow/dags/exemplos/example_distributed_3.py
[2026-07-04T07:33:24.043+0000] {processor.py:914} INFO - Processing file /opt/airflow/dags/exemplos/example_distributed_3.py for tasks to queue
[2026-07-04T07:33:24.045+0000] {logging_mixin.py:190} INFO - [2026-07-04T07:33:24.044+0000] {dagbag.py:588} INFO - Filling up the DagBag from /opt/airflow/dags/exemplos/example_distributed_3.py
[2026-07-04T07:33:24.061+0000] {processor.py:925} INFO - DAG(s) 'example_distributed_celery_random_sleep' retrieved from /opt/airflow/dags/exemplos/example_distributed_3.py
[2026-07-04T07:33:24.105+0000] {logging_mixin.py:190} INFO - [2026-07-04T07:33:24.105+0000] {dag.py:3239} INFO - Sync 1 DAGs
[2026-07-04T07:33:24.125+0000] {logging_mixin.py:190} INFO - [2026-07-04T07:33:24.125+0000] {dag.py:4180} INFO - Setting next_dagrun for example_distributed_celery_random_sleep to None, run_after=None
[2026-07-04T07:33:24.155+0000] {processor.py:208} INFO - Processing /opt/airflow/dags/exemplos/example_distributed_3.py took 0.119 seconds
[2026-07-04T07:33:54.503+0000] {processor.py:186} INFO - Started process (PID=407) to work on /opt/airflow/dags/exemplos/example_distributed_3.py
[2026-07-04T07:33:54.505+0000] {processor.py:914} INFO - Processing file /opt/airflow/dags/exemplos/example_distributed_3.py for tasks to queue
[2026-07-04T07:33:54.507+0000] {logging_mixin.py:190} INFO - [2026-07-04T07:33:54.506+0000] {dagbag.py:588} INFO - Filling up the DagBag from /opt/airflow/dags/exemplos/example_distributed_3.py
[2026-07-04T07:33:54.524+0000] {processor.py:925} INFO - DAG(s) 'example_distributed_celery_random_sleep' retrieved from /opt/airflow/dags/exemplos/example_distributed_3.py
[2026-07-04T07:33:54.572+0000] {logging_mixin.py:190} INFO - [2026-07-04T07:33:54.572+0000] {dag.py:3239} INFO - Sync 1 DAGs
[2026-07-04T07:33:54.589+0000] {logging_mixin.py:190} INFO - [2026-07-04T07:33:54.589+0000] {dag.py:4180} INFO - Setting next_dagrun for example_distributed_celery_random_sleep to None, run_after=None
[2026-07-04T07:33:54.668+0000] {processor.py:208} INFO - Processing /opt/airflow/dags/exemplos/example_distributed_3.py took 0.173 seconds
[2026-07-04T07:34:24.939+0000] {processor.py:186} INFO - Started process (PID=418) to work on /opt/airflow/dags/exemplos/example_distributed_3.py
[2026-07-04T07:34:24.940+0000] {processor.py:914} INFO - Processing file /opt/airflow/dags/exemplos/example_distributed_3.py for tasks to queue
[2026-07-04T07:34:24.941+0000] {logging_mixin.py:190} INFO - [2026-07-04T07:34:24.940+0000] {dagbag.py:588} INFO - Filling up the DagBag from /opt/airflow/dags/exemplos/example_distributed_3.py
[2026-07-04T07:34:24.957+0000] {processor.py:925} INFO - DAG(s) 'example_distributed_celery_random_sleep' retrieved from /opt/airflow/dags/exemplos/example_distributed_3.py
[2026-07-04T07:34:25.021+0000] {logging_mixin.py:190} INFO - [2026-07-04T07:34:25.020+0000] {dag.py:3239} INFO - Sync 1 DAGs
[2026-07-04T07:34:25.041+0000] {logging_mixin.py:190} INFO - [2026-07-04T07:34:25.041+0000] {dag.py:4180} INFO - Setting next_dagrun for example_distributed_celery_random_sleep to None, run_after=None
[2026-07-04T07:34:25.080+0000] {processor.py:208} INFO - Processing /opt/airflow/dags/exemplos/example_distributed_3.py took 0.148 seconds
[2026-07-04T07:34:55.579+0000] {processor.py:186} INFO - Started process (PID=429) to work on /opt/airflow/dags/exemplos/example_distributed_3.py
[2026-07-04T07:34:55.581+0000] {processor.py:914} INFO - Processing file /opt/airflow/dags/exemplos/example_distributed_3.py for tasks to queue
[2026-07-04T07:34:55.582+0000] {logging_mixin.py:190} INFO - [2026-07-04T07:34:55.581+0000] {dagbag.py:588} INFO - Filling up the DagBag from /opt/airflow/dags/exemplos/example_distributed_3.py
[2026-07-04T07:34:55.595+0000] {processor.py:925} INFO - DAG(s) 'example_distributed_celery_random_sleep' retrieved from /opt/airflow/dags/exemplos/example_distributed_3.py
[2026-07-04T07:34:55.631+0000] {logging_mixin.py:190} INFO - [2026-07-04T07:34:55.631+0000] {dag.py:3239} INFO - Sync 1 DAGs
[2026-07-04T07:34:55.647+0000] {logging_mixin.py:190} INFO - [2026-07-04T07:34:55.646+0000] {dag.py:4180} INFO - Setting next_dagrun for example_distributed_celery_random_sleep to None, run_after=None
[2026-07-04T07:34:55.672+0000] {processor.py:208} INFO - Processing /opt/airflow/dags/exemplos/example_distributed_3.py took 0.099 seconds
[2026-07-04T07:35:26.599+0000] {processor.py:186} INFO - Started process (PID=441) to work on /opt/airflow/dags/exemplos/example_distributed_3.py
[2026-07-04T07:35:26.599+0000] {processor.py:914} INFO - Processing file /opt/airflow/dags/exemplos/example_distributed_3.py for tasks to queue
[2026-07-04T07:35:26.601+0000] {logging_mixin.py:190} INFO - [2026-07-04T07:35:26.600+0000] {dagbag.py:588} INFO - Filling up the DagBag from /opt/airflow/dags/exemplos/example_distributed_3.py
[2026-07-04T07:35:26.619+0000] {processor.py:925} INFO - DAG(s) 'example_distributed_celery_random_sleep' retrieved from /opt/airflow/dags/exemplos/example_distributed_3.py
[2026-07-04T07:35:26.703+0000] {logging_mixin.py:190} INFO - [2026-07-04T07:35:26.702+0000] {dag.py:3239} INFO - Sync 1 DAGs
[2026-07-04T07:35:26.722+0000] {logging_mixin.py:190} INFO - [2026-07-04T07:35:26.722+0000] {dag.py:4180} INFO - Setting next_dagrun for example_distributed_celery_random_sleep to None, run_after=None
[2026-07-04T07:35:26.749+0000] {processor.py:208} INFO - Processing /opt/airflow/dags/exemplos/example_distributed_3.py took 0.160 seconds
[2026-07-04T07:35:57.160+0000] {processor.py:186} INFO - Started process (PID=451) to work on /opt/airflow/dags/exemplos/example_distributed_3.py
[2026-07-04T07:35:57.195+0000] {processor.py:914} INFO - Processing file /opt/airflow/dags/exemplos/example_distributed_3.py for tasks to queue
[2026-07-04T07:35:57.197+0000] {logging_mixin.py:190} INFO - [2026-07-04T07:35:57.197+0000] {dagbag.py:588} INFO - Filling up the DagBag from /opt/airflow/dags/exemplos/example_distributed_3.py
[2026-07-04T07:35:57.239+0000] {processor.py:925} INFO - DAG(s) 'example_distributed_celery_random_sleep' retrieved from /opt/airflow/dags/exemplos/example_distributed_3.py
[2026-07-04T07:35:57.784+0000] {logging_mixin.py:190} INFO - [2026-07-04T07:35:57.783+0000] {dag.py:3239} INFO - Sync 1 DAGs
[2026-07-04T07:35:58.043+0000] {logging_mixin.py:190} INFO - [2026-07-04T07:35:58.043+0000] {dag.py:4180} INFO - Setting next_dagrun for example_distributed_celery_random_sleep to None, run_after=None
[2026-07-04T07:35:58.306+0000] {processor.py:208} INFO - Processing /opt/airflow/dags/exemplos/example_distributed_3.py took 1.222 seconds
[2026-07-04T07:36:29.468+0000] {processor.py:186} INFO - Started process (PID=456) to work on /opt/airflow/dags/exemplos/example_distributed_3.py
[2026-07-04T07:36:29.469+0000] {processor.py:914} INFO - Processing file /opt/airflow/dags/exemplos/example_distributed_3.py for tasks to queue
[2026-07-04T07:36:29.470+0000] {logging_mixin.py:190} INFO - [2026-07-04T07:36:29.470+0000] {dagbag.py:588} INFO - Filling up the DagBag from /opt/airflow/dags/exemplos/example_distributed_3.py
[2026-07-04T07:36:29.497+0000] {processor.py:925} INFO - DAG(s) 'example_distributed_celery_random_sleep' retrieved from /opt/airflow/dags/exemplos/example_distributed_3.py
[2026-07-04T07:36:29.742+0000] {logging_mixin.py:190} INFO - [2026-07-04T07:36:29.741+0000] {dag.py:3239} INFO - Sync 1 DAGs
[2026-07-04T07:36:29.790+0000] {logging_mixin.py:190} INFO - [2026-07-04T07:36:29.790+0000] {dag.py:4180} INFO - Setting next_dagrun for example_distributed_celery_random_sleep to None, run_after=None
[2026-07-04T07:36:29.863+0000] {processor.py:208} INFO - Processing /opt/airflow/dags/exemplos/example_distributed_3.py took 0.410 seconds
[2026-07-04T07:52:20.139+0000] {processor.py:186} INFO - Started process (PID=59) to work on /opt/airflow/dags/exemplos/example_distributed_3.py
[2026-07-04T07:52:20.214+0000] {processor.py:914} INFO - Processing file /opt/airflow/dags/exemplos/example_distributed_3.py for tasks to queue
[2026-07-04T07:52:20.216+0000] {logging_mixin.py:190} INFO - [2026-07-04T07:52:20.216+0000] {dagbag.py:588} INFO - Filling up the DagBag from /opt/airflow/dags/exemplos/example_distributed_3.py
[2026-07-04T07:52:20.227+0000] {processor.py:925} INFO - DAG(s) 'example_distributed_celery_random_sleep' retrieved from /opt/airflow/dags/exemplos/example_distributed_3.py
[2026-07-04T07:52:20.422+0000] {logging_mixin.py:190} INFO - [2026-07-04T07:52:20.422+0000] {dag.py:3239} INFO - Sync 1 DAGs
[2026-07-04T07:52:20.497+0000] {logging_mixin.py:190} INFO - [2026-07-04T07:52:20.497+0000] {dag.py:4180} INFO - Setting next_dagrun for example_distributed_celery_random_sleep to None, run_after=None
[2026-07-04T07:52:20.596+0000] {processor.py:208} INFO - Processing /opt/airflow/dags/exemplos/example_distributed_3.py took 0.464 seconds
[2026-07-04T07:52:52.970+0000] {processor.py:186} INFO - Started process (PID=70) to work on /opt/airflow/dags/exemplos/example_distributed_3.py
[2026-07-04T07:52:53.001+0000] {processor.py:914} INFO - Processing file /opt/airflow/dags/exemplos/example_distributed_3.py for tasks to queue
[2026-07-04T07:52:53.005+0000] {logging_mixin.py:190} INFO - [2026-07-04T07:52:53.004+0000] {dagbag.py:588} INFO - Filling up the DagBag from /opt/airflow/dags/exemplos/example_distributed_3.py
[2026-07-04T07:52:53.021+0000] {processor.py:925} INFO - DAG(s) 'example_distributed_celery_random_sleep' retrieved from /opt/airflow/dags/exemplos/example_distributed_3.py
[2026-07-04T07:52:53.176+0000] {logging_mixin.py:190} INFO - [2026-07-04T07:52:53.175+0000] {dag.py:3239} INFO - Sync 1 DAGs
[2026-07-04T07:52:53.217+0000] {logging_mixin.py:190} INFO - [2026-07-04T07:52:53.217+0000] {dag.py:4180} INFO - Setting next_dagrun for example_distributed_celery_random_sleep to None, run_after=None
[2026-07-04T07:52:54.263+0000] {processor.py:208} INFO - Processing /opt/airflow/dags/exemplos/example_distributed_3.py took 1.405 seconds
[2026-07-04T07:53:24.522+0000] {processor.py:186} INFO - Started process (PID=80) to work on /opt/airflow/dags/exemplos/example_distributed_3.py
[2026-07-04T07:53:24.549+0000] {processor.py:914} INFO - Processing file /opt/airflow/dags/exemplos/example_distributed_3.py for tasks to queue
[2026-07-04T07:53:24.566+0000] {logging_mixin.py:190} INFO - [2026-07-04T07:53:24.560+0000] {dagbag.py:588} INFO - Filling up the DagBag from /opt/airflow/dags/exemplos/example_distributed_3.py
[2026-07-04T07:53:24.589+0000] {processor.py:925} INFO - DAG(s) 'example_distributed_celery_random_sleep' retrieved from /opt/airflow/dags/exemplos/example_distributed_3.py
[2026-07-04T07:53:24.883+0000] {logging_mixin.py:190} INFO - [2026-07-04T07:53:24.882+0000] {dag.py:3239} INFO - Sync 1 DAGs
[2026-07-04T07:53:24.923+0000] {logging_mixin.py:190} INFO - [2026-07-04T07:53:24.922+0000] {dag.py:4180} INFO - Setting next_dagrun for example_distributed_celery_random_sleep to None, run_after=None
[2026-07-04T07:53:25.044+0000] {processor.py:208} INFO - Processing /opt/airflow/dags/exemplos/example_distributed_3.py took 0.530 seconds
[2026-07-04T07:54:47.721+0000] {processor.py:186} INFO - Started process (PID=90) to work on /opt/airflow/dags/exemplos/example_distributed_3.py
[2026-07-04T07:54:48.839+0000] {processor.py:914} INFO - Processing file /opt/airflow/dags/exemplos/example_distributed_3.py for tasks to queue
[2026-07-04T07:54:48.842+0000] {logging_mixin.py:190} INFO - [2026-07-04T07:54:48.842+0000] {dagbag.py:588} INFO - Filling up the DagBag from /opt/airflow/dags/exemplos/example_distributed_3.py
[2026-07-04T08:19:41.165+0000] {processor.py:186} INFO - Started process (PID=75) to work on /opt/airflow/dags/exemplos/example_distributed_3.py
[2026-07-04T08:19:41.335+0000] {processor.py:914} INFO - Processing file /opt/airflow/dags/exemplos/example_distributed_3.py for tasks to queue
[2026-07-04T08:19:41.338+0000] {logging_mixin.py:190} INFO - [2026-07-04T08:19:41.337+0000] {dagbag.py:588} INFO - Filling up the DagBag from /opt/airflow/dags/exemplos/example_distributed_3.py
[2026-07-04T08:19:41.353+0000] {processor.py:925} INFO - DAG(s) 'example_distributed_celery_random_sleep' retrieved from /opt/airflow/dags/exemplos/example_distributed_3.py
[2026-07-04T08:19:41.426+0000] {logging_mixin.py:190} INFO - [2026-07-04T08:19:41.426+0000] {dag.py:3239} INFO - Sync 1 DAGs
[2026-07-04T08:19:41.450+0000] {logging_mixin.py:190} INFO - [2026-07-04T08:19:41.449+0000] {dag.py:4180} INFO - Setting next_dagrun for example_distributed_celery_random_sleep to None, run_after=None
[2026-07-04T08:19:41.507+0000] {processor.py:208} INFO - Processing /opt/airflow/dags/exemplos/example_distributed_3.py took 0.350 seconds
[2026-07-04T08:20:28.889+0000] {processor.py:186} INFO - Started process (PID=85) to work on /opt/airflow/dags/exemplos/example_distributed_3.py
[2026-07-04T08:20:28.947+0000] {processor.py:914} INFO - Processing file /opt/airflow/dags/exemplos/example_distributed_3.py for tasks to queue
[2026-07-04T08:20:29.204+0000] {logging_mixin.py:190} INFO - [2026-07-04T08:20:29.203+0000] {dagbag.py:588} INFO - Filling up the DagBag from /opt/airflow/dags/exemplos/example_distributed_3.py
[2026-07-04T08:20:29.593+0000] {processor.py:925} INFO - DAG(s) 'example_distributed_celery_random_sleep' retrieved from /opt/airflow/dags/exemplos/example_distributed_3.py
[2026-07-04T08:20:29.860+0000] {logging_mixin.py:190} INFO - [2026-07-04T08:20:29.860+0000] {dag.py:3239} INFO - Sync 1 DAGs
[2026-07-04T08:20:30.021+0000] {logging_mixin.py:190} INFO - [2026-07-04T08:20:30.020+0000] {dag.py:4180} INFO - Setting next_dagrun for example_distributed_celery_random_sleep to None, run_after=None
[2026-07-04T08:20:30.571+0000] {processor.py:208} INFO - Processing /opt/airflow/dags/exemplos/example_distributed_3.py took 1.702 seconds
[2026-07-04T08:21:01.410+0000] {processor.py:186} INFO - Started process (PID=95) to work on /opt/airflow/dags/exemplos/example_distributed_3.py
[2026-07-04T08:21:01.414+0000] {processor.py:914} INFO - Processing file /opt/airflow/dags/exemplos/example_distributed_3.py for tasks to queue
[2026-07-04T08:21:01.417+0000] {logging_mixin.py:190} INFO - [2026-07-04T08:21:01.417+0000] {dagbag.py:588} INFO - Filling up the DagBag from /opt/airflow/dags/exemplos/example_distributed_3.py
[2026-07-04T08:21:01.430+0000] {processor.py:925} INFO - DAG(s) 'example_distributed_celery_random_sleep' retrieved from /opt/airflow/dags/exemplos/example_distributed_3.py
[2026-07-04T08:21:01.470+0000] {logging_mixin.py:190} INFO - [2026-07-04T08:21:01.470+0000] {dag.py:3239} INFO - Sync 1 DAGs
[2026-07-04T08:21:01.492+0000] {logging_mixin.py:190} INFO - [2026-07-04T08:21:01.491+0000] {dag.py:4180} INFO - Setting next_dagrun for example_distributed_celery_random_sleep to None, run_after=None
[2026-07-04T08:21:01.592+0000] {processor.py:208} INFO - Processing /opt/airflow/dags/exemplos/example_distributed_3.py took 0.189 seconds
[2026-07-04T08:21:32.192+0000] {processor.py:186} INFO - Started process (PID=103) to work on /opt/airflow/dags/exemplos/example_distributed_3.py
[2026-07-04T08:21:32.342+0000] {processor.py:914} INFO - Processing file /opt/airflow/dags/exemplos/example_distributed_3.py for tasks to queue
[2026-07-04T08:21:32.348+0000] {logging_mixin.py:190} INFO - [2026-07-04T08:21:32.347+0000] {dagbag.py:588} INFO - Filling up the DagBag from /opt/airflow/dags/exemplos/example_distributed_3.py
[2026-07-04T08:21:33.081+0000] {processor.py:925} INFO - DAG(s) 'example_distributed_celery_random_sleep' retrieved from /opt/airflow/dags/exemplos/example_distributed_3.py
[2026-07-04T08:21:34.754+0000] {logging_mixin.py:190} INFO - [2026-07-04T08:21:34.754+0000] {dag.py:3239} INFO - Sync 1 DAGs
[2026-07-04T08:21:35.831+0000] {logging_mixin.py:190} INFO - [2026-07-04T08:21:35.824+0000] {dag.py:4180} INFO - Setting next_dagrun for example_distributed_celery_random_sleep to None, run_after=None
[2026-07-04T08:21:37.646+0000] {processor.py:208} INFO - Processing /opt/airflow/dags/exemplos/example_distributed_3.py took 5.489 seconds
[2026-07-04T08:22:08.522+0000] {processor.py:186} INFO - Started process (PID=114) to work on /opt/airflow/dags/exemplos/example_distributed_3.py
[2026-07-04T08:22:08.572+0000] {processor.py:914} INFO - Processing file /opt/airflow/dags/exemplos/example_distributed_3.py for tasks to queue
[2026-07-04T08:22:08.655+0000] {logging_mixin.py:190} INFO - [2026-07-04T08:22:08.623+0000] {dagbag.py:588} INFO - Filling up the DagBag from /opt/airflow/dags/exemplos/example_distributed_3.py
[2026-07-04T08:22:08.795+0000] {processor.py:925} INFO - DAG(s) 'example_distributed_celery_random_sleep' retrieved from /opt/airflow/dags/exemplos/example_distributed_3.py
[2026-07-04T08:22:09.001+0000] {logging_mixin.py:190} INFO - [2026-07-04T08:22:08.999+0000] {dag.py:3239} INFO - Sync 1 DAGs
[2026-07-04T08:22:09.445+0000] {logging_mixin.py:190} INFO - [2026-07-04T08:22:09.444+0000] {dag.py:4180} INFO - Setting next_dagrun for example_distributed_celery_random_sleep to None, run_after=None
[2026-07-04T08:22:10.065+0000] {processor.py:208} INFO - Processing /opt/airflow/dags/exemplos/example_distributed_3.py took 1.551 seconds
[2026-07-04T08:22:40.347+0000] {processor.py:186} INFO - Started process (PID=123) to work on /opt/airflow/dags/exemplos/example_distributed_3.py
[2026-07-04T08:22:40.348+0000] {processor.py:914} INFO - Processing file /opt/airflow/dags/exemplos/example_distributed_3.py for tasks to queue
[2026-07-04T08:22:40.351+0000] {logging_mixin.py:190} INFO - [2026-07-04T08:22:40.350+0000] {dagbag.py:588} INFO - Filling up the DagBag from /opt/airflow/dags/exemplos/example_distributed_3.py
[2026-07-04T08:22:40.369+0000] {processor.py:925} INFO - DAG(s) 'example_distributed_celery_random_sleep' retrieved from /opt/airflow/dags/exemplos/example_distributed_3.py
[2026-07-04T08:22:40.421+0000] {logging_mixin.py:190} INFO - [2026-07-04T08:22:40.420+0000] {dag.py:3239} INFO - Sync 1 DAGs
[2026-07-04T08:22:40.447+0000] {logging_mixin.py:190} INFO - [2026-07-04T08:22:40.446+0000] {dag.py:4180} INFO - Setting next_dagrun for example_distributed_celery_random_sleep to None, run_after=None
[2026-07-04T08:22:40.534+0000] {processor.py:208} INFO - Processing /opt/airflow/dags/exemplos/example_distributed_3.py took 0.197 seconds
[2026-07-04T08:23:11.128+0000] {processor.py:186} INFO - Started process (PID=127) to work on /opt/airflow/dags/exemplos/example_distributed_3.py
[2026-07-04T08:23:11.657+0000] {processor.py:914} INFO - Processing file /opt/airflow/dags/exemplos/example_distributed_3.py for tasks to queue
[2026-07-04T08:23:11.659+0000] {logging_mixin.py:190} INFO - [2026-07-04T08:23:11.659+0000] {dagbag.py:588} INFO - Filling up the DagBag from /opt/airflow/dags/exemplos/example_distributed_3.py
[2026-07-04T08:23:11.677+0000] {processor.py:925} INFO - DAG(s) 'example_distributed_celery_random_sleep' retrieved from /opt/airflow/dags/exemplos/example_distributed_3.py
[2026-07-04T08:23:11.746+0000] {logging_mixin.py:190} INFO - [2026-07-04T08:23:11.736+0000] {dag.py:3239} INFO - Sync 1 DAGs
[2026-07-04T08:23:11.775+0000] {logging_mixin.py:190} INFO - [2026-07-04T08:23:11.775+0000] {dag.py:4180} INFO - Setting next_dagrun for example_distributed_celery_random_sleep to None, run_after=None
[2026-07-04T08:23:12.344+0000] {processor.py:208} INFO - Processing /opt/airflow/dags/exemplos/example_distributed_3.py took 1.224 seconds
[2026-07-04T08:23:42.528+0000] {processor.py:186} INFO - Started process (PID=138) to work on /opt/airflow/dags/exemplos/example_distributed_3.py
[2026-07-04T08:23:42.531+0000] {processor.py:914} INFO - Processing file /opt/airflow/dags/exemplos/example_distributed_3.py for tasks to queue
[2026-07-04T08:23:42.536+0000] {logging_mixin.py:190} INFO - [2026-07-04T08:23:42.536+0000] {dagbag.py:588} INFO - Filling up the DagBag from /opt/airflow/dags/exemplos/example_distributed_3.py
[2026-07-04T08:23:42.560+0000] {processor.py:925} INFO - DAG(s) 'example_distributed_celery_random_sleep' retrieved from /opt/airflow/dags/exemplos/example_distributed_3.py
[2026-07-04T08:23:42.617+0000] {logging_mixin.py:190} INFO - [2026-07-04T08:23:42.617+0000] {dag.py:3239} INFO - Sync 1 DAGs
[2026-07-04T08:23:42.838+0000] {logging_mixin.py:190} INFO - [2026-07-04T08:23:42.838+0000] {dag.py:4180} INFO - Setting next_dagrun for example_distributed_celery_random_sleep to None, run_after=None
[2026-07-04T08:23:43.252+0000] {processor.py:208} INFO - Processing /opt/airflow/dags/exemplos/example_distributed_3.py took 0.733 seconds
[2026-07-04T08:24:13.604+0000] {processor.py:186} INFO - Started process (PID=149) to work on /opt/airflow/dags/exemplos/example_distributed_3.py
[2026-07-04T08:24:13.605+0000] {processor.py:914} INFO - Processing file /opt/airflow/dags/exemplos/example_distributed_3.py for tasks to queue
[2026-07-04T08:24:13.607+0000] {logging_mixin.py:190} INFO - [2026-07-04T08:24:13.607+0000] {dagbag.py:588} INFO - Filling up the DagBag from /opt/airflow/dags/exemplos/example_distributed_3.py
[2026-07-04T08:24:13.623+0000] {processor.py:925} INFO - DAG(s) 'example_distributed_celery_random_sleep' retrieved from /opt/airflow/dags/exemplos/example_distributed_3.py
[2026-07-04T08:24:13.663+0000] {logging_mixin.py:190} INFO - [2026-07-04T08:24:13.663+0000] {dag.py:3239} INFO - Sync 1 DAGs
[2026-07-04T08:24:13.690+0000] {logging_mixin.py:190} INFO - [2026-07-04T08:24:13.689+0000] {dag.py:4180} INFO - Setting next_dagrun for example_distributed_celery_random_sleep to None, run_after=None
[2026-07-04T08:24:13.722+0000] {processor.py:208} INFO - Processing /opt/airflow/dags/exemplos/example_distributed_3.py took 0.133 seconds
[2026-07-04T08:24:44.140+0000] {processor.py:186} INFO - Started process (PID=160) to work on /opt/airflow/dags/exemplos/example_distributed_3.py
[2026-07-04T08:24:44.141+0000] {processor.py:914} INFO - Processing file /opt/airflow/dags/exemplos/example_distributed_3.py for tasks to queue
[2026-07-04T08:24:44.146+0000] {logging_mixin.py:190} INFO - [2026-07-04T08:24:44.146+0000] {dagbag.py:588} INFO - Filling up the DagBag from /opt/airflow/dags/exemplos/example_distributed_3.py
[2026-07-04T08:24:44.162+0000] {processor.py:925} INFO - DAG(s) 'example_distributed_celery_random_sleep' retrieved from /opt/airflow/dags/exemplos/example_distributed_3.py
[2026-07-04T08:24:44.208+0000] {logging_mixin.py:190} INFO - [2026-07-04T08:24:44.207+0000] {dag.py:3239} INFO - Sync 1 DAGs
[2026-07-04T08:24:44.231+0000] {logging_mixin.py:190} INFO - [2026-07-04T08:24:44.230+0000] {dag.py:4180} INFO - Setting next_dagrun for example_distributed_celery_random_sleep to None, run_after=None
[2026-07-04T08:24:44.266+0000] {processor.py:208} INFO - Processing /opt/airflow/dags/exemplos/example_distributed_3.py took 0.133 seconds
[2026-07-04T08:25:14.742+0000] {processor.py:186} INFO - Started process (PID=171) to work on /opt/airflow/dags/exemplos/example_distributed_3.py
[2026-07-04T08:25:14.743+0000] {processor.py:914} INFO - Processing file /opt/airflow/dags/exemplos/example_distributed_3.py for tasks to queue
[2026-07-04T08:25:14.748+0000] {logging_mixin.py:190} INFO - [2026-07-04T08:25:14.746+0000] {dagbag.py:588} INFO - Filling up the DagBag from /opt/airflow/dags/exemplos/example_distributed_3.py
[2026-07-04T08:25:14.763+0000] {processor.py:925} INFO - DAG(s) 'example_distributed_celery_random_sleep' retrieved from /opt/airflow/dags/exemplos/example_distributed_3.py
[2026-07-04T08:25:14.804+0000] {logging_mixin.py:190} INFO - [2026-07-04T08:25:14.804+0000] {dag.py:3239} INFO - Sync 1 DAGs
[2026-07-04T08:25:14.828+0000] {logging_mixin.py:190} INFO - [2026-07-04T08:25:14.828+0000] {dag.py:4180} INFO - Setting next_dagrun for example_distributed_celery_random_sleep to None, run_after=None
[2026-07-04T08:25:15.078+0000] {processor.py:208} INFO - Processing /opt/airflow/dags/exemplos/example_distributed_3.py took 0.346 seconds
[2026-07-04T08:25:45.419+0000] {processor.py:186} INFO - Started process (PID=183) to work on /opt/airflow/dags/exemplos/example_distributed_3.py
[2026-07-04T08:25:45.421+0000] {processor.py:914} INFO - Processing file /opt/airflow/dags/exemplos/example_distributed_3.py for tasks to queue
[2026-07-04T08:25:45.423+0000] {logging_mixin.py:190} INFO - [2026-07-04T08:25:45.423+0000] {dagbag.py:588} INFO - Filling up the DagBag from /opt/airflow/dags/exemplos/example_distributed_3.py
[2026-07-04T08:25:45.438+0000] {processor.py:925} INFO - DAG(s) 'example_distributed_celery_random_sleep' retrieved from /opt/airflow/dags/exemplos/example_distributed_3.py
[2026-07-04T08:25:45.769+0000] {logging_mixin.py:190} INFO - [2026-07-04T08:25:45.769+0000] {dag.py:3239} INFO - Sync 1 DAGs
[2026-07-04T08:25:45.788+0000] {logging_mixin.py:190} INFO - [2026-07-04T08:25:45.787+0000] {dag.py:4180} INFO - Setting next_dagrun for example_distributed_celery_random_sleep to None, run_after=None
[2026-07-04T08:25:45.817+0000] {processor.py:208} INFO - Processing /opt/airflow/dags/exemplos/example_distributed_3.py took 0.412 seconds
[2026-07-04T08:26:16.512+0000] {processor.py:186} INFO - Started process (PID=194) to work on /opt/airflow/dags/exemplos/example_distributed_3.py
[2026-07-04T08:26:16.581+0000] {processor.py:914} INFO - Processing file /opt/airflow/dags/exemplos/example_distributed_3.py for tasks to queue
[2026-07-04T08:26:16.584+0000] {logging_mixin.py:190} INFO - [2026-07-04T08:26:16.583+0000] {dagbag.py:588} INFO - Filling up the DagBag from /opt/airflow/dags/exemplos/example_distributed_3.py
[2026-07-04T08:26:16.832+0000] {processor.py:925} INFO - DAG(s) 'example_distributed_celery_random_sleep' retrieved from /opt/airflow/dags/exemplos/example_distributed_3.py
[2026-07-04T08:26:16.905+0000] {logging_mixin.py:190} INFO - [2026-07-04T08:26:16.905+0000] {dag.py:3239} INFO - Sync 1 DAGs
[2026-07-04T08:26:16.924+0000] {logging_mixin.py:190} INFO - [2026-07-04T08:26:16.924+0000] {dag.py:4180} INFO - Setting next_dagrun for example_distributed_celery_random_sleep to None, run_after=None
[2026-07-04T08:26:16.948+0000] {processor.py:208} INFO - Processing /opt/airflow/dags/exemplos/example_distributed_3.py took 0.442 seconds
[2026-07-04T08:26:47.534+0000] {processor.py:186} INFO - Started process (PID=206) to work on /opt/airflow/dags/exemplos/example_distributed_3.py
[2026-07-04T08:26:47.535+0000] {processor.py:914} INFO - Processing file /opt/airflow/dags/exemplos/example_distributed_3.py for tasks to queue
[2026-07-04T08:26:47.542+0000] {logging_mixin.py:190} INFO - [2026-07-04T08:26:47.539+0000] {dagbag.py:588} INFO - Filling up the DagBag from /opt/airflow/dags/exemplos/example_distributed_3.py
[2026-07-04T08:26:47.559+0000] {processor.py:925} INFO - DAG(s) 'example_distributed_celery_random_sleep' retrieved from /opt/airflow/dags/exemplos/example_distributed_3.py
[2026-07-04T08:26:47.631+0000] {logging_mixin.py:190} INFO - [2026-07-04T08:26:47.630+0000] {dag.py:3239} INFO - Sync 1 DAGs
[2026-07-04T08:26:47.648+0000] {logging_mixin.py:190} INFO - [2026-07-04T08:26:47.648+0000] {dag.py:4180} INFO - Setting next_dagrun for example_distributed_celery_random_sleep to None, run_after=None
[2026-07-04T08:26:47.694+0000] {processor.py:208} INFO - Processing /opt/airflow/dags/exemplos/example_distributed_3.py took 0.173 seconds
[2026-07-04T08:27:18.077+0000] {processor.py:186} INFO - Started process (PID=216) to work on /opt/airflow/dags/exemplos/example_distributed_3.py
[2026-07-04T08:27:18.105+0000] {processor.py:914} INFO - Processing file /opt/airflow/dags/exemplos/example_distributed_3.py for tasks to queue
[2026-07-04T08:27:18.109+0000] {logging_mixin.py:190} INFO - [2026-07-04T08:27:18.109+0000] {dagbag.py:588} INFO - Filling up the DagBag from /opt/airflow/dags/exemplos/example_distributed_3.py
[2026-07-04T08:27:18.129+0000] {processor.py:925} INFO - DAG(s) 'example_distributed_celery_random_sleep' retrieved from /opt/airflow/dags/exemplos/example_distributed_3.py
[2026-07-04T08:27:18.205+0000] {logging_mixin.py:190} INFO - [2026-07-04T08:27:18.205+0000] {dag.py:3239} INFO - Sync 1 DAGs
[2026-07-04T08:27:18.245+0000] {logging_mixin.py:190} INFO - [2026-07-04T08:27:18.245+0000] {dag.py:4180} INFO - Setting next_dagrun for example_distributed_celery_random_sleep to None, run_after=None
[2026-07-04T08:27:18.311+0000] {processor.py:208} INFO - Processing /opt/airflow/dags/exemplos/example_distributed_3.py took 0.244 seconds
[2026-07-04T08:27:48.865+0000] {processor.py:186} INFO - Started process (PID=221) to work on /opt/airflow/dags/exemplos/example_distributed_3.py
[2026-07-04T08:27:48.866+0000] {processor.py:914} INFO - Processing file /opt/airflow/dags/exemplos/example_distributed_3.py for tasks to queue
[2026-07-04T08:27:48.870+0000] {logging_mixin.py:190} INFO - [2026-07-04T08:27:48.870+0000] {dagbag.py:588} INFO - Filling up the DagBag from /opt/airflow/dags/exemplos/example_distributed_3.py
[2026-07-04T08:27:48.892+0000] {processor.py:925} INFO - DAG(s) 'example_distributed_celery_random_sleep' retrieved from /opt/airflow/dags/exemplos/example_distributed_3.py
[2026-07-04T08:27:48.955+0000] {logging_mixin.py:190} INFO - [2026-07-04T08:27:48.954+0000] {dag.py:3239} INFO - Sync 1 DAGs
[2026-07-04T08:27:48.991+0000] {logging_mixin.py:190} INFO - [2026-07-04T08:27:48.988+0000] {dag.py:4180} INFO - Setting next_dagrun for example_distributed_celery_random_sleep to None, run_after=None
[2026-07-04T08:27:49.045+0000] {processor.py:208} INFO - Processing /opt/airflow/dags/exemplos/example_distributed_3.py took 0.193 seconds
[2026-07-04T08:28:19.585+0000] {processor.py:186} INFO - Started process (PID=232) to work on /opt/airflow/dags/exemplos/example_distributed_3.py
[2026-07-04T08:28:19.607+0000] {processor.py:914} INFO - Processing file /opt/airflow/dags/exemplos/example_distributed_3.py for tasks to queue
[2026-07-04T08:28:19.610+0000] {logging_mixin.py:190} INFO - [2026-07-04T08:28:19.610+0000] {dagbag.py:588} INFO - Filling up the DagBag from /opt/airflow/dags/exemplos/example_distributed_3.py
[2026-07-04T08:28:19.632+0000] {processor.py:925} INFO - DAG(s) 'example_distributed_celery_random_sleep' retrieved from /opt/airflow/dags/exemplos/example_distributed_3.py
[2026-07-04T08:28:19.726+0000] {logging_mixin.py:190} INFO - [2026-07-04T08:28:19.726+0000] {dag.py:3239} INFO - Sync 1 DAGs
[2026-07-04T08:28:19.742+0000] {logging_mixin.py:190} INFO - [2026-07-04T08:28:19.741+0000] {dag.py:4180} INFO - Setting next_dagrun for example_distributed_celery_random_sleep to None, run_after=None
[2026-07-04T08:28:20.107+0000] {processor.py:208} INFO - Processing /opt/airflow/dags/exemplos/example_distributed_3.py took 0.546 seconds
[2026-07-04T08:28:50.323+0000] {processor.py:186} INFO - Started process (PID=244) to work on /opt/airflow/dags/exemplos/example_distributed_3.py
[2026-07-04T08:28:50.330+0000] {processor.py:914} INFO - Processing file /opt/airflow/dags/exemplos/example_distributed_3.py for tasks to queue
[2026-07-04T08:28:50.334+0000] {logging_mixin.py:190} INFO - [2026-07-04T08:28:50.333+0000] {dagbag.py:588} INFO - Filling up the DagBag from /opt/airflow/dags/exemplos/example_distributed_3.py
[2026-07-04T08:28:50.363+0000] {processor.py:925} INFO - DAG(s) 'example_distributed_celery_random_sleep' retrieved from /opt/airflow/dags/exemplos/example_distributed_3.py
[2026-07-04T08:28:50.435+0000] {logging_mixin.py:190} INFO - [2026-07-04T08:28:50.435+0000] {dag.py:3239} INFO - Sync 1 DAGs
[2026-07-04T08:28:50.459+0000] {logging_mixin.py:190} INFO - [2026-07-04T08:28:50.459+0000] {dag.py:4180} INFO - Setting next_dagrun for example_distributed_celery_random_sleep to None, run_after=None
[2026-07-04T08:28:51.156+0000] {processor.py:208} INFO - Processing /opt/airflow/dags/exemplos/example_distributed_3.py took 0.845 seconds
[2026-07-04T08:29:21.822+0000] {processor.py:186} INFO - Started process (PID=255) to work on /opt/airflow/dags/exemplos/example_distributed_3.py
[2026-07-04T08:29:21.857+0000] {processor.py:914} INFO - Processing file /opt/airflow/dags/exemplos/example_distributed_3.py for tasks to queue
[2026-07-04T08:29:21.862+0000] {logging_mixin.py:190} INFO - [2026-07-04T08:29:21.861+0000] {dagbag.py:588} INFO - Filling up the DagBag from /opt/airflow/dags/exemplos/example_distributed_3.py
[2026-07-04T08:29:21.929+0000] {processor.py:925} INFO - DAG(s) 'example_distributed_celery_random_sleep' retrieved from /opt/airflow/dags/exemplos/example_distributed_3.py
[2026-07-04T08:29:22.011+0000] {logging_mixin.py:190} INFO - [2026-07-04T08:29:22.011+0000] {dag.py:3239} INFO - Sync 1 DAGs
[2026-07-04T08:29:22.033+0000] {logging_mixin.py:190} INFO - [2026-07-04T08:29:22.032+0000] {dag.py:4180} INFO - Setting next_dagrun for example_distributed_celery_random_sleep to None, run_after=None
[2026-07-04T08:29:22.667+0000] {processor.py:208} INFO - Processing /opt/airflow/dags/exemplos/example_distributed_3.py took 0.860 seconds
[2026-07-04T08:29:53.319+0000] {processor.py:186} INFO - Started process (PID=265) to work on /opt/airflow/dags/exemplos/example_distributed_3.py
[2026-07-04T08:29:53.343+0000] {processor.py:914} INFO - Processing file /opt/airflow/dags/exemplos/example_distributed_3.py for tasks to queue
[2026-07-04T08:29:53.349+0000] {logging_mixin.py:190} INFO - [2026-07-04T08:29:53.348+0000] {dagbag.py:588} INFO - Filling up the DagBag from /opt/airflow/dags/exemplos/example_distributed_3.py
[2026-07-04T08:29:53.396+0000] {processor.py:925} INFO - DAG(s) 'example_distributed_celery_random_sleep' retrieved from /opt/airflow/dags/exemplos/example_distributed_3.py
[2026-07-04T08:29:53.498+0000] {logging_mixin.py:190} INFO - [2026-07-04T08:29:53.498+0000] {dag.py:3239} INFO - Sync 1 DAGs
[2026-07-04T08:29:53.526+0000] {logging_mixin.py:190} INFO - [2026-07-04T08:29:53.526+0000] {dag.py:4180} INFO - Setting next_dagrun for example_distributed_celery_random_sleep to None, run_after=None
[2026-07-04T08:29:53.564+0000] {processor.py:208} INFO - Processing /opt/airflow/dags/exemplos/example_distributed_3.py took 0.262 seconds
[2026-07-04T08:30:23.858+0000] {processor.py:186} INFO - Started process (PID=277) to work on /opt/airflow/dags/exemplos/example_distributed_3.py
[2026-07-04T08:30:23.860+0000] {processor.py:914} INFO - Processing file /opt/airflow/dags/exemplos/example_distributed_3.py for tasks to queue
[2026-07-04T08:30:23.865+0000] {logging_mixin.py:190} INFO - [2026-07-04T08:30:23.865+0000] {dagbag.py:588} INFO - Filling up the DagBag from /opt/airflow/dags/exemplos/example_distributed_3.py
[2026-07-04T08:30:23.893+0000] {processor.py:925} INFO - DAG(s) 'example_distributed_celery_random_sleep' retrieved from /opt/airflow/dags/exemplos/example_distributed_3.py
[2026-07-04T08:30:23.965+0000] {logging_mixin.py:190} INFO - [2026-07-04T08:30:23.964+0000] {dag.py:3239} INFO - Sync 1 DAGs
[2026-07-04T08:30:23.990+0000] {logging_mixin.py:190} INFO - [2026-07-04T08:30:23.990+0000] {dag.py:4180} INFO - Setting next_dagrun for example_distributed_celery_random_sleep to None, run_after=None
[2026-07-04T08:30:24.135+0000] {processor.py:208} INFO - Processing /opt/airflow/dags/exemplos/example_distributed_3.py took 0.289 seconds
[2026-07-04T08:30:54.370+0000] {processor.py:186} INFO - Started process (PID=287) to work on /opt/airflow/dags/exemplos/example_distributed_3.py
[2026-07-04T08:30:54.394+0000] {processor.py:914} INFO - Processing file /opt/airflow/dags/exemplos/example_distributed_3.py for tasks to queue
[2026-07-04T08:30:54.398+0000] {logging_mixin.py:190} INFO - [2026-07-04T08:30:54.398+0000] {dagbag.py:588} INFO - Filling up the DagBag from /opt/airflow/dags/exemplos/example_distributed_3.py
[2026-07-04T08:30:54.419+0000] {processor.py:925} INFO - DAG(s) 'example_distributed_celery_random_sleep' retrieved from /opt/airflow/dags/exemplos/example_distributed_3.py
[2026-07-04T08:30:54.482+0000] {logging_mixin.py:190} INFO - [2026-07-04T08:30:54.482+0000] {dag.py:3239} INFO - Sync 1 DAGs
[2026-07-04T08:30:54.504+0000] {logging_mixin.py:190} INFO - [2026-07-04T08:30:54.503+0000] {dag.py:4180} INFO - Setting next_dagrun for example_distributed_celery_random_sleep to None, run_after=None
[2026-07-04T08:30:54.545+0000] {processor.py:208} INFO - Processing /opt/airflow/dags/exemplos/example_distributed_3.py took 0.189 seconds
[2026-07-04T08:31:24.934+0000] {processor.py:186} INFO - Started process (PID=298) to work on /opt/airflow/dags/exemplos/example_distributed_3.py
[2026-07-04T08:31:24.940+0000] {processor.py:914} INFO - Processing file /opt/airflow/dags/exemplos/example_distributed_3.py for tasks to queue
[2026-07-04T08:31:24.946+0000] {logging_mixin.py:190} INFO - [2026-07-04T08:31:24.945+0000] {dagbag.py:588} INFO - Filling up the DagBag from /opt/airflow/dags/exemplos/example_distributed_3.py
[2026-07-04T08:31:24.985+0000] {processor.py:925} INFO - DAG(s) 'example_distributed_celery_random_sleep' retrieved from /opt/airflow/dags/exemplos/example_distributed_3.py
[2026-07-04T08:31:25.103+0000] {logging_mixin.py:190} INFO - [2026-07-04T08:31:25.103+0000] {dag.py:3239} INFO - Sync 1 DAGs
[2026-07-04T08:31:25.152+0000] {logging_mixin.py:190} INFO - [2026-07-04T08:31:25.151+0000] {dag.py:4180} INFO - Setting next_dagrun for example_distributed_celery_random_sleep to None, run_after=None
[2026-07-04T08:31:25.222+0000] {processor.py:208} INFO - Processing /opt/airflow/dags/exemplos/example_distributed_3.py took 0.305 seconds
[2026-07-04T08:31:55.355+0000] {processor.py:186} INFO - Started process (PID=302) to work on /opt/airflow/dags/exemplos/example_distributed_3.py
[2026-07-04T08:31:55.356+0000] {processor.py:914} INFO - Processing file /opt/airflow/dags/exemplos/example_distributed_3.py for tasks to queue
[2026-07-04T08:31:55.360+0000] {logging_mixin.py:190} INFO - [2026-07-04T08:31:55.359+0000] {dagbag.py:588} INFO - Filling up the DagBag from /opt/airflow/dags/exemplos/example_distributed_3.py
[2026-07-04T08:31:55.382+0000] {processor.py:925} INFO - DAG(s) 'example_distributed_celery_random_sleep' retrieved from /opt/airflow/dags/exemplos/example_distributed_3.py
[2026-07-04T08:31:55.441+0000] {logging_mixin.py:190} INFO - [2026-07-04T08:31:55.441+0000] {dag.py:3239} INFO - Sync 1 DAGs
[2026-07-04T08:31:55.467+0000] {logging_mixin.py:190} INFO - [2026-07-04T08:31:55.467+0000] {dag.py:4180} INFO - Setting next_dagrun for example_distributed_celery_random_sleep to None, run_after=None
[2026-07-04T08:31:55.546+0000] {processor.py:208} INFO - Processing /opt/airflow/dags/exemplos/example_distributed_3.py took 0.218 seconds
[2026-07-04T08:37:42.276+0000] {processor.py:186} INFO - Started process (PID=68) to work on /opt/airflow/dags/exemplos/example_distributed_3.py
[2026-07-04T08:37:42.298+0000] {processor.py:914} INFO - Processing file /opt/airflow/dags/exemplos/example_distributed_3.py for tasks to queue
[2026-07-04T08:37:42.301+0000] {logging_mixin.py:190} INFO - [2026-07-04T08:37:42.301+0000] {dagbag.py:588} INFO - Filling up the DagBag from /opt/airflow/dags/exemplos/example_distributed_3.py
[2026-07-04T08:37:42.324+0000] {processor.py:925} INFO - DAG(s) 'example_distributed_celery_random_sleep' retrieved from /opt/airflow/dags/exemplos/example_distributed_3.py
[2026-07-04T08:37:42.404+0000] {logging_mixin.py:190} INFO - [2026-07-04T08:37:42.404+0000] {dag.py:3239} INFO - Sync 1 DAGs
[2026-07-04T08:37:42.426+0000] {logging_mixin.py:190} INFO - [2026-07-04T08:37:42.425+0000] {dag.py:4180} INFO - Setting next_dagrun for example_distributed_celery_random_sleep to None, run_after=None
[2026-07-04T08:37:42.474+0000] {processor.py:208} INFO - Processing /opt/airflow/dags/exemplos/example_distributed_3.py took 0.211 seconds
[2026-07-04T08:38:13.600+0000] {processor.py:186} INFO - Started process (PID=78) to work on /opt/airflow/dags/exemplos/example_distributed_3.py
[2026-07-04T08:38:13.651+0000] {processor.py:914} INFO - Processing file /opt/airflow/dags/exemplos/example_distributed_3.py for tasks to queue
[2026-07-04T08:38:13.655+0000] {logging_mixin.py:190} INFO - [2026-07-04T08:38:13.655+0000] {dagbag.py:588} INFO - Filling up the DagBag from /opt/airflow/dags/exemplos/example_distributed_3.py
[2026-07-04T08:38:13.697+0000] {processor.py:925} INFO - DAG(s) 'example_distributed_celery_random_sleep' retrieved from /opt/airflow/dags/exemplos/example_distributed_3.py
[2026-07-04T08:38:13.754+0000] {logging_mixin.py:190} INFO - [2026-07-04T08:38:13.754+0000] {dag.py:3239} INFO - Sync 1 DAGs
[2026-07-04T08:38:13.775+0000] {logging_mixin.py:190} INFO - [2026-07-04T08:38:13.774+0000] {dag.py:4180} INFO - Setting next_dagrun for example_distributed_celery_random_sleep to None, run_after=None
[2026-07-04T08:38:13.801+0000] {processor.py:208} INFO - Processing /opt/airflow/dags/exemplos/example_distributed_3.py took 0.214 seconds
[2026-07-04T08:38:44.647+0000] {processor.py:186} INFO - Started process (PID=88) to work on /opt/airflow/dags/exemplos/example_distributed_3.py
[2026-07-04T08:38:44.651+0000] {processor.py:914} INFO - Processing file /opt/airflow/dags/exemplos/example_distributed_3.py for tasks to queue
[2026-07-04T08:38:44.654+0000] {logging_mixin.py:190} INFO - [2026-07-04T08:38:44.654+0000] {dagbag.py:588} INFO - Filling up the DagBag from /opt/airflow/dags/exemplos/example_distributed_3.py
[2026-07-04T08:38:44.679+0000] {processor.py:925} INFO - DAG(s) 'example_distributed_celery_random_sleep' retrieved from /opt/airflow/dags/exemplos/example_distributed_3.py
[2026-07-04T08:38:44.794+0000] {logging_mixin.py:190} INFO - [2026-07-04T08:38:44.793+0000] {dag.py:3239} INFO - Sync 1 DAGs
[2026-07-04T08:38:44.817+0000] {logging_mixin.py:190} INFO - [2026-07-04T08:38:44.816+0000] {dag.py:4180} INFO - Setting next_dagrun for example_distributed_celery_random_sleep to None, run_after=None
[2026-07-04T08:38:44.998+0000] {processor.py:208} INFO - Processing /opt/airflow/dags/exemplos/example_distributed_3.py took 0.375 seconds
[2026-07-04T08:39:15.563+0000] {processor.py:186} INFO - Started process (PID=98) to work on /opt/airflow/dags/exemplos/example_distributed_3.py
[2026-07-04T08:39:15.564+0000] {processor.py:914} INFO - Processing file /opt/airflow/dags/exemplos/example_distributed_3.py for tasks to queue
[2026-07-04T08:39:15.572+0000] {logging_mixin.py:190} INFO - [2026-07-04T08:39:15.571+0000] {dagbag.py:588} INFO - Filling up the DagBag from /opt/airflow/dags/exemplos/example_distributed_3.py
[2026-07-04T08:39:15.589+0000] {processor.py:925} INFO - DAG(s) 'example_distributed_celery_random_sleep' retrieved from /opt/airflow/dags/exemplos/example_distributed_3.py
[2026-07-04T08:39:15.659+0000] {logging_mixin.py:190} INFO - [2026-07-04T08:39:15.659+0000] {dag.py:3239} INFO - Sync 1 DAGs
[2026-07-04T08:39:15.690+0000] {logging_mixin.py:190} INFO - [2026-07-04T08:39:15.689+0000] {dag.py:4180} INFO - Setting next_dagrun for example_distributed_celery_random_sleep to None, run_after=None
[2026-07-04T08:39:15.755+0000] {processor.py:208} INFO - Processing /opt/airflow/dags/exemplos/example_distributed_3.py took 0.202 seconds
[2026-07-04T08:39:46.366+0000] {processor.py:186} INFO - Started process (PID=102) to work on /opt/airflow/dags/exemplos/example_distributed_3.py
[2026-07-04T08:39:46.370+0000] {processor.py:914} INFO - Processing file /opt/airflow/dags/exemplos/example_distributed_3.py for tasks to queue
[2026-07-04T08:39:46.375+0000] {logging_mixin.py:190} INFO - [2026-07-04T08:39:46.375+0000] {dagbag.py:588} INFO - Filling up the DagBag from /opt/airflow/dags/exemplos/example_distributed_3.py
[2026-07-04T08:39:46.399+0000] {processor.py:925} INFO - DAG(s) 'example_distributed_celery_random_sleep' retrieved from /opt/airflow/dags/exemplos/example_distributed_3.py
[2026-07-04T08:39:46.470+0000] {logging_mixin.py:190} INFO - [2026-07-04T08:39:46.470+0000] {dag.py:3239} INFO - Sync 1 DAGs
[2026-07-04T08:39:46.487+0000] {logging_mixin.py:190} INFO - [2026-07-04T08:39:46.487+0000] {dag.py:4180} INFO - Setting next_dagrun for example_distributed_celery_random_sleep to None, run_after=None
[2026-07-04T08:39:46.521+0000] {processor.py:208} INFO - Processing /opt/airflow/dags/exemplos/example_distributed_3.py took 0.164 seconds
[2026-07-04T08:40:20.548+0000] {processor.py:186} INFO - Started process (PID=113) to work on /opt/airflow/dags/exemplos/example_distributed_3.py
[2026-07-04T08:40:20.597+0000] {processor.py:914} INFO - Processing file /opt/airflow/dags/exemplos/example_distributed_3.py for tasks to queue
[2026-07-04T08:40:20.601+0000] {logging_mixin.py:190} INFO - [2026-07-04T08:40:20.600+0000] {dagbag.py:588} INFO - Filling up the DagBag from /opt/airflow/dags/exemplos/example_distributed_3.py
[2026-07-04T08:40:20.653+0000] {processor.py:925} INFO - DAG(s) 'example_distributed_celery_random_sleep' retrieved from /opt/airflow/dags/exemplos/example_distributed_3.py
[2026-07-04T08:40:20.883+0000] {logging_mixin.py:190} INFO - [2026-07-04T08:40:20.882+0000] {dag.py:3239} INFO - Sync 1 DAGs
[2026-07-04T08:40:21.097+0000] {logging_mixin.py:190} INFO - [2026-07-04T08:40:21.096+0000] {dag.py:4180} INFO - Setting next_dagrun for example_distributed_celery_random_sleep to None, run_after=None
[2026-07-04T08:40:21.389+0000] {processor.py:208} INFO - Processing /opt/airflow/dags/exemplos/example_distributed_3.py took 1.006 seconds
[2026-07-04T08:40:59.660+0000] {processor.py:186} INFO - Started process (PID=123) to work on /opt/airflow/dags/exemplos/example_distributed_3.py
[2026-07-04T08:40:59.671+0000] {processor.py:914} INFO - Processing file /opt/airflow/dags/exemplos/example_distributed_3.py for tasks to queue
[2026-07-04T08:40:59.681+0000] {logging_mixin.py:190} INFO - [2026-07-04T08:40:59.681+0000] {dagbag.py:588} INFO - Filling up the DagBag from /opt/airflow/dags/exemplos/example_distributed_3.py
[2026-07-04T08:40:59.714+0000] {processor.py:925} INFO - DAG(s) 'example_distributed_celery_random_sleep' retrieved from /opt/airflow/dags/exemplos/example_distributed_3.py
[2026-07-04T08:40:59.785+0000] {logging_mixin.py:190} INFO - [2026-07-04T08:40:59.784+0000] {dag.py:3239} INFO - Sync 1 DAGs
[2026-07-04T08:40:59.824+0000] {logging_mixin.py:190} INFO - [2026-07-04T08:40:59.823+0000] {dag.py:4180} INFO - Setting next_dagrun for example_distributed_celery_random_sleep to None, run_after=None
[2026-07-04T08:40:59.963+0000] {processor.py:208} INFO - Processing /opt/airflow/dags/exemplos/example_distributed_3.py took 0.332 seconds
[2026-07-04T08:41:30.469+0000] {processor.py:186} INFO - Started process (PID=132) to work on /opt/airflow/dags/exemplos/example_distributed_3.py
[2026-07-04T08:41:31.270+0000] {processor.py:914} INFO - Processing file /opt/airflow/dags/exemplos/example_distributed_3.py for tasks to queue
[2026-07-04T08:41:31.275+0000] {logging_mixin.py:190} INFO - [2026-07-04T08:41:31.274+0000] {dagbag.py:588} INFO - Filling up the DagBag from /opt/airflow/dags/exemplos/example_distributed_3.py
[2026-07-04T08:41:32.305+0000] {processor.py:925} INFO - DAG(s) 'example_distributed_celery_random_sleep' retrieved from /opt/airflow/dags/exemplos/example_distributed_3.py
[2026-07-04T08:41:38.282+0000] {logging_mixin.py:190} INFO - [2026-07-04T08:41:38.281+0000] {dag.py:3239} INFO - Sync 1 DAGs
[2026-07-04T08:41:49.689+0000] {logging_mixin.py:190} INFO - [2026-07-04T08:41:49.688+0000] {dag.py:4180} INFO - Setting next_dagrun for example_distributed_celery_random_sleep to None, run_after=None
[2026-07-04T08:41:50.802+0000] {processor.py:208} INFO - Processing /opt/airflow/dags/exemplos/example_distributed_3.py took 20.345 seconds
[2026-07-04T08:42:21.692+0000] {processor.py:186} INFO - Started process (PID=142) to work on /opt/airflow/dags/exemplos/example_distributed_3.py
[2026-07-04T08:42:21.729+0000] {processor.py:914} INFO - Processing file /opt/airflow/dags/exemplos/example_distributed_3.py for tasks to queue
[2026-07-04T08:42:21.738+0000] {logging_mixin.py:190} INFO - [2026-07-04T08:42:21.737+0000] {dagbag.py:588} INFO - Filling up the DagBag from /opt/airflow/dags/exemplos/example_distributed_3.py
[2026-07-04T08:42:21.814+0000] {processor.py:925} INFO - DAG(s) 'example_distributed_celery_random_sleep' retrieved from /opt/airflow/dags/exemplos/example_distributed_3.py
[2026-07-04T08:42:21.927+0000] {logging_mixin.py:190} INFO - [2026-07-04T08:42:21.927+0000] {dag.py:3239} INFO - Sync 1 DAGs
[2026-07-04T08:42:21.954+0000] {logging_mixin.py:190} INFO - [2026-07-04T08:42:21.954+0000] {dag.py:4180} INFO - Setting next_dagrun for example_distributed_celery_random_sleep to None, run_after=None
[2026-07-04T08:42:22.084+0000] {processor.py:208} INFO - Processing /opt/airflow/dags/exemplos/example_distributed_3.py took 0.407 seconds
[2026-07-04T08:42:52.519+0000] {processor.py:186} INFO - Started process (PID=152) to work on /opt/airflow/dags/exemplos/example_distributed_3.py
[2026-07-04T08:42:52.520+0000] {processor.py:914} INFO - Processing file /opt/airflow/dags/exemplos/example_distributed_3.py for tasks to queue
[2026-07-04T08:42:52.523+0000] {logging_mixin.py:190} INFO - [2026-07-04T08:42:52.522+0000] {dagbag.py:588} INFO - Filling up the DagBag from /opt/airflow/dags/exemplos/example_distributed_3.py
[2026-07-04T08:42:52.549+0000] {processor.py:925} INFO - DAG(s) 'example_distributed_celery_random_sleep' retrieved from /opt/airflow/dags/exemplos/example_distributed_3.py
[2026-07-04T08:42:52.617+0000] {logging_mixin.py:190} INFO - [2026-07-04T08:42:52.616+0000] {dag.py:3239} INFO - Sync 1 DAGs
[2026-07-04T08:42:52.645+0000] {logging_mixin.py:190} INFO - [2026-07-04T08:42:52.644+0000] {dag.py:4180} INFO - Setting next_dagrun for example_distributed_celery_random_sleep to None, run_after=None
[2026-07-04T08:42:52.844+0000] {processor.py:208} INFO - Processing /opt/airflow/dags/exemplos/example_distributed_3.py took 0.335 seconds
[2026-07-04T08:43:23.307+0000] {processor.py:186} INFO - Started process (PID=162) to work on /opt/airflow/dags/exemplos/example_distributed_3.py
[2026-07-04T08:43:23.391+0000] {processor.py:914} INFO - Processing file /opt/airflow/dags/exemplos/example_distributed_3.py for tasks to queue
[2026-07-04T08:43:23.408+0000] {logging_mixin.py:190} INFO - [2026-07-04T08:43:23.400+0000] {dagbag.py:588} INFO - Filling up the DagBag from /opt/airflow/dags/exemplos/example_distributed_3.py
[2026-07-04T08:43:23.452+0000] {processor.py:925} INFO - DAG(s) 'example_distributed_celery_random_sleep' retrieved from /opt/airflow/dags/exemplos/example_distributed_3.py
[2026-07-04T08:43:23.551+0000] {logging_mixin.py:190} INFO - [2026-07-04T08:43:23.550+0000] {dag.py:3239} INFO - Sync 1 DAGs
[2026-07-04T08:43:23.578+0000] {logging_mixin.py:190} INFO - [2026-07-04T08:43:23.577+0000] {dag.py:4180} INFO - Setting next_dagrun for example_distributed_celery_random_sleep to None, run_after=None
[2026-07-04T08:43:24.044+0000] {processor.py:208} INFO - Processing /opt/airflow/dags/exemplos/example_distributed_3.py took 0.754 seconds
[2026-07-04T08:45:23.192+0000] {processor.py:186} INFO - Started process (PID=167) to work on /opt/airflow/dags/exemplos/example_distributed_3.py
[2026-07-04T08:45:23.485+0000] {processor.py:914} INFO - Processing file /opt/airflow/dags/exemplos/example_distributed_3.py for tasks to queue
[2026-07-04T08:45:24.183+0000] {logging_mixin.py:190} INFO - [2026-07-04T08:45:23.488+0000] {dagbag.py:588} INFO - Filling up the DagBag from /opt/airflow/dags/exemplos/example_distributed_3.py
[2026-07-04T08:45:48.056+0000] {processor.py:925} INFO - DAG(s) 'example_distributed_celery_random_sleep' retrieved from /opt/airflow/dags/exemplos/example_distributed_3.py
[2026-07-04T09:18:31.129+0000] {processor.py:186} INFO - Started process (PID=75) to work on /opt/airflow/dags/exemplos/example_distributed_3.py
[2026-07-04T09:18:31.763+0000] {processor.py:914} INFO - Processing file /opt/airflow/dags/exemplos/example_distributed_3.py for tasks to queue
[2026-07-04T09:18:31.768+0000] {logging_mixin.py:190} INFO - [2026-07-04T09:18:31.767+0000] {dagbag.py:588} INFO - Filling up the DagBag from /opt/airflow/dags/exemplos/example_distributed_3.py
[2026-07-04T09:18:31.779+0000] {processor.py:925} INFO - DAG(s) 'example_distributed_celery_random_sleep' retrieved from /opt/airflow/dags/exemplos/example_distributed_3.py
[2026-07-04T09:18:31.814+0000] {logging_mixin.py:190} INFO - [2026-07-04T09:18:31.814+0000] {dag.py:3239} INFO - Sync 1 DAGs
[2026-07-04T09:18:31.826+0000] {logging_mixin.py:190} INFO - [2026-07-04T09:18:31.826+0000] {dag.py:4180} INFO - Setting next_dagrun for example_distributed_celery_random_sleep to None, run_after=None
[2026-07-04T09:18:31.850+0000] {processor.py:208} INFO - Processing /opt/airflow/dags/exemplos/example_distributed_3.py took 0.727 seconds
[2026-07-04T09:19:02.372+0000] {processor.py:186} INFO - Started process (PID=86) to work on /opt/airflow/dags/exemplos/example_distributed_3.py
[2026-07-04T09:19:02.531+0000] {processor.py:914} INFO - Processing file /opt/airflow/dags/exemplos/example_distributed_3.py for tasks to queue
[2026-07-04T09:19:02.535+0000] {logging_mixin.py:190} INFO - [2026-07-04T09:19:02.535+0000] {dagbag.py:588} INFO - Filling up the DagBag from /opt/airflow/dags/exemplos/example_distributed_3.py
[2026-07-04T09:19:02.546+0000] {processor.py:925} INFO - DAG(s) 'example_distributed_celery_random_sleep' retrieved from /opt/airflow/dags/exemplos/example_distributed_3.py
[2026-07-04T09:19:02.583+0000] {logging_mixin.py:190} INFO - [2026-07-04T09:19:02.583+0000] {dag.py:3239} INFO - Sync 1 DAGs
[2026-07-04T09:19:02.596+0000] {logging_mixin.py:190} INFO - [2026-07-04T09:19:02.596+0000] {dag.py:4180} INFO - Setting next_dagrun for example_distributed_celery_random_sleep to None, run_after=None
[2026-07-04T09:19:02.618+0000] {processor.py:208} INFO - Processing /opt/airflow/dags/exemplos/example_distributed_3.py took 0.259 seconds
[2026-07-04T09:19:33.329+0000] {processor.py:186} INFO - Started process (PID=97) to work on /opt/airflow/dags/exemplos/example_distributed_3.py
[2026-07-04T09:19:33.331+0000] {processor.py:914} INFO - Processing file /opt/airflow/dags/exemplos/example_distributed_3.py for tasks to queue
[2026-07-04T09:19:33.332+0000] {logging_mixin.py:190} INFO - [2026-07-04T09:19:33.332+0000] {dagbag.py:588} INFO - Filling up the DagBag from /opt/airflow/dags/exemplos/example_distributed_3.py
[2026-07-04T09:19:33.343+0000] {processor.py:925} INFO - DAG(s) 'example_distributed_celery_random_sleep' retrieved from /opt/airflow/dags/exemplos/example_distributed_3.py
[2026-07-04T09:19:33.382+0000] {logging_mixin.py:190} INFO - [2026-07-04T09:19:33.382+0000] {dag.py:3239} INFO - Sync 1 DAGs
[2026-07-04T09:19:33.398+0000] {logging_mixin.py:190} INFO - [2026-07-04T09:19:33.397+0000] {dag.py:4180} INFO - Setting next_dagrun for example_distributed_celery_random_sleep to None, run_after=None
[2026-07-04T09:19:33.421+0000] {processor.py:208} INFO - Processing /opt/airflow/dags/exemplos/example_distributed_3.py took 0.098 seconds
[2026-07-04T09:20:03.440+0000] {processor.py:186} INFO - Started process (PID=108) to work on /opt/airflow/dags/exemplos/example_distributed_3.py
[2026-07-04T09:20:03.441+0000] {processor.py:914} INFO - Processing file /opt/airflow/dags/exemplos/example_distributed_3.py for tasks to queue
[2026-07-04T09:20:03.443+0000] {logging_mixin.py:190} INFO - [2026-07-04T09:20:03.443+0000] {dagbag.py:588} INFO - Filling up the DagBag from /opt/airflow/dags/exemplos/example_distributed_3.py
[2026-07-04T09:20:03.454+0000] {processor.py:925} INFO - DAG(s) 'example_distributed_celery_random_sleep' retrieved from /opt/airflow/dags/exemplos/example_distributed_3.py
[2026-07-04T09:20:03.487+0000] {logging_mixin.py:190} INFO - [2026-07-04T09:20:03.487+0000] {dag.py:3239} INFO - Sync 1 DAGs
[2026-07-04T09:20:03.499+0000] {logging_mixin.py:190} INFO - [2026-07-04T09:20:03.499+0000] {dag.py:4180} INFO - Setting next_dagrun for example_distributed_celery_random_sleep to None, run_after=None
[2026-07-04T09:20:03.521+0000] {processor.py:208} INFO - Processing /opt/airflow/dags/exemplos/example_distributed_3.py took 0.086 seconds
[2026-07-04T09:20:34.320+0000] {processor.py:186} INFO - Started process (PID=120) to work on /opt/airflow/dags/exemplos/example_distributed_3.py
[2026-07-04T09:20:34.322+0000] {processor.py:914} INFO - Processing file /opt/airflow/dags/exemplos/example_distributed_3.py for tasks to queue
[2026-07-04T09:20:34.324+0000] {logging_mixin.py:190} INFO - [2026-07-04T09:20:34.323+0000] {dagbag.py:588} INFO - Filling up the DagBag from /opt/airflow/dags/exemplos/example_distributed_3.py
[2026-07-04T09:20:34.335+0000] {processor.py:925} INFO - DAG(s) 'example_distributed_celery_random_sleep' retrieved from /opt/airflow/dags/exemplos/example_distributed_3.py
[2026-07-04T09:20:34.368+0000] {logging_mixin.py:190} INFO - [2026-07-04T09:20:34.368+0000] {dag.py:3239} INFO - Sync 1 DAGs
[2026-07-04T09:20:34.381+0000] {logging_mixin.py:190} INFO - [2026-07-04T09:20:34.381+0000] {dag.py:4180} INFO - Setting next_dagrun for example_distributed_celery_random_sleep to None, run_after=None
[2026-07-04T09:20:34.398+0000] {processor.py:208} INFO - Processing /opt/airflow/dags/exemplos/example_distributed_3.py took 0.083 seconds
[2026-07-04T09:21:05.206+0000] {processor.py:186} INFO - Started process (PID=131) to work on /opt/airflow/dags/exemplos/example_distributed_3.py
[2026-07-04T09:21:05.207+0000] {processor.py:914} INFO - Processing file /opt/airflow/dags/exemplos/example_distributed_3.py for tasks to queue
[2026-07-04T09:21:05.209+0000] {logging_mixin.py:190} INFO - [2026-07-04T09:21:05.209+0000] {dagbag.py:588} INFO - Filling up the DagBag from /opt/airflow/dags/exemplos/example_distributed_3.py
[2026-07-04T09:21:05.223+0000] {processor.py:925} INFO - DAG(s) 'example_distributed_celery_random_sleep' retrieved from /opt/airflow/dags/exemplos/example_distributed_3.py
[2026-07-04T09:21:05.259+0000] {logging_mixin.py:190} INFO - [2026-07-04T09:21:05.258+0000] {dag.py:3239} INFO - Sync 1 DAGs
[2026-07-04T09:21:05.273+0000] {logging_mixin.py:190} INFO - [2026-07-04T09:21:05.273+0000] {dag.py:4180} INFO - Setting next_dagrun for example_distributed_celery_random_sleep to None, run_after=None
[2026-07-04T09:21:05.296+0000] {processor.py:208} INFO - Processing /opt/airflow/dags/exemplos/example_distributed_3.py took 0.098 seconds
[2026-07-04T09:21:35.898+0000] {processor.py:186} INFO - Started process (PID=141) to work on /opt/airflow/dags/exemplos/example_distributed_3.py
[2026-07-04T09:21:35.902+0000] {processor.py:914} INFO - Processing file /opt/airflow/dags/exemplos/example_distributed_3.py for tasks to queue
[2026-07-04T09:21:35.904+0000] {logging_mixin.py:190} INFO - [2026-07-04T09:21:35.903+0000] {dagbag.py:588} INFO - Filling up the DagBag from /opt/airflow/dags/exemplos/example_distributed_3.py
[2026-07-04T09:21:35.916+0000] {processor.py:925} INFO - DAG(s) 'example_distributed_celery_random_sleep' retrieved from /opt/airflow/dags/exemplos/example_distributed_3.py
[2026-07-04T09:21:35.958+0000] {logging_mixin.py:190} INFO - [2026-07-04T09:21:35.957+0000] {dag.py:3239} INFO - Sync 1 DAGs
[2026-07-04T09:21:35.970+0000] {logging_mixin.py:190} INFO - [2026-07-04T09:21:35.970+0000] {dag.py:4180} INFO - Setting next_dagrun for example_distributed_celery_random_sleep to None, run_after=None
[2026-07-04T09:21:35.996+0000] {processor.py:208} INFO - Processing /opt/airflow/dags/exemplos/example_distributed_3.py took 0.104 seconds
[2026-07-04T09:22:07.067+0000] {processor.py:186} INFO - Started process (PID=146) to work on /opt/airflow/dags/exemplos/example_distributed_3.py
[2026-07-04T09:22:07.069+0000] {processor.py:914} INFO - Processing file /opt/airflow/dags/exemplos/example_distributed_3.py for tasks to queue
[2026-07-04T09:22:07.075+0000] {logging_mixin.py:190} INFO - [2026-07-04T09:22:07.075+0000] {dagbag.py:588} INFO - Filling up the DagBag from /opt/airflow/dags/exemplos/example_distributed_3.py
[2026-07-04T09:22:07.107+0000] {processor.py:925} INFO - DAG(s) 'example_distributed_celery_random_sleep' retrieved from /opt/airflow/dags/exemplos/example_distributed_3.py
[2026-07-04T09:22:07.196+0000] {logging_mixin.py:190} INFO - [2026-07-04T09:22:07.196+0000] {dag.py:3239} INFO - Sync 1 DAGs
[2026-07-04T09:22:07.431+0000] {logging_mixin.py:190} INFO - [2026-07-04T09:22:07.431+0000] {dag.py:4180} INFO - Setting next_dagrun for example_distributed_celery_random_sleep to None, run_after=None
[2026-07-04T09:22:07.471+0000] {processor.py:208} INFO - Processing /opt/airflow/dags/exemplos/example_distributed_3.py took 0.414 seconds
[2026-07-04T09:22:37.549+0000] {processor.py:186} INFO - Started process (PID=157) to work on /opt/airflow/dags/exemplos/example_distributed_3.py
[2026-07-04T09:22:37.550+0000] {processor.py:914} INFO - Processing file /opt/airflow/dags/exemplos/example_distributed_3.py for tasks to queue
[2026-07-04T09:22:37.552+0000] {logging_mixin.py:190} INFO - [2026-07-04T09:22:37.552+0000] {dagbag.py:588} INFO - Filling up the DagBag from /opt/airflow/dags/exemplos/example_distributed_3.py
[2026-07-04T09:22:37.578+0000] {processor.py:925} INFO - DAG(s) 'example_distributed_celery_random_sleep' retrieved from /opt/airflow/dags/exemplos/example_distributed_3.py
[2026-07-04T09:22:37.754+0000] {logging_mixin.py:190} INFO - [2026-07-04T09:22:37.753+0000] {dag.py:3239} INFO - Sync 1 DAGs
[2026-07-04T09:22:37.763+0000] {logging_mixin.py:190} INFO - [2026-07-04T09:22:37.763+0000] {dag.py:4180} INFO - Setting next_dagrun for example_distributed_celery_random_sleep to None, run_after=None
[2026-07-04T09:22:37.786+0000] {processor.py:208} INFO - Processing /opt/airflow/dags/exemplos/example_distributed_3.py took 0.243 seconds
[2026-07-04T09:23:10.294+0000] {processor.py:186} INFO - Started process (PID=168) to work on /opt/airflow/dags/exemplos/example_distributed_3.py
[2026-07-04T09:23:10.306+0000] {processor.py:914} INFO - Processing file /opt/airflow/dags/exemplos/example_distributed_3.py for tasks to queue
[2026-07-04T09:23:10.335+0000] {logging_mixin.py:190} INFO - [2026-07-04T09:23:10.334+0000] {dagbag.py:588} INFO - Filling up the DagBag from /opt/airflow/dags/exemplos/example_distributed_3.py
[2026-07-04T09:23:10.376+0000] {processor.py:925} INFO - DAG(s) 'example_distributed_celery_random_sleep' retrieved from /opt/airflow/dags/exemplos/example_distributed_3.py
[2026-07-04T09:23:10.419+0000] {logging_mixin.py:190} INFO - [2026-07-04T09:23:10.419+0000] {dag.py:3239} INFO - Sync 1 DAGs
[2026-07-04T09:23:10.436+0000] {logging_mixin.py:190} INFO - [2026-07-04T09:23:10.435+0000] {dag.py:4180} INFO - Setting next_dagrun for example_distributed_celery_random_sleep to None, run_after=None
[2026-07-04T09:23:10.460+0000] {processor.py:208} INFO - Processing /opt/airflow/dags/exemplos/example_distributed_3.py took 0.175 seconds
[2026-07-04T09:23:40.812+0000] {processor.py:186} INFO - Started process (PID=179) to work on /opt/airflow/dags/exemplos/example_distributed_3.py
[2026-07-04T09:23:40.814+0000] {processor.py:914} INFO - Processing file /opt/airflow/dags/exemplos/example_distributed_3.py for tasks to queue
[2026-07-04T09:23:40.816+0000] {logging_mixin.py:190} INFO - [2026-07-04T09:23:40.816+0000] {dagbag.py:588} INFO - Filling up the DagBag from /opt/airflow/dags/exemplos/example_distributed_3.py
[2026-07-04T09:23:40.830+0000] {processor.py:925} INFO - DAG(s) 'example_distributed_celery_random_sleep' retrieved from /opt/airflow/dags/exemplos/example_distributed_3.py
[2026-07-04T09:23:40.864+0000] {logging_mixin.py:190} INFO - [2026-07-04T09:23:40.863+0000] {dag.py:3239} INFO - Sync 1 DAGs
[2026-07-04T09:23:40.875+0000] {logging_mixin.py:190} INFO - [2026-07-04T09:23:40.875+0000] {dag.py:4180} INFO - Setting next_dagrun for example_distributed_celery_random_sleep to None, run_after=None
[2026-07-04T09:23:40.900+0000] {processor.py:208} INFO - Processing /opt/airflow/dags/exemplos/example_distributed_3.py took 0.094 seconds
[2026-07-04T09:24:11.575+0000] {processor.py:186} INFO - Started process (PID=191) to work on /opt/airflow/dags/exemplos/example_distributed_3.py
[2026-07-04T09:24:11.576+0000] {processor.py:914} INFO - Processing file /opt/airflow/dags/exemplos/example_distributed_3.py for tasks to queue
[2026-07-04T09:24:11.579+0000] {logging_mixin.py:190} INFO - [2026-07-04T09:24:11.578+0000] {dagbag.py:588} INFO - Filling up the DagBag from /opt/airflow/dags/exemplos/example_distributed_3.py
[2026-07-04T09:24:11.590+0000] {processor.py:925} INFO - DAG(s) 'example_distributed_celery_random_sleep' retrieved from /opt/airflow/dags/exemplos/example_distributed_3.py
[2026-07-04T09:24:11.626+0000] {logging_mixin.py:190} INFO - [2026-07-04T09:24:11.626+0000] {dag.py:3239} INFO - Sync 1 DAGs
[2026-07-04T09:24:11.774+0000] {logging_mixin.py:190} INFO - [2026-07-04T09:24:11.773+0000] {dag.py:4180} INFO - Setting next_dagrun for example_distributed_celery_random_sleep to None, run_after=None
[2026-07-04T09:24:11.815+0000] {processor.py:208} INFO - Processing /opt/airflow/dags/exemplos/example_distributed_3.py took 0.246 seconds
[2026-07-04T09:24:42.237+0000] {processor.py:186} INFO - Started process (PID=202) to work on /opt/airflow/dags/exemplos/example_distributed_3.py
[2026-07-04T09:24:42.239+0000] {processor.py:914} INFO - Processing file /opt/airflow/dags/exemplos/example_distributed_3.py for tasks to queue
[2026-07-04T09:24:42.241+0000] {logging_mixin.py:190} INFO - [2026-07-04T09:24:42.240+0000] {dagbag.py:588} INFO - Filling up the DagBag from /opt/airflow/dags/exemplos/example_distributed_3.py
[2026-07-04T09:24:42.252+0000] {processor.py:925} INFO - DAG(s) 'example_distributed_celery_random_sleep' retrieved from /opt/airflow/dags/exemplos/example_distributed_3.py
[2026-07-04T09:24:42.433+0000] {logging_mixin.py:190} INFO - [2026-07-04T09:24:42.432+0000] {dag.py:3239} INFO - Sync 1 DAGs
[2026-07-04T09:24:42.445+0000] {logging_mixin.py:190} INFO - [2026-07-04T09:24:42.444+0000] {dag.py:4180} INFO - Setting next_dagrun for example_distributed_celery_random_sleep to None, run_after=None
[2026-07-04T09:24:42.517+0000] {processor.py:208} INFO - Processing /opt/airflow/dags/exemplos/example_distributed_3.py took 0.286 seconds
[2026-07-04T09:25:13.340+0000] {processor.py:186} INFO - Started process (PID=213) to work on /opt/airflow/dags/exemplos/example_distributed_3.py
[2026-07-04T09:25:13.343+0000] {processor.py:914} INFO - Processing file /opt/airflow/dags/exemplos/example_distributed_3.py for tasks to queue
[2026-07-04T09:25:13.347+0000] {logging_mixin.py:190} INFO - [2026-07-04T09:25:13.347+0000] {dagbag.py:588} INFO - Filling up the DagBag from /opt/airflow/dags/exemplos/example_distributed_3.py
[2026-07-04T09:25:13.360+0000] {processor.py:925} INFO - DAG(s) 'example_distributed_celery_random_sleep' retrieved from /opt/airflow/dags/exemplos/example_distributed_3.py
[2026-07-04T09:25:13.399+0000] {logging_mixin.py:190} INFO - [2026-07-04T09:25:13.399+0000] {dag.py:3239} INFO - Sync 1 DAGs
[2026-07-04T09:25:13.412+0000] {logging_mixin.py:190} INFO - [2026-07-04T09:25:13.412+0000] {dag.py:4180} INFO - Setting next_dagrun for example_distributed_celery_random_sleep to None, run_after=None
[2026-07-04T09:25:13.437+0000] {processor.py:208} INFO - Processing /opt/airflow/dags/exemplos/example_distributed_3.py took 0.104 seconds
[2026-07-04T09:25:43.485+0000] {processor.py:186} INFO - Started process (PID=224) to work on /opt/airflow/dags/exemplos/example_distributed_3.py
[2026-07-04T09:25:43.487+0000] {processor.py:914} INFO - Processing file /opt/airflow/dags/exemplos/example_distributed_3.py for tasks to queue
[2026-07-04T09:25:43.491+0000] {logging_mixin.py:190} INFO - [2026-07-04T09:25:43.490+0000] {dagbag.py:588} INFO - Filling up the DagBag from /opt/airflow/dags/exemplos/example_distributed_3.py
[2026-07-04T09:25:43.506+0000] {processor.py:925} INFO - DAG(s) 'example_distributed_celery_random_sleep' retrieved from /opt/airflow/dags/exemplos/example_distributed_3.py
[2026-07-04T09:25:43.543+0000] {logging_mixin.py:190} INFO - [2026-07-04T09:25:43.543+0000] {dag.py:3239} INFO - Sync 1 DAGs
[2026-07-04T09:25:43.556+0000] {logging_mixin.py:190} INFO - [2026-07-04T09:25:43.556+0000] {dag.py:4180} INFO - Setting next_dagrun for example_distributed_celery_random_sleep to None, run_after=None
[2026-07-04T09:25:43.589+0000] {processor.py:208} INFO - Processing /opt/airflow/dags/exemplos/example_distributed_3.py took 0.111 seconds
[2026-07-04T09:26:14.490+0000] {processor.py:186} INFO - Started process (PID=235) to work on /opt/airflow/dags/exemplos/example_distributed_3.py
[2026-07-04T09:26:14.491+0000] {processor.py:914} INFO - Processing file /opt/airflow/dags/exemplos/example_distributed_3.py for tasks to queue
[2026-07-04T09:26:14.494+0000] {logging_mixin.py:190} INFO - [2026-07-04T09:26:14.494+0000] {dagbag.py:588} INFO - Filling up the DagBag from /opt/airflow/dags/exemplos/example_distributed_3.py
[2026-07-04T09:26:14.504+0000] {processor.py:925} INFO - DAG(s) 'example_distributed_celery_random_sleep' retrieved from /opt/airflow/dags/exemplos/example_distributed_3.py
[2026-07-04T09:26:14.539+0000] {logging_mixin.py:190} INFO - [2026-07-04T09:26:14.539+0000] {dag.py:3239} INFO - Sync 1 DAGs
[2026-07-04T09:26:14.691+0000] {logging_mixin.py:190} INFO - [2026-07-04T09:26:14.690+0000] {dag.py:4180} INFO - Setting next_dagrun for example_distributed_celery_random_sleep to None, run_after=None
[2026-07-04T09:26:14.731+0000] {processor.py:208} INFO - Processing /opt/airflow/dags/exemplos/example_distributed_3.py took 0.247 seconds
[2026-07-04T09:26:44.945+0000] {processor.py:186} INFO - Started process (PID=246) to work on /opt/airflow/dags/exemplos/example_distributed_3.py
[2026-07-04T09:26:44.947+0000] {processor.py:914} INFO - Processing file /opt/airflow/dags/exemplos/example_distributed_3.py for tasks to queue
[2026-07-04T09:26:44.949+0000] {logging_mixin.py:190} INFO - [2026-07-04T09:26:44.949+0000] {dagbag.py:588} INFO - Filling up the DagBag from /opt/airflow/dags/exemplos/example_distributed_3.py
[2026-07-04T09:26:44.962+0000] {processor.py:925} INFO - DAG(s) 'example_distributed_celery_random_sleep' retrieved from /opt/airflow/dags/exemplos/example_distributed_3.py
[2026-07-04T09:26:45.163+0000] {logging_mixin.py:190} INFO - [2026-07-04T09:26:45.163+0000] {dag.py:3239} INFO - Sync 1 DAGs
[2026-07-04T09:26:45.175+0000] {logging_mixin.py:190} INFO - [2026-07-04T09:26:45.175+0000] {dag.py:4180} INFO - Setting next_dagrun for example_distributed_celery_random_sleep to None, run_after=None
[2026-07-04T09:26:45.191+0000] {processor.py:208} INFO - Processing /opt/airflow/dags/exemplos/example_distributed_3.py took 0.251 seconds
[2026-07-04T09:27:15.732+0000] {processor.py:186} INFO - Started process (PID=257) to work on /opt/airflow/dags/exemplos/example_distributed_3.py
[2026-07-04T09:27:15.735+0000] {processor.py:914} INFO - Processing file /opt/airflow/dags/exemplos/example_distributed_3.py for tasks to queue
[2026-07-04T09:27:15.738+0000] {logging_mixin.py:190} INFO - [2026-07-04T09:27:15.737+0000] {dagbag.py:588} INFO - Filling up the DagBag from /opt/airflow/dags/exemplos/example_distributed_3.py
[2026-07-04T09:27:15.748+0000] {processor.py:925} INFO - DAG(s) 'example_distributed_celery_random_sleep' retrieved from /opt/airflow/dags/exemplos/example_distributed_3.py
[2026-07-04T09:27:15.783+0000] {logging_mixin.py:190} INFO - [2026-07-04T09:27:15.783+0000] {dag.py:3239} INFO - Sync 1 DAGs
[2026-07-04T09:27:15.795+0000] {logging_mixin.py:190} INFO - [2026-07-04T09:27:15.795+0000] {dag.py:4180} INFO - Setting next_dagrun for example_distributed_celery_random_sleep to None, run_after=None
[2026-07-04T09:27:15.828+0000] {processor.py:208} INFO - Processing /opt/airflow/dags/exemplos/example_distributed_3.py took 0.102 seconds
[2026-07-04T09:27:46.649+0000] {processor.py:186} INFO - Started process (PID=268) to work on /opt/airflow/dags/exemplos/example_distributed_3.py
[2026-07-04T09:27:46.651+0000] {processor.py:914} INFO - Processing file /opt/airflow/dags/exemplos/example_distributed_3.py for tasks to queue
[2026-07-04T09:27:46.653+0000] {logging_mixin.py:190} INFO - [2026-07-04T09:27:46.652+0000] {dagbag.py:588} INFO - Filling up the DagBag from /opt/airflow/dags/exemplos/example_distributed_3.py
[2026-07-04T09:27:46.665+0000] {processor.py:925} INFO - DAG(s) 'example_distributed_celery_random_sleep' retrieved from /opt/airflow/dags/exemplos/example_distributed_3.py
[2026-07-04T09:27:46.699+0000] {logging_mixin.py:190} INFO - [2026-07-04T09:27:46.699+0000] {dag.py:3239} INFO - Sync 1 DAGs
[2026-07-04T09:27:46.713+0000] {logging_mixin.py:190} INFO - [2026-07-04T09:27:46.712+0000] {dag.py:4180} INFO - Setting next_dagrun for example_distributed_celery_random_sleep to None, run_after=None
[2026-07-04T09:27:46.783+0000] {processor.py:208} INFO - Processing /opt/airflow/dags/exemplos/example_distributed_3.py took 0.139 seconds
[2026-07-04T09:28:17.328+0000] {processor.py:186} INFO - Started process (PID=278) to work on /opt/airflow/dags/exemplos/example_distributed_3.py
[2026-07-04T09:28:17.330+0000] {processor.py:914} INFO - Processing file /opt/airflow/dags/exemplos/example_distributed_3.py for tasks to queue
[2026-07-04T09:28:17.332+0000] {logging_mixin.py:190} INFO - [2026-07-04T09:28:17.332+0000] {dagbag.py:588} INFO - Filling up the DagBag from /opt/airflow/dags/exemplos/example_distributed_3.py
[2026-07-04T09:28:17.345+0000] {processor.py:925} INFO - DAG(s) 'example_distributed_celery_random_sleep' retrieved from /opt/airflow/dags/exemplos/example_distributed_3.py
[2026-07-04T09:28:17.383+0000] {logging_mixin.py:190} INFO - [2026-07-04T09:28:17.383+0000] {dag.py:3239} INFO - Sync 1 DAGs
[2026-07-04T09:28:17.548+0000] {logging_mixin.py:190} INFO - [2026-07-04T09:28:17.548+0000] {dag.py:4180} INFO - Setting next_dagrun for example_distributed_celery_random_sleep to None, run_after=None
[2026-07-04T09:28:17.622+0000] {processor.py:208} INFO - Processing /opt/airflow/dags/exemplos/example_distributed_3.py took 0.300 seconds
[2026-07-04T09:28:48.288+0000] {processor.py:186} INFO - Started process (PID=289) to work on /opt/airflow/dags/exemplos/example_distributed_3.py
[2026-07-04T09:28:48.290+0000] {processor.py:914} INFO - Processing file /opt/airflow/dags/exemplos/example_distributed_3.py for tasks to queue
[2026-07-04T09:28:48.292+0000] {logging_mixin.py:190} INFO - [2026-07-04T09:28:48.292+0000] {dagbag.py:588} INFO - Filling up the DagBag from /opt/airflow/dags/exemplos/example_distributed_3.py
[2026-07-04T09:28:48.305+0000] {processor.py:925} INFO - DAG(s) 'example_distributed_celery_random_sleep' retrieved from /opt/airflow/dags/exemplos/example_distributed_3.py
[2026-07-04T09:28:48.486+0000] {logging_mixin.py:190} INFO - [2026-07-04T09:28:48.486+0000] {dag.py:3239} INFO - Sync 1 DAGs
[2026-07-04T09:28:48.504+0000] {logging_mixin.py:190} INFO - [2026-07-04T09:28:48.504+0000] {dag.py:4180} INFO - Setting next_dagrun for example_distributed_celery_random_sleep to None, run_after=None
[2026-07-04T09:28:48.531+0000] {processor.py:208} INFO - Processing /opt/airflow/dags/exemplos/example_distributed_3.py took 0.248 seconds
[2026-07-04T09:29:19.063+0000] {processor.py:186} INFO - Started process (PID=300) to work on /opt/airflow/dags/exemplos/example_distributed_3.py
[2026-07-04T09:29:19.064+0000] {processor.py:914} INFO - Processing file /opt/airflow/dags/exemplos/example_distributed_3.py for tasks to queue
[2026-07-04T09:29:19.066+0000] {logging_mixin.py:190} INFO - [2026-07-04T09:29:19.066+0000] {dagbag.py:588} INFO - Filling up the DagBag from /opt/airflow/dags/exemplos/example_distributed_3.py
[2026-07-04T09:29:19.077+0000] {processor.py:925} INFO - DAG(s) 'example_distributed_celery_random_sleep' retrieved from /opt/airflow/dags/exemplos/example_distributed_3.py
[2026-07-04T09:29:19.114+0000] {logging_mixin.py:190} INFO - [2026-07-04T09:29:19.113+0000] {dag.py:3239} INFO - Sync 1 DAGs
[2026-07-04T09:29:19.129+0000] {logging_mixin.py:190} INFO - [2026-07-04T09:29:19.129+0000] {dag.py:4180} INFO - Setting next_dagrun for example_distributed_celery_random_sleep to None, run_after=None
[2026-07-04T09:29:19.185+0000] {processor.py:208} INFO - Processing /opt/airflow/dags/exemplos/example_distributed_3.py took 0.128 seconds
[2026-07-04T09:29:49.205+0000] {processor.py:186} INFO - Started process (PID=311) to work on /opt/airflow/dags/exemplos/example_distributed_3.py
[2026-07-04T09:29:49.206+0000] {processor.py:914} INFO - Processing file /opt/airflow/dags/exemplos/example_distributed_3.py for tasks to queue
[2026-07-04T09:29:49.208+0000] {logging_mixin.py:190} INFO - [2026-07-04T09:29:49.208+0000] {dagbag.py:588} INFO - Filling up the DagBag from /opt/airflow/dags/exemplos/example_distributed_3.py
[2026-07-04T09:29:49.218+0000] {processor.py:925} INFO - DAG(s) 'example_distributed_celery_random_sleep' retrieved from /opt/airflow/dags/exemplos/example_distributed_3.py
[2026-07-04T09:29:49.250+0000] {logging_mixin.py:190} INFO - [2026-07-04T09:29:49.250+0000] {dag.py:3239} INFO - Sync 1 DAGs
[2026-07-04T09:29:49.262+0000] {logging_mixin.py:190} INFO - [2026-07-04T09:29:49.262+0000] {dag.py:4180} INFO - Setting next_dagrun for example_distributed_celery_random_sleep to None, run_after=None
[2026-07-04T09:29:49.283+0000] {processor.py:208} INFO - Processing /opt/airflow/dags/exemplos/example_distributed_3.py took 0.084 seconds
[2026-07-04T09:30:19.931+0000] {processor.py:186} INFO - Started process (PID=322) to work on /opt/airflow/dags/exemplos/example_distributed_3.py
[2026-07-04T09:30:19.933+0000] {processor.py:914} INFO - Processing file /opt/airflow/dags/exemplos/example_distributed_3.py for tasks to queue
[2026-07-04T09:30:19.935+0000] {logging_mixin.py:190} INFO - [2026-07-04T09:30:19.935+0000] {dagbag.py:588} INFO - Filling up the DagBag from /opt/airflow/dags/exemplos/example_distributed_3.py
[2026-07-04T09:30:19.946+0000] {processor.py:925} INFO - DAG(s) 'example_distributed_celery_random_sleep' retrieved from /opt/airflow/dags/exemplos/example_distributed_3.py
[2026-07-04T09:30:19.981+0000] {logging_mixin.py:190} INFO - [2026-07-04T09:30:19.981+0000] {dag.py:3239} INFO - Sync 1 DAGs
[2026-07-04T09:30:20.145+0000] {logging_mixin.py:190} INFO - [2026-07-04T09:30:20.144+0000] {dag.py:4180} INFO - Setting next_dagrun for example_distributed_celery_random_sleep to None, run_after=None
[2026-07-04T09:30:20.168+0000] {processor.py:208} INFO - Processing /opt/airflow/dags/exemplos/example_distributed_3.py took 0.243 seconds
[2026-07-04T09:30:50.388+0000] {processor.py:186} INFO - Started process (PID=333) to work on /opt/airflow/dags/exemplos/example_distributed_3.py
[2026-07-04T09:30:50.390+0000] {processor.py:914} INFO - Processing file /opt/airflow/dags/exemplos/example_distributed_3.py for tasks to queue
[2026-07-04T09:30:50.392+0000] {logging_mixin.py:190} INFO - [2026-07-04T09:30:50.392+0000] {dagbag.py:588} INFO - Filling up the DagBag from /opt/airflow/dags/exemplos/example_distributed_3.py
[2026-07-04T09:30:50.402+0000] {processor.py:925} INFO - DAG(s) 'example_distributed_celery_random_sleep' retrieved from /opt/airflow/dags/exemplos/example_distributed_3.py
[2026-07-04T09:30:50.568+0000] {logging_mixin.py:190} INFO - [2026-07-04T09:30:50.568+0000] {dag.py:3239} INFO - Sync 1 DAGs
[2026-07-04T09:30:50.577+0000] {logging_mixin.py:190} INFO - [2026-07-04T09:30:50.577+0000] {dag.py:4180} INFO - Setting next_dagrun for example_distributed_celery_random_sleep to None, run_after=None
[2026-07-04T09:30:50.596+0000] {processor.py:208} INFO - Processing /opt/airflow/dags/exemplos/example_distributed_3.py took 0.213 seconds
[2026-07-04T09:31:20.827+0000] {processor.py:186} INFO - Started process (PID=344) to work on /opt/airflow/dags/exemplos/example_distributed_3.py
[2026-07-04T09:31:20.829+0000] {processor.py:914} INFO - Processing file /opt/airflow/dags/exemplos/example_distributed_3.py for tasks to queue
[2026-07-04T09:31:20.831+0000] {logging_mixin.py:190} INFO - [2026-07-04T09:31:20.831+0000] {dagbag.py:588} INFO - Filling up the DagBag from /opt/airflow/dags/exemplos/example_distributed_3.py
[2026-07-04T09:31:20.844+0000] {processor.py:925} INFO - DAG(s) 'example_distributed_celery_random_sleep' retrieved from /opt/airflow/dags/exemplos/example_distributed_3.py
[2026-07-04T09:31:20.883+0000] {logging_mixin.py:190} INFO - [2026-07-04T09:31:20.883+0000] {dag.py:3239} INFO - Sync 1 DAGs
[2026-07-04T09:31:20.903+0000] {logging_mixin.py:190} INFO - [2026-07-04T09:31:20.903+0000] {dag.py:4180} INFO - Setting next_dagrun for example_distributed_celery_random_sleep to None, run_after=None
[2026-07-04T09:31:20.930+0000] {processor.py:208} INFO - Processing /opt/airflow/dags/exemplos/example_distributed_3.py took 0.109 seconds
[2026-07-04T09:31:51.772+0000] {processor.py:186} INFO - Started process (PID=354) to work on /opt/airflow/dags/exemplos/example_distributed_3.py
[2026-07-04T09:31:51.774+0000] {processor.py:914} INFO - Processing file /opt/airflow/dags/exemplos/example_distributed_3.py for tasks to queue
[2026-07-04T09:31:51.777+0000] {logging_mixin.py:190} INFO - [2026-07-04T09:31:51.776+0000] {dagbag.py:588} INFO - Filling up the DagBag from /opt/airflow/dags/exemplos/example_distributed_3.py
[2026-07-04T09:31:51.788+0000] {processor.py:925} INFO - DAG(s) 'example_distributed_celery_random_sleep' retrieved from /opt/airflow/dags/exemplos/example_distributed_3.py
[2026-07-04T09:31:51.823+0000] {logging_mixin.py:190} INFO - [2026-07-04T09:31:51.823+0000] {dag.py:3239} INFO - Sync 1 DAGs
[2026-07-04T09:31:51.837+0000] {logging_mixin.py:190} INFO - [2026-07-04T09:31:51.836+0000] {dag.py:4180} INFO - Setting next_dagrun for example_distributed_celery_random_sleep to None, run_after=None
[2026-07-04T09:31:51.855+0000] {processor.py:208} INFO - Processing /opt/airflow/dags/exemplos/example_distributed_3.py took 0.088 seconds
[2026-07-04T09:32:22.841+0000] {processor.py:186} INFO - Started process (PID=359) to work on /opt/airflow/dags/exemplos/example_distributed_3.py
[2026-07-04T09:32:22.841+0000] {processor.py:914} INFO - Processing file /opt/airflow/dags/exemplos/example_distributed_3.py for tasks to queue
[2026-07-04T09:32:22.844+0000] {logging_mixin.py:190} INFO - [2026-07-04T09:32:22.844+0000] {dagbag.py:588} INFO - Filling up the DagBag from /opt/airflow/dags/exemplos/example_distributed_3.py
[2026-07-04T09:32:22.856+0000] {processor.py:925} INFO - DAG(s) 'example_distributed_celery_random_sleep' retrieved from /opt/airflow/dags/exemplos/example_distributed_3.py
[2026-07-04T09:32:22.892+0000] {logging_mixin.py:190} INFO - [2026-07-04T09:32:22.891+0000] {dag.py:3239} INFO - Sync 1 DAGs
[2026-07-04T09:32:23.061+0000] {logging_mixin.py:190} INFO - [2026-07-04T09:32:23.061+0000] {dag.py:4180} INFO - Setting next_dagrun for example_distributed_celery_random_sleep to None, run_after=None
[2026-07-04T09:32:23.090+0000] {processor.py:208} INFO - Processing /opt/airflow/dags/exemplos/example_distributed_3.py took 0.256 seconds
[2026-07-04T09:32:53.371+0000] {processor.py:186} INFO - Started process (PID=370) to work on /opt/airflow/dags/exemplos/example_distributed_3.py
[2026-07-04T09:32:53.374+0000] {processor.py:914} INFO - Processing file /opt/airflow/dags/exemplos/example_distributed_3.py for tasks to queue
[2026-07-04T09:32:53.376+0000] {logging_mixin.py:190} INFO - [2026-07-04T09:32:53.376+0000] {dagbag.py:588} INFO - Filling up the DagBag from /opt/airflow/dags/exemplos/example_distributed_3.py
[2026-07-04T09:32:53.387+0000] {processor.py:925} INFO - DAG(s) 'example_distributed_celery_random_sleep' retrieved from /opt/airflow/dags/exemplos/example_distributed_3.py
[2026-07-04T09:32:53.575+0000] {logging_mixin.py:190} INFO - [2026-07-04T09:32:53.575+0000] {dag.py:3239} INFO - Sync 1 DAGs
[2026-07-04T09:32:53.587+0000] {logging_mixin.py:190} INFO - [2026-07-04T09:32:53.587+0000] {dag.py:4180} INFO - Setting next_dagrun for example_distributed_celery_random_sleep to None, run_after=None
[2026-07-04T09:32:53.611+0000] {processor.py:208} INFO - Processing /opt/airflow/dags/exemplos/example_distributed_3.py took 0.246 seconds
[2026-07-04T09:33:24.374+0000] {processor.py:186} INFO - Started process (PID=382) to work on /opt/airflow/dags/exemplos/example_distributed_3.py
[2026-07-04T09:33:24.388+0000] {processor.py:914} INFO - Processing file /opt/airflow/dags/exemplos/example_distributed_3.py for tasks to queue
[2026-07-04T09:33:24.391+0000] {logging_mixin.py:190} INFO - [2026-07-04T09:33:24.390+0000] {dagbag.py:588} INFO - Filling up the DagBag from /opt/airflow/dags/exemplos/example_distributed_3.py
[2026-07-04T09:33:24.407+0000] {processor.py:925} INFO - DAG(s) 'example_distributed_celery_random_sleep' retrieved from /opt/airflow/dags/exemplos/example_distributed_3.py
[2026-07-04T09:33:24.446+0000] {logging_mixin.py:190} INFO - [2026-07-04T09:33:24.446+0000] {dag.py:3239} INFO - Sync 1 DAGs
[2026-07-04T09:33:24.460+0000] {logging_mixin.py:190} INFO - [2026-07-04T09:33:24.460+0000] {dag.py:4180} INFO - Setting next_dagrun for example_distributed_celery_random_sleep to None, run_after=None
[2026-07-04T09:33:24.569+0000] {processor.py:208} INFO - Processing /opt/airflow/dags/exemplos/example_distributed_3.py took 0.200 seconds
[2026-07-04T09:33:55.298+0000] {processor.py:186} INFO - Started process (PID=393) to work on /opt/airflow/dags/exemplos/example_distributed_3.py
[2026-07-04T09:33:55.302+0000] {processor.py:914} INFO - Processing file /opt/airflow/dags/exemplos/example_distributed_3.py for tasks to queue
[2026-07-04T09:33:55.306+0000] {logging_mixin.py:190} INFO - [2026-07-04T09:33:55.306+0000] {dagbag.py:588} INFO - Filling up the DagBag from /opt/airflow/dags/exemplos/example_distributed_3.py
[2026-07-04T09:33:55.332+0000] {processor.py:925} INFO - DAG(s) 'example_distributed_celery_random_sleep' retrieved from /opt/airflow/dags/exemplos/example_distributed_3.py
[2026-07-04T09:33:55.395+0000] {logging_mixin.py:190} INFO - [2026-07-04T09:33:55.394+0000] {dag.py:3239} INFO - Sync 1 DAGs
[2026-07-04T09:33:55.418+0000] {logging_mixin.py:190} INFO - [2026-07-04T09:33:55.417+0000] {dag.py:4180} INFO - Setting next_dagrun for example_distributed_celery_random_sleep to None, run_after=None
[2026-07-04T09:33:55.507+0000] {processor.py:208} INFO - Processing /opt/airflow/dags/exemplos/example_distributed_3.py took 0.228 seconds
[2026-07-04T09:34:26.409+0000] {processor.py:186} INFO - Started process (PID=404) to work on /opt/airflow/dags/exemplos/example_distributed_3.py
[2026-07-04T09:34:26.411+0000] {processor.py:914} INFO - Processing file /opt/airflow/dags/exemplos/example_distributed_3.py for tasks to queue
[2026-07-04T09:34:26.414+0000] {logging_mixin.py:190} INFO - [2026-07-04T09:34:26.414+0000] {dagbag.py:588} INFO - Filling up the DagBag from /opt/airflow/dags/exemplos/example_distributed_3.py
[2026-07-04T09:34:26.431+0000] {processor.py:925} INFO - DAG(s) 'example_distributed_celery_random_sleep' retrieved from /opt/airflow/dags/exemplos/example_distributed_3.py
[2026-07-04T09:34:26.476+0000] {logging_mixin.py:190} INFO - [2026-07-04T09:34:26.475+0000] {dag.py:3239} INFO - Sync 1 DAGs
[2026-07-04T09:34:26.642+0000] {logging_mixin.py:190} INFO - [2026-07-04T09:34:26.642+0000] {dag.py:4180} INFO - Setting next_dagrun for example_distributed_celery_random_sleep to None, run_after=None
[2026-07-04T09:34:26.694+0000] {processor.py:208} INFO - Processing /opt/airflow/dags/exemplos/example_distributed_3.py took 0.292 seconds
[2026-07-04T09:34:58.312+0000] {processor.py:186} INFO - Started process (PID=415) to work on /opt/airflow/dags/exemplos/example_distributed_3.py
[2026-07-04T09:34:58.347+0000] {processor.py:914} INFO - Processing file /opt/airflow/dags/exemplos/example_distributed_3.py for tasks to queue
[2026-07-04T09:34:58.349+0000] {logging_mixin.py:190} INFO - [2026-07-04T09:34:58.349+0000] {dagbag.py:588} INFO - Filling up the DagBag from /opt/airflow/dags/exemplos/example_distributed_3.py
[2026-07-04T09:34:58.362+0000] {processor.py:925} INFO - DAG(s) 'example_distributed_celery_random_sleep' retrieved from /opt/airflow/dags/exemplos/example_distributed_3.py
[2026-07-04T09:34:58.974+0000] {logging_mixin.py:190} INFO - [2026-07-04T09:34:58.968+0000] {dag.py:3239} INFO - Sync 1 DAGs
[2026-07-04T09:34:59.022+0000] {logging_mixin.py:190} INFO - [2026-07-04T09:34:59.018+0000] {dag.py:4180} INFO - Setting next_dagrun for example_distributed_celery_random_sleep to None, run_after=None
[2026-07-04T09:34:59.064+0000] {processor.py:208} INFO - Processing /opt/airflow/dags/exemplos/example_distributed_3.py took 0.761 seconds
[2026-07-04T09:36:35.459+0000] {processor.py:186} INFO - Started process (PID=432) to work on /opt/airflow/dags/exemplos/example_distributed_3.py
[2026-07-04T09:36:38.945+0000] {processor.py:914} INFO - Processing file /opt/airflow/dags/exemplos/example_distributed_3.py for tasks to queue
[2026-07-04T09:36:42.848+0000] {logging_mixin.py:190} INFO - [2026-07-04T09:36:41.640+0000] {dagbag.py:588} INFO - Filling up the DagBag from /opt/airflow/dags/exemplos/example_distributed_3.py
