[2026-07-04T06:29:11.690+0000] {processor.py:186} INFO - Started process (PID=131) to work on /opt/airflow/dags/exemplos/example_distributed.py
[2026-07-04T06:29:11.692+0000] {processor.py:914} INFO - Processing file /opt/airflow/dags/exemplos/example_distributed.py for tasks to queue
[2026-07-04T06:29:11.697+0000] {logging_mixin.py:190} INFO - [2026-07-04T06:29:11.696+0000] {dagbag.py:588} INFO - Filling up the DagBag from /opt/airflow/dags/exemplos/example_distributed.py
[2026-07-04T06:29:12.970+0000] {processor.py:925} INFO - DAG(s) 'example_distributed_celery' retrieved from /opt/airflow/dags/exemplos/example_distributed.py
[2026-07-04T06:29:57.833+0000] {logging_mixin.py:190} INFO - [2026-07-04T06:29:57.832+0000] {dag.py:3239} INFO - Sync 1 DAGs
[2026-07-04T06:29:59.773+0000] {logging_mixin.py:190} INFO - [2026-07-04T06:29:59.773+0000] {dag.py:4180} INFO - Setting next_dagrun for example_distributed_celery to None, run_after=None
[2026-07-04T06:30:01.925+0000] {processor.py:208} INFO - Processing /opt/airflow/dags/exemplos/example_distributed.py took 50.249 seconds
[2026-07-04T06:30:48.296+0000] {processor.py:186} INFO - Started process (PID=153) to work on /opt/airflow/dags/exemplos/example_distributed.py
[2026-07-04T06:30:48.322+0000] {processor.py:914} INFO - Processing file /opt/airflow/dags/exemplos/example_distributed.py for tasks to queue
[2026-07-04T06:30:48.325+0000] {logging_mixin.py:190} INFO - [2026-07-04T06:30:48.325+0000] {dagbag.py:588} INFO - Filling up the DagBag from /opt/airflow/dags/exemplos/example_distributed.py
[2026-07-04T06:30:53.010+0000] {processor.py:925} INFO - DAG(s) 'example_distributed_celery' retrieved from /opt/airflow/dags/exemplos/example_distributed.py
[2026-07-04T06:32:20.629+0000] {processor.py:186} INFO - Started process (PID=170) to work on /opt/airflow/dags/exemplos/example_distributed.py
[2026-07-04T06:32:21.316+0000] {processor.py:914} INFO - Processing file /opt/airflow/dags/exemplos/example_distributed.py for tasks to queue
[2026-07-04T06:32:21.810+0000] {logging_mixin.py:190} INFO - [2026-07-04T06:32:21.319+0000] {dagbag.py:588} INFO - Filling up the DagBag from /opt/airflow/dags/exemplos/example_distributed.py
[2026-07-04T06:32:27.631+0000] {processor.py:925} INFO - DAG(s) 'example_distributed_celery' retrieved from /opt/airflow/dags/exemplos/example_distributed.py
[2026-07-04T06:34:22.407+0000] {processor.py:186} INFO - Started process (PID=174) to work on /opt/airflow/dags/exemplos/example_distributed.py
[2026-07-04T06:34:24.495+0000] {processor.py:914} INFO - Processing file /opt/airflow/dags/exemplos/example_distributed.py for tasks to queue
[2026-07-04T06:34:27.329+0000] {logging_mixin.py:190} INFO - [2026-07-04T06:34:24.497+0000] {dagbag.py:588} INFO - Filling up the DagBag from /opt/airflow/dags/exemplos/example_distributed.py
[2026-07-04T06:59:57.282+0000] {processor.py:186} INFO - Started process (PID=69) to work on /opt/airflow/dags/exemplos/example_distributed.py
[2026-07-04T06:59:57.358+0000] {processor.py:914} INFO - Processing file /opt/airflow/dags/exemplos/example_distributed.py for tasks to queue
[2026-07-04T06:59:57.362+0000] {logging_mixin.py:190} INFO - [2026-07-04T06:59:57.361+0000] {dagbag.py:588} INFO - Filling up the DagBag from /opt/airflow/dags/exemplos/example_distributed.py
[2026-07-04T06:59:57.379+0000] {processor.py:925} INFO - DAG(s) 'example_distributed_celery' retrieved from /opt/airflow/dags/exemplos/example_distributed.py
[2026-07-04T06:59:57.591+0000] {logging_mixin.py:190} INFO - [2026-07-04T06:59:57.590+0000] {dag.py:3239} INFO - Sync 1 DAGs
[2026-07-04T06:59:57.612+0000] {logging_mixin.py:190} INFO - [2026-07-04T06:59:57.611+0000] {dag.py:4180} INFO - Setting next_dagrun for example_distributed_celery to None, run_after=None
[2026-07-04T06:59:57.665+0000] {processor.py:208} INFO - Processing /opt/airflow/dags/exemplos/example_distributed.py took 0.395 seconds
[2026-07-04T07:00:28.568+0000] {processor.py:186} INFO - Started process (PID=80) to work on /opt/airflow/dags/exemplos/example_distributed.py
[2026-07-04T07:00:28.628+0000] {processor.py:914} INFO - Processing file /opt/airflow/dags/exemplos/example_distributed.py for tasks to queue
[2026-07-04T07:00:28.631+0000] {logging_mixin.py:190} INFO - [2026-07-04T07:00:28.630+0000] {dagbag.py:588} INFO - Filling up the DagBag from /opt/airflow/dags/exemplos/example_distributed.py
[2026-07-04T07:00:28.648+0000] {processor.py:925} INFO - DAG(s) 'example_distributed_celery' retrieved from /opt/airflow/dags/exemplos/example_distributed.py
[2026-07-04T07:00:28.693+0000] {logging_mixin.py:190} INFO - [2026-07-04T07:00:28.693+0000] {dag.py:3239} INFO - Sync 1 DAGs
[2026-07-04T07:00:28.720+0000] {logging_mixin.py:190} INFO - [2026-07-04T07:00:28.720+0000] {dag.py:4180} INFO - Setting next_dagrun for example_distributed_celery to None, run_after=None
[2026-07-04T07:00:28.754+0000] {processor.py:208} INFO - Processing /opt/airflow/dags/exemplos/example_distributed.py took 0.193 seconds
[2026-07-04T07:00:59.350+0000] {processor.py:186} INFO - Started process (PID=91) to work on /opt/airflow/dags/exemplos/example_distributed.py
[2026-07-04T07:00:59.352+0000] {processor.py:914} INFO - Processing file /opt/airflow/dags/exemplos/example_distributed.py for tasks to queue
[2026-07-04T07:00:59.364+0000] {logging_mixin.py:190} INFO - [2026-07-04T07:00:59.363+0000] {dagbag.py:588} INFO - Filling up the DagBag from /opt/airflow/dags/exemplos/example_distributed.py
[2026-07-04T07:00:59.403+0000] {processor.py:925} INFO - DAG(s) 'example_distributed_celery' retrieved from /opt/airflow/dags/exemplos/example_distributed.py
[2026-07-04T07:00:59.520+0000] {logging_mixin.py:190} INFO - [2026-07-04T07:00:59.520+0000] {dag.py:3239} INFO - Sync 1 DAGs
[2026-07-04T07:00:59.546+0000] {logging_mixin.py:190} INFO - [2026-07-04T07:00:59.545+0000] {dag.py:4180} INFO - Setting next_dagrun for example_distributed_celery to None, run_after=None
[2026-07-04T07:00:59.593+0000] {processor.py:208} INFO - Processing /opt/airflow/dags/exemplos/example_distributed.py took 0.273 seconds
[2026-07-04T07:01:30.204+0000] {processor.py:186} INFO - Started process (PID=102) to work on /opt/airflow/dags/exemplos/example_distributed.py
[2026-07-04T07:01:30.234+0000] {processor.py:914} INFO - Processing file /opt/airflow/dags/exemplos/example_distributed.py for tasks to queue
[2026-07-04T07:01:30.237+0000] {logging_mixin.py:190} INFO - [2026-07-04T07:01:30.236+0000] {dagbag.py:588} INFO - Filling up the DagBag from /opt/airflow/dags/exemplos/example_distributed.py
[2026-07-04T07:01:30.247+0000] {processor.py:925} INFO - DAG(s) 'example_distributed_celery' retrieved from /opt/airflow/dags/exemplos/example_distributed.py
[2026-07-04T07:01:30.310+0000] {logging_mixin.py:190} INFO - [2026-07-04T07:01:30.310+0000] {dag.py:3239} INFO - Sync 1 DAGs
[2026-07-04T07:01:30.327+0000] {logging_mixin.py:190} INFO - [2026-07-04T07:01:30.326+0000] {dag.py:4180} INFO - Setting next_dagrun for example_distributed_celery to None, run_after=None
[2026-07-04T07:01:30.358+0000] {processor.py:208} INFO - Processing /opt/airflow/dags/exemplos/example_distributed.py took 0.164 seconds
[2026-07-04T07:02:00.975+0000] {processor.py:186} INFO - Started process (PID=113) to work on /opt/airflow/dags/exemplos/example_distributed.py
[2026-07-04T07:02:01.001+0000] {processor.py:914} INFO - Processing file /opt/airflow/dags/exemplos/example_distributed.py for tasks to queue
[2026-07-04T07:02:01.009+0000] {logging_mixin.py:190} INFO - [2026-07-04T07:02:01.009+0000] {dagbag.py:588} INFO - Filling up the DagBag from /opt/airflow/dags/exemplos/example_distributed.py
[2026-07-04T07:02:01.037+0000] {processor.py:925} INFO - DAG(s) 'example_distributed_celery' retrieved from /opt/airflow/dags/exemplos/example_distributed.py
[2026-07-04T07:02:01.079+0000] {logging_mixin.py:190} INFO - [2026-07-04T07:02:01.079+0000] {dag.py:3239} INFO - Sync 1 DAGs
[2026-07-04T07:02:01.098+0000] {logging_mixin.py:190} INFO - [2026-07-04T07:02:01.098+0000] {dag.py:4180} INFO - Setting next_dagrun for example_distributed_celery to None, run_after=None
[2026-07-04T07:02:01.142+0000] {processor.py:208} INFO - Processing /opt/airflow/dags/exemplos/example_distributed.py took 0.184 seconds
[2026-07-04T07:02:31.474+0000] {processor.py:186} INFO - Started process (PID=124) to work on /opt/airflow/dags/exemplos/example_distributed.py
[2026-07-04T07:02:31.475+0000] {processor.py:914} INFO - Processing file /opt/airflow/dags/exemplos/example_distributed.py for tasks to queue
[2026-07-04T07:02:31.477+0000] {logging_mixin.py:190} INFO - [2026-07-04T07:02:31.477+0000] {dagbag.py:588} INFO - Filling up the DagBag from /opt/airflow/dags/exemplos/example_distributed.py
[2026-07-04T07:02:31.488+0000] {processor.py:925} INFO - DAG(s) 'example_distributed_celery' retrieved from /opt/airflow/dags/exemplos/example_distributed.py
[2026-07-04T07:02:31.522+0000] {logging_mixin.py:190} INFO - [2026-07-04T07:02:31.521+0000] {dag.py:3239} INFO - Sync 1 DAGs
[2026-07-04T07:02:31.536+0000] {logging_mixin.py:190} INFO - [2026-07-04T07:02:31.536+0000] {dag.py:4180} INFO - Setting next_dagrun for example_distributed_celery to None, run_after=None
[2026-07-04T07:02:31.561+0000] {processor.py:208} INFO - Processing /opt/airflow/dags/exemplos/example_distributed.py took 0.100 seconds
[2026-07-04T07:03:02.306+0000] {processor.py:186} INFO - Started process (PID=134) to work on /opt/airflow/dags/exemplos/example_distributed.py
[2026-07-04T07:03:02.325+0000] {processor.py:914} INFO - Processing file /opt/airflow/dags/exemplos/example_distributed.py for tasks to queue
[2026-07-04T07:03:02.335+0000] {logging_mixin.py:190} INFO - [2026-07-04T07:03:02.334+0000] {dagbag.py:588} INFO - Filling up the DagBag from /opt/airflow/dags/exemplos/example_distributed.py
[2026-07-04T07:03:02.349+0000] {processor.py:925} INFO - DAG(s) 'example_distributed_celery' retrieved from /opt/airflow/dags/exemplos/example_distributed.py
[2026-07-04T07:03:02.436+0000] {logging_mixin.py:190} INFO - [2026-07-04T07:03:02.435+0000] {dag.py:3239} INFO - Sync 1 DAGs
[2026-07-04T07:03:02.674+0000] {logging_mixin.py:190} INFO - [2026-07-04T07:03:02.674+0000] {dag.py:4180} INFO - Setting next_dagrun for example_distributed_celery to None, run_after=None
[2026-07-04T07:03:02.762+0000] {processor.py:208} INFO - Processing /opt/airflow/dags/exemplos/example_distributed.py took 0.465 seconds
[2026-07-04T07:03:32.837+0000] {processor.py:186} INFO - Started process (PID=138) to work on /opt/airflow/dags/exemplos/example_distributed.py
[2026-07-04T07:03:32.840+0000] {processor.py:914} INFO - Processing file /opt/airflow/dags/exemplos/example_distributed.py for tasks to queue
[2026-07-04T07:03:32.843+0000] {logging_mixin.py:190} INFO - [2026-07-04T07:03:32.843+0000] {dagbag.py:588} INFO - Filling up the DagBag from /opt/airflow/dags/exemplos/example_distributed.py
[2026-07-04T07:03:32.853+0000] {processor.py:925} INFO - DAG(s) 'example_distributed_celery' retrieved from /opt/airflow/dags/exemplos/example_distributed.py
[2026-07-04T07:03:32.896+0000] {logging_mixin.py:190} INFO - [2026-07-04T07:03:32.896+0000] {dag.py:3239} INFO - Sync 1 DAGs
[2026-07-04T07:03:33.094+0000] {logging_mixin.py:190} INFO - [2026-07-04T07:03:33.094+0000] {dag.py:4180} INFO - Setting next_dagrun for example_distributed_celery to None, run_after=None
[2026-07-04T07:03:33.112+0000] {processor.py:208} INFO - Processing /opt/airflow/dags/exemplos/example_distributed.py took 0.281 seconds
[2026-07-04T07:04:03.231+0000] {processor.py:186} INFO - Started process (PID=149) to work on /opt/airflow/dags/exemplos/example_distributed.py
[2026-07-04T07:04:03.232+0000] {processor.py:914} INFO - Processing file /opt/airflow/dags/exemplos/example_distributed.py for tasks to queue
[2026-07-04T07:04:03.235+0000] {logging_mixin.py:190} INFO - [2026-07-04T07:04:03.235+0000] {dagbag.py:588} INFO - Filling up the DagBag from /opt/airflow/dags/exemplos/example_distributed.py
[2026-07-04T07:04:03.246+0000] {processor.py:925} INFO - DAG(s) 'example_distributed_celery' retrieved from /opt/airflow/dags/exemplos/example_distributed.py
[2026-07-04T07:04:03.478+0000] {logging_mixin.py:190} INFO - [2026-07-04T07:04:03.478+0000] {dag.py:3239} INFO - Sync 1 DAGs
[2026-07-04T07:04:03.491+0000] {logging_mixin.py:190} INFO - [2026-07-04T07:04:03.491+0000] {dag.py:4180} INFO - Setting next_dagrun for example_distributed_celery to None, run_after=None
[2026-07-04T07:04:03.543+0000] {processor.py:208} INFO - Processing /opt/airflow/dags/exemplos/example_distributed.py took 0.318 seconds
[2026-07-04T07:04:33.914+0000] {processor.py:186} INFO - Started process (PID=160) to work on /opt/airflow/dags/exemplos/example_distributed.py
[2026-07-04T07:04:33.916+0000] {processor.py:914} INFO - Processing file /opt/airflow/dags/exemplos/example_distributed.py for tasks to queue
[2026-07-04T07:04:33.919+0000] {logging_mixin.py:190} INFO - [2026-07-04T07:04:33.919+0000] {dagbag.py:588} INFO - Filling up the DagBag from /opt/airflow/dags/exemplos/example_distributed.py
[2026-07-04T07:04:33.931+0000] {processor.py:925} INFO - DAG(s) 'example_distributed_celery' retrieved from /opt/airflow/dags/exemplos/example_distributed.py
[2026-07-04T07:04:33.967+0000] {logging_mixin.py:190} INFO - [2026-07-04T07:04:33.967+0000] {dag.py:3239} INFO - Sync 1 DAGs
[2026-07-04T07:04:33.982+0000] {logging_mixin.py:190} INFO - [2026-07-04T07:04:33.982+0000] {dag.py:4180} INFO - Setting next_dagrun for example_distributed_celery to None, run_after=None
[2026-07-04T07:04:34.007+0000] {processor.py:208} INFO - Processing /opt/airflow/dags/exemplos/example_distributed.py took 0.104 seconds
[2026-07-04T07:05:05.875+0000] {processor.py:186} INFO - Started process (PID=172) to work on /opt/airflow/dags/exemplos/example_distributed.py
[2026-07-04T07:05:05.970+0000] {processor.py:914} INFO - Processing file /opt/airflow/dags/exemplos/example_distributed.py for tasks to queue
[2026-07-04T07:05:05.976+0000] {logging_mixin.py:190} INFO - [2026-07-04T07:05:05.976+0000] {dagbag.py:588} INFO - Filling up the DagBag from /opt/airflow/dags/exemplos/example_distributed.py
[2026-07-04T07:05:05.993+0000] {processor.py:925} INFO - DAG(s) 'example_distributed_celery' retrieved from /opt/airflow/dags/exemplos/example_distributed.py
[2026-07-04T07:05:06.037+0000] {logging_mixin.py:190} INFO - [2026-07-04T07:05:06.036+0000] {dag.py:3239} INFO - Sync 1 DAGs
[2026-07-04T07:05:06.058+0000] {logging_mixin.py:190} INFO - [2026-07-04T07:05:06.057+0000] {dag.py:4180} INFO - Setting next_dagrun for example_distributed_celery to None, run_after=None
[2026-07-04T07:05:06.159+0000] {processor.py:208} INFO - Processing /opt/airflow/dags/exemplos/example_distributed.py took 0.292 seconds
[2026-07-04T07:06:25.441+0000] {processor.py:186} INFO - Started process (PID=190) to work on /opt/airflow/dags/exemplos/example_distributed.py
[2026-07-04T07:06:25.508+0000] {processor.py:914} INFO - Processing file /opt/airflow/dags/exemplos/example_distributed.py for tasks to queue
[2026-07-04T07:06:25.517+0000] {logging_mixin.py:190} INFO - [2026-07-04T07:06:25.517+0000] {dagbag.py:588} INFO - Filling up the DagBag from /opt/airflow/dags/exemplos/example_distributed.py
[2026-07-04T07:06:28.036+0000] {processor.py:925} INFO - DAG(s) 'example_distributed_celery' retrieved from /opt/airflow/dags/exemplos/example_distributed.py
[2026-07-04T07:06:28.087+0000] {logging_mixin.py:190} INFO - [2026-07-04T07:06:28.087+0000] {dag.py:3239} INFO - Sync 1 DAGs
[2026-07-04T07:06:28.108+0000] {logging_mixin.py:190} INFO - [2026-07-04T07:06:28.107+0000] {dag.py:4180} INFO - Setting next_dagrun for example_distributed_celery to None, run_after=None
[2026-07-04T07:06:28.152+0000] {processor.py:208} INFO - Processing /opt/airflow/dags/exemplos/example_distributed.py took 2.718 seconds
[2026-07-04T07:06:58.868+0000] {processor.py:186} INFO - Started process (PID=201) to work on /opt/airflow/dags/exemplos/example_distributed.py
[2026-07-04T07:06:58.873+0000] {processor.py:914} INFO - Processing file /opt/airflow/dags/exemplos/example_distributed.py for tasks to queue
[2026-07-04T07:06:58.883+0000] {logging_mixin.py:190} INFO - [2026-07-04T07:06:58.882+0000] {dagbag.py:588} INFO - Filling up the DagBag from /opt/airflow/dags/exemplos/example_distributed.py
[2026-07-04T07:06:58.896+0000] {processor.py:925} INFO - DAG(s) 'example_distributed_celery' retrieved from /opt/airflow/dags/exemplos/example_distributed.py
[2026-07-04T07:06:58.935+0000] {logging_mixin.py:190} INFO - [2026-07-04T07:06:58.935+0000] {dag.py:3239} INFO - Sync 1 DAGs
[2026-07-04T07:06:58.959+0000] {logging_mixin.py:190} INFO - [2026-07-04T07:06:58.958+0000] {dag.py:4180} INFO - Setting next_dagrun for example_distributed_celery to None, run_after=None
[2026-07-04T07:06:59.005+0000] {processor.py:208} INFO - Processing /opt/airflow/dags/exemplos/example_distributed.py took 0.142 seconds
[2026-07-04T07:09:05.267+0000] {processor.py:186} INFO - Started process (PID=212) to work on /opt/airflow/dags/exemplos/example_distributed.py
[2026-07-04T07:09:05.805+0000] {processor.py:914} INFO - Processing file /opt/airflow/dags/exemplos/example_distributed.py for tasks to queue
[2026-07-04T07:09:05.809+0000] {logging_mixin.py:190} INFO - [2026-07-04T07:09:05.808+0000] {dagbag.py:588} INFO - Filling up the DagBag from /opt/airflow/dags/exemplos/example_distributed.py
[2026-07-04T07:09:29.841+0000] {processor.py:925} INFO - DAG(s) 'example_distributed_celery' retrieved from /opt/airflow/dags/exemplos/example_distributed.py
[2026-07-04T07:20:53.971+0000] {processor.py:186} INFO - Started process (PID=62) to work on /opt/airflow/dags/exemplos/example_distributed.py
[2026-07-04T07:20:53.976+0000] {processor.py:914} INFO - Processing file /opt/airflow/dags/exemplos/example_distributed.py for tasks to queue
[2026-07-04T07:20:53.983+0000] {logging_mixin.py:190} INFO - [2026-07-04T07:20:53.982+0000] {dagbag.py:588} INFO - Filling up the DagBag from /opt/airflow/dags/exemplos/example_distributed.py
[2026-07-04T07:20:54.006+0000] {processor.py:925} INFO - DAG(s) 'example_distributed_celery' retrieved from /opt/airflow/dags/exemplos/example_distributed.py
[2026-07-04T07:20:54.064+0000] {logging_mixin.py:190} INFO - [2026-07-04T07:20:54.064+0000] {dag.py:3239} INFO - Sync 1 DAGs
[2026-07-04T07:20:54.087+0000] {logging_mixin.py:190} INFO - [2026-07-04T07:20:54.086+0000] {dag.py:4180} INFO - Setting next_dagrun for example_distributed_celery to None, run_after=None
[2026-07-04T07:20:54.120+0000] {processor.py:208} INFO - Processing /opt/airflow/dags/exemplos/example_distributed.py took 0.157 seconds
[2026-07-04T07:21:25.373+0000] {processor.py:186} INFO - Started process (PID=73) to work on /opt/airflow/dags/exemplos/example_distributed.py
[2026-07-04T07:21:25.375+0000] {processor.py:914} INFO - Processing file /opt/airflow/dags/exemplos/example_distributed.py for tasks to queue
[2026-07-04T07:21:25.377+0000] {logging_mixin.py:190} INFO - [2026-07-04T07:21:25.377+0000] {dagbag.py:588} INFO - Filling up the DagBag from /opt/airflow/dags/exemplos/example_distributed.py
[2026-07-04T07:21:25.388+0000] {processor.py:925} INFO - DAG(s) 'example_distributed_celery' retrieved from /opt/airflow/dags/exemplos/example_distributed.py
[2026-07-04T07:21:25.420+0000] {logging_mixin.py:190} INFO - [2026-07-04T07:21:25.420+0000] {dag.py:3239} INFO - Sync 1 DAGs
[2026-07-04T07:21:25.437+0000] {logging_mixin.py:190} INFO - [2026-07-04T07:21:25.437+0000] {dag.py:4180} INFO - Setting next_dagrun for example_distributed_celery to None, run_after=None
[2026-07-04T07:21:25.550+0000] {processor.py:208} INFO - Processing /opt/airflow/dags/exemplos/example_distributed.py took 0.188 seconds
[2026-07-04T07:21:55.976+0000] {processor.py:186} INFO - Started process (PID=84) to work on /opt/airflow/dags/exemplos/example_distributed.py
[2026-07-04T07:21:55.981+0000] {processor.py:914} INFO - Processing file /opt/airflow/dags/exemplos/example_distributed.py for tasks to queue
[2026-07-04T07:21:55.983+0000] {logging_mixin.py:190} INFO - [2026-07-04T07:21:55.983+0000] {dagbag.py:588} INFO - Filling up the DagBag from /opt/airflow/dags/exemplos/example_distributed.py
[2026-07-04T07:21:55.993+0000] {processor.py:925} INFO - DAG(s) 'example_distributed_celery' retrieved from /opt/airflow/dags/exemplos/example_distributed.py
[2026-07-04T07:21:56.107+0000] {logging_mixin.py:190} INFO - [2026-07-04T07:21:56.106+0000] {dag.py:3239} INFO - Sync 1 DAGs
[2026-07-04T07:21:56.128+0000] {logging_mixin.py:190} INFO - [2026-07-04T07:21:56.128+0000] {dag.py:4180} INFO - Setting next_dagrun for example_distributed_celery to None, run_after=None
[2026-07-04T07:21:56.153+0000] {processor.py:208} INFO - Processing /opt/airflow/dags/exemplos/example_distributed.py took 0.184 seconds
[2026-07-04T07:22:28.369+0000] {processor.py:186} INFO - Started process (PID=94) to work on /opt/airflow/dags/exemplos/example_distributed.py
[2026-07-04T07:22:28.371+0000] {processor.py:914} INFO - Processing file /opt/airflow/dags/exemplos/example_distributed.py for tasks to queue
[2026-07-04T07:22:28.375+0000] {logging_mixin.py:190} INFO - [2026-07-04T07:22:28.374+0000] {dagbag.py:588} INFO - Filling up the DagBag from /opt/airflow/dags/exemplos/example_distributed.py
[2026-07-04T07:22:28.411+0000] {processor.py:925} INFO - DAG(s) 'example_distributed_celery' retrieved from /opt/airflow/dags/exemplos/example_distributed.py
[2026-07-04T07:22:28.450+0000] {logging_mixin.py:190} INFO - [2026-07-04T07:22:28.449+0000] {dag.py:3239} INFO - Sync 1 DAGs
[2026-07-04T07:22:28.465+0000] {logging_mixin.py:190} INFO - [2026-07-04T07:22:28.464+0000] {dag.py:4180} INFO - Setting next_dagrun for example_distributed_celery to None, run_after=None
[2026-07-04T07:22:28.490+0000] {processor.py:208} INFO - Processing /opt/airflow/dags/exemplos/example_distributed.py took 0.129 seconds
[2026-07-04T07:22:59.215+0000] {processor.py:186} INFO - Started process (PID=104) to work on /opt/airflow/dags/exemplos/example_distributed.py
[2026-07-04T07:22:59.216+0000] {processor.py:914} INFO - Processing file /opt/airflow/dags/exemplos/example_distributed.py for tasks to queue
[2026-07-04T07:22:59.219+0000] {logging_mixin.py:190} INFO - [2026-07-04T07:22:59.218+0000] {dagbag.py:588} INFO - Filling up the DagBag from /opt/airflow/dags/exemplos/example_distributed.py
[2026-07-04T07:22:59.229+0000] {processor.py:925} INFO - DAG(s) 'example_distributed_celery' retrieved from /opt/airflow/dags/exemplos/example_distributed.py
[2026-07-04T07:22:59.329+0000] {logging_mixin.py:190} INFO - [2026-07-04T07:22:59.329+0000] {dag.py:3239} INFO - Sync 1 DAGs
[2026-07-04T07:22:59.342+0000] {logging_mixin.py:190} INFO - [2026-07-04T07:22:59.342+0000] {dag.py:4180} INFO - Setting next_dagrun for example_distributed_celery to None, run_after=None
[2026-07-04T07:22:59.423+0000] {processor.py:208} INFO - Processing /opt/airflow/dags/exemplos/example_distributed.py took 0.214 seconds
[2026-07-04T07:23:30.783+0000] {processor.py:186} INFO - Started process (PID=107) to work on /opt/airflow/dags/exemplos/example_distributed.py
[2026-07-04T07:23:30.797+0000] {processor.py:914} INFO - Processing file /opt/airflow/dags/exemplos/example_distributed.py for tasks to queue
[2026-07-04T07:23:30.799+0000] {logging_mixin.py:190} INFO - [2026-07-04T07:23:30.799+0000] {dagbag.py:588} INFO - Filling up the DagBag from /opt/airflow/dags/exemplos/example_distributed.py
[2026-07-04T07:23:30.808+0000] {processor.py:925} INFO - DAG(s) 'example_distributed_celery' retrieved from /opt/airflow/dags/exemplos/example_distributed.py
[2026-07-04T07:23:30.843+0000] {logging_mixin.py:190} INFO - [2026-07-04T07:23:30.843+0000] {dag.py:3239} INFO - Sync 1 DAGs
[2026-07-04T07:23:30.857+0000] {logging_mixin.py:190} INFO - [2026-07-04T07:23:30.857+0000] {dag.py:4180} INFO - Setting next_dagrun for example_distributed_celery to None, run_after=None
[2026-07-04T07:23:30.925+0000] {processor.py:208} INFO - Processing /opt/airflow/dags/exemplos/example_distributed.py took 0.148 seconds
[2026-07-04T07:24:09.192+0000] {processor.py:186} INFO - Started process (PID=117) to work on /opt/airflow/dags/exemplos/example_distributed.py
[2026-07-04T07:24:09.218+0000] {processor.py:914} INFO - Processing file /opt/airflow/dags/exemplos/example_distributed.py for tasks to queue
[2026-07-04T07:24:09.270+0000] {logging_mixin.py:190} INFO - [2026-07-04T07:24:09.269+0000] {dagbag.py:588} INFO - Filling up the DagBag from /opt/airflow/dags/exemplos/example_distributed.py
[2026-07-04T07:24:09.341+0000] {processor.py:925} INFO - DAG(s) 'example_distributed_celery' retrieved from /opt/airflow/dags/exemplos/example_distributed.py
[2026-07-04T07:24:09.542+0000] {logging_mixin.py:190} INFO - [2026-07-04T07:24:09.542+0000] {dag.py:3239} INFO - Sync 1 DAGs
[2026-07-04T07:24:09.592+0000] {logging_mixin.py:190} INFO - [2026-07-04T07:24:09.592+0000] {dag.py:4180} INFO - Setting next_dagrun for example_distributed_celery to None, run_after=None
[2026-07-04T07:24:09.632+0000] {processor.py:208} INFO - Processing /opt/airflow/dags/exemplos/example_distributed.py took 0.446 seconds
[2026-07-04T07:24:40.507+0000] {processor.py:186} INFO - Started process (PID=128) to work on /opt/airflow/dags/exemplos/example_distributed.py
[2026-07-04T07:24:40.519+0000] {processor.py:914} INFO - Processing file /opt/airflow/dags/exemplos/example_distributed.py for tasks to queue
[2026-07-04T07:24:40.520+0000] {logging_mixin.py:190} INFO - [2026-07-04T07:24:40.520+0000] {dagbag.py:588} INFO - Filling up the DagBag from /opt/airflow/dags/exemplos/example_distributed.py
[2026-07-04T07:24:40.531+0000] {processor.py:925} INFO - DAG(s) 'example_distributed_celery' retrieved from /opt/airflow/dags/exemplos/example_distributed.py
[2026-07-04T07:24:40.570+0000] {logging_mixin.py:190} INFO - [2026-07-04T07:24:40.569+0000] {dag.py:3239} INFO - Sync 1 DAGs
[2026-07-04T07:24:40.767+0000] {logging_mixin.py:190} INFO - [2026-07-04T07:24:40.766+0000] {dag.py:4180} INFO - Setting next_dagrun for example_distributed_celery to None, run_after=None
[2026-07-04T07:24:40.790+0000] {processor.py:208} INFO - Processing /opt/airflow/dags/exemplos/example_distributed.py took 0.290 seconds
[2026-07-04T07:25:11.483+0000] {processor.py:186} INFO - Started process (PID=139) to work on /opt/airflow/dags/exemplos/example_distributed.py
[2026-07-04T07:25:11.485+0000] {processor.py:914} INFO - Processing file /opt/airflow/dags/exemplos/example_distributed.py for tasks to queue
[2026-07-04T07:25:11.486+0000] {logging_mixin.py:190} INFO - [2026-07-04T07:25:11.486+0000] {dagbag.py:588} INFO - Filling up the DagBag from /opt/airflow/dags/exemplos/example_distributed.py
[2026-07-04T07:25:11.496+0000] {processor.py:925} INFO - DAG(s) 'example_distributed_celery' retrieved from /opt/airflow/dags/exemplos/example_distributed.py
[2026-07-04T07:25:11.686+0000] {logging_mixin.py:190} INFO - [2026-07-04T07:25:11.686+0000] {dag.py:3239} INFO - Sync 1 DAGs
[2026-07-04T07:25:11.698+0000] {logging_mixin.py:190} INFO - [2026-07-04T07:25:11.698+0000] {dag.py:4180} INFO - Setting next_dagrun for example_distributed_celery to None, run_after=None
[2026-07-04T07:25:11.717+0000] {processor.py:208} INFO - Processing /opt/airflow/dags/exemplos/example_distributed.py took 0.240 seconds
[2026-07-04T07:25:42.238+0000] {processor.py:186} INFO - Started process (PID=150) to work on /opt/airflow/dags/exemplos/example_distributed.py
[2026-07-04T07:25:42.239+0000] {processor.py:914} INFO - Processing file /opt/airflow/dags/exemplos/example_distributed.py for tasks to queue
[2026-07-04T07:25:42.242+0000] {logging_mixin.py:190} INFO - [2026-07-04T07:25:42.240+0000] {dagbag.py:588} INFO - Filling up the DagBag from /opt/airflow/dags/exemplos/example_distributed.py
[2026-07-04T07:25:42.251+0000] {processor.py:925} INFO - DAG(s) 'example_distributed_celery' retrieved from /opt/airflow/dags/exemplos/example_distributed.py
[2026-07-04T07:25:42.286+0000] {logging_mixin.py:190} INFO - [2026-07-04T07:25:42.285+0000] {dag.py:3239} INFO - Sync 1 DAGs
[2026-07-04T07:25:42.313+0000] {logging_mixin.py:190} INFO - [2026-07-04T07:25:42.313+0000] {dag.py:4180} INFO - Setting next_dagrun for example_distributed_celery to None, run_after=None
[2026-07-04T07:25:42.339+0000] {processor.py:208} INFO - Processing /opt/airflow/dags/exemplos/example_distributed.py took 0.107 seconds
[2026-07-04T07:26:13.183+0000] {processor.py:186} INFO - Started process (PID=161) to work on /opt/airflow/dags/exemplos/example_distributed.py
[2026-07-04T07:26:13.219+0000] {processor.py:914} INFO - Processing file /opt/airflow/dags/exemplos/example_distributed.py for tasks to queue
[2026-07-04T07:26:13.221+0000] {logging_mixin.py:190} INFO - [2026-07-04T07:26:13.221+0000] {dagbag.py:588} INFO - Filling up the DagBag from /opt/airflow/dags/exemplos/example_distributed.py
[2026-07-04T07:26:13.231+0000] {processor.py:925} INFO - DAG(s) 'example_distributed_celery' retrieved from /opt/airflow/dags/exemplos/example_distributed.py
[2026-07-04T07:26:13.259+0000] {logging_mixin.py:190} INFO - [2026-07-04T07:26:13.259+0000] {dag.py:3239} INFO - Sync 1 DAGs
[2026-07-04T07:26:13.277+0000] {logging_mixin.py:190} INFO - [2026-07-04T07:26:13.276+0000] {dag.py:4180} INFO - Setting next_dagrun for example_distributed_celery to None, run_after=None
[2026-07-04T07:26:13.304+0000] {processor.py:208} INFO - Processing /opt/airflow/dags/exemplos/example_distributed.py took 0.128 seconds
[2026-07-04T07:26:44.381+0000] {processor.py:186} INFO - Started process (PID=172) to work on /opt/airflow/dags/exemplos/example_distributed.py
[2026-07-04T07:26:44.381+0000] {processor.py:914} INFO - Processing file /opt/airflow/dags/exemplos/example_distributed.py for tasks to queue
[2026-07-04T07:26:44.382+0000] {logging_mixin.py:190} INFO - [2026-07-04T07:26:44.382+0000] {dagbag.py:588} INFO - Filling up the DagBag from /opt/airflow/dags/exemplos/example_distributed.py
[2026-07-04T07:26:44.391+0000] {processor.py:925} INFO - DAG(s) 'example_distributed_celery' retrieved from /opt/airflow/dags/exemplos/example_distributed.py
[2026-07-04T07:26:44.429+0000] {logging_mixin.py:190} INFO - [2026-07-04T07:26:44.429+0000] {dag.py:3239} INFO - Sync 1 DAGs
[2026-07-04T07:26:44.639+0000] {logging_mixin.py:190} INFO - [2026-07-04T07:26:44.638+0000] {dag.py:4180} INFO - Setting next_dagrun for example_distributed_celery to None, run_after=None
[2026-07-04T07:26:44.664+0000] {processor.py:208} INFO - Processing /opt/airflow/dags/exemplos/example_distributed.py took 0.295 seconds
[2026-07-04T07:27:14.917+0000] {processor.py:186} INFO - Started process (PID=196) to work on /opt/airflow/dags/exemplos/example_distributed.py
[2026-07-04T07:27:14.919+0000] {processor.py:914} INFO - Processing file /opt/airflow/dags/exemplos/example_distributed.py for tasks to queue
[2026-07-04T07:27:14.920+0000] {logging_mixin.py:190} INFO - [2026-07-04T07:27:14.920+0000] {dagbag.py:588} INFO - Filling up the DagBag from /opt/airflow/dags/exemplos/example_distributed.py
[2026-07-04T07:27:14.931+0000] {processor.py:925} INFO - DAG(s) 'example_distributed_celery' retrieved from /opt/airflow/dags/exemplos/example_distributed.py
[2026-07-04T07:27:15.117+0000] {logging_mixin.py:190} INFO - [2026-07-04T07:27:15.117+0000] {dag.py:3239} INFO - Sync 1 DAGs
[2026-07-04T07:27:15.133+0000] {logging_mixin.py:190} INFO - [2026-07-04T07:27:15.133+0000] {dag.py:4180} INFO - Setting next_dagrun for example_distributed_celery to None, run_after=None
[2026-07-04T07:27:15.158+0000] {processor.py:208} INFO - Processing /opt/airflow/dags/exemplos/example_distributed.py took 0.250 seconds
[2026-07-04T07:27:45.917+0000] {processor.py:186} INFO - Started process (PID=230) to work on /opt/airflow/dags/exemplos/example_distributed.py
[2026-07-04T07:27:45.918+0000] {processor.py:914} INFO - Processing file /opt/airflow/dags/exemplos/example_distributed.py for tasks to queue
[2026-07-04T07:27:45.919+0000] {logging_mixin.py:190} INFO - [2026-07-04T07:27:45.919+0000] {dagbag.py:588} INFO - Filling up the DagBag from /opt/airflow/dags/exemplos/example_distributed.py
[2026-07-04T07:27:45.932+0000] {processor.py:925} INFO - DAG(s) 'example_distributed_celery' retrieved from /opt/airflow/dags/exemplos/example_distributed.py
[2026-07-04T07:27:46.005+0000] {logging_mixin.py:190} INFO - [2026-07-04T07:27:46.004+0000] {dag.py:3239} INFO - Sync 1 DAGs
[2026-07-04T07:27:46.024+0000] {logging_mixin.py:190} INFO - [2026-07-04T07:27:46.024+0000] {dag.py:4180} INFO - Setting next_dagrun for example_distributed_celery to None, run_after=None
[2026-07-04T07:27:46.064+0000] {processor.py:208} INFO - Processing /opt/airflow/dags/exemplos/example_distributed.py took 0.155 seconds
[2026-07-04T07:28:16.686+0000] {processor.py:186} INFO - Started process (PID=241) to work on /opt/airflow/dags/exemplos/example_distributed.py
[2026-07-04T07:28:16.730+0000] {processor.py:914} INFO - Processing file /opt/airflow/dags/exemplos/example_distributed.py for tasks to queue
[2026-07-04T07:28:16.732+0000] {logging_mixin.py:190} INFO - [2026-07-04T07:28:16.732+0000] {dagbag.py:588} INFO - Filling up the DagBag from /opt/airflow/dags/exemplos/example_distributed.py
[2026-07-04T07:28:16.749+0000] {processor.py:925} INFO - DAG(s) 'example_distributed_celery' retrieved from /opt/airflow/dags/exemplos/example_distributed.py
[2026-07-04T07:28:16.799+0000] {logging_mixin.py:190} INFO - [2026-07-04T07:28:16.799+0000] {dag.py:3239} INFO - Sync 1 DAGs
[2026-07-04T07:28:16.817+0000] {logging_mixin.py:190} INFO - [2026-07-04T07:28:16.816+0000] {dag.py:4180} INFO - Setting next_dagrun for example_distributed_celery to None, run_after=None
[2026-07-04T07:28:16.882+0000] {processor.py:208} INFO - Processing /opt/airflow/dags/exemplos/example_distributed.py took 0.207 seconds
[2026-07-04T07:28:47.950+0000] {processor.py:186} INFO - Started process (PID=253) to work on /opt/airflow/dags/exemplos/example_distributed.py
[2026-07-04T07:28:48.142+0000] {processor.py:914} INFO - Processing file /opt/airflow/dags/exemplos/example_distributed.py for tasks to queue
[2026-07-04T07:28:48.144+0000] {logging_mixin.py:190} INFO - [2026-07-04T07:28:48.144+0000] {dagbag.py:588} INFO - Filling up the DagBag from /opt/airflow/dags/exemplos/example_distributed.py
[2026-07-04T07:28:48.163+0000] {processor.py:925} INFO - DAG(s) 'example_distributed_celery' retrieved from /opt/airflow/dags/exemplos/example_distributed.py
[2026-07-04T07:28:48.206+0000] {logging_mixin.py:190} INFO - [2026-07-04T07:28:48.205+0000] {dag.py:3239} INFO - Sync 1 DAGs
[2026-07-04T07:28:49.165+0000] {logging_mixin.py:190} INFO - [2026-07-04T07:28:49.164+0000] {dag.py:4180} INFO - Setting next_dagrun for example_distributed_celery to None, run_after=None
[2026-07-04T07:28:49.245+0000] {processor.py:208} INFO - Processing /opt/airflow/dags/exemplos/example_distributed.py took 1.301 seconds
[2026-07-04T07:29:19.743+0000] {processor.py:186} INFO - Started process (PID=264) to work on /opt/airflow/dags/exemplos/example_distributed.py
[2026-07-04T07:29:19.746+0000] {processor.py:914} INFO - Processing file /opt/airflow/dags/exemplos/example_distributed.py for tasks to queue
[2026-07-04T07:29:19.748+0000] {logging_mixin.py:190} INFO - [2026-07-04T07:29:19.748+0000] {dagbag.py:588} INFO - Filling up the DagBag from /opt/airflow/dags/exemplos/example_distributed.py
[2026-07-04T07:29:19.760+0000] {processor.py:925} INFO - DAG(s) 'example_distributed_celery' retrieved from /opt/airflow/dags/exemplos/example_distributed.py
[2026-07-04T07:29:19.987+0000] {logging_mixin.py:190} INFO - [2026-07-04T07:29:19.986+0000] {dag.py:3239} INFO - Sync 1 DAGs
[2026-07-04T07:29:20.002+0000] {logging_mixin.py:190} INFO - [2026-07-04T07:29:20.002+0000] {dag.py:4180} INFO - Setting next_dagrun for example_distributed_celery to None, run_after=None
[2026-07-04T07:29:20.041+0000] {processor.py:208} INFO - Processing /opt/airflow/dags/exemplos/example_distributed.py took 0.318 seconds
[2026-07-04T07:29:50.779+0000] {processor.py:186} INFO - Started process (PID=274) to work on /opt/airflow/dags/exemplos/example_distributed.py
[2026-07-04T07:29:50.804+0000] {processor.py:914} INFO - Processing file /opt/airflow/dags/exemplos/example_distributed.py for tasks to queue
[2026-07-04T07:29:50.806+0000] {logging_mixin.py:190} INFO - [2026-07-04T07:29:50.805+0000] {dagbag.py:588} INFO - Filling up the DagBag from /opt/airflow/dags/exemplos/example_distributed.py
[2026-07-04T07:29:50.820+0000] {processor.py:925} INFO - DAG(s) 'example_distributed_celery' retrieved from /opt/airflow/dags/exemplos/example_distributed.py
[2026-07-04T07:29:50.856+0000] {logging_mixin.py:190} INFO - [2026-07-04T07:29:50.856+0000] {dag.py:3239} INFO - Sync 1 DAGs
[2026-07-04T07:29:50.874+0000] {logging_mixin.py:190} INFO - [2026-07-04T07:29:50.874+0000] {dag.py:4180} INFO - Setting next_dagrun for example_distributed_celery to None, run_after=None
[2026-07-04T07:29:50.938+0000] {processor.py:208} INFO - Processing /opt/airflow/dags/exemplos/example_distributed.py took 0.167 seconds
[2026-07-04T07:30:20.998+0000] {processor.py:186} INFO - Started process (PID=292) to work on /opt/airflow/dags/exemplos/example_distributed.py
[2026-07-04T07:30:21.068+0000] {processor.py:914} INFO - Processing file /opt/airflow/dags/exemplos/example_distributed.py for tasks to queue
[2026-07-04T07:30:21.069+0000] {logging_mixin.py:190} INFO - [2026-07-04T07:30:21.069+0000] {dagbag.py:588} INFO - Filling up the DagBag from /opt/airflow/dags/exemplos/example_distributed.py
[2026-07-04T07:30:21.081+0000] {processor.py:925} INFO - DAG(s) 'example_distributed_celery' retrieved from /opt/airflow/dags/exemplos/example_distributed.py
[2026-07-04T07:30:21.115+0000] {logging_mixin.py:190} INFO - [2026-07-04T07:30:21.115+0000] {dag.py:3239} INFO - Sync 1 DAGs
[2026-07-04T07:30:21.132+0000] {logging_mixin.py:190} INFO - [2026-07-04T07:30:21.132+0000] {dag.py:4180} INFO - Setting next_dagrun for example_distributed_celery to None, run_after=None
[2026-07-04T07:30:21.163+0000] {processor.py:208} INFO - Processing /opt/airflow/dags/exemplos/example_distributed.py took 0.174 seconds
[2026-07-04T07:30:51.455+0000] {processor.py:186} INFO - Started process (PID=337) to work on /opt/airflow/dags/exemplos/example_distributed.py
[2026-07-04T07:30:51.458+0000] {processor.py:914} INFO - Processing file /opt/airflow/dags/exemplos/example_distributed.py for tasks to queue
[2026-07-04T07:30:51.459+0000] {logging_mixin.py:190} INFO - [2026-07-04T07:30:51.458+0000] {dagbag.py:588} INFO - Filling up the DagBag from /opt/airflow/dags/exemplos/example_distributed.py
[2026-07-04T07:30:51.471+0000] {processor.py:925} INFO - DAG(s) 'example_distributed_celery' retrieved from /opt/airflow/dags/exemplos/example_distributed.py
[2026-07-04T07:30:51.504+0000] {logging_mixin.py:190} INFO - [2026-07-04T07:30:51.504+0000] {dag.py:3239} INFO - Sync 1 DAGs
[2026-07-04T07:30:51.520+0000] {logging_mixin.py:190} INFO - [2026-07-04T07:30:51.520+0000] {dag.py:4180} INFO - Setting next_dagrun for example_distributed_celery to None, run_after=None
[2026-07-04T07:30:51.547+0000] {processor.py:208} INFO - Processing /opt/airflow/dags/exemplos/example_distributed.py took 0.101 seconds
[2026-07-04T07:31:21.647+0000] {processor.py:186} INFO - Started process (PID=348) to work on /opt/airflow/dags/exemplos/example_distributed.py
[2026-07-04T07:31:21.648+0000] {processor.py:914} INFO - Processing file /opt/airflow/dags/exemplos/example_distributed.py for tasks to queue
[2026-07-04T07:31:21.652+0000] {logging_mixin.py:190} INFO - [2026-07-04T07:31:21.652+0000] {dagbag.py:588} INFO - Filling up the DagBag from /opt/airflow/dags/exemplos/example_distributed.py
[2026-07-04T07:31:21.663+0000] {processor.py:925} INFO - DAG(s) 'example_distributed_celery' retrieved from /opt/airflow/dags/exemplos/example_distributed.py
[2026-07-04T07:31:21.694+0000] {logging_mixin.py:190} INFO - [2026-07-04T07:31:21.694+0000] {dag.py:3239} INFO - Sync 1 DAGs
[2026-07-04T07:31:21.706+0000] {logging_mixin.py:190} INFO - [2026-07-04T07:31:21.706+0000] {dag.py:4180} INFO - Setting next_dagrun for example_distributed_celery to None, run_after=None
[2026-07-04T07:31:21.730+0000] {processor.py:208} INFO - Processing /opt/airflow/dags/exemplos/example_distributed.py took 0.090 seconds
[2026-07-04T07:31:52.354+0000] {processor.py:186} INFO - Started process (PID=363) to work on /opt/airflow/dags/exemplos/example_distributed.py
[2026-07-04T07:31:52.388+0000] {processor.py:914} INFO - Processing file /opt/airflow/dags/exemplos/example_distributed.py for tasks to queue
[2026-07-04T07:31:52.391+0000] {logging_mixin.py:190} INFO - [2026-07-04T07:31:52.390+0000] {dagbag.py:588} INFO - Filling up the DagBag from /opt/airflow/dags/exemplos/example_distributed.py
[2026-07-04T07:31:52.401+0000] {processor.py:925} INFO - DAG(s) 'example_distributed_celery' retrieved from /opt/airflow/dags/exemplos/example_distributed.py
[2026-07-04T07:31:52.430+0000] {logging_mixin.py:190} INFO - [2026-07-04T07:31:52.430+0000] {dag.py:3239} INFO - Sync 1 DAGs
[2026-07-04T07:31:52.445+0000] {logging_mixin.py:190} INFO - [2026-07-04T07:31:52.445+0000] {dag.py:4180} INFO - Setting next_dagrun for example_distributed_celery to None, run_after=None
[2026-07-04T07:31:52.476+0000] {processor.py:208} INFO - Processing /opt/airflow/dags/exemplos/example_distributed.py took 0.127 seconds
[2026-07-04T07:32:22.831+0000] {processor.py:186} INFO - Started process (PID=374) to work on /opt/airflow/dags/exemplos/example_distributed.py
[2026-07-04T07:32:22.833+0000] {processor.py:914} INFO - Processing file /opt/airflow/dags/exemplos/example_distributed.py for tasks to queue
[2026-07-04T07:32:22.834+0000] {logging_mixin.py:190} INFO - [2026-07-04T07:32:22.834+0000] {dagbag.py:588} INFO - Filling up the DagBag from /opt/airflow/dags/exemplos/example_distributed.py
[2026-07-04T07:32:22.845+0000] {processor.py:925} INFO - DAG(s) 'example_distributed_celery' retrieved from /opt/airflow/dags/exemplos/example_distributed.py
[2026-07-04T07:32:22.878+0000] {logging_mixin.py:190} INFO - [2026-07-04T07:32:22.878+0000] {dag.py:3239} INFO - Sync 1 DAGs
[2026-07-04T07:32:22.894+0000] {logging_mixin.py:190} INFO - [2026-07-04T07:32:22.893+0000] {dag.py:4180} INFO - Setting next_dagrun for example_distributed_celery to None, run_after=None
[2026-07-04T07:32:22.919+0000] {processor.py:208} INFO - Processing /opt/airflow/dags/exemplos/example_distributed.py took 0.096 seconds
[2026-07-04T07:32:53.445+0000] {processor.py:186} INFO - Started process (PID=385) to work on /opt/airflow/dags/exemplos/example_distributed.py
[2026-07-04T07:32:53.446+0000] {processor.py:914} INFO - Processing file /opt/airflow/dags/exemplos/example_distributed.py for tasks to queue
[2026-07-04T07:32:53.448+0000] {logging_mixin.py:190} INFO - [2026-07-04T07:32:53.447+0000] {dagbag.py:588} INFO - Filling up the DagBag from /opt/airflow/dags/exemplos/example_distributed.py
[2026-07-04T07:32:53.473+0000] {processor.py:925} INFO - DAG(s) 'example_distributed_celery' retrieved from /opt/airflow/dags/exemplos/example_distributed.py
[2026-07-04T07:32:53.528+0000] {logging_mixin.py:190} INFO - [2026-07-04T07:32:53.528+0000] {dag.py:3239} INFO - Sync 1 DAGs
[2026-07-04T07:32:53.558+0000] {logging_mixin.py:190} INFO - [2026-07-04T07:32:53.558+0000] {dag.py:4180} INFO - Setting next_dagrun for example_distributed_celery to None, run_after=None
[2026-07-04T07:32:53.576+0000] {processor.py:208} INFO - Processing /opt/airflow/dags/exemplos/example_distributed.py took 0.138 seconds
[2026-07-04T07:33:24.161+0000] {processor.py:186} INFO - Started process (PID=397) to work on /opt/airflow/dags/exemplos/example_distributed.py
[2026-07-04T07:33:24.163+0000] {processor.py:914} INFO - Processing file /opt/airflow/dags/exemplos/example_distributed.py for tasks to queue
[2026-07-04T07:33:24.164+0000] {logging_mixin.py:190} INFO - [2026-07-04T07:33:24.164+0000] {dagbag.py:588} INFO - Filling up the DagBag from /opt/airflow/dags/exemplos/example_distributed.py
[2026-07-04T07:33:24.174+0000] {processor.py:925} INFO - DAG(s) 'example_distributed_celery' retrieved from /opt/airflow/dags/exemplos/example_distributed.py
[2026-07-04T07:33:24.203+0000] {logging_mixin.py:190} INFO - [2026-07-04T07:33:24.202+0000] {dag.py:3239} INFO - Sync 1 DAGs
[2026-07-04T07:33:24.216+0000] {logging_mixin.py:190} INFO - [2026-07-04T07:33:24.215+0000] {dag.py:4180} INFO - Setting next_dagrun for example_distributed_celery to None, run_after=None
[2026-07-04T07:33:24.237+0000] {processor.py:208} INFO - Processing /opt/airflow/dags/exemplos/example_distributed.py took 0.082 seconds
[2026-07-04T07:33:54.693+0000] {processor.py:186} INFO - Started process (PID=408) to work on /opt/airflow/dags/exemplos/example_distributed.py
[2026-07-04T07:33:54.694+0000] {processor.py:914} INFO - Processing file /opt/airflow/dags/exemplos/example_distributed.py for tasks to queue
[2026-07-04T07:33:54.695+0000] {logging_mixin.py:190} INFO - [2026-07-04T07:33:54.695+0000] {dagbag.py:588} INFO - Filling up the DagBag from /opt/airflow/dags/exemplos/example_distributed.py
[2026-07-04T07:33:54.706+0000] {processor.py:925} INFO - DAG(s) 'example_distributed_celery' retrieved from /opt/airflow/dags/exemplos/example_distributed.py
[2026-07-04T07:33:54.738+0000] {logging_mixin.py:190} INFO - [2026-07-04T07:33:54.738+0000] {dag.py:3239} INFO - Sync 1 DAGs
[2026-07-04T07:33:54.752+0000] {logging_mixin.py:190} INFO - [2026-07-04T07:33:54.752+0000] {dag.py:4180} INFO - Setting next_dagrun for example_distributed_celery to None, run_after=None
[2026-07-04T07:33:54.774+0000] {processor.py:208} INFO - Processing /opt/airflow/dags/exemplos/example_distributed.py took 0.087 seconds
[2026-07-04T07:34:25.094+0000] {processor.py:186} INFO - Started process (PID=419) to work on /opt/airflow/dags/exemplos/example_distributed.py
[2026-07-04T07:34:25.097+0000] {processor.py:914} INFO - Processing file /opt/airflow/dags/exemplos/example_distributed.py for tasks to queue
[2026-07-04T07:34:25.098+0000] {logging_mixin.py:190} INFO - [2026-07-04T07:34:25.098+0000] {dagbag.py:588} INFO - Filling up the DagBag from /opt/airflow/dags/exemplos/example_distributed.py
[2026-07-04T07:34:25.113+0000] {processor.py:925} INFO - DAG(s) 'example_distributed_celery' retrieved from /opt/airflow/dags/exemplos/example_distributed.py
[2026-07-04T07:34:25.154+0000] {logging_mixin.py:190} INFO - [2026-07-04T07:34:25.154+0000] {dag.py:3239} INFO - Sync 1 DAGs
[2026-07-04T07:34:25.173+0000] {logging_mixin.py:190} INFO - [2026-07-04T07:34:25.172+0000] {dag.py:4180} INFO - Setting next_dagrun for example_distributed_celery to None, run_after=None
[2026-07-04T07:34:25.202+0000] {processor.py:208} INFO - Processing /opt/airflow/dags/exemplos/example_distributed.py took 0.118 seconds
[2026-07-04T07:34:55.701+0000] {processor.py:186} INFO - Started process (PID=430) to work on /opt/airflow/dags/exemplos/example_distributed.py
[2026-07-04T07:34:55.776+0000] {processor.py:914} INFO - Processing file /opt/airflow/dags/exemplos/example_distributed.py for tasks to queue
[2026-07-04T07:34:55.778+0000] {logging_mixin.py:190} INFO - [2026-07-04T07:34:55.777+0000] {dagbag.py:588} INFO - Filling up the DagBag from /opt/airflow/dags/exemplos/example_distributed.py
[2026-07-04T07:34:55.794+0000] {processor.py:925} INFO - DAG(s) 'example_distributed_celery' retrieved from /opt/airflow/dags/exemplos/example_distributed.py
[2026-07-04T07:34:55.833+0000] {logging_mixin.py:190} INFO - [2026-07-04T07:34:55.833+0000] {dag.py:3239} INFO - Sync 1 DAGs
[2026-07-04T07:34:55.855+0000] {logging_mixin.py:190} INFO - [2026-07-04T07:34:55.855+0000] {dag.py:4180} INFO - Setting next_dagrun for example_distributed_celery to None, run_after=None
[2026-07-04T07:34:55.875+0000] {processor.py:208} INFO - Processing /opt/airflow/dags/exemplos/example_distributed.py took 0.182 seconds
[2026-07-04T07:35:26.738+0000] {processor.py:186} INFO - Started process (PID=442) to work on /opt/airflow/dags/exemplos/example_distributed.py
[2026-07-04T07:35:26.740+0000] {processor.py:914} INFO - Processing file /opt/airflow/dags/exemplos/example_distributed.py for tasks to queue
[2026-07-04T07:35:26.741+0000] {logging_mixin.py:190} INFO - [2026-07-04T07:35:26.741+0000] {dagbag.py:588} INFO - Filling up the DagBag from /opt/airflow/dags/exemplos/example_distributed.py
[2026-07-04T07:35:26.755+0000] {processor.py:925} INFO - DAG(s) 'example_distributed_celery' retrieved from /opt/airflow/dags/exemplos/example_distributed.py
[2026-07-04T07:35:26.804+0000] {logging_mixin.py:190} INFO - [2026-07-04T07:35:26.804+0000] {dag.py:3239} INFO - Sync 1 DAGs
[2026-07-04T07:35:26.822+0000] {logging_mixin.py:190} INFO - [2026-07-04T07:35:26.822+0000] {dag.py:4180} INFO - Setting next_dagrun for example_distributed_celery to None, run_after=None
[2026-07-04T07:35:26.853+0000] {processor.py:208} INFO - Processing /opt/airflow/dags/exemplos/example_distributed.py took 0.125 seconds
[2026-07-04T07:35:58.614+0000] {processor.py:186} INFO - Started process (PID=452) to work on /opt/airflow/dags/exemplos/example_distributed.py
[2026-07-04T07:35:58.627+0000] {processor.py:914} INFO - Processing file /opt/airflow/dags/exemplos/example_distributed.py for tasks to queue
[2026-07-04T07:35:58.630+0000] {logging_mixin.py:190} INFO - [2026-07-04T07:35:58.629+0000] {dagbag.py:588} INFO - Filling up the DagBag from /opt/airflow/dags/exemplos/example_distributed.py
[2026-07-04T07:35:58.642+0000] {processor.py:925} INFO - DAG(s) 'example_distributed_celery' retrieved from /opt/airflow/dags/exemplos/example_distributed.py
[2026-07-04T07:35:59.600+0000] {logging_mixin.py:190} INFO - [2026-07-04T07:35:59.600+0000] {dag.py:3239} INFO - Sync 1 DAGs
[2026-07-04T07:35:59.774+0000] {logging_mixin.py:190} INFO - [2026-07-04T07:35:59.774+0000] {dag.py:4180} INFO - Setting next_dagrun for example_distributed_celery to None, run_after=None
[2026-07-04T07:36:00.183+0000] {processor.py:208} INFO - Processing /opt/airflow/dags/exemplos/example_distributed.py took 1.577 seconds
[2026-07-04T07:36:30.666+0000] {processor.py:186} INFO - Started process (PID=457) to work on /opt/airflow/dags/exemplos/example_distributed.py
[2026-07-04T07:36:30.865+0000] {processor.py:914} INFO - Processing file /opt/airflow/dags/exemplos/example_distributed.py for tasks to queue
[2026-07-04T07:36:30.876+0000] {logging_mixin.py:190} INFO - [2026-07-04T07:36:30.868+0000] {dagbag.py:588} INFO - Filling up the DagBag from /opt/airflow/dags/exemplos/example_distributed.py
[2026-07-04T07:36:30.888+0000] {processor.py:925} INFO - DAG(s) 'example_distributed_celery' retrieved from /opt/airflow/dags/exemplos/example_distributed.py
[2026-07-04T07:36:30.961+0000] {logging_mixin.py:190} INFO - [2026-07-04T07:36:30.960+0000] {dag.py:3239} INFO - Sync 1 DAGs
[2026-07-04T07:36:30.981+0000] {logging_mixin.py:190} INFO - [2026-07-04T07:36:30.981+0000] {dag.py:4180} INFO - Setting next_dagrun for example_distributed_celery to None, run_after=None
[2026-07-04T07:36:31.014+0000] {processor.py:208} INFO - Processing /opt/airflow/dags/exemplos/example_distributed.py took 0.364 seconds
[2026-07-04T07:52:20.633+0000] {processor.py:186} INFO - Started process (PID=60) to work on /opt/airflow/dags/exemplos/example_distributed.py
[2026-07-04T07:52:20.654+0000] {processor.py:914} INFO - Processing file /opt/airflow/dags/exemplos/example_distributed.py for tasks to queue
[2026-07-04T07:52:20.657+0000] {logging_mixin.py:190} INFO - [2026-07-04T07:52:20.657+0000] {dagbag.py:588} INFO - Filling up the DagBag from /opt/airflow/dags/exemplos/example_distributed.py
[2026-07-04T07:52:20.666+0000] {processor.py:925} INFO - DAG(s) 'example_distributed_celery' retrieved from /opt/airflow/dags/exemplos/example_distributed.py
[2026-07-04T07:52:20.742+0000] {logging_mixin.py:190} INFO - [2026-07-04T07:52:20.742+0000] {dag.py:3239} INFO - Sync 1 DAGs
[2026-07-04T07:52:20.761+0000] {logging_mixin.py:190} INFO - [2026-07-04T07:52:20.761+0000] {dag.py:4180} INFO - Setting next_dagrun for example_distributed_celery to None, run_after=None
[2026-07-04T07:52:20.794+0000] {processor.py:208} INFO - Processing /opt/airflow/dags/exemplos/example_distributed.py took 0.171 seconds
[2026-07-04T07:52:53.558+0000] {processor.py:186} INFO - Started process (PID=71) to work on /opt/airflow/dags/exemplos/example_distributed.py
[2026-07-04T07:52:53.889+0000] {processor.py:914} INFO - Processing file /opt/airflow/dags/exemplos/example_distributed.py for tasks to queue
[2026-07-04T07:52:53.893+0000] {logging_mixin.py:190} INFO - [2026-07-04T07:52:53.893+0000] {dagbag.py:588} INFO - Filling up the DagBag from /opt/airflow/dags/exemplos/example_distributed.py
[2026-07-04T07:52:54.129+0000] {processor.py:925} INFO - DAG(s) 'example_distributed_celery' retrieved from /opt/airflow/dags/exemplos/example_distributed.py
[2026-07-04T07:52:54.312+0000] {logging_mixin.py:190} INFO - [2026-07-04T07:52:54.311+0000] {dag.py:3239} INFO - Sync 1 DAGs
[2026-07-04T07:52:54.512+0000] {logging_mixin.py:190} INFO - [2026-07-04T07:52:54.512+0000] {dag.py:4180} INFO - Setting next_dagrun for example_distributed_celery to None, run_after=None
[2026-07-04T07:52:55.130+0000] {processor.py:208} INFO - Processing /opt/airflow/dags/exemplos/example_distributed.py took 1.581 seconds
[2026-07-04T07:53:26.072+0000] {processor.py:186} INFO - Started process (PID=81) to work on /opt/airflow/dags/exemplos/example_distributed.py
[2026-07-04T07:53:26.179+0000] {processor.py:914} INFO - Processing file /opt/airflow/dags/exemplos/example_distributed.py for tasks to queue
[2026-07-04T07:53:26.196+0000] {logging_mixin.py:190} INFO - [2026-07-04T07:53:26.193+0000] {dagbag.py:588} INFO - Filling up the DagBag from /opt/airflow/dags/exemplos/example_distributed.py
[2026-07-04T07:53:26.225+0000] {processor.py:925} INFO - DAG(s) 'example_distributed_celery' retrieved from /opt/airflow/dags/exemplos/example_distributed.py
[2026-07-04T07:53:26.461+0000] {logging_mixin.py:190} INFO - [2026-07-04T07:53:26.460+0000] {dag.py:3239} INFO - Sync 1 DAGs
[2026-07-04T07:53:26.609+0000] {logging_mixin.py:190} INFO - [2026-07-04T07:53:26.608+0000] {dag.py:4180} INFO - Setting next_dagrun for example_distributed_celery to None, run_after=None
[2026-07-04T07:53:26.646+0000] {processor.py:208} INFO - Processing /opt/airflow/dags/exemplos/example_distributed.py took 0.590 seconds
[2026-07-04T07:54:47.721+0000] {processor.py:186} INFO - Started process (PID=91) to work on /opt/airflow/dags/exemplos/example_distributed.py
[2026-07-04T07:54:48.667+0000] {processor.py:914} INFO - Processing file /opt/airflow/dags/exemplos/example_distributed.py for tasks to queue
[2026-07-04T07:54:48.773+0000] {logging_mixin.py:190} INFO - [2026-07-04T07:54:48.669+0000] {dagbag.py:588} INFO - Filling up the DagBag from /opt/airflow/dags/exemplos/example_distributed.py
[2026-07-04T08:19:41.320+0000] {processor.py:186} INFO - Started process (PID=76) to work on /opt/airflow/dags/exemplos/example_distributed.py
[2026-07-04T08:19:41.361+0000] {processor.py:914} INFO - Processing file /opt/airflow/dags/exemplos/example_distributed.py for tasks to queue
[2026-07-04T08:19:41.364+0000] {logging_mixin.py:190} INFO - [2026-07-04T08:19:41.364+0000] {dagbag.py:588} INFO - Filling up the DagBag from /opt/airflow/dags/exemplos/example_distributed.py
[2026-07-04T08:19:41.381+0000] {processor.py:925} INFO - DAG(s) 'example_distributed_celery' retrieved from /opt/airflow/dags/exemplos/example_distributed.py
[2026-07-04T08:19:41.439+0000] {logging_mixin.py:190} INFO - [2026-07-04T08:19:41.439+0000] {dag.py:3239} INFO - Sync 1 DAGs
[2026-07-04T08:19:41.462+0000] {logging_mixin.py:190} INFO - [2026-07-04T08:19:41.462+0000] {dag.py:4180} INFO - Setting next_dagrun for example_distributed_celery to None, run_after=None
[2026-07-04T08:19:41.492+0000] {processor.py:208} INFO - Processing /opt/airflow/dags/exemplos/example_distributed.py took 0.179 seconds
[2026-07-04T08:20:28.884+0000] {processor.py:186} INFO - Started process (PID=86) to work on /opt/airflow/dags/exemplos/example_distributed.py
[2026-07-04T08:20:29.004+0000] {processor.py:914} INFO - Processing file /opt/airflow/dags/exemplos/example_distributed.py for tasks to queue
[2026-07-04T08:20:29.204+0000] {logging_mixin.py:190} INFO - [2026-07-04T08:20:29.203+0000] {dagbag.py:588} INFO - Filling up the DagBag from /opt/airflow/dags/exemplos/example_distributed.py
[2026-07-04T08:20:29.593+0000] {processor.py:925} INFO - DAG(s) 'example_distributed_celery' retrieved from /opt/airflow/dags/exemplos/example_distributed.py
[2026-07-04T08:20:29.852+0000] {logging_mixin.py:190} INFO - [2026-07-04T08:20:29.852+0000] {dag.py:3239} INFO - Sync 1 DAGs
[2026-07-04T08:20:30.021+0000] {logging_mixin.py:190} INFO - [2026-07-04T08:20:30.020+0000] {dag.py:4180} INFO - Setting next_dagrun for example_distributed_celery to None, run_after=None
[2026-07-04T08:20:30.574+0000] {processor.py:208} INFO - Processing /opt/airflow/dags/exemplos/example_distributed.py took 1.710 seconds
[2026-07-04T08:21:01.652+0000] {processor.py:186} INFO - Started process (PID=96) to work on /opt/airflow/dags/exemplos/example_distributed.py
[2026-07-04T08:21:01.656+0000] {processor.py:914} INFO - Processing file /opt/airflow/dags/exemplos/example_distributed.py for tasks to queue
[2026-07-04T08:21:01.662+0000] {logging_mixin.py:190} INFO - [2026-07-04T08:21:01.661+0000] {dagbag.py:588} INFO - Filling up the DagBag from /opt/airflow/dags/exemplos/example_distributed.py
[2026-07-04T08:21:01.681+0000] {processor.py:925} INFO - DAG(s) 'example_distributed_celery' retrieved from /opt/airflow/dags/exemplos/example_distributed.py
[2026-07-04T08:21:01.742+0000] {logging_mixin.py:190} INFO - [2026-07-04T08:21:01.742+0000] {dag.py:3239} INFO - Sync 1 DAGs
[2026-07-04T08:21:01.767+0000] {logging_mixin.py:190} INFO - [2026-07-04T08:21:01.766+0000] {dag.py:4180} INFO - Setting next_dagrun for example_distributed_celery to None, run_after=None
[2026-07-04T08:21:01.853+0000] {processor.py:208} INFO - Processing /opt/airflow/dags/exemplos/example_distributed.py took 0.217 seconds
[2026-07-04T08:21:37.934+0000] {processor.py:186} INFO - Started process (PID=104) to work on /opt/airflow/dags/exemplos/example_distributed.py
[2026-07-04T08:21:38.134+0000] {processor.py:914} INFO - Processing file /opt/airflow/dags/exemplos/example_distributed.py for tasks to queue
[2026-07-04T08:21:38.137+0000] {logging_mixin.py:190} INFO - [2026-07-04T08:21:38.137+0000] {dagbag.py:588} INFO - Filling up the DagBag from /opt/airflow/dags/exemplos/example_distributed.py
[2026-07-04T08:21:38.154+0000] {processor.py:925} INFO - DAG(s) 'example_distributed_celery' retrieved from /opt/airflow/dags/exemplos/example_distributed.py
[2026-07-04T08:21:38.648+0000] {logging_mixin.py:190} INFO - [2026-07-04T08:21:38.647+0000] {dag.py:3239} INFO - Sync 1 DAGs
[2026-07-04T08:21:38.697+0000] {logging_mixin.py:190} INFO - [2026-07-04T08:21:38.697+0000] {dag.py:4180} INFO - Setting next_dagrun for example_distributed_celery to None, run_after=None
[2026-07-04T08:21:38.882+0000] {processor.py:208} INFO - Processing /opt/airflow/dags/exemplos/example_distributed.py took 0.957 seconds
[2026-07-04T08:22:10.113+0000] {processor.py:186} INFO - Started process (PID=115) to work on /opt/airflow/dags/exemplos/example_distributed.py
[2026-07-04T08:22:10.193+0000] {processor.py:914} INFO - Processing file /opt/airflow/dags/exemplos/example_distributed.py for tasks to queue
[2026-07-04T08:22:10.200+0000] {logging_mixin.py:190} INFO - [2026-07-04T08:22:10.200+0000] {dagbag.py:588} INFO - Filling up the DagBag from /opt/airflow/dags/exemplos/example_distributed.py
[2026-07-04T08:22:10.213+0000] {processor.py:925} INFO - DAG(s) 'example_distributed_celery' retrieved from /opt/airflow/dags/exemplos/example_distributed.py
[2026-07-04T08:22:10.259+0000] {logging_mixin.py:190} INFO - [2026-07-04T08:22:10.259+0000] {dag.py:3239} INFO - Sync 1 DAGs
[2026-07-04T08:22:10.314+0000] {logging_mixin.py:190} INFO - [2026-07-04T08:22:10.314+0000] {dag.py:4180} INFO - Setting next_dagrun for example_distributed_celery to None, run_after=None
[2026-07-04T08:22:10.381+0000] {processor.py:208} INFO - Processing /opt/airflow/dags/exemplos/example_distributed.py took 0.278 seconds
[2026-07-04T08:22:40.554+0000] {processor.py:186} INFO - Started process (PID=124) to work on /opt/airflow/dags/exemplos/example_distributed.py
[2026-07-04T08:22:40.649+0000] {processor.py:914} INFO - Processing file /opt/airflow/dags/exemplos/example_distributed.py for tasks to queue
[2026-07-04T08:22:40.652+0000] {logging_mixin.py:190} INFO - [2026-07-04T08:22:40.652+0000] {dagbag.py:588} INFO - Filling up the DagBag from /opt/airflow/dags/exemplos/example_distributed.py
[2026-07-04T08:22:40.662+0000] {processor.py:925} INFO - DAG(s) 'example_distributed_celery' retrieved from /opt/airflow/dags/exemplos/example_distributed.py
[2026-07-04T08:22:40.703+0000] {logging_mixin.py:190} INFO - [2026-07-04T08:22:40.703+0000] {dag.py:3239} INFO - Sync 1 DAGs
[2026-07-04T08:22:40.723+0000] {logging_mixin.py:190} INFO - [2026-07-04T08:22:40.723+0000] {dag.py:4180} INFO - Setting next_dagrun for example_distributed_celery to None, run_after=None
[2026-07-04T08:22:40.839+0000] {processor.py:208} INFO - Processing /opt/airflow/dags/exemplos/example_distributed.py took 0.296 seconds
[2026-07-04T08:23:12.490+0000] {processor.py:186} INFO - Started process (PID=128) to work on /opt/airflow/dags/exemplos/example_distributed.py
[2026-07-04T08:23:12.537+0000] {processor.py:914} INFO - Processing file /opt/airflow/dags/exemplos/example_distributed.py for tasks to queue
[2026-07-04T08:23:12.540+0000] {logging_mixin.py:190} INFO - [2026-07-04T08:23:12.539+0000] {dagbag.py:588} INFO - Filling up the DagBag from /opt/airflow/dags/exemplos/example_distributed.py
[2026-07-04T08:23:12.551+0000] {processor.py:925} INFO - DAG(s) 'example_distributed_celery' retrieved from /opt/airflow/dags/exemplos/example_distributed.py
[2026-07-04T08:23:12.615+0000] {logging_mixin.py:190} INFO - [2026-07-04T08:23:12.615+0000] {dag.py:3239} INFO - Sync 1 DAGs
[2026-07-04T08:23:12.651+0000] {logging_mixin.py:190} INFO - [2026-07-04T08:23:12.651+0000] {dag.py:4180} INFO - Setting next_dagrun for example_distributed_celery to None, run_after=None
[2026-07-04T08:23:13.122+0000] {processor.py:208} INFO - Processing /opt/airflow/dags/exemplos/example_distributed.py took 0.655 seconds
[2026-07-04T08:23:43.269+0000] {processor.py:186} INFO - Started process (PID=139) to work on /opt/airflow/dags/exemplos/example_distributed.py
[2026-07-04T08:23:43.271+0000] {processor.py:914} INFO - Processing file /opt/airflow/dags/exemplos/example_distributed.py for tasks to queue
[2026-07-04T08:23:43.274+0000] {logging_mixin.py:190} INFO - [2026-07-04T08:23:43.273+0000] {dagbag.py:588} INFO - Filling up the DagBag from /opt/airflow/dags/exemplos/example_distributed.py
[2026-07-04T08:23:43.285+0000] {processor.py:925} INFO - DAG(s) 'example_distributed_celery' retrieved from /opt/airflow/dags/exemplos/example_distributed.py
[2026-07-04T08:23:43.331+0000] {logging_mixin.py:190} INFO - [2026-07-04T08:23:43.330+0000] {dag.py:3239} INFO - Sync 1 DAGs
[2026-07-04T08:23:43.564+0000] {logging_mixin.py:190} INFO - [2026-07-04T08:23:43.563+0000] {dag.py:4180} INFO - Setting next_dagrun for example_distributed_celery to None, run_after=None
[2026-07-04T08:23:43.622+0000] {processor.py:208} INFO - Processing /opt/airflow/dags/exemplos/example_distributed.py took 0.361 seconds
[2026-07-04T08:24:13.738+0000] {processor.py:186} INFO - Started process (PID=150) to work on /opt/airflow/dags/exemplos/example_distributed.py
[2026-07-04T08:24:13.740+0000] {processor.py:914} INFO - Processing file /opt/airflow/dags/exemplos/example_distributed.py for tasks to queue
[2026-07-04T08:24:13.742+0000] {logging_mixin.py:190} INFO - [2026-07-04T08:24:13.742+0000] {dagbag.py:588} INFO - Filling up the DagBag from /opt/airflow/dags/exemplos/example_distributed.py
[2026-07-04T08:24:13.754+0000] {processor.py:925} INFO - DAG(s) 'example_distributed_celery' retrieved from /opt/airflow/dags/exemplos/example_distributed.py
[2026-07-04T08:24:13.793+0000] {logging_mixin.py:190} INFO - [2026-07-04T08:24:13.792+0000] {dag.py:3239} INFO - Sync 1 DAGs
[2026-07-04T08:24:13.813+0000] {logging_mixin.py:190} INFO - [2026-07-04T08:24:13.813+0000] {dag.py:4180} INFO - Setting next_dagrun for example_distributed_celery to None, run_after=None
[2026-07-04T08:24:13.841+0000] {processor.py:208} INFO - Processing /opt/airflow/dags/exemplos/example_distributed.py took 0.114 seconds
[2026-07-04T08:24:44.288+0000] {processor.py:186} INFO - Started process (PID=161) to work on /opt/airflow/dags/exemplos/example_distributed.py
[2026-07-04T08:24:44.289+0000] {processor.py:914} INFO - Processing file /opt/airflow/dags/exemplos/example_distributed.py for tasks to queue
[2026-07-04T08:24:44.292+0000] {logging_mixin.py:190} INFO - [2026-07-04T08:24:44.292+0000] {dagbag.py:588} INFO - Filling up the DagBag from /opt/airflow/dags/exemplos/example_distributed.py
[2026-07-04T08:24:44.304+0000] {processor.py:925} INFO - DAG(s) 'example_distributed_celery' retrieved from /opt/airflow/dags/exemplos/example_distributed.py
[2026-07-04T08:24:44.340+0000] {logging_mixin.py:190} INFO - [2026-07-04T08:24:44.340+0000] {dag.py:3239} INFO - Sync 1 DAGs
[2026-07-04T08:24:44.357+0000] {logging_mixin.py:190} INFO - [2026-07-04T08:24:44.357+0000] {dag.py:4180} INFO - Setting next_dagrun for example_distributed_celery to None, run_after=None
[2026-07-04T08:24:44.396+0000] {processor.py:208} INFO - Processing /opt/airflow/dags/exemplos/example_distributed.py took 0.117 seconds
[2026-07-04T08:25:15.113+0000] {processor.py:186} INFO - Started process (PID=172) to work on /opt/airflow/dags/exemplos/example_distributed.py
[2026-07-04T08:25:15.115+0000] {processor.py:914} INFO - Processing file /opt/airflow/dags/exemplos/example_distributed.py for tasks to queue
[2026-07-04T08:25:15.119+0000] {logging_mixin.py:190} INFO - [2026-07-04T08:25:15.119+0000] {dagbag.py:588} INFO - Filling up the DagBag from /opt/airflow/dags/exemplos/example_distributed.py
[2026-07-04T08:25:15.131+0000] {processor.py:925} INFO - DAG(s) 'example_distributed_celery' retrieved from /opt/airflow/dags/exemplos/example_distributed.py
[2026-07-04T08:25:15.170+0000] {logging_mixin.py:190} INFO - [2026-07-04T08:25:15.170+0000] {dag.py:3239} INFO - Sync 1 DAGs
[2026-07-04T08:25:15.368+0000] {logging_mixin.py:190} INFO - [2026-07-04T08:25:15.368+0000] {dag.py:4180} INFO - Setting next_dagrun for example_distributed_celery to None, run_after=None
[2026-07-04T08:25:15.395+0000] {processor.py:208} INFO - Processing /opt/airflow/dags/exemplos/example_distributed.py took 0.290 seconds
[2026-07-04T08:25:45.878+0000] {processor.py:186} INFO - Started process (PID=184) to work on /opt/airflow/dags/exemplos/example_distributed.py
[2026-07-04T08:25:45.879+0000] {processor.py:914} INFO - Processing file /opt/airflow/dags/exemplos/example_distributed.py for tasks to queue
[2026-07-04T08:25:45.882+0000] {logging_mixin.py:190} INFO - [2026-07-04T08:25:45.882+0000] {dagbag.py:588} INFO - Filling up the DagBag from /opt/airflow/dags/exemplos/example_distributed.py
[2026-07-04T08:25:45.898+0000] {processor.py:925} INFO - DAG(s) 'example_distributed_celery' retrieved from /opt/airflow/dags/exemplos/example_distributed.py
[2026-07-04T08:25:46.127+0000] {logging_mixin.py:190} INFO - [2026-07-04T08:25:46.127+0000] {dag.py:3239} INFO - Sync 1 DAGs
[2026-07-04T08:25:46.141+0000] {logging_mixin.py:190} INFO - [2026-07-04T08:25:46.141+0000] {dag.py:4180} INFO - Setting next_dagrun for example_distributed_celery to None, run_after=None
[2026-07-04T08:25:46.164+0000] {processor.py:208} INFO - Processing /opt/airflow/dags/exemplos/example_distributed.py took 0.297 seconds
[2026-07-04T08:26:17.134+0000] {processor.py:186} INFO - Started process (PID=195) to work on /opt/airflow/dags/exemplos/example_distributed.py
[2026-07-04T08:26:17.136+0000] {processor.py:914} INFO - Processing file /opt/airflow/dags/exemplos/example_distributed.py for tasks to queue
[2026-07-04T08:26:17.142+0000] {logging_mixin.py:190} INFO - [2026-07-04T08:26:17.141+0000] {dagbag.py:588} INFO - Filling up the DagBag from /opt/airflow/dags/exemplos/example_distributed.py
[2026-07-04T08:26:17.155+0000] {processor.py:925} INFO - DAG(s) 'example_distributed_celery' retrieved from /opt/airflow/dags/exemplos/example_distributed.py
[2026-07-04T08:26:17.199+0000] {logging_mixin.py:190} INFO - [2026-07-04T08:26:17.199+0000] {dag.py:3239} INFO - Sync 1 DAGs
[2026-07-04T08:26:17.219+0000] {logging_mixin.py:190} INFO - [2026-07-04T08:26:17.219+0000] {dag.py:4180} INFO - Setting next_dagrun for example_distributed_celery to None, run_after=None
[2026-07-04T08:26:17.254+0000] {processor.py:208} INFO - Processing /opt/airflow/dags/exemplos/example_distributed.py took 0.128 seconds
[2026-07-04T08:26:47.717+0000] {processor.py:186} INFO - Started process (PID=207) to work on /opt/airflow/dags/exemplos/example_distributed.py
[2026-07-04T08:26:47.718+0000] {processor.py:914} INFO - Processing file /opt/airflow/dags/exemplos/example_distributed.py for tasks to queue
[2026-07-04T08:26:47.725+0000] {logging_mixin.py:190} INFO - [2026-07-04T08:26:47.725+0000] {dagbag.py:588} INFO - Filling up the DagBag from /opt/airflow/dags/exemplos/example_distributed.py
[2026-07-04T08:26:47.738+0000] {processor.py:925} INFO - DAG(s) 'example_distributed_celery' retrieved from /opt/airflow/dags/exemplos/example_distributed.py
[2026-07-04T08:26:47.777+0000] {logging_mixin.py:190} INFO - [2026-07-04T08:26:47.776+0000] {dag.py:3239} INFO - Sync 1 DAGs
[2026-07-04T08:26:47.799+0000] {logging_mixin.py:190} INFO - [2026-07-04T08:26:47.798+0000] {dag.py:4180} INFO - Setting next_dagrun for example_distributed_celery to None, run_after=None
[2026-07-04T08:26:47.865+0000] {processor.py:208} INFO - Processing /opt/airflow/dags/exemplos/example_distributed.py took 0.159 seconds
[2026-07-04T08:27:18.339+0000] {processor.py:186} INFO - Started process (PID=217) to work on /opt/airflow/dags/exemplos/example_distributed.py
[2026-07-04T08:27:18.404+0000] {processor.py:914} INFO - Processing file /opt/airflow/dags/exemplos/example_distributed.py for tasks to queue
[2026-07-04T08:27:18.407+0000] {logging_mixin.py:190} INFO - [2026-07-04T08:27:18.407+0000] {dagbag.py:588} INFO - Filling up the DagBag from /opt/airflow/dags/exemplos/example_distributed.py
[2026-07-04T08:27:18.419+0000] {processor.py:925} INFO - DAG(s) 'example_distributed_celery' retrieved from /opt/airflow/dags/exemplos/example_distributed.py
[2026-07-04T08:27:18.452+0000] {logging_mixin.py:190} INFO - [2026-07-04T08:27:18.451+0000] {dag.py:3239} INFO - Sync 1 DAGs
[2026-07-04T08:27:18.480+0000] {logging_mixin.py:190} INFO - [2026-07-04T08:27:18.480+0000] {dag.py:4180} INFO - Setting next_dagrun for example_distributed_celery to None, run_after=None
[2026-07-04T08:27:18.524+0000] {processor.py:208} INFO - Processing /opt/airflow/dags/exemplos/example_distributed.py took 0.192 seconds
[2026-07-04T08:27:49.064+0000] {processor.py:186} INFO - Started process (PID=222) to work on /opt/airflow/dags/exemplos/example_distributed.py
[2026-07-04T08:27:49.066+0000] {processor.py:914} INFO - Processing file /opt/airflow/dags/exemplos/example_distributed.py for tasks to queue
[2026-07-04T08:27:49.070+0000] {logging_mixin.py:190} INFO - [2026-07-04T08:27:49.070+0000] {dagbag.py:588} INFO - Filling up the DagBag from /opt/airflow/dags/exemplos/example_distributed.py
[2026-07-04T08:27:49.086+0000] {processor.py:925} INFO - DAG(s) 'example_distributed_celery' retrieved from /opt/airflow/dags/exemplos/example_distributed.py
[2026-07-04T08:27:49.149+0000] {logging_mixin.py:190} INFO - [2026-07-04T08:27:49.148+0000] {dag.py:3239} INFO - Sync 1 DAGs
[2026-07-04T08:27:49.170+0000] {logging_mixin.py:190} INFO - [2026-07-04T08:27:49.169+0000] {dag.py:4180} INFO - Setting next_dagrun for example_distributed_celery to None, run_after=None
[2026-07-04T08:27:49.230+0000] {processor.py:208} INFO - Processing /opt/airflow/dags/exemplos/example_distributed.py took 0.184 seconds
[2026-07-04T08:28:20.155+0000] {processor.py:186} INFO - Started process (PID=233) to work on /opt/airflow/dags/exemplos/example_distributed.py
[2026-07-04T08:28:20.435+0000] {processor.py:914} INFO - Processing file /opt/airflow/dags/exemplos/example_distributed.py for tasks to queue
[2026-07-04T08:28:20.441+0000] {logging_mixin.py:190} INFO - [2026-07-04T08:28:20.439+0000] {dagbag.py:588} INFO - Filling up the DagBag from /opt/airflow/dags/exemplos/example_distributed.py
[2026-07-04T08:28:20.455+0000] {processor.py:925} INFO - DAG(s) 'example_distributed_celery' retrieved from /opt/airflow/dags/exemplos/example_distributed.py
[2026-07-04T08:28:20.510+0000] {logging_mixin.py:190} INFO - [2026-07-04T08:28:20.510+0000] {dag.py:3239} INFO - Sync 1 DAGs
[2026-07-04T08:28:20.535+0000] {logging_mixin.py:190} INFO - [2026-07-04T08:28:20.534+0000] {dag.py:4180} INFO - Setting next_dagrun for example_distributed_celery to None, run_after=None
[2026-07-04T08:28:20.670+0000] {processor.py:208} INFO - Processing /opt/airflow/dags/exemplos/example_distributed.py took 0.537 seconds
[2026-07-04T08:28:51.581+0000] {processor.py:186} INFO - Started process (PID=245) to work on /opt/airflow/dags/exemplos/example_distributed.py
[2026-07-04T08:28:51.582+0000] {processor.py:914} INFO - Processing file /opt/airflow/dags/exemplos/example_distributed.py for tasks to queue
[2026-07-04T08:28:51.594+0000] {logging_mixin.py:190} INFO - [2026-07-04T08:28:51.593+0000] {dagbag.py:588} INFO - Filling up the DagBag from /opt/airflow/dags/exemplos/example_distributed.py
[2026-07-04T08:28:51.609+0000] {processor.py:925} INFO - DAG(s) 'example_distributed_celery' retrieved from /opt/airflow/dags/exemplos/example_distributed.py
[2026-07-04T08:28:51.652+0000] {logging_mixin.py:190} INFO - [2026-07-04T08:28:51.651+0000] {dag.py:3239} INFO - Sync 1 DAGs
[2026-07-04T08:28:51.675+0000] {logging_mixin.py:190} INFO - [2026-07-04T08:28:51.674+0000] {dag.py:4180} INFO - Setting next_dagrun for example_distributed_celery to None, run_after=None
[2026-07-04T08:28:52.263+0000] {processor.py:208} INFO - Processing /opt/airflow/dags/exemplos/example_distributed.py took 0.690 seconds
[2026-07-04T08:29:22.706+0000] {processor.py:186} INFO - Started process (PID=256) to work on /opt/airflow/dags/exemplos/example_distributed.py
[2026-07-04T08:29:22.764+0000] {processor.py:914} INFO - Processing file /opt/airflow/dags/exemplos/example_distributed.py for tasks to queue
[2026-07-04T08:29:22.767+0000] {logging_mixin.py:190} INFO - [2026-07-04T08:29:22.767+0000] {dagbag.py:588} INFO - Filling up the DagBag from /opt/airflow/dags/exemplos/example_distributed.py
[2026-07-04T08:29:22.779+0000] {processor.py:925} INFO - DAG(s) 'example_distributed_celery' retrieved from /opt/airflow/dags/exemplos/example_distributed.py
[2026-07-04T08:29:22.822+0000] {logging_mixin.py:190} INFO - [2026-07-04T08:29:22.822+0000] {dag.py:3239} INFO - Sync 1 DAGs
[2026-07-04T08:29:22.841+0000] {logging_mixin.py:190} INFO - [2026-07-04T08:29:22.841+0000] {dag.py:4180} INFO - Setting next_dagrun for example_distributed_celery to None, run_after=None
[2026-07-04T08:29:22.876+0000] {processor.py:208} INFO - Processing /opt/airflow/dags/exemplos/example_distributed.py took 0.179 seconds
[2026-07-04T08:29:53.577+0000] {processor.py:186} INFO - Started process (PID=266) to work on /opt/airflow/dags/exemplos/example_distributed.py
[2026-07-04T08:29:53.580+0000] {processor.py:914} INFO - Processing file /opt/airflow/dags/exemplos/example_distributed.py for tasks to queue
[2026-07-04T08:29:53.589+0000] {logging_mixin.py:190} INFO - [2026-07-04T08:29:53.587+0000] {dagbag.py:588} INFO - Filling up the DagBag from /opt/airflow/dags/exemplos/example_distributed.py
[2026-07-04T08:29:53.602+0000] {processor.py:925} INFO - DAG(s) 'example_distributed_celery' retrieved from /opt/airflow/dags/exemplos/example_distributed.py
[2026-07-04T08:29:53.649+0000] {logging_mixin.py:190} INFO - [2026-07-04T08:29:53.649+0000] {dag.py:3239} INFO - Sync 1 DAGs
[2026-07-04T08:29:53.672+0000] {logging_mixin.py:190} INFO - [2026-07-04T08:29:53.671+0000] {dag.py:4180} INFO - Setting next_dagrun for example_distributed_celery to None, run_after=None
[2026-07-04T08:29:53.703+0000] {processor.py:208} INFO - Processing /opt/airflow/dags/exemplos/example_distributed.py took 0.143 seconds
[2026-07-04T08:30:24.210+0000] {processor.py:186} INFO - Started process (PID=278) to work on /opt/airflow/dags/exemplos/example_distributed.py
[2026-07-04T08:30:24.296+0000] {processor.py:914} INFO - Processing file /opt/airflow/dags/exemplos/example_distributed.py for tasks to queue
[2026-07-04T08:30:24.301+0000] {logging_mixin.py:190} INFO - [2026-07-04T08:30:24.300+0000] {dagbag.py:588} INFO - Filling up the DagBag from /opt/airflow/dags/exemplos/example_distributed.py
[2026-07-04T08:30:24.328+0000] {processor.py:925} INFO - DAG(s) 'example_distributed_celery' retrieved from /opt/airflow/dags/exemplos/example_distributed.py
[2026-07-04T08:30:24.445+0000] {logging_mixin.py:190} INFO - [2026-07-04T08:30:24.444+0000] {dag.py:3239} INFO - Sync 1 DAGs
[2026-07-04T08:30:24.483+0000] {logging_mixin.py:190} INFO - [2026-07-04T08:30:24.483+0000] {dag.py:4180} INFO - Setting next_dagrun for example_distributed_celery to None, run_after=None
[2026-07-04T08:30:24.822+0000] {processor.py:208} INFO - Processing /opt/airflow/dags/exemplos/example_distributed.py took 0.627 seconds
[2026-07-04T08:30:55.602+0000] {processor.py:186} INFO - Started process (PID=289) to work on /opt/airflow/dags/exemplos/example_distributed.py
[2026-07-04T08:30:55.622+0000] {processor.py:914} INFO - Processing file /opt/airflow/dags/exemplos/example_distributed.py for tasks to queue
[2026-07-04T08:30:55.625+0000] {logging_mixin.py:190} INFO - [2026-07-04T08:30:55.625+0000] {dagbag.py:588} INFO - Filling up the DagBag from /opt/airflow/dags/exemplos/example_distributed.py
[2026-07-04T08:30:55.639+0000] {processor.py:925} INFO - DAG(s) 'example_distributed_celery' retrieved from /opt/airflow/dags/exemplos/example_distributed.py
[2026-07-04T08:30:55.703+0000] {logging_mixin.py:190} INFO - [2026-07-04T08:30:55.702+0000] {dag.py:3239} INFO - Sync 1 DAGs
[2026-07-04T08:30:55.731+0000] {logging_mixin.py:190} INFO - [2026-07-04T08:30:55.731+0000] {dag.py:4180} INFO - Setting next_dagrun for example_distributed_celery to None, run_after=None
[2026-07-04T08:30:55.782+0000] {processor.py:208} INFO - Processing /opt/airflow/dags/exemplos/example_distributed.py took 0.200 seconds
[2026-07-04T08:31:26.275+0000] {processor.py:186} INFO - Started process (PID=299) to work on /opt/airflow/dags/exemplos/example_distributed.py
[2026-07-04T08:31:26.286+0000] {processor.py:914} INFO - Processing file /opt/airflow/dags/exemplos/example_distributed.py for tasks to queue
[2026-07-04T08:31:26.290+0000] {logging_mixin.py:190} INFO - [2026-07-04T08:31:26.290+0000] {dagbag.py:588} INFO - Filling up the DagBag from /opt/airflow/dags/exemplos/example_distributed.py
[2026-07-04T08:31:26.313+0000] {processor.py:925} INFO - DAG(s) 'example_distributed_celery' retrieved from /opt/airflow/dags/exemplos/example_distributed.py
[2026-07-04T08:31:26.376+0000] {logging_mixin.py:190} INFO - [2026-07-04T08:31:26.375+0000] {dag.py:3239} INFO - Sync 1 DAGs
[2026-07-04T08:31:26.390+0000] {logging_mixin.py:190} INFO - [2026-07-04T08:31:26.390+0000] {dag.py:4180} INFO - Setting next_dagrun for example_distributed_celery to None, run_after=None
[2026-07-04T08:31:26.453+0000] {processor.py:208} INFO - Processing /opt/airflow/dags/exemplos/example_distributed.py took 0.188 seconds
[2026-07-04T08:31:56.619+0000] {processor.py:186} INFO - Started process (PID=303) to work on /opt/airflow/dags/exemplos/example_distributed.py
[2026-07-04T08:31:56.620+0000] {processor.py:914} INFO - Processing file /opt/airflow/dags/exemplos/example_distributed.py for tasks to queue
[2026-07-04T08:31:56.623+0000] {logging_mixin.py:190} INFO - [2026-07-04T08:31:56.623+0000] {dagbag.py:588} INFO - Filling up the DagBag from /opt/airflow/dags/exemplos/example_distributed.py
[2026-07-04T08:31:56.686+0000] {processor.py:925} INFO - DAG(s) 'example_distributed_celery' retrieved from /opt/airflow/dags/exemplos/example_distributed.py
[2026-07-04T08:31:56.725+0000] {logging_mixin.py:190} INFO - [2026-07-04T08:31:56.725+0000] {dag.py:3239} INFO - Sync 1 DAGs
[2026-07-04T08:31:56.741+0000] {logging_mixin.py:190} INFO - [2026-07-04T08:31:56.741+0000] {dag.py:4180} INFO - Setting next_dagrun for example_distributed_celery to None, run_after=None
[2026-07-04T08:31:56.775+0000] {processor.py:208} INFO - Processing /opt/airflow/dags/exemplos/example_distributed.py took 0.165 seconds
[2026-07-04T08:37:42.388+0000] {processor.py:186} INFO - Started process (PID=69) to work on /opt/airflow/dags/exemplos/example_distributed.py
[2026-07-04T08:37:42.437+0000] {processor.py:914} INFO - Processing file /opt/airflow/dags/exemplos/example_distributed.py for tasks to queue
[2026-07-04T08:37:42.444+0000] {logging_mixin.py:190} INFO - [2026-07-04T08:37:42.444+0000] {dagbag.py:588} INFO - Filling up the DagBag from /opt/airflow/dags/exemplos/example_distributed.py
[2026-07-04T08:37:42.474+0000] {processor.py:925} INFO - DAG(s) 'example_distributed_celery' retrieved from /opt/airflow/dags/exemplos/example_distributed.py
[2026-07-04T08:37:42.529+0000] {logging_mixin.py:190} INFO - [2026-07-04T08:37:42.528+0000] {dag.py:3239} INFO - Sync 1 DAGs
[2026-07-04T08:37:42.560+0000] {logging_mixin.py:190} INFO - [2026-07-04T08:37:42.559+0000] {dag.py:4180} INFO - Setting next_dagrun for example_distributed_celery to None, run_after=None
[2026-07-04T08:37:42.644+0000] {processor.py:208} INFO - Processing /opt/airflow/dags/exemplos/example_distributed.py took 0.265 seconds
[2026-07-04T08:38:13.848+0000] {processor.py:186} INFO - Started process (PID=79) to work on /opt/airflow/dags/exemplos/example_distributed.py
[2026-07-04T08:38:13.887+0000] {processor.py:914} INFO - Processing file /opt/airflow/dags/exemplos/example_distributed.py for tasks to queue
[2026-07-04T08:38:13.891+0000] {logging_mixin.py:190} INFO - [2026-07-04T08:38:13.890+0000] {dagbag.py:588} INFO - Filling up the DagBag from /opt/airflow/dags/exemplos/example_distributed.py
[2026-07-04T08:38:13.906+0000] {processor.py:925} INFO - DAG(s) 'example_distributed_celery' retrieved from /opt/airflow/dags/exemplos/example_distributed.py
[2026-07-04T08:38:13.953+0000] {logging_mixin.py:190} INFO - [2026-07-04T08:38:13.952+0000] {dag.py:3239} INFO - Sync 1 DAGs
[2026-07-04T08:38:13.974+0000] {logging_mixin.py:190} INFO - [2026-07-04T08:38:13.974+0000] {dag.py:4180} INFO - Setting next_dagrun for example_distributed_celery to None, run_after=None
[2026-07-04T08:38:14.003+0000] {processor.py:208} INFO - Processing /opt/airflow/dags/exemplos/example_distributed.py took 0.164 seconds
[2026-07-04T08:38:44.701+0000] {processor.py:186} INFO - Started process (PID=89) to work on /opt/airflow/dags/exemplos/example_distributed.py
[2026-07-04T08:38:44.703+0000] {processor.py:914} INFO - Processing file /opt/airflow/dags/exemplos/example_distributed.py for tasks to queue
[2026-07-04T08:38:44.719+0000] {logging_mixin.py:190} INFO - [2026-07-04T08:38:44.718+0000] {dagbag.py:588} INFO - Filling up the DagBag from /opt/airflow/dags/exemplos/example_distributed.py
[2026-07-04T08:38:44.752+0000] {processor.py:925} INFO - DAG(s) 'example_distributed_celery' retrieved from /opt/airflow/dags/exemplos/example_distributed.py
[2026-07-04T08:38:44.819+0000] {logging_mixin.py:190} INFO - [2026-07-04T08:38:44.819+0000] {dag.py:3239} INFO - Sync 1 DAGs
[2026-07-04T08:38:44.895+0000] {logging_mixin.py:190} INFO - [2026-07-04T08:38:44.895+0000] {dag.py:4180} INFO - Setting next_dagrun for example_distributed_celery to None, run_after=None
[2026-07-04T08:38:44.982+0000] {processor.py:208} INFO - Processing /opt/airflow/dags/exemplos/example_distributed.py took 0.312 seconds
[2026-07-04T08:39:15.817+0000] {processor.py:186} INFO - Started process (PID=99) to work on /opt/airflow/dags/exemplos/example_distributed.py
[2026-07-04T08:39:15.819+0000] {processor.py:914} INFO - Processing file /opt/airflow/dags/exemplos/example_distributed.py for tasks to queue
[2026-07-04T08:39:15.824+0000] {logging_mixin.py:190} INFO - [2026-07-04T08:39:15.823+0000] {dagbag.py:588} INFO - Filling up the DagBag from /opt/airflow/dags/exemplos/example_distributed.py
[2026-07-04T08:39:15.839+0000] {processor.py:925} INFO - DAG(s) 'example_distributed_celery' retrieved from /opt/airflow/dags/exemplos/example_distributed.py
[2026-07-04T08:39:15.891+0000] {logging_mixin.py:190} INFO - [2026-07-04T08:39:15.890+0000] {dag.py:3239} INFO - Sync 1 DAGs
[2026-07-04T08:39:15.919+0000] {logging_mixin.py:190} INFO - [2026-07-04T08:39:15.917+0000] {dag.py:4180} INFO - Setting next_dagrun for example_distributed_celery to None, run_after=None
[2026-07-04T08:39:15.994+0000] {processor.py:208} INFO - Processing /opt/airflow/dags/exemplos/example_distributed.py took 0.191 seconds
[2026-07-04T08:39:46.415+0000] {processor.py:186} INFO - Started process (PID=103) to work on /opt/airflow/dags/exemplos/example_distributed.py
[2026-07-04T08:39:46.418+0000] {processor.py:914} INFO - Processing file /opt/airflow/dags/exemplos/example_distributed.py for tasks to queue
[2026-07-04T08:39:46.423+0000] {logging_mixin.py:190} INFO - [2026-07-04T08:39:46.423+0000] {dagbag.py:588} INFO - Filling up the DagBag from /opt/airflow/dags/exemplos/example_distributed.py
[2026-07-04T08:39:46.446+0000] {processor.py:925} INFO - DAG(s) 'example_distributed_celery' retrieved from /opt/airflow/dags/exemplos/example_distributed.py
[2026-07-04T08:39:46.498+0000] {logging_mixin.py:190} INFO - [2026-07-04T08:39:46.498+0000] {dag.py:3239} INFO - Sync 1 DAGs
[2026-07-04T08:39:46.526+0000] {logging_mixin.py:190} INFO - [2026-07-04T08:39:46.525+0000] {dag.py:4180} INFO - Setting next_dagrun for example_distributed_celery to None, run_after=None
[2026-07-04T08:39:46.568+0000] {processor.py:208} INFO - Processing /opt/airflow/dags/exemplos/example_distributed.py took 0.165 seconds
[2026-07-04T08:40:20.569+0000] {processor.py:186} INFO - Started process (PID=114) to work on /opt/airflow/dags/exemplos/example_distributed.py
[2026-07-04T08:40:20.682+0000] {processor.py:914} INFO - Processing file /opt/airflow/dags/exemplos/example_distributed.py for tasks to queue
[2026-07-04T08:40:20.686+0000] {logging_mixin.py:190} INFO - [2026-07-04T08:40:20.685+0000] {dagbag.py:588} INFO - Filling up the DagBag from /opt/airflow/dags/exemplos/example_distributed.py
[2026-07-04T08:40:20.721+0000] {processor.py:925} INFO - DAG(s) 'example_distributed_celery' retrieved from /opt/airflow/dags/exemplos/example_distributed.py
[2026-07-04T08:40:21.109+0000] {logging_mixin.py:190} INFO - [2026-07-04T08:40:21.108+0000] {dag.py:3239} INFO - Sync 1 DAGs
[2026-07-04T08:40:21.164+0000] {logging_mixin.py:190} INFO - [2026-07-04T08:40:21.164+0000] {dag.py:4180} INFO - Setting next_dagrun for example_distributed_celery to None, run_after=None
[2026-07-04T08:40:21.392+0000] {processor.py:208} INFO - Processing /opt/airflow/dags/exemplos/example_distributed.py took 0.850 seconds
[2026-07-04T08:41:00.021+0000] {processor.py:186} INFO - Started process (PID=124) to work on /opt/airflow/dags/exemplos/example_distributed.py
[2026-07-04T08:41:00.248+0000] {processor.py:914} INFO - Processing file /opt/airflow/dags/exemplos/example_distributed.py for tasks to queue
[2026-07-04T08:41:00.253+0000] {logging_mixin.py:190} INFO - [2026-07-04T08:41:00.253+0000] {dagbag.py:588} INFO - Filling up the DagBag from /opt/airflow/dags/exemplos/example_distributed.py
[2026-07-04T08:41:00.272+0000] {processor.py:925} INFO - DAG(s) 'example_distributed_celery' retrieved from /opt/airflow/dags/exemplos/example_distributed.py
[2026-07-04T08:41:00.328+0000] {logging_mixin.py:190} INFO - [2026-07-04T08:41:00.327+0000] {dag.py:3239} INFO - Sync 1 DAGs
[2026-07-04T08:41:00.353+0000] {logging_mixin.py:190} INFO - [2026-07-04T08:41:00.352+0000] {dag.py:4180} INFO - Setting next_dagrun for example_distributed_celery to None, run_after=None
[2026-07-04T08:41:00.611+0000] {processor.py:208} INFO - Processing /opt/airflow/dags/exemplos/example_distributed.py took 0.604 seconds
[2026-07-04T08:41:51.269+0000] {processor.py:186} INFO - Started process (PID=140) to work on /opt/airflow/dags/exemplos/example_distributed.py
[2026-07-04T08:41:51.539+0000] {processor.py:914} INFO - Processing file /opt/airflow/dags/exemplos/example_distributed.py for tasks to queue
[2026-07-04T08:41:51.550+0000] {logging_mixin.py:190} INFO - [2026-07-04T08:41:51.549+0000] {dagbag.py:588} INFO - Filling up the DagBag from /opt/airflow/dags/exemplos/example_distributed.py
[2026-07-04T08:41:52.330+0000] {processor.py:925} INFO - DAG(s) 'example_distributed_celery' retrieved from /opt/airflow/dags/exemplos/example_distributed.py
[2026-07-04T08:41:53.182+0000] {logging_mixin.py:190} INFO - [2026-07-04T08:41:53.182+0000] {dag.py:3239} INFO - Sync 1 DAGs
[2026-07-04T08:41:53.539+0000] {logging_mixin.py:190} INFO - [2026-07-04T08:41:53.538+0000] {dag.py:4180} INFO - Setting next_dagrun for example_distributed_celery to None, run_after=None
[2026-07-04T08:41:53.839+0000] {processor.py:208} INFO - Processing /opt/airflow/dags/exemplos/example_distributed.py took 2.636 seconds
[2026-07-04T08:42:24.114+0000] {processor.py:186} INFO - Started process (PID=143) to work on /opt/airflow/dags/exemplos/example_distributed.py
[2026-07-04T08:42:24.122+0000] {processor.py:914} INFO - Processing file /opt/airflow/dags/exemplos/example_distributed.py for tasks to queue
[2026-07-04T08:42:24.126+0000] {logging_mixin.py:190} INFO - [2026-07-04T08:42:24.125+0000] {dagbag.py:588} INFO - Filling up the DagBag from /opt/airflow/dags/exemplos/example_distributed.py
[2026-07-04T08:42:24.163+0000] {processor.py:925} INFO - DAG(s) 'example_distributed_celery' retrieved from /opt/airflow/dags/exemplos/example_distributed.py
[2026-07-04T08:42:24.240+0000] {logging_mixin.py:190} INFO - [2026-07-04T08:42:24.240+0000] {dag.py:3239} INFO - Sync 1 DAGs
[2026-07-04T08:42:24.277+0000] {logging_mixin.py:190} INFO - [2026-07-04T08:42:24.277+0000] {dag.py:4180} INFO - Setting next_dagrun for example_distributed_celery to None, run_after=None
[2026-07-04T08:42:24.426+0000] {processor.py:208} INFO - Processing /opt/airflow/dags/exemplos/example_distributed.py took 0.348 seconds
[2026-07-04T08:42:54.972+0000] {processor.py:186} INFO - Started process (PID=154) to work on /opt/airflow/dags/exemplos/example_distributed.py
[2026-07-04T08:42:54.976+0000] {processor.py:914} INFO - Processing file /opt/airflow/dags/exemplos/example_distributed.py for tasks to queue
[2026-07-04T08:42:54.986+0000] {logging_mixin.py:190} INFO - [2026-07-04T08:42:54.984+0000] {dagbag.py:588} INFO - Filling up the DagBag from /opt/airflow/dags/exemplos/example_distributed.py
[2026-07-04T08:42:55.006+0000] {processor.py:925} INFO - DAG(s) 'example_distributed_celery' retrieved from /opt/airflow/dags/exemplos/example_distributed.py
[2026-07-04T08:42:55.089+0000] {logging_mixin.py:190} INFO - [2026-07-04T08:42:55.089+0000] {dag.py:3239} INFO - Sync 1 DAGs
[2026-07-04T08:42:55.120+0000] {logging_mixin.py:190} INFO - [2026-07-04T08:42:55.120+0000] {dag.py:4180} INFO - Setting next_dagrun for example_distributed_celery to None, run_after=None
[2026-07-04T08:42:55.221+0000] {processor.py:208} INFO - Processing /opt/airflow/dags/exemplos/example_distributed.py took 0.262 seconds
[2026-07-04T08:43:25.380+0000] {processor.py:186} INFO - Started process (PID=163) to work on /opt/airflow/dags/exemplos/example_distributed.py
[2026-07-04T08:43:25.420+0000] {processor.py:914} INFO - Processing file /opt/airflow/dags/exemplos/example_distributed.py for tasks to queue
[2026-07-04T08:43:25.424+0000] {logging_mixin.py:190} INFO - [2026-07-04T08:43:25.424+0000] {dagbag.py:588} INFO - Filling up the DagBag from /opt/airflow/dags/exemplos/example_distributed.py
[2026-07-04T08:43:25.435+0000] {processor.py:925} INFO - DAG(s) 'example_distributed_celery' retrieved from /opt/airflow/dags/exemplos/example_distributed.py
[2026-07-04T08:43:25.638+0000] {logging_mixin.py:190} INFO - [2026-07-04T08:43:25.637+0000] {dag.py:3239} INFO - Sync 1 DAGs
[2026-07-04T08:43:25.667+0000] {logging_mixin.py:190} INFO - [2026-07-04T08:43:25.667+0000] {dag.py:4180} INFO - Setting next_dagrun for example_distributed_celery to None, run_after=None
[2026-07-04T08:43:25.958+0000] {processor.py:208} INFO - Processing /opt/airflow/dags/exemplos/example_distributed.py took 0.589 seconds
[2026-07-04T08:45:23.193+0000] {processor.py:186} INFO - Started process (PID=168) to work on /opt/airflow/dags/exemplos/example_distributed.py
[2026-07-04T08:45:23.584+0000] {processor.py:914} INFO - Processing file /opt/airflow/dags/exemplos/example_distributed.py for tasks to queue
[2026-07-04T08:45:24.183+0000] {logging_mixin.py:190} INFO - [2026-07-04T08:45:23.588+0000] {dagbag.py:588} INFO - Filling up the DagBag from /opt/airflow/dags/exemplos/example_distributed.py
[2026-07-04T08:45:48.056+0000] {processor.py:925} INFO - DAG(s) 'example_distributed_celery' retrieved from /opt/airflow/dags/exemplos/example_distributed.py
[2026-07-04T09:18:31.800+0000] {processor.py:186} INFO - Started process (PID=76) to work on /opt/airflow/dags/exemplos/example_distributed.py
[2026-07-04T09:18:31.828+0000] {processor.py:914} INFO - Processing file /opt/airflow/dags/exemplos/example_distributed.py for tasks to queue
[2026-07-04T09:18:31.830+0000] {logging_mixin.py:190} INFO - [2026-07-04T09:18:31.830+0000] {dagbag.py:588} INFO - Filling up the DagBag from /opt/airflow/dags/exemplos/example_distributed.py
[2026-07-04T09:18:31.839+0000] {processor.py:925} INFO - DAG(s) 'example_distributed_celery' retrieved from /opt/airflow/dags/exemplos/example_distributed.py
[2026-07-04T09:18:31.871+0000] {logging_mixin.py:190} INFO - [2026-07-04T09:18:31.871+0000] {dag.py:3239} INFO - Sync 1 DAGs
[2026-07-04T09:18:31.885+0000] {logging_mixin.py:190} INFO - [2026-07-04T09:18:31.885+0000] {dag.py:4180} INFO - Setting next_dagrun for example_distributed_celery to None, run_after=None
[2026-07-04T09:18:31.901+0000] {processor.py:208} INFO - Processing /opt/airflow/dags/exemplos/example_distributed.py took 0.106 seconds
[2026-07-04T09:19:02.571+0000] {processor.py:186} INFO - Started process (PID=87) to work on /opt/airflow/dags/exemplos/example_distributed.py
[2026-07-04T09:19:02.573+0000] {processor.py:914} INFO - Processing file /opt/airflow/dags/exemplos/example_distributed.py for tasks to queue
[2026-07-04T09:19:02.575+0000] {logging_mixin.py:190} INFO - [2026-07-04T09:19:02.575+0000] {dagbag.py:588} INFO - Filling up the DagBag from /opt/airflow/dags/exemplos/example_distributed.py
[2026-07-04T09:19:02.584+0000] {processor.py:925} INFO - DAG(s) 'example_distributed_celery' retrieved from /opt/airflow/dags/exemplos/example_distributed.py
[2026-07-04T09:19:02.613+0000] {logging_mixin.py:190} INFO - [2026-07-04T09:19:02.613+0000] {dag.py:3239} INFO - Sync 1 DAGs
[2026-07-04T09:19:02.626+0000] {logging_mixin.py:190} INFO - [2026-07-04T09:19:02.626+0000] {dag.py:4180} INFO - Setting next_dagrun for example_distributed_celery to None, run_after=None
[2026-07-04T09:19:02.649+0000] {processor.py:208} INFO - Processing /opt/airflow/dags/exemplos/example_distributed.py took 0.084 seconds
[2026-07-04T09:19:33.442+0000] {processor.py:186} INFO - Started process (PID=98) to work on /opt/airflow/dags/exemplos/example_distributed.py
[2026-07-04T09:19:33.444+0000] {processor.py:914} INFO - Processing file /opt/airflow/dags/exemplos/example_distributed.py for tasks to queue
[2026-07-04T09:19:33.446+0000] {logging_mixin.py:190} INFO - [2026-07-04T09:19:33.446+0000] {dagbag.py:588} INFO - Filling up the DagBag from /opt/airflow/dags/exemplos/example_distributed.py
[2026-07-04T09:19:33.453+0000] {processor.py:925} INFO - DAG(s) 'example_distributed_celery' retrieved from /opt/airflow/dags/exemplos/example_distributed.py
[2026-07-04T09:19:33.479+0000] {logging_mixin.py:190} INFO - [2026-07-04T09:19:33.478+0000] {dag.py:3239} INFO - Sync 1 DAGs
[2026-07-04T09:19:33.490+0000] {logging_mixin.py:190} INFO - [2026-07-04T09:19:33.490+0000] {dag.py:4180} INFO - Setting next_dagrun for example_distributed_celery to None, run_after=None
[2026-07-04T09:19:33.510+0000] {processor.py:208} INFO - Processing /opt/airflow/dags/exemplos/example_distributed.py took 0.073 seconds
[2026-07-04T09:20:03.551+0000] {processor.py:186} INFO - Started process (PID=110) to work on /opt/airflow/dags/exemplos/example_distributed.py
[2026-07-04T09:20:03.552+0000] {processor.py:914} INFO - Processing file /opt/airflow/dags/exemplos/example_distributed.py for tasks to queue
[2026-07-04T09:20:03.554+0000] {logging_mixin.py:190} INFO - [2026-07-04T09:20:03.554+0000] {dagbag.py:588} INFO - Filling up the DagBag from /opt/airflow/dags/exemplos/example_distributed.py
[2026-07-04T09:20:03.563+0000] {processor.py:925} INFO - DAG(s) 'example_distributed_celery' retrieved from /opt/airflow/dags/exemplos/example_distributed.py
[2026-07-04T09:20:03.594+0000] {logging_mixin.py:190} INFO - [2026-07-04T09:20:03.593+0000] {dag.py:3239} INFO - Sync 1 DAGs
[2026-07-04T09:20:03.608+0000] {logging_mixin.py:190} INFO - [2026-07-04T09:20:03.607+0000] {dag.py:4180} INFO - Setting next_dagrun for example_distributed_celery to None, run_after=None
[2026-07-04T09:20:03.628+0000] {processor.py:208} INFO - Processing /opt/airflow/dags/exemplos/example_distributed.py took 0.083 seconds
[2026-07-04T09:20:34.340+0000] {processor.py:186} INFO - Started process (PID=121) to work on /opt/airflow/dags/exemplos/example_distributed.py
[2026-07-04T09:20:34.341+0000] {processor.py:914} INFO - Processing file /opt/airflow/dags/exemplos/example_distributed.py for tasks to queue
[2026-07-04T09:20:34.343+0000] {logging_mixin.py:190} INFO - [2026-07-04T09:20:34.343+0000] {dagbag.py:588} INFO - Filling up the DagBag from /opt/airflow/dags/exemplos/example_distributed.py
[2026-07-04T09:20:34.352+0000] {processor.py:925} INFO - DAG(s) 'example_distributed_celery' retrieved from /opt/airflow/dags/exemplos/example_distributed.py
[2026-07-04T09:20:34.380+0000] {logging_mixin.py:190} INFO - [2026-07-04T09:20:34.379+0000] {dag.py:3239} INFO - Sync 1 DAGs
[2026-07-04T09:20:34.392+0000] {logging_mixin.py:190} INFO - [2026-07-04T09:20:34.392+0000] {dag.py:4180} INFO - Setting next_dagrun for example_distributed_celery to None, run_after=None
[2026-07-04T09:20:34.416+0000] {processor.py:208} INFO - Processing /opt/airflow/dags/exemplos/example_distributed.py took 0.082 seconds
[2026-07-04T09:21:05.227+0000] {processor.py:186} INFO - Started process (PID=132) to work on /opt/airflow/dags/exemplos/example_distributed.py
[2026-07-04T09:21:05.228+0000] {processor.py:914} INFO - Processing file /opt/airflow/dags/exemplos/example_distributed.py for tasks to queue
[2026-07-04T09:21:05.230+0000] {logging_mixin.py:190} INFO - [2026-07-04T09:21:05.230+0000] {dagbag.py:588} INFO - Filling up the DagBag from /opt/airflow/dags/exemplos/example_distributed.py
[2026-07-04T09:21:05.238+0000] {processor.py:925} INFO - DAG(s) 'example_distributed_celery' retrieved from /opt/airflow/dags/exemplos/example_distributed.py
[2026-07-04T09:21:05.267+0000] {logging_mixin.py:190} INFO - [2026-07-04T09:21:05.267+0000] {dag.py:3239} INFO - Sync 1 DAGs
[2026-07-04T09:21:05.281+0000] {logging_mixin.py:190} INFO - [2026-07-04T09:21:05.281+0000] {dag.py:4180} INFO - Setting next_dagrun for example_distributed_celery to None, run_after=None
[2026-07-04T09:21:05.306+0000] {processor.py:208} INFO - Processing /opt/airflow/dags/exemplos/example_distributed.py took 0.087 seconds
[2026-07-04T09:21:36.022+0000] {processor.py:186} INFO - Started process (PID=142) to work on /opt/airflow/dags/exemplos/example_distributed.py
[2026-07-04T09:21:36.023+0000] {processor.py:914} INFO - Processing file /opt/airflow/dags/exemplos/example_distributed.py for tasks to queue
[2026-07-04T09:21:36.025+0000] {logging_mixin.py:190} INFO - [2026-07-04T09:21:36.025+0000] {dagbag.py:588} INFO - Filling up the DagBag from /opt/airflow/dags/exemplos/example_distributed.py
[2026-07-04T09:21:36.034+0000] {processor.py:925} INFO - DAG(s) 'example_distributed_celery' retrieved from /opt/airflow/dags/exemplos/example_distributed.py
[2026-07-04T09:21:36.069+0000] {logging_mixin.py:190} INFO - [2026-07-04T09:21:36.069+0000] {dag.py:3239} INFO - Sync 1 DAGs
[2026-07-04T09:21:36.081+0000] {logging_mixin.py:190} INFO - [2026-07-04T09:21:36.081+0000] {dag.py:4180} INFO - Setting next_dagrun for example_distributed_celery to None, run_after=None
[2026-07-04T09:21:36.101+0000] {processor.py:208} INFO - Processing /opt/airflow/dags/exemplos/example_distributed.py took 0.085 seconds
[2026-07-04T09:22:07.120+0000] {processor.py:186} INFO - Started process (PID=147) to work on /opt/airflow/dags/exemplos/example_distributed.py
[2026-07-04T09:22:07.122+0000] {processor.py:914} INFO - Processing file /opt/airflow/dags/exemplos/example_distributed.py for tasks to queue
[2026-07-04T09:22:07.125+0000] {logging_mixin.py:190} INFO - [2026-07-04T09:22:07.125+0000] {dagbag.py:588} INFO - Filling up the DagBag from /opt/airflow/dags/exemplos/example_distributed.py
[2026-07-04T09:22:07.140+0000] {processor.py:925} INFO - DAG(s) 'example_distributed_celery' retrieved from /opt/airflow/dags/exemplos/example_distributed.py
[2026-07-04T09:22:07.196+0000] {logging_mixin.py:190} INFO - [2026-07-04T09:22:07.196+0000] {dag.py:3239} INFO - Sync 1 DAGs
[2026-07-04T09:22:07.435+0000] {logging_mixin.py:190} INFO - [2026-07-04T09:22:07.434+0000] {dag.py:4180} INFO - Setting next_dagrun for example_distributed_celery to None, run_after=None
[2026-07-04T09:22:07.471+0000] {processor.py:208} INFO - Processing /opt/airflow/dags/exemplos/example_distributed.py took 0.362 seconds
[2026-07-04T09:22:37.556+0000] {processor.py:186} INFO - Started process (PID=158) to work on /opt/airflow/dags/exemplos/example_distributed.py
[2026-07-04T09:22:37.557+0000] {processor.py:914} INFO - Processing file /opt/airflow/dags/exemplos/example_distributed.py for tasks to queue
[2026-07-04T09:22:37.560+0000] {logging_mixin.py:190} INFO - [2026-07-04T09:22:37.559+0000] {dagbag.py:588} INFO - Filling up the DagBag from /opt/airflow/dags/exemplos/example_distributed.py
[2026-07-04T09:22:37.576+0000] {processor.py:925} INFO - DAG(s) 'example_distributed_celery' retrieved from /opt/airflow/dags/exemplos/example_distributed.py
[2026-07-04T09:22:37.750+0000] {logging_mixin.py:190} INFO - [2026-07-04T09:22:37.750+0000] {dag.py:3239} INFO - Sync 1 DAGs
[2026-07-04T09:22:37.762+0000] {logging_mixin.py:190} INFO - [2026-07-04T09:22:37.762+0000] {dag.py:4180} INFO - Setting next_dagrun for example_distributed_celery to None, run_after=None
[2026-07-04T09:22:37.789+0000] {processor.py:208} INFO - Processing /opt/airflow/dags/exemplos/example_distributed.py took 0.241 seconds
[2026-07-04T09:23:10.306+0000] {processor.py:186} INFO - Started process (PID=169) to work on /opt/airflow/dags/exemplos/example_distributed.py
[2026-07-04T09:23:10.321+0000] {processor.py:914} INFO - Processing file /opt/airflow/dags/exemplos/example_distributed.py for tasks to queue
[2026-07-04T09:23:10.337+0000] {logging_mixin.py:190} INFO - [2026-07-04T09:23:10.335+0000] {dagbag.py:588} INFO - Filling up the DagBag from /opt/airflow/dags/exemplos/example_distributed.py
[2026-07-04T09:23:10.366+0000] {processor.py:925} INFO - DAG(s) 'example_distributed_celery' retrieved from /opt/airflow/dags/exemplos/example_distributed.py
[2026-07-04T09:23:10.410+0000] {logging_mixin.py:190} INFO - [2026-07-04T09:23:10.410+0000] {dag.py:3239} INFO - Sync 1 DAGs
[2026-07-04T09:23:10.426+0000] {logging_mixin.py:190} INFO - [2026-07-04T09:23:10.426+0000] {dag.py:4180} INFO - Setting next_dagrun for example_distributed_celery to None, run_after=None
[2026-07-04T09:23:10.452+0000] {processor.py:208} INFO - Processing /opt/airflow/dags/exemplos/example_distributed.py took 0.166 seconds
[2026-07-04T09:23:40.820+0000] {processor.py:186} INFO - Started process (PID=180) to work on /opt/airflow/dags/exemplos/example_distributed.py
[2026-07-04T09:23:40.822+0000] {processor.py:914} INFO - Processing file /opt/airflow/dags/exemplos/example_distributed.py for tasks to queue
[2026-07-04T09:23:40.824+0000] {logging_mixin.py:190} INFO - [2026-07-04T09:23:40.824+0000] {dagbag.py:588} INFO - Filling up the DagBag from /opt/airflow/dags/exemplos/example_distributed.py
[2026-07-04T09:23:40.833+0000] {processor.py:925} INFO - DAG(s) 'example_distributed_celery' retrieved from /opt/airflow/dags/exemplos/example_distributed.py
[2026-07-04T09:23:40.865+0000] {logging_mixin.py:190} INFO - [2026-07-04T09:23:40.864+0000] {dag.py:3239} INFO - Sync 1 DAGs
[2026-07-04T09:23:40.878+0000] {logging_mixin.py:190} INFO - [2026-07-04T09:23:40.878+0000] {dag.py:4180} INFO - Setting next_dagrun for example_distributed_celery to None, run_after=None
[2026-07-04T09:23:40.903+0000] {processor.py:208} INFO - Processing /opt/airflow/dags/exemplos/example_distributed.py took 0.091 seconds
[2026-07-04T09:24:11.581+0000] {processor.py:186} INFO - Started process (PID=192) to work on /opt/airflow/dags/exemplos/example_distributed.py
[2026-07-04T09:24:11.582+0000] {processor.py:914} INFO - Processing file /opt/airflow/dags/exemplos/example_distributed.py for tasks to queue
[2026-07-04T09:24:11.584+0000] {logging_mixin.py:190} INFO - [2026-07-04T09:24:11.584+0000] {dagbag.py:588} INFO - Filling up the DagBag from /opt/airflow/dags/exemplos/example_distributed.py
[2026-07-04T09:24:11.594+0000] {processor.py:925} INFO - DAG(s) 'example_distributed_celery' retrieved from /opt/airflow/dags/exemplos/example_distributed.py
[2026-07-04T09:24:11.626+0000] {logging_mixin.py:190} INFO - [2026-07-04T09:24:11.626+0000] {dag.py:3239} INFO - Sync 1 DAGs
[2026-07-04T09:24:11.774+0000] {logging_mixin.py:190} INFO - [2026-07-04T09:24:11.773+0000] {dag.py:4180} INFO - Setting next_dagrun for example_distributed_celery to None, run_after=None
[2026-07-04T09:24:11.811+0000] {processor.py:208} INFO - Processing /opt/airflow/dags/exemplos/example_distributed.py took 0.236 seconds
[2026-07-04T09:24:42.242+0000] {processor.py:186} INFO - Started process (PID=203) to work on /opt/airflow/dags/exemplos/example_distributed.py
[2026-07-04T09:24:42.243+0000] {processor.py:914} INFO - Processing file /opt/airflow/dags/exemplos/example_distributed.py for tasks to queue
[2026-07-04T09:24:42.245+0000] {logging_mixin.py:190} INFO - [2026-07-04T09:24:42.245+0000] {dagbag.py:588} INFO - Filling up the DagBag from /opt/airflow/dags/exemplos/example_distributed.py
[2026-07-04T09:24:42.253+0000] {processor.py:925} INFO - DAG(s) 'example_distributed_celery' retrieved from /opt/airflow/dags/exemplos/example_distributed.py
[2026-07-04T09:24:42.432+0000] {logging_mixin.py:190} INFO - [2026-07-04T09:24:42.431+0000] {dag.py:3239} INFO - Sync 1 DAGs
[2026-07-04T09:24:42.445+0000] {logging_mixin.py:190} INFO - [2026-07-04T09:24:42.444+0000] {dag.py:4180} INFO - Setting next_dagrun for example_distributed_celery to None, run_after=None
[2026-07-04T09:24:42.521+0000] {processor.py:208} INFO - Processing /opt/airflow/dags/exemplos/example_distributed.py took 0.285 seconds
[2026-07-04T09:25:13.349+0000] {processor.py:186} INFO - Started process (PID=214) to work on /opt/airflow/dags/exemplos/example_distributed.py
[2026-07-04T09:25:13.350+0000] {processor.py:914} INFO - Processing file /opt/airflow/dags/exemplos/example_distributed.py for tasks to queue
[2026-07-04T09:25:13.352+0000] {logging_mixin.py:190} INFO - [2026-07-04T09:25:13.352+0000] {dagbag.py:588} INFO - Filling up the DagBag from /opt/airflow/dags/exemplos/example_distributed.py
[2026-07-04T09:25:13.362+0000] {processor.py:925} INFO - DAG(s) 'example_distributed_celery' retrieved from /opt/airflow/dags/exemplos/example_distributed.py
[2026-07-04T09:25:13.399+0000] {logging_mixin.py:190} INFO - [2026-07-04T09:25:13.398+0000] {dag.py:3239} INFO - Sync 1 DAGs
[2026-07-04T09:25:13.412+0000] {logging_mixin.py:190} INFO - [2026-07-04T09:25:13.412+0000] {dag.py:4180} INFO - Setting next_dagrun for example_distributed_celery to None, run_after=None
[2026-07-04T09:25:13.439+0000] {processor.py:208} INFO - Processing /opt/airflow/dags/exemplos/example_distributed.py took 0.099 seconds
[2026-07-04T09:25:43.495+0000] {processor.py:186} INFO - Started process (PID=225) to work on /opt/airflow/dags/exemplos/example_distributed.py
[2026-07-04T09:25:43.497+0000] {processor.py:914} INFO - Processing file /opt/airflow/dags/exemplos/example_distributed.py for tasks to queue
[2026-07-04T09:25:43.500+0000] {logging_mixin.py:190} INFO - [2026-07-04T09:25:43.499+0000] {dagbag.py:588} INFO - Filling up the DagBag from /opt/airflow/dags/exemplos/example_distributed.py
[2026-07-04T09:25:43.511+0000] {processor.py:925} INFO - DAG(s) 'example_distributed_celery' retrieved from /opt/airflow/dags/exemplos/example_distributed.py
[2026-07-04T09:25:43.543+0000] {logging_mixin.py:190} INFO - [2026-07-04T09:25:43.543+0000] {dag.py:3239} INFO - Sync 1 DAGs
[2026-07-04T09:25:43.557+0000] {logging_mixin.py:190} INFO - [2026-07-04T09:25:43.557+0000] {dag.py:4180} INFO - Setting next_dagrun for example_distributed_celery to None, run_after=None
[2026-07-04T09:25:43.586+0000] {processor.py:208} INFO - Processing /opt/airflow/dags/exemplos/example_distributed.py took 0.101 seconds
[2026-07-04T09:26:14.495+0000] {processor.py:186} INFO - Started process (PID=236) to work on /opt/airflow/dags/exemplos/example_distributed.py
[2026-07-04T09:26:14.496+0000] {processor.py:914} INFO - Processing file /opt/airflow/dags/exemplos/example_distributed.py for tasks to queue
[2026-07-04T09:26:14.498+0000] {logging_mixin.py:190} INFO - [2026-07-04T09:26:14.498+0000] {dagbag.py:588} INFO - Filling up the DagBag from /opt/airflow/dags/exemplos/example_distributed.py
[2026-07-04T09:26:14.507+0000] {processor.py:925} INFO - DAG(s) 'example_distributed_celery' retrieved from /opt/airflow/dags/exemplos/example_distributed.py
[2026-07-04T09:26:14.536+0000] {logging_mixin.py:190} INFO - [2026-07-04T09:26:14.536+0000] {dag.py:3239} INFO - Sync 1 DAGs
[2026-07-04T09:26:14.690+0000] {logging_mixin.py:190} INFO - [2026-07-04T09:26:14.690+0000] {dag.py:4180} INFO - Setting next_dagrun for example_distributed_celery to None, run_after=None
[2026-07-04T09:26:14.724+0000] {processor.py:208} INFO - Processing /opt/airflow/dags/exemplos/example_distributed.py took 0.235 seconds
[2026-07-04T09:26:44.956+0000] {processor.py:186} INFO - Started process (PID=247) to work on /opt/airflow/dags/exemplos/example_distributed.py
[2026-07-04T09:26:44.957+0000] {processor.py:914} INFO - Processing file /opt/airflow/dags/exemplos/example_distributed.py for tasks to queue
[2026-07-04T09:26:44.959+0000] {logging_mixin.py:190} INFO - [2026-07-04T09:26:44.959+0000] {dagbag.py:588} INFO - Filling up the DagBag from /opt/airflow/dags/exemplos/example_distributed.py
[2026-07-04T09:26:44.972+0000] {processor.py:925} INFO - DAG(s) 'example_distributed_celery' retrieved from /opt/airflow/dags/exemplos/example_distributed.py
[2026-07-04T09:26:45.169+0000] {logging_mixin.py:190} INFO - [2026-07-04T09:26:45.168+0000] {dag.py:3239} INFO - Sync 1 DAGs
[2026-07-04T09:26:45.180+0000] {logging_mixin.py:190} INFO - [2026-07-04T09:26:45.180+0000] {dag.py:4180} INFO - Setting next_dagrun for example_distributed_celery to None, run_after=None
[2026-07-04T09:26:45.195+0000] {processor.py:208} INFO - Processing /opt/airflow/dags/exemplos/example_distributed.py took 0.245 seconds
[2026-07-04T09:27:15.738+0000] {processor.py:186} INFO - Started process (PID=258) to work on /opt/airflow/dags/exemplos/example_distributed.py
[2026-07-04T09:27:15.739+0000] {processor.py:914} INFO - Processing file /opt/airflow/dags/exemplos/example_distributed.py for tasks to queue
[2026-07-04T09:27:15.741+0000] {logging_mixin.py:190} INFO - [2026-07-04T09:27:15.741+0000] {dagbag.py:588} INFO - Filling up the DagBag from /opt/airflow/dags/exemplos/example_distributed.py
[2026-07-04T09:27:15.748+0000] {processor.py:925} INFO - DAG(s) 'example_distributed_celery' retrieved from /opt/airflow/dags/exemplos/example_distributed.py
[2026-07-04T09:27:15.779+0000] {logging_mixin.py:190} INFO - [2026-07-04T09:27:15.779+0000] {dag.py:3239} INFO - Sync 1 DAGs
[2026-07-04T09:27:15.791+0000] {logging_mixin.py:190} INFO - [2026-07-04T09:27:15.791+0000] {dag.py:4180} INFO - Setting next_dagrun for example_distributed_celery to None, run_after=None
[2026-07-04T09:27:15.817+0000] {processor.py:208} INFO - Processing /opt/airflow/dags/exemplos/example_distributed.py took 0.086 seconds
[2026-07-04T09:27:46.655+0000] {processor.py:186} INFO - Started process (PID=269) to work on /opt/airflow/dags/exemplos/example_distributed.py
[2026-07-04T09:27:46.656+0000] {processor.py:914} INFO - Processing file /opt/airflow/dags/exemplos/example_distributed.py for tasks to queue
[2026-07-04T09:27:46.659+0000] {logging_mixin.py:190} INFO - [2026-07-04T09:27:46.659+0000] {dagbag.py:588} INFO - Filling up the DagBag from /opt/airflow/dags/exemplos/example_distributed.py
[2026-07-04T09:27:46.668+0000] {processor.py:925} INFO - DAG(s) 'example_distributed_celery' retrieved from /opt/airflow/dags/exemplos/example_distributed.py
[2026-07-04T09:27:46.699+0000] {logging_mixin.py:190} INFO - [2026-07-04T09:27:46.699+0000] {dag.py:3239} INFO - Sync 1 DAGs
[2026-07-04T09:27:46.713+0000] {logging_mixin.py:190} INFO - [2026-07-04T09:27:46.712+0000] {dag.py:4180} INFO - Setting next_dagrun for example_distributed_celery to None, run_after=None
[2026-07-04T09:27:46.783+0000] {processor.py:208} INFO - Processing /opt/airflow/dags/exemplos/example_distributed.py took 0.134 seconds
[2026-07-04T09:28:17.334+0000] {processor.py:186} INFO - Started process (PID=279) to work on /opt/airflow/dags/exemplos/example_distributed.py
[2026-07-04T09:28:17.335+0000] {processor.py:914} INFO - Processing file /opt/airflow/dags/exemplos/example_distributed.py for tasks to queue
[2026-07-04T09:28:17.337+0000] {logging_mixin.py:190} INFO - [2026-07-04T09:28:17.337+0000] {dagbag.py:588} INFO - Filling up the DagBag from /opt/airflow/dags/exemplos/example_distributed.py
[2026-07-04T09:28:17.346+0000] {processor.py:925} INFO - DAG(s) 'example_distributed_celery' retrieved from /opt/airflow/dags/exemplos/example_distributed.py
[2026-07-04T09:28:17.375+0000] {logging_mixin.py:190} INFO - [2026-07-04T09:28:17.374+0000] {dag.py:3239} INFO - Sync 1 DAGs
[2026-07-04T09:28:17.537+0000] {logging_mixin.py:190} INFO - [2026-07-04T09:28:17.537+0000] {dag.py:4180} INFO - Setting next_dagrun for example_distributed_celery to None, run_after=None
[2026-07-04T09:28:17.616+0000] {processor.py:208} INFO - Processing /opt/airflow/dags/exemplos/example_distributed.py took 0.288 seconds
[2026-07-04T09:28:48.293+0000] {processor.py:186} INFO - Started process (PID=290) to work on /opt/airflow/dags/exemplos/example_distributed.py
[2026-07-04T09:28:48.295+0000] {processor.py:914} INFO - Processing file /opt/airflow/dags/exemplos/example_distributed.py for tasks to queue
[2026-07-04T09:28:48.298+0000] {logging_mixin.py:190} INFO - [2026-07-04T09:28:48.297+0000] {dagbag.py:588} INFO - Filling up the DagBag from /opt/airflow/dags/exemplos/example_distributed.py
[2026-07-04T09:28:48.306+0000] {processor.py:925} INFO - DAG(s) 'example_distributed_celery' retrieved from /opt/airflow/dags/exemplos/example_distributed.py
[2026-07-04T09:28:48.475+0000] {logging_mixin.py:190} INFO - [2026-07-04T09:28:48.475+0000] {dag.py:3239} INFO - Sync 1 DAGs
[2026-07-04T09:28:48.492+0000] {logging_mixin.py:190} INFO - [2026-07-04T09:28:48.492+0000] {dag.py:4180} INFO - Setting next_dagrun for example_distributed_celery to None, run_after=None
[2026-07-04T09:28:48.517+0000] {processor.py:208} INFO - Processing /opt/airflow/dags/exemplos/example_distributed.py took 0.230 seconds
[2026-07-04T09:29:19.068+0000] {processor.py:186} INFO - Started process (PID=301) to work on /opt/airflow/dags/exemplos/example_distributed.py
[2026-07-04T09:29:19.069+0000] {processor.py:914} INFO - Processing file /opt/airflow/dags/exemplos/example_distributed.py for tasks to queue
[2026-07-04T09:29:19.071+0000] {logging_mixin.py:190} INFO - [2026-07-04T09:29:19.070+0000] {dagbag.py:588} INFO - Filling up the DagBag from /opt/airflow/dags/exemplos/example_distributed.py
[2026-07-04T09:29:19.078+0000] {processor.py:925} INFO - DAG(s) 'example_distributed_celery' retrieved from /opt/airflow/dags/exemplos/example_distributed.py
[2026-07-04T09:29:19.107+0000] {logging_mixin.py:190} INFO - [2026-07-04T09:29:19.107+0000] {dag.py:3239} INFO - Sync 1 DAGs
[2026-07-04T09:29:19.119+0000] {logging_mixin.py:190} INFO - [2026-07-04T09:29:19.118+0000] {dag.py:4180} INFO - Setting next_dagrun for example_distributed_celery to None, run_after=None
[2026-07-04T09:29:19.182+0000] {processor.py:208} INFO - Processing /opt/airflow/dags/exemplos/example_distributed.py took 0.119 seconds
[2026-07-04T09:29:49.304+0000] {processor.py:186} INFO - Started process (PID=312) to work on /opt/airflow/dags/exemplos/example_distributed.py
[2026-07-04T09:29:49.306+0000] {processor.py:914} INFO - Processing file /opt/airflow/dags/exemplos/example_distributed.py for tasks to queue
[2026-07-04T09:29:49.309+0000] {logging_mixin.py:190} INFO - [2026-07-04T09:29:49.308+0000] {dagbag.py:588} INFO - Filling up the DagBag from /opt/airflow/dags/exemplos/example_distributed.py
[2026-07-04T09:29:49.320+0000] {processor.py:925} INFO - DAG(s) 'example_distributed_celery' retrieved from /opt/airflow/dags/exemplos/example_distributed.py
[2026-07-04T09:29:49.355+0000] {logging_mixin.py:190} INFO - [2026-07-04T09:29:49.355+0000] {dag.py:3239} INFO - Sync 1 DAGs
[2026-07-04T09:29:49.368+0000] {logging_mixin.py:190} INFO - [2026-07-04T09:29:49.367+0000] {dag.py:4180} INFO - Setting next_dagrun for example_distributed_celery to None, run_after=None
[2026-07-04T09:29:49.387+0000] {processor.py:208} INFO - Processing /opt/airflow/dags/exemplos/example_distributed.py took 0.090 seconds
[2026-07-04T09:30:19.951+0000] {processor.py:186} INFO - Started process (PID=323) to work on /opt/airflow/dags/exemplos/example_distributed.py
[2026-07-04T09:30:19.952+0000] {processor.py:914} INFO - Processing file /opt/airflow/dags/exemplos/example_distributed.py for tasks to queue
[2026-07-04T09:30:19.955+0000] {logging_mixin.py:190} INFO - [2026-07-04T09:30:19.955+0000] {dagbag.py:588} INFO - Filling up the DagBag from /opt/airflow/dags/exemplos/example_distributed.py
[2026-07-04T09:30:19.964+0000] {processor.py:925} INFO - DAG(s) 'example_distributed_celery' retrieved from /opt/airflow/dags/exemplos/example_distributed.py
[2026-07-04T09:30:19.995+0000] {logging_mixin.py:190} INFO - [2026-07-04T09:30:19.995+0000] {dag.py:3239} INFO - Sync 1 DAGs
[2026-07-04T09:30:20.161+0000] {logging_mixin.py:190} INFO - [2026-07-04T09:30:20.160+0000] {dag.py:4180} INFO - Setting next_dagrun for example_distributed_celery to None, run_after=None
[2026-07-04T09:30:20.183+0000] {processor.py:208} INFO - Processing /opt/airflow/dags/exemplos/example_distributed.py took 0.239 seconds
[2026-07-04T09:30:50.394+0000] {processor.py:186} INFO - Started process (PID=334) to work on /opt/airflow/dags/exemplos/example_distributed.py
[2026-07-04T09:30:50.395+0000] {processor.py:914} INFO - Processing file /opt/airflow/dags/exemplos/example_distributed.py for tasks to queue
[2026-07-04T09:30:50.397+0000] {logging_mixin.py:190} INFO - [2026-07-04T09:30:50.397+0000] {dagbag.py:588} INFO - Filling up the DagBag from /opt/airflow/dags/exemplos/example_distributed.py
[2026-07-04T09:30:50.406+0000] {processor.py:925} INFO - DAG(s) 'example_distributed_celery' retrieved from /opt/airflow/dags/exemplos/example_distributed.py
[2026-07-04T09:30:50.567+0000] {logging_mixin.py:190} INFO - [2026-07-04T09:30:50.567+0000] {dag.py:3239} INFO - Sync 1 DAGs
[2026-07-04T09:30:50.576+0000] {logging_mixin.py:190} INFO - [2026-07-04T09:30:50.576+0000] {dag.py:4180} INFO - Setting next_dagrun for example_distributed_celery to None, run_after=None
[2026-07-04T09:30:50.604+0000] {processor.py:208} INFO - Processing /opt/airflow/dags/exemplos/example_distributed.py took 0.216 seconds
[2026-07-04T09:31:20.831+0000] {processor.py:186} INFO - Started process (PID=345) to work on /opt/airflow/dags/exemplos/example_distributed.py
[2026-07-04T09:31:20.832+0000] {processor.py:914} INFO - Processing file /opt/airflow/dags/exemplos/example_distributed.py for tasks to queue
[2026-07-04T09:31:20.835+0000] {logging_mixin.py:190} INFO - [2026-07-04T09:31:20.834+0000] {dagbag.py:588} INFO - Filling up the DagBag from /opt/airflow/dags/exemplos/example_distributed.py
[2026-07-04T09:31:20.844+0000] {processor.py:925} INFO - DAG(s) 'example_distributed_celery' retrieved from /opt/airflow/dags/exemplos/example_distributed.py
[2026-07-04T09:31:20.875+0000] {logging_mixin.py:190} INFO - [2026-07-04T09:31:20.875+0000] {dag.py:3239} INFO - Sync 1 DAGs
[2026-07-04T09:31:20.890+0000] {logging_mixin.py:190} INFO - [2026-07-04T09:31:20.890+0000] {dag.py:4180} INFO - Setting next_dagrun for example_distributed_celery to None, run_after=None
[2026-07-04T09:31:20.920+0000] {processor.py:208} INFO - Processing /opt/airflow/dags/exemplos/example_distributed.py took 0.097 seconds
[2026-07-04T09:31:51.879+0000] {processor.py:186} INFO - Started process (PID=355) to work on /opt/airflow/dags/exemplos/example_distributed.py
[2026-07-04T09:31:51.881+0000] {processor.py:914} INFO - Processing file /opt/airflow/dags/exemplos/example_distributed.py for tasks to queue
[2026-07-04T09:31:51.883+0000] {logging_mixin.py:190} INFO - [2026-07-04T09:31:51.883+0000] {dagbag.py:588} INFO - Filling up the DagBag from /opt/airflow/dags/exemplos/example_distributed.py
[2026-07-04T09:31:51.892+0000] {processor.py:925} INFO - DAG(s) 'example_distributed_celery' retrieved from /opt/airflow/dags/exemplos/example_distributed.py
[2026-07-04T09:31:51.923+0000] {logging_mixin.py:190} INFO - [2026-07-04T09:31:51.922+0000] {dag.py:3239} INFO - Sync 1 DAGs
[2026-07-04T09:31:51.937+0000] {logging_mixin.py:190} INFO - [2026-07-04T09:31:51.937+0000] {dag.py:4180} INFO - Setting next_dagrun for example_distributed_celery to None, run_after=None
[2026-07-04T09:31:51.962+0000] {processor.py:208} INFO - Processing /opt/airflow/dags/exemplos/example_distributed.py took 0.089 seconds
[2026-07-04T09:32:22.853+0000] {processor.py:186} INFO - Started process (PID=360) to work on /opt/airflow/dags/exemplos/example_distributed.py
[2026-07-04T09:32:22.854+0000] {processor.py:914} INFO - Processing file /opt/airflow/dags/exemplos/example_distributed.py for tasks to queue
[2026-07-04T09:32:22.856+0000] {logging_mixin.py:190} INFO - [2026-07-04T09:32:22.856+0000] {dagbag.py:588} INFO - Filling up the DagBag from /opt/airflow/dags/exemplos/example_distributed.py
[2026-07-04T09:32:22.865+0000] {processor.py:925} INFO - DAG(s) 'example_distributed_celery' retrieved from /opt/airflow/dags/exemplos/example_distributed.py
[2026-07-04T09:32:22.898+0000] {logging_mixin.py:190} INFO - [2026-07-04T09:32:22.897+0000] {dag.py:3239} INFO - Sync 1 DAGs
[2026-07-04T09:32:23.068+0000] {logging_mixin.py:190} INFO - [2026-07-04T09:32:23.068+0000] {dag.py:4180} INFO - Setting next_dagrun for example_distributed_celery to None, run_after=None
[2026-07-04T09:32:23.097+0000] {processor.py:208} INFO - Processing /opt/airflow/dags/exemplos/example_distributed.py took 0.250 seconds
[2026-07-04T09:32:53.389+0000] {processor.py:186} INFO - Started process (PID=371) to work on /opt/airflow/dags/exemplos/example_distributed.py
[2026-07-04T09:32:53.391+0000] {processor.py:914} INFO - Processing file /opt/airflow/dags/exemplos/example_distributed.py for tasks to queue
[2026-07-04T09:32:53.393+0000] {logging_mixin.py:190} INFO - [2026-07-04T09:32:53.393+0000] {dagbag.py:588} INFO - Filling up the DagBag from /opt/airflow/dags/exemplos/example_distributed.py
[2026-07-04T09:32:53.405+0000] {processor.py:925} INFO - DAG(s) 'example_distributed_celery' retrieved from /opt/airflow/dags/exemplos/example_distributed.py
[2026-07-04T09:32:53.584+0000] {logging_mixin.py:190} INFO - [2026-07-04T09:32:53.583+0000] {dag.py:3239} INFO - Sync 1 DAGs
[2026-07-04T09:32:53.595+0000] {logging_mixin.py:190} INFO - [2026-07-04T09:32:53.595+0000] {dag.py:4180} INFO - Setting next_dagrun for example_distributed_celery to None, run_after=None
[2026-07-04T09:32:53.622+0000] {processor.py:208} INFO - Processing /opt/airflow/dags/exemplos/example_distributed.py took 0.239 seconds
[2026-07-04T09:33:24.427+0000] {processor.py:186} INFO - Started process (PID=383) to work on /opt/airflow/dags/exemplos/example_distributed.py
[2026-07-04T09:33:24.433+0000] {processor.py:914} INFO - Processing file /opt/airflow/dags/exemplos/example_distributed.py for tasks to queue
[2026-07-04T09:33:24.436+0000] {logging_mixin.py:190} INFO - [2026-07-04T09:33:24.436+0000] {dagbag.py:588} INFO - Filling up the DagBag from /opt/airflow/dags/exemplos/example_distributed.py
[2026-07-04T09:33:24.449+0000] {processor.py:925} INFO - DAG(s) 'example_distributed_celery' retrieved from /opt/airflow/dags/exemplos/example_distributed.py
[2026-07-04T09:33:24.480+0000] {logging_mixin.py:190} INFO - [2026-07-04T09:33:24.480+0000] {dag.py:3239} INFO - Sync 1 DAGs
[2026-07-04T09:33:24.503+0000] {logging_mixin.py:190} INFO - [2026-07-04T09:33:24.502+0000] {dag.py:4180} INFO - Setting next_dagrun for example_distributed_celery to None, run_after=None
[2026-07-04T09:33:24.652+0000] {processor.py:208} INFO - Processing /opt/airflow/dags/exemplos/example_distributed.py took 0.231 seconds
[2026-07-04T09:33:55.557+0000] {processor.py:186} INFO - Started process (PID=394) to work on /opt/airflow/dags/exemplos/example_distributed.py
[2026-07-04T09:33:55.559+0000] {processor.py:914} INFO - Processing file /opt/airflow/dags/exemplos/example_distributed.py for tasks to queue
[2026-07-04T09:33:55.567+0000] {logging_mixin.py:190} INFO - [2026-07-04T09:33:55.566+0000] {dagbag.py:588} INFO - Filling up the DagBag from /opt/airflow/dags/exemplos/example_distributed.py
[2026-07-04T09:33:55.601+0000] {processor.py:925} INFO - DAG(s) 'example_distributed_celery' retrieved from /opt/airflow/dags/exemplos/example_distributed.py
[2026-07-04T09:33:55.676+0000] {logging_mixin.py:190} INFO - [2026-07-04T09:33:55.676+0000] {dag.py:3239} INFO - Sync 1 DAGs
[2026-07-04T09:33:55.702+0000] {logging_mixin.py:190} INFO - [2026-07-04T09:33:55.701+0000] {dag.py:4180} INFO - Setting next_dagrun for example_distributed_celery to None, run_after=None
[2026-07-04T09:33:55.753+0000] {processor.py:208} INFO - Processing /opt/airflow/dags/exemplos/example_distributed.py took 0.207 seconds
[2026-07-04T09:34:26.719+0000] {processor.py:186} INFO - Started process (PID=405) to work on /opt/airflow/dags/exemplos/example_distributed.py
[2026-07-04T09:34:26.777+0000] {processor.py:914} INFO - Processing file /opt/airflow/dags/exemplos/example_distributed.py for tasks to queue
[2026-07-04T09:34:26.780+0000] {logging_mixin.py:190} INFO - [2026-07-04T09:34:26.780+0000] {dagbag.py:588} INFO - Filling up the DagBag from /opt/airflow/dags/exemplos/example_distributed.py
[2026-07-04T09:34:26.791+0000] {processor.py:925} INFO - DAG(s) 'example_distributed_celery' retrieved from /opt/airflow/dags/exemplos/example_distributed.py
[2026-07-04T09:34:26.823+0000] {logging_mixin.py:190} INFO - [2026-07-04T09:34:26.823+0000] {dag.py:3239} INFO - Sync 1 DAGs
[2026-07-04T09:34:26.972+0000] {logging_mixin.py:190} INFO - [2026-07-04T09:34:26.972+0000] {dag.py:4180} INFO - Setting next_dagrun for example_distributed_celery to None, run_after=None
[2026-07-04T09:34:26.998+0000] {processor.py:208} INFO - Processing /opt/airflow/dags/exemplos/example_distributed.py took 0.284 seconds
[2026-07-04T09:34:58.374+0000] {processor.py:186} INFO - Started process (PID=416) to work on /opt/airflow/dags/exemplos/example_distributed.py
[2026-07-04T09:34:58.400+0000] {processor.py:914} INFO - Processing file /opt/airflow/dags/exemplos/example_distributed.py for tasks to queue
[2026-07-04T09:34:58.404+0000] {logging_mixin.py:190} INFO - [2026-07-04T09:34:58.404+0000] {dagbag.py:588} INFO - Filling up the DagBag from /opt/airflow/dags/exemplos/example_distributed.py
[2026-07-04T09:34:58.415+0000] {processor.py:925} INFO - DAG(s) 'example_distributed_celery' retrieved from /opt/airflow/dags/exemplos/example_distributed.py
[2026-07-04T09:34:58.792+0000] {logging_mixin.py:190} INFO - [2026-07-04T09:34:58.791+0000] {dag.py:3239} INFO - Sync 1 DAGs
[2026-07-04T09:34:58.827+0000] {logging_mixin.py:190} INFO - [2026-07-04T09:34:58.827+0000] {dag.py:4180} INFO - Setting next_dagrun for example_distributed_celery to None, run_after=None
[2026-07-04T09:34:58.979+0000] {processor.py:208} INFO - Processing /opt/airflow/dags/exemplos/example_distributed.py took 0.613 seconds
[2026-07-04T09:36:38.244+0000] {processor.py:186} INFO - Started process (PID=433) to work on /opt/airflow/dags/exemplos/example_distributed.py
[2026-07-04T09:36:39.225+0000] {processor.py:914} INFO - Processing file /opt/airflow/dags/exemplos/example_distributed.py for tasks to queue
[2026-07-04T09:36:42.848+0000] {logging_mixin.py:190} INFO - [2026-07-04T09:36:41.640+0000] {dagbag.py:588} INFO - Filling up the DagBag from /opt/airflow/dags/exemplos/example_distributed.py
