[2026-07-04T06:28:22.123+0000] {processor.py:186} INFO - Started process (PID=123) to work on /opt/airflow/dags/exemplos/example_distributed_2.py
[2026-07-04T06:28:22.124+0000] {processor.py:914} INFO - Processing file /opt/airflow/dags/exemplos/example_distributed_2.py for tasks to queue
[2026-07-04T06:28:22.130+0000] {logging_mixin.py:190} INFO - [2026-07-04T06:28:22.129+0000] {dagbag.py:588} INFO - Filling up the DagBag from /opt/airflow/dags/exemplos/example_distributed_2.py
[2026-07-04T06:28:31.120+0000] {processor.py:925} INFO - DAG(s) 'example_distributed_celery_fixed_sleep' retrieved from /opt/airflow/dags/exemplos/example_distributed_2.py
[2026-07-04T06:30:02.038+0000] {processor.py:186} INFO - Started process (PID=145) to work on /opt/airflow/dags/exemplos/example_distributed_2.py
[2026-07-04T06:30:02.210+0000] {processor.py:914} INFO - Processing file /opt/airflow/dags/exemplos/example_distributed_2.py for tasks to queue
[2026-07-04T06:30:02.215+0000] {logging_mixin.py:190} INFO - [2026-07-04T06:30:02.214+0000] {dagbag.py:588} INFO - Filling up the DagBag from /opt/airflow/dags/exemplos/example_distributed_2.py
[2026-07-04T06:30:02.666+0000] {processor.py:925} INFO - DAG(s) 'example_distributed_celery_fixed_sleep' retrieved from /opt/airflow/dags/exemplos/example_distributed_2.py
[2026-07-04T06:30:03.324+0000] {logging_mixin.py:190} INFO - [2026-07-04T06:30:03.324+0000] {dag.py:3239} INFO - Sync 1 DAGs
[2026-07-04T06:30:41.833+0000] {logging_mixin.py:190} INFO - [2026-07-04T06:30:41.833+0000] {dag.py:4180} INFO - Setting next_dagrun for example_distributed_celery_fixed_sleep to None, run_after=None
[2026-07-04T06:30:45.435+0000] {processor.py:208} INFO - Processing /opt/airflow/dags/exemplos/example_distributed_2.py took 43.405 seconds
[2026-07-04T06:31:50.284+0000] {processor.py:186} INFO - Started process (PID=161) to work on /opt/airflow/dags/exemplos/example_distributed_2.py
[2026-07-04T06:31:50.465+0000] {processor.py:914} INFO - Processing file /opt/airflow/dags/exemplos/example_distributed_2.py for tasks to queue
[2026-07-04T06:31:50.468+0000] {logging_mixin.py:190} INFO - [2026-07-04T06:31:50.468+0000] {dagbag.py:588} INFO - Filling up the DagBag from /opt/airflow/dags/exemplos/example_distributed_2.py
[2026-07-04T06:31:50.636+0000] {processor.py:925} INFO - DAG(s) 'example_distributed_celery_fixed_sleep' retrieved from /opt/airflow/dags/exemplos/example_distributed_2.py
[2026-07-04T06:31:50.783+0000] {logging_mixin.py:190} INFO - [2026-07-04T06:31:50.783+0000] {dag.py:3239} INFO - Sync 1 DAGs
[2026-07-04T06:31:50.800+0000] {logging_mixin.py:190} INFO - [2026-07-04T06:31:50.800+0000] {dag.py:4180} INFO - Setting next_dagrun for example_distributed_celery_fixed_sleep to None, run_after=None
[2026-07-04T06:31:52.395+0000] {processor.py:208} INFO - Processing /opt/airflow/dags/exemplos/example_distributed_2.py took 2.765 seconds
[2026-07-04T06:33:11.755+0000] {processor.py:186} INFO - Started process (PID=172) to work on /opt/airflow/dags/exemplos/example_distributed_2.py
[2026-07-04T06:33:11.910+0000] {processor.py:914} INFO - Processing file /opt/airflow/dags/exemplos/example_distributed_2.py for tasks to queue
[2026-07-04T06:33:11.912+0000] {logging_mixin.py:190} INFO - [2026-07-04T06:33:11.911+0000] {dagbag.py:588} INFO - Filling up the DagBag from /opt/airflow/dags/exemplos/example_distributed_2.py
[2026-07-04T06:33:11.929+0000] {processor.py:925} INFO - DAG(s) 'example_distributed_celery_fixed_sleep' retrieved from /opt/airflow/dags/exemplos/example_distributed_2.py
[2026-07-04T06:33:27.157+0000] {logging_mixin.py:190} INFO - [2026-07-04T06:33:27.155+0000] {dag.py:3239} INFO - Sync 1 DAGs
[2026-07-04T06:33:27.206+0000] {logging_mixin.py:190} INFO - [2026-07-04T06:33:27.205+0000] {dag.py:4180} INFO - Setting next_dagrun for example_distributed_celery_fixed_sleep to None, run_after=None
[2026-07-04T06:59:54.254+0000] {processor.py:186} INFO - Started process (PID=67) to work on /opt/airflow/dags/exemplos/example_distributed_2.py
[2026-07-04T06:59:54.444+0000] {processor.py:914} INFO - Processing file /opt/airflow/dags/exemplos/example_distributed_2.py for tasks to queue
[2026-07-04T06:59:54.448+0000] {logging_mixin.py:190} INFO - [2026-07-04T06:59:54.447+0000] {dagbag.py:588} INFO - Filling up the DagBag from /opt/airflow/dags/exemplos/example_distributed_2.py
[2026-07-04T06:59:55.012+0000] {processor.py:925} INFO - DAG(s) 'example_distributed_celery_fixed_sleep' retrieved from /opt/airflow/dags/exemplos/example_distributed_2.py
[2026-07-04T06:59:55.381+0000] {logging_mixin.py:190} INFO - [2026-07-04T06:59:55.380+0000] {dag.py:3239} INFO - Sync 1 DAGs
[2026-07-04T06:59:56.336+0000] {logging_mixin.py:190} INFO - [2026-07-04T06:59:56.336+0000] {dag.py:4180} INFO - Setting next_dagrun for example_distributed_celery_fixed_sleep to None, run_after=None
[2026-07-04T06:59:57.112+0000] {processor.py:208} INFO - Processing /opt/airflow/dags/exemplos/example_distributed_2.py took 2.869 seconds
[2026-07-04T07:00:27.296+0000] {processor.py:186} INFO - Started process (PID=78) to work on /opt/airflow/dags/exemplos/example_distributed_2.py
[2026-07-04T07:00:27.345+0000] {processor.py:914} INFO - Processing file /opt/airflow/dags/exemplos/example_distributed_2.py for tasks to queue
[2026-07-04T07:00:27.348+0000] {logging_mixin.py:190} INFO - [2026-07-04T07:00:27.348+0000] {dagbag.py:588} INFO - Filling up the DagBag from /opt/airflow/dags/exemplos/example_distributed_2.py
[2026-07-04T07:00:27.359+0000] {processor.py:925} INFO - DAG(s) 'example_distributed_celery_fixed_sleep' retrieved from /opt/airflow/dags/exemplos/example_distributed_2.py
[2026-07-04T07:00:27.419+0000] {logging_mixin.py:190} INFO - [2026-07-04T07:00:27.419+0000] {dag.py:3239} INFO - Sync 1 DAGs
[2026-07-04T07:00:27.452+0000] {logging_mixin.py:190} INFO - [2026-07-04T07:00:27.451+0000] {dag.py:4180} INFO - Setting next_dagrun for example_distributed_celery_fixed_sleep to None, run_after=None
[2026-07-04T07:00:27.492+0000] {processor.py:208} INFO - Processing /opt/airflow/dags/exemplos/example_distributed_2.py took 0.203 seconds
[2026-07-04T07:00:58.052+0000] {processor.py:186} INFO - Started process (PID=89) to work on /opt/airflow/dags/exemplos/example_distributed_2.py
[2026-07-04T07:00:58.054+0000] {processor.py:914} INFO - Processing file /opt/airflow/dags/exemplos/example_distributed_2.py for tasks to queue
[2026-07-04T07:00:58.073+0000] {logging_mixin.py:190} INFO - [2026-07-04T07:00:58.072+0000] {dagbag.py:588} INFO - Filling up the DagBag from /opt/airflow/dags/exemplos/example_distributed_2.py
[2026-07-04T07:00:58.100+0000] {processor.py:925} INFO - DAG(s) 'example_distributed_celery_fixed_sleep' retrieved from /opt/airflow/dags/exemplos/example_distributed_2.py
[2026-07-04T07:00:58.210+0000] {logging_mixin.py:190} INFO - [2026-07-04T07:00:58.209+0000] {dag.py:3239} INFO - Sync 1 DAGs
[2026-07-04T07:00:58.258+0000] {logging_mixin.py:190} INFO - [2026-07-04T07:00:58.258+0000] {dag.py:4180} INFO - Setting next_dagrun for example_distributed_celery_fixed_sleep to None, run_after=None
[2026-07-04T07:00:58.320+0000] {processor.py:208} INFO - Processing /opt/airflow/dags/exemplos/example_distributed_2.py took 0.301 seconds
[2026-07-04T07:01:28.862+0000] {processor.py:186} INFO - Started process (PID=100) to work on /opt/airflow/dags/exemplos/example_distributed_2.py
[2026-07-04T07:01:28.890+0000] {processor.py:914} INFO - Processing file /opt/airflow/dags/exemplos/example_distributed_2.py for tasks to queue
[2026-07-04T07:01:28.895+0000] {logging_mixin.py:190} INFO - [2026-07-04T07:01:28.894+0000] {dagbag.py:588} INFO - Filling up the DagBag from /opt/airflow/dags/exemplos/example_distributed_2.py
[2026-07-04T07:01:28.944+0000] {processor.py:925} INFO - DAG(s) 'example_distributed_celery_fixed_sleep' retrieved from /opt/airflow/dags/exemplos/example_distributed_2.py
[2026-07-04T07:01:29.048+0000] {logging_mixin.py:190} INFO - [2026-07-04T07:01:29.048+0000] {dag.py:3239} INFO - Sync 1 DAGs
[2026-07-04T07:01:29.103+0000] {logging_mixin.py:190} INFO - [2026-07-04T07:01:29.103+0000] {dag.py:4180} INFO - Setting next_dagrun for example_distributed_celery_fixed_sleep to None, run_after=None
[2026-07-04T07:01:29.138+0000] {processor.py:208} INFO - Processing /opt/airflow/dags/exemplos/example_distributed_2.py took 0.281 seconds
[2026-07-04T07:01:59.727+0000] {processor.py:186} INFO - Started process (PID=111) to work on /opt/airflow/dags/exemplos/example_distributed_2.py
[2026-07-04T07:01:59.759+0000] {processor.py:914} INFO - Processing file /opt/airflow/dags/exemplos/example_distributed_2.py for tasks to queue
[2026-07-04T07:01:59.762+0000] {logging_mixin.py:190} INFO - [2026-07-04T07:01:59.762+0000] {dagbag.py:588} INFO - Filling up the DagBag from /opt/airflow/dags/exemplos/example_distributed_2.py
[2026-07-04T07:01:59.785+0000] {processor.py:925} INFO - DAG(s) 'example_distributed_celery_fixed_sleep' retrieved from /opt/airflow/dags/exemplos/example_distributed_2.py
[2026-07-04T07:01:59.836+0000] {logging_mixin.py:190} INFO - [2026-07-04T07:01:59.836+0000] {dag.py:3239} INFO - Sync 1 DAGs
[2026-07-04T07:01:59.865+0000] {logging_mixin.py:190} INFO - [2026-07-04T07:01:59.865+0000] {dag.py:4180} INFO - Setting next_dagrun for example_distributed_celery_fixed_sleep to None, run_after=None
[2026-07-04T07:01:59.892+0000] {processor.py:208} INFO - Processing /opt/airflow/dags/exemplos/example_distributed_2.py took 0.173 seconds
[2026-07-04T07:02:30.415+0000] {processor.py:186} INFO - Started process (PID=122) to work on /opt/airflow/dags/exemplos/example_distributed_2.py
[2026-07-04T07:02:30.417+0000] {processor.py:914} INFO - Processing file /opt/airflow/dags/exemplos/example_distributed_2.py for tasks to queue
[2026-07-04T07:02:30.419+0000] {logging_mixin.py:190} INFO - [2026-07-04T07:02:30.419+0000] {dagbag.py:588} INFO - Filling up the DagBag from /opt/airflow/dags/exemplos/example_distributed_2.py
[2026-07-04T07:02:30.462+0000] {processor.py:925} INFO - DAG(s) 'example_distributed_celery_fixed_sleep' retrieved from /opt/airflow/dags/exemplos/example_distributed_2.py
[2026-07-04T07:02:30.516+0000] {logging_mixin.py:190} INFO - [2026-07-04T07:02:30.516+0000] {dag.py:3239} INFO - Sync 1 DAGs
[2026-07-04T07:02:30.592+0000] {logging_mixin.py:190} INFO - [2026-07-04T07:02:30.591+0000] {dag.py:4180} INFO - Setting next_dagrun for example_distributed_celery_fixed_sleep to None, run_after=None
[2026-07-04T07:02:30.720+0000] {processor.py:208} INFO - Processing /opt/airflow/dags/exemplos/example_distributed_2.py took 0.312 seconds
[2026-07-04T07:03:00.852+0000] {processor.py:186} INFO - Started process (PID=126) to work on /opt/airflow/dags/exemplos/example_distributed_2.py
[2026-07-04T07:03:00.907+0000] {processor.py:914} INFO - Processing file /opt/airflow/dags/exemplos/example_distributed_2.py for tasks to queue
[2026-07-04T07:03:00.909+0000] {logging_mixin.py:190} INFO - [2026-07-04T07:03:00.909+0000] {dagbag.py:588} INFO - Filling up the DagBag from /opt/airflow/dags/exemplos/example_distributed_2.py
[2026-07-04T07:03:00.918+0000] {processor.py:925} INFO - DAG(s) 'example_distributed_celery_fixed_sleep' retrieved from /opt/airflow/dags/exemplos/example_distributed_2.py
[2026-07-04T07:03:00.961+0000] {logging_mixin.py:190} INFO - [2026-07-04T07:03:00.960+0000] {dag.py:3239} INFO - Sync 1 DAGs
[2026-07-04T07:03:01.005+0000] {logging_mixin.py:190} INFO - [2026-07-04T07:03:01.005+0000] {dag.py:4180} INFO - Setting next_dagrun for example_distributed_celery_fixed_sleep to None, run_after=None
[2026-07-04T07:03:01.045+0000] {processor.py:208} INFO - Processing /opt/airflow/dags/exemplos/example_distributed_2.py took 0.200 seconds
[2026-07-04T07:03:31.301+0000] {processor.py:186} INFO - Started process (PID=136) to work on /opt/airflow/dags/exemplos/example_distributed_2.py
[2026-07-04T07:03:31.302+0000] {processor.py:914} INFO - Processing file /opt/airflow/dags/exemplos/example_distributed_2.py for tasks to queue
[2026-07-04T07:03:31.315+0000] {logging_mixin.py:190} INFO - [2026-07-04T07:03:31.305+0000] {dagbag.py:588} INFO - Filling up the DagBag from /opt/airflow/dags/exemplos/example_distributed_2.py
[2026-07-04T07:03:31.372+0000] {processor.py:925} INFO - DAG(s) 'example_distributed_celery_fixed_sleep' retrieved from /opt/airflow/dags/exemplos/example_distributed_2.py
[2026-07-04T07:03:31.409+0000] {logging_mixin.py:190} INFO - [2026-07-04T07:03:31.409+0000] {dag.py:3239} INFO - Sync 1 DAGs
[2026-07-04T07:03:31.433+0000] {logging_mixin.py:190} INFO - [2026-07-04T07:03:31.433+0000] {dag.py:4180} INFO - Setting next_dagrun for example_distributed_celery_fixed_sleep to None, run_after=None
[2026-07-04T07:03:32.349+0000] {processor.py:208} INFO - Processing /opt/airflow/dags/exemplos/example_distributed_2.py took 1.056 seconds
[2026-07-04T07:04:02.786+0000] {processor.py:186} INFO - Started process (PID=147) to work on /opt/airflow/dags/exemplos/example_distributed_2.py
[2026-07-04T07:04:02.806+0000] {processor.py:914} INFO - Processing file /opt/airflow/dags/exemplos/example_distributed_2.py for tasks to queue
[2026-07-04T07:04:02.835+0000] {logging_mixin.py:190} INFO - [2026-07-04T07:04:02.819+0000] {dagbag.py:588} INFO - Filling up the DagBag from /opt/airflow/dags/exemplos/example_distributed_2.py
[2026-07-04T07:04:02.876+0000] {processor.py:925} INFO - DAG(s) 'example_distributed_celery_fixed_sleep' retrieved from /opt/airflow/dags/exemplos/example_distributed_2.py
[2026-07-04T07:04:03.161+0000] {logging_mixin.py:190} INFO - [2026-07-04T07:04:03.160+0000] {dag.py:3239} INFO - Sync 1 DAGs
[2026-07-04T07:04:03.171+0000] {logging_mixin.py:190} INFO - [2026-07-04T07:04:03.171+0000] {dag.py:4180} INFO - Setting next_dagrun for example_distributed_celery_fixed_sleep to None, run_after=None
[2026-07-04T07:04:03.195+0000] {processor.py:208} INFO - Processing /opt/airflow/dags/exemplos/example_distributed_2.py took 0.420 seconds
[2026-07-04T07:04:33.772+0000] {processor.py:186} INFO - Started process (PID=158) to work on /opt/airflow/dags/exemplos/example_distributed_2.py
[2026-07-04T07:04:33.773+0000] {processor.py:914} INFO - Processing file /opt/airflow/dags/exemplos/example_distributed_2.py for tasks to queue
[2026-07-04T07:04:33.775+0000] {logging_mixin.py:190} INFO - [2026-07-04T07:04:33.775+0000] {dagbag.py:588} INFO - Filling up the DagBag from /opt/airflow/dags/exemplos/example_distributed_2.py
[2026-07-04T07:04:33.786+0000] {processor.py:925} INFO - DAG(s) 'example_distributed_celery_fixed_sleep' retrieved from /opt/airflow/dags/exemplos/example_distributed_2.py
[2026-07-04T07:04:33.831+0000] {logging_mixin.py:190} INFO - [2026-07-04T07:04:33.831+0000] {dag.py:3239} INFO - Sync 1 DAGs
[2026-07-04T07:04:33.847+0000] {logging_mixin.py:190} INFO - [2026-07-04T07:04:33.847+0000] {dag.py:4180} INFO - Setting next_dagrun for example_distributed_celery_fixed_sleep to None, run_after=None
[2026-07-04T07:04:33.874+0000] {processor.py:208} INFO - Processing /opt/airflow/dags/exemplos/example_distributed_2.py took 0.109 seconds
[2026-07-04T07:05:04.461+0000] {processor.py:186} INFO - Started process (PID=170) to work on /opt/airflow/dags/exemplos/example_distributed_2.py
[2026-07-04T07:05:04.945+0000] {processor.py:914} INFO - Processing file /opt/airflow/dags/exemplos/example_distributed_2.py for tasks to queue
[2026-07-04T07:05:04.948+0000] {logging_mixin.py:190} INFO - [2026-07-04T07:05:04.948+0000] {dagbag.py:588} INFO - Filling up the DagBag from /opt/airflow/dags/exemplos/example_distributed_2.py
[2026-07-04T07:05:04.962+0000] {processor.py:925} INFO - DAG(s) 'example_distributed_celery_fixed_sleep' retrieved from /opt/airflow/dags/exemplos/example_distributed_2.py
[2026-07-04T07:05:05.398+0000] {logging_mixin.py:190} INFO - [2026-07-04T07:05:05.397+0000] {dag.py:3239} INFO - Sync 1 DAGs
[2026-07-04T07:05:05.421+0000] {logging_mixin.py:190} INFO - [2026-07-04T07:05:05.421+0000] {dag.py:4180} INFO - Setting next_dagrun for example_distributed_celery_fixed_sleep to None, run_after=None
[2026-07-04T07:05:05.790+0000] {processor.py:208} INFO - Processing /opt/airflow/dags/exemplos/example_distributed_2.py took 1.337 seconds
[2026-07-04T07:05:37.043+0000] {processor.py:186} INFO - Started process (PID=181) to work on /opt/airflow/dags/exemplos/example_distributed_2.py
[2026-07-04T07:05:37.135+0000] {processor.py:914} INFO - Processing file /opt/airflow/dags/exemplos/example_distributed_2.py for tasks to queue
[2026-07-04T07:05:37.162+0000] {logging_mixin.py:190} INFO - [2026-07-04T07:05:37.162+0000] {dagbag.py:588} INFO - Filling up the DagBag from /opt/airflow/dags/exemplos/example_distributed_2.py
[2026-07-04T07:05:44.312+0000] {processor.py:925} INFO - DAG(s) 'example_distributed_celery_fixed_sleep' retrieved from /opt/airflow/dags/exemplos/example_distributed_2.py
[2026-07-04T07:05:48.370+0000] {logging_mixin.py:190} INFO - [2026-07-04T07:05:48.369+0000] {dag.py:3239} INFO - Sync 1 DAGs
[2026-07-04T07:06:24.729+0000] {logging_mixin.py:190} INFO - [2026-07-04T07:06:24.728+0000] {dag.py:4180} INFO - Setting next_dagrun for example_distributed_celery_fixed_sleep to None, run_after=None
[2026-07-04T07:06:24.789+0000] {processor.py:208} INFO - Processing /opt/airflow/dags/exemplos/example_distributed_2.py took 47.776 seconds
[2026-07-04T07:06:55.668+0000] {processor.py:186} INFO - Started process (PID=199) to work on /opt/airflow/dags/exemplos/example_distributed_2.py
[2026-07-04T07:06:55.669+0000] {processor.py:914} INFO - Processing file /opt/airflow/dags/exemplos/example_distributed_2.py for tasks to queue
[2026-07-04T07:06:55.673+0000] {logging_mixin.py:190} INFO - [2026-07-04T07:06:55.673+0000] {dagbag.py:588} INFO - Filling up the DagBag from /opt/airflow/dags/exemplos/example_distributed_2.py
[2026-07-04T07:06:55.685+0000] {processor.py:925} INFO - DAG(s) 'example_distributed_celery_fixed_sleep' retrieved from /opt/airflow/dags/exemplos/example_distributed_2.py
[2026-07-04T07:06:55.740+0000] {logging_mixin.py:190} INFO - [2026-07-04T07:06:55.740+0000] {dag.py:3239} INFO - Sync 1 DAGs
[2026-07-04T07:06:55.766+0000] {logging_mixin.py:190} INFO - [2026-07-04T07:06:55.765+0000] {dag.py:4180} INFO - Setting next_dagrun for example_distributed_celery_fixed_sleep to None, run_after=None
[2026-07-04T07:06:55.809+0000] {processor.py:208} INFO - Processing /opt/airflow/dags/exemplos/example_distributed_2.py took 0.149 seconds
[2026-07-04T07:07:32.108+0000] {processor.py:186} INFO - Started process (PID=210) to work on /opt/airflow/dags/exemplos/example_distributed_2.py
[2026-07-04T07:07:35.864+0000] {processor.py:914} INFO - Processing file /opt/airflow/dags/exemplos/example_distributed_2.py for tasks to queue
[2026-07-04T07:07:40.530+0000] {logging_mixin.py:190} INFO - [2026-07-04T07:07:40.020+0000] {dagbag.py:588} INFO - Filling up the DagBag from /opt/airflow/dags/exemplos/example_distributed_2.py
[2026-07-04T07:08:27.570+0000] {processor.py:925} INFO - DAG(s) 'example_distributed_celery_fixed_sleep' retrieved from /opt/airflow/dags/exemplos/example_distributed_2.py
[2026-07-04T07:20:53.005+0000] {processor.py:186} INFO - Started process (PID=60) to work on /opt/airflow/dags/exemplos/example_distributed_2.py
[2026-07-04T07:20:53.048+0000] {processor.py:914} INFO - Processing file /opt/airflow/dags/exemplos/example_distributed_2.py for tasks to queue
[2026-07-04T07:20:53.052+0000] {logging_mixin.py:190} INFO - [2026-07-04T07:20:53.052+0000] {dagbag.py:588} INFO - Filling up the DagBag from /opt/airflow/dags/exemplos/example_distributed_2.py
[2026-07-04T07:20:53.079+0000] {processor.py:925} INFO - DAG(s) 'example_distributed_celery_fixed_sleep' retrieved from /opt/airflow/dags/exemplos/example_distributed_2.py
[2026-07-04T07:20:53.478+0000] {logging_mixin.py:190} INFO - [2026-07-04T07:20:53.477+0000] {dag.py:3239} INFO - Sync 1 DAGs
[2026-07-04T07:20:53.553+0000] {logging_mixin.py:190} INFO - [2026-07-04T07:20:53.553+0000] {dag.py:4180} INFO - Setting next_dagrun for example_distributed_celery_fixed_sleep to None, run_after=None
[2026-07-04T07:20:53.715+0000] {processor.py:208} INFO - Processing /opt/airflow/dags/exemplos/example_distributed_2.py took 0.716 seconds
[2026-07-04T07:21:24.766+0000] {processor.py:186} INFO - Started process (PID=71) to work on /opt/airflow/dags/exemplos/example_distributed_2.py
[2026-07-04T07:21:24.926+0000] {processor.py:914} INFO - Processing file /opt/airflow/dags/exemplos/example_distributed_2.py for tasks to queue
[2026-07-04T07:21:24.929+0000] {logging_mixin.py:190} INFO - [2026-07-04T07:21:24.929+0000] {dagbag.py:588} INFO - Filling up the DagBag from /opt/airflow/dags/exemplos/example_distributed_2.py
[2026-07-04T07:21:24.938+0000] {processor.py:925} INFO - DAG(s) 'example_distributed_celery_fixed_sleep' retrieved from /opt/airflow/dags/exemplos/example_distributed_2.py
[2026-07-04T07:21:24.972+0000] {logging_mixin.py:190} INFO - [2026-07-04T07:21:24.972+0000] {dag.py:3239} INFO - Sync 1 DAGs
[2026-07-04T07:21:24.993+0000] {logging_mixin.py:190} INFO - [2026-07-04T07:21:24.993+0000] {dag.py:4180} INFO - Setting next_dagrun for example_distributed_celery_fixed_sleep to None, run_after=None
[2026-07-04T07:21:25.321+0000] {processor.py:208} INFO - Processing /opt/airflow/dags/exemplos/example_distributed_2.py took 0.564 seconds
[2026-07-04T07:21:55.714+0000] {processor.py:186} INFO - Started process (PID=82) to work on /opt/airflow/dags/exemplos/example_distributed_2.py
[2026-07-04T07:21:55.741+0000] {processor.py:914} INFO - Processing file /opt/airflow/dags/exemplos/example_distributed_2.py for tasks to queue
[2026-07-04T07:21:55.743+0000] {logging_mixin.py:190} INFO - [2026-07-04T07:21:55.743+0000] {dagbag.py:588} INFO - Filling up the DagBag from /opt/airflow/dags/exemplos/example_distributed_2.py
[2026-07-04T07:21:55.753+0000] {processor.py:925} INFO - DAG(s) 'example_distributed_celery_fixed_sleep' retrieved from /opt/airflow/dags/exemplos/example_distributed_2.py
[2026-07-04T07:21:55.817+0000] {logging_mixin.py:190} INFO - [2026-07-04T07:21:55.817+0000] {dag.py:3239} INFO - Sync 1 DAGs
[2026-07-04T07:21:55.847+0000] {logging_mixin.py:190} INFO - [2026-07-04T07:21:55.847+0000] {dag.py:4180} INFO - Setting next_dagrun for example_distributed_celery_fixed_sleep to None, run_after=None
[2026-07-04T07:21:55.898+0000] {processor.py:208} INFO - Processing /opt/airflow/dags/exemplos/example_distributed_2.py took 0.192 seconds
[2026-07-04T07:22:26.877+0000] {processor.py:186} INFO - Started process (PID=92) to work on /opt/airflow/dags/exemplos/example_distributed_2.py
[2026-07-04T07:22:26.893+0000] {processor.py:914} INFO - Processing file /opt/airflow/dags/exemplos/example_distributed_2.py for tasks to queue
[2026-07-04T07:22:26.917+0000] {logging_mixin.py:190} INFO - [2026-07-04T07:22:26.917+0000] {dagbag.py:588} INFO - Filling up the DagBag from /opt/airflow/dags/exemplos/example_distributed_2.py
[2026-07-04T07:22:27.520+0000] {processor.py:925} INFO - DAG(s) 'example_distributed_celery_fixed_sleep' retrieved from /opt/airflow/dags/exemplos/example_distributed_2.py
[2026-07-04T07:22:28.032+0000] {logging_mixin.py:190} INFO - [2026-07-04T07:22:28.031+0000] {dag.py:3239} INFO - Sync 1 DAGs
[2026-07-04T07:22:28.059+0000] {logging_mixin.py:190} INFO - [2026-07-04T07:22:28.059+0000] {dag.py:4180} INFO - Setting next_dagrun for example_distributed_celery_fixed_sleep to None, run_after=None
[2026-07-04T07:22:28.107+0000] {processor.py:208} INFO - Processing /opt/airflow/dags/exemplos/example_distributed_2.py took 1.266 seconds
[2026-07-04T07:22:58.633+0000] {processor.py:186} INFO - Started process (PID=102) to work on /opt/airflow/dags/exemplos/example_distributed_2.py
[2026-07-04T07:22:58.634+0000] {processor.py:914} INFO - Processing file /opt/airflow/dags/exemplos/example_distributed_2.py for tasks to queue
[2026-07-04T07:22:58.637+0000] {logging_mixin.py:190} INFO - [2026-07-04T07:22:58.636+0000] {dagbag.py:588} INFO - Filling up the DagBag from /opt/airflow/dags/exemplos/example_distributed_2.py
[2026-07-04T07:22:58.650+0000] {processor.py:925} INFO - DAG(s) 'example_distributed_celery_fixed_sleep' retrieved from /opt/airflow/dags/exemplos/example_distributed_2.py
[2026-07-04T07:22:58.691+0000] {logging_mixin.py:190} INFO - [2026-07-04T07:22:58.690+0000] {dag.py:3239} INFO - Sync 1 DAGs
[2026-07-04T07:22:58.723+0000] {logging_mixin.py:190} INFO - [2026-07-04T07:22:58.723+0000] {dag.py:4180} INFO - Setting next_dagrun for example_distributed_celery_fixed_sleep to None, run_after=None
[2026-07-04T07:22:59.035+0000] {processor.py:208} INFO - Processing /opt/airflow/dags/exemplos/example_distributed_2.py took 0.409 seconds
[2026-07-04T07:23:29.548+0000] {processor.py:186} INFO - Started process (PID=105) to work on /opt/airflow/dags/exemplos/example_distributed_2.py
[2026-07-04T07:23:30.040+0000] {processor.py:914} INFO - Processing file /opt/airflow/dags/exemplos/example_distributed_2.py for tasks to queue
[2026-07-04T07:23:30.045+0000] {logging_mixin.py:190} INFO - [2026-07-04T07:23:30.044+0000] {dagbag.py:588} INFO - Filling up the DagBag from /opt/airflow/dags/exemplos/example_distributed_2.py
[2026-07-04T07:23:30.143+0000] {processor.py:925} INFO - DAG(s) 'example_distributed_celery_fixed_sleep' retrieved from /opt/airflow/dags/exemplos/example_distributed_2.py
[2026-07-04T07:23:30.336+0000] {logging_mixin.py:190} INFO - [2026-07-04T07:23:30.336+0000] {dag.py:3239} INFO - Sync 1 DAGs
[2026-07-04T07:23:30.446+0000] {logging_mixin.py:190} INFO - [2026-07-04T07:23:30.446+0000] {dag.py:4180} INFO - Setting next_dagrun for example_distributed_celery_fixed_sleep to None, run_after=None
[2026-07-04T07:23:30.551+0000] {processor.py:208} INFO - Processing /opt/airflow/dags/exemplos/example_distributed_2.py took 1.010 seconds
[2026-07-04T07:24:00.633+0000] {processor.py:186} INFO - Started process (PID=115) to work on /opt/airflow/dags/exemplos/example_distributed_2.py
[2026-07-04T07:24:00.669+0000] {processor.py:914} INFO - Processing file /opt/airflow/dags/exemplos/example_distributed_2.py for tasks to queue
[2026-07-04T07:24:00.704+0000] {logging_mixin.py:190} INFO - [2026-07-04T07:24:00.704+0000] {dagbag.py:588} INFO - Filling up the DagBag from /opt/airflow/dags/exemplos/example_distributed_2.py
[2026-07-04T07:24:00.861+0000] {processor.py:925} INFO - DAG(s) 'example_distributed_celery_fixed_sleep' retrieved from /opt/airflow/dags/exemplos/example_distributed_2.py
[2026-07-04T07:24:01.871+0000] {logging_mixin.py:190} INFO - [2026-07-04T07:24:01.870+0000] {dag.py:3239} INFO - Sync 1 DAGs
[2026-07-04T07:24:07.605+0000] {logging_mixin.py:190} INFO - [2026-07-04T07:24:07.605+0000] {dag.py:4180} INFO - Setting next_dagrun for example_distributed_celery_fixed_sleep to None, run_after=None
[2026-07-04T07:24:09.090+0000] {processor.py:208} INFO - Processing /opt/airflow/dags/exemplos/example_distributed_2.py took 8.462 seconds
[2026-07-04T07:24:39.846+0000] {processor.py:186} INFO - Started process (PID=126) to work on /opt/airflow/dags/exemplos/example_distributed_2.py
[2026-07-04T07:24:39.871+0000] {processor.py:914} INFO - Processing file /opt/airflow/dags/exemplos/example_distributed_2.py for tasks to queue
[2026-07-04T07:24:39.898+0000] {logging_mixin.py:190} INFO - [2026-07-04T07:24:39.872+0000] {dagbag.py:588} INFO - Filling up the DagBag from /opt/airflow/dags/exemplos/example_distributed_2.py
[2026-07-04T07:24:39.908+0000] {processor.py:925} INFO - DAG(s) 'example_distributed_celery_fixed_sleep' retrieved from /opt/airflow/dags/exemplos/example_distributed_2.py
[2026-07-04T07:24:39.967+0000] {logging_mixin.py:190} INFO - [2026-07-04T07:24:39.967+0000] {dag.py:3239} INFO - Sync 1 DAGs
[2026-07-04T07:24:39.997+0000] {logging_mixin.py:190} INFO - [2026-07-04T07:24:39.997+0000] {dag.py:4180} INFO - Setting next_dagrun for example_distributed_celery_fixed_sleep to None, run_after=None
[2026-07-04T07:24:40.466+0000] {processor.py:208} INFO - Processing /opt/airflow/dags/exemplos/example_distributed_2.py took 0.629 seconds
[2026-07-04T07:25:11.076+0000] {processor.py:186} INFO - Started process (PID=137) to work on /opt/airflow/dags/exemplos/example_distributed_2.py
[2026-07-04T07:25:11.091+0000] {processor.py:914} INFO - Processing file /opt/airflow/dags/exemplos/example_distributed_2.py for tasks to queue
[2026-07-04T07:25:11.092+0000] {logging_mixin.py:190} INFO - [2026-07-04T07:25:11.092+0000] {dagbag.py:588} INFO - Filling up the DagBag from /opt/airflow/dags/exemplos/example_distributed_2.py
[2026-07-04T07:25:11.122+0000] {processor.py:925} INFO - DAG(s) 'example_distributed_celery_fixed_sleep' retrieved from /opt/airflow/dags/exemplos/example_distributed_2.py
[2026-07-04T07:25:11.154+0000] {logging_mixin.py:190} INFO - [2026-07-04T07:25:11.154+0000] {dag.py:3239} INFO - Sync 1 DAGs
[2026-07-04T07:25:11.412+0000] {logging_mixin.py:190} INFO - [2026-07-04T07:25:11.412+0000] {dag.py:4180} INFO - Setting next_dagrun for example_distributed_celery_fixed_sleep to None, run_after=None
[2026-07-04T07:25:11.452+0000] {processor.py:208} INFO - Processing /opt/airflow/dags/exemplos/example_distributed_2.py took 0.382 seconds
[2026-07-04T07:25:42.059+0000] {processor.py:186} INFO - Started process (PID=148) to work on /opt/airflow/dags/exemplos/example_distributed_2.py
[2026-07-04T07:25:42.060+0000] {processor.py:914} INFO - Processing file /opt/airflow/dags/exemplos/example_distributed_2.py for tasks to queue
[2026-07-04T07:25:42.061+0000] {logging_mixin.py:190} INFO - [2026-07-04T07:25:42.061+0000] {dagbag.py:588} INFO - Filling up the DagBag from /opt/airflow/dags/exemplos/example_distributed_2.py
[2026-07-04T07:25:42.089+0000] {processor.py:925} INFO - DAG(s) 'example_distributed_celery_fixed_sleep' retrieved from /opt/airflow/dags/exemplos/example_distributed_2.py
[2026-07-04T07:25:42.170+0000] {logging_mixin.py:190} INFO - [2026-07-04T07:25:42.170+0000] {dag.py:3239} INFO - Sync 1 DAGs
[2026-07-04T07:25:42.185+0000] {logging_mixin.py:190} INFO - [2026-07-04T07:25:42.185+0000] {dag.py:4180} INFO - Setting next_dagrun for example_distributed_celery_fixed_sleep to None, run_after=None
[2026-07-04T07:25:42.216+0000] {processor.py:208} INFO - Processing /opt/airflow/dags/exemplos/example_distributed_2.py took 0.164 seconds
[2026-07-04T07:26:13.040+0000] {processor.py:186} INFO - Started process (PID=159) to work on /opt/airflow/dags/exemplos/example_distributed_2.py
[2026-07-04T07:26:13.061+0000] {processor.py:914} INFO - Processing file /opt/airflow/dags/exemplos/example_distributed_2.py for tasks to queue
[2026-07-04T07:26:13.063+0000] {logging_mixin.py:190} INFO - [2026-07-04T07:26:13.063+0000] {dagbag.py:588} INFO - Filling up the DagBag from /opt/airflow/dags/exemplos/example_distributed_2.py
[2026-07-04T07:26:13.074+0000] {processor.py:925} INFO - DAG(s) 'example_distributed_celery_fixed_sleep' retrieved from /opt/airflow/dags/exemplos/example_distributed_2.py
[2026-07-04T07:26:13.112+0000] {logging_mixin.py:190} INFO - [2026-07-04T07:26:13.112+0000] {dag.py:3239} INFO - Sync 1 DAGs
[2026-07-04T07:26:13.126+0000] {logging_mixin.py:190} INFO - [2026-07-04T07:26:13.126+0000] {dag.py:4180} INFO - Setting next_dagrun for example_distributed_celery_fixed_sleep to None, run_after=None
[2026-07-04T07:26:13.155+0000] {processor.py:208} INFO - Processing /opt/airflow/dags/exemplos/example_distributed_2.py took 0.121 seconds
[2026-07-04T07:26:44.055+0000] {processor.py:186} INFO - Started process (PID=170) to work on /opt/airflow/dags/exemplos/example_distributed_2.py
[2026-07-04T07:26:44.056+0000] {processor.py:914} INFO - Processing file /opt/airflow/dags/exemplos/example_distributed_2.py for tasks to queue
[2026-07-04T07:26:44.059+0000] {logging_mixin.py:190} INFO - [2026-07-04T07:26:44.058+0000] {dagbag.py:588} INFO - Filling up the DagBag from /opt/airflow/dags/exemplos/example_distributed_2.py
[2026-07-04T07:26:44.075+0000] {processor.py:925} INFO - DAG(s) 'example_distributed_celery_fixed_sleep' retrieved from /opt/airflow/dags/exemplos/example_distributed_2.py
[2026-07-04T07:26:44.129+0000] {logging_mixin.py:190} INFO - [2026-07-04T07:26:44.128+0000] {dag.py:3239} INFO - Sync 1 DAGs
[2026-07-04T07:26:44.160+0000] {logging_mixin.py:190} INFO - [2026-07-04T07:26:44.160+0000] {dag.py:4180} INFO - Setting next_dagrun for example_distributed_celery_fixed_sleep to None, run_after=None
[2026-07-04T07:26:44.360+0000] {processor.py:208} INFO - Processing /opt/airflow/dags/exemplos/example_distributed_2.py took 0.313 seconds
[2026-07-04T07:27:14.605+0000] {processor.py:186} INFO - Started process (PID=194) to work on /opt/airflow/dags/exemplos/example_distributed_2.py
[2026-07-04T07:27:14.607+0000] {processor.py:914} INFO - Processing file /opt/airflow/dags/exemplos/example_distributed_2.py for tasks to queue
[2026-07-04T07:27:14.608+0000] {logging_mixin.py:190} INFO - [2026-07-04T07:27:14.608+0000] {dagbag.py:588} INFO - Filling up the DagBag from /opt/airflow/dags/exemplos/example_distributed_2.py
[2026-07-04T07:27:14.623+0000] {processor.py:925} INFO - DAG(s) 'example_distributed_celery_fixed_sleep' retrieved from /opt/airflow/dags/exemplos/example_distributed_2.py
[2026-07-04T07:27:14.665+0000] {logging_mixin.py:190} INFO - [2026-07-04T07:27:14.665+0000] {dag.py:3239} INFO - Sync 1 DAGs
[2026-07-04T07:27:14.855+0000] {logging_mixin.py:190} INFO - [2026-07-04T07:27:14.855+0000] {dag.py:4180} INFO - Setting next_dagrun for example_distributed_celery_fixed_sleep to None, run_after=None
[2026-07-04T07:27:14.880+0000] {processor.py:208} INFO - Processing /opt/airflow/dags/exemplos/example_distributed_2.py took 0.281 seconds
[2026-07-04T07:27:45.753+0000] {processor.py:186} INFO - Started process (PID=228) to work on /opt/airflow/dags/exemplos/example_distributed_2.py
[2026-07-04T07:27:45.755+0000] {processor.py:914} INFO - Processing file /opt/airflow/dags/exemplos/example_distributed_2.py for tasks to queue
[2026-07-04T07:27:45.756+0000] {logging_mixin.py:190} INFO - [2026-07-04T07:27:45.756+0000] {dagbag.py:588} INFO - Filling up the DagBag from /opt/airflow/dags/exemplos/example_distributed_2.py
[2026-07-04T07:27:45.772+0000] {processor.py:925} INFO - DAG(s) 'example_distributed_celery_fixed_sleep' retrieved from /opt/airflow/dags/exemplos/example_distributed_2.py
[2026-07-04T07:27:45.839+0000] {logging_mixin.py:190} INFO - [2026-07-04T07:27:45.838+0000] {dag.py:3239} INFO - Sync 1 DAGs
[2026-07-04T07:27:45.857+0000] {logging_mixin.py:190} INFO - [2026-07-04T07:27:45.857+0000] {dag.py:4180} INFO - Setting next_dagrun for example_distributed_celery_fixed_sleep to None, run_after=None
[2026-07-04T07:27:45.881+0000] {processor.py:208} INFO - Processing /opt/airflow/dags/exemplos/example_distributed_2.py took 0.142 seconds
[2026-07-04T07:28:16.470+0000] {processor.py:186} INFO - Started process (PID=239) to work on /opt/airflow/dags/exemplos/example_distributed_2.py
[2026-07-04T07:28:16.499+0000] {processor.py:914} INFO - Processing file /opt/airflow/dags/exemplos/example_distributed_2.py for tasks to queue
[2026-07-04T07:28:16.501+0000] {logging_mixin.py:190} INFO - [2026-07-04T07:28:16.501+0000] {dagbag.py:588} INFO - Filling up the DagBag from /opt/airflow/dags/exemplos/example_distributed_2.py
[2026-07-04T07:28:16.552+0000] {processor.py:925} INFO - DAG(s) 'example_distributed_celery_fixed_sleep' retrieved from /opt/airflow/dags/exemplos/example_distributed_2.py
[2026-07-04T07:28:16.595+0000] {logging_mixin.py:190} INFO - [2026-07-04T07:28:16.594+0000] {dag.py:3239} INFO - Sync 1 DAGs
[2026-07-04T07:28:16.618+0000] {logging_mixin.py:190} INFO - [2026-07-04T07:28:16.617+0000] {dag.py:4180} INFO - Setting next_dagrun for example_distributed_celery_fixed_sleep to None, run_after=None
[2026-07-04T07:28:16.649+0000] {processor.py:208} INFO - Processing /opt/airflow/dags/exemplos/example_distributed_2.py took 0.205 seconds
[2026-07-04T07:28:47.299+0000] {processor.py:186} INFO - Started process (PID=251) to work on /opt/airflow/dags/exemplos/example_distributed_2.py
[2026-07-04T07:28:47.388+0000] {processor.py:914} INFO - Processing file /opt/airflow/dags/exemplos/example_distributed_2.py for tasks to queue
[2026-07-04T07:28:47.390+0000] {logging_mixin.py:190} INFO - [2026-07-04T07:28:47.389+0000] {dagbag.py:588} INFO - Filling up the DagBag from /opt/airflow/dags/exemplos/example_distributed_2.py
[2026-07-04T07:28:47.398+0000] {processor.py:925} INFO - DAG(s) 'example_distributed_celery_fixed_sleep' retrieved from /opt/airflow/dags/exemplos/example_distributed_2.py
[2026-07-04T07:28:47.440+0000] {logging_mixin.py:190} INFO - [2026-07-04T07:28:47.439+0000] {dag.py:3239} INFO - Sync 1 DAGs
[2026-07-04T07:28:47.760+0000] {logging_mixin.py:190} INFO - [2026-07-04T07:28:47.760+0000] {dag.py:4180} INFO - Setting next_dagrun for example_distributed_celery_fixed_sleep to None, run_after=None
[2026-07-04T07:28:47.914+0000] {processor.py:208} INFO - Processing /opt/airflow/dags/exemplos/example_distributed_2.py took 0.621 seconds
[2026-07-04T07:29:18.092+0000] {processor.py:186} INFO - Started process (PID=262) to work on /opt/airflow/dags/exemplos/example_distributed_2.py
[2026-07-04T07:29:18.119+0000] {processor.py:914} INFO - Processing file /opt/airflow/dags/exemplos/example_distributed_2.py for tasks to queue
[2026-07-04T07:29:18.121+0000] {logging_mixin.py:190} INFO - [2026-07-04T07:29:18.120+0000] {dagbag.py:588} INFO - Filling up the DagBag from /opt/airflow/dags/exemplos/example_distributed_2.py
[2026-07-04T07:29:18.156+0000] {processor.py:925} INFO - DAG(s) 'example_distributed_celery_fixed_sleep' retrieved from /opt/airflow/dags/exemplos/example_distributed_2.py
[2026-07-04T07:29:18.716+0000] {logging_mixin.py:190} INFO - [2026-07-04T07:29:18.715+0000] {dag.py:3239} INFO - Sync 1 DAGs
[2026-07-04T07:29:18.734+0000] {logging_mixin.py:190} INFO - [2026-07-04T07:29:18.734+0000] {dag.py:4180} INFO - Setting next_dagrun for example_distributed_celery_fixed_sleep to None, run_after=None
[2026-07-04T07:29:18.811+0000] {processor.py:208} INFO - Processing /opt/airflow/dags/exemplos/example_distributed_2.py took 0.731 seconds
[2026-07-04T07:29:49.131+0000] {processor.py:186} INFO - Started process (PID=272) to work on /opt/airflow/dags/exemplos/example_distributed_2.py
[2026-07-04T07:29:50.585+0000] {processor.py:914} INFO - Processing file /opt/airflow/dags/exemplos/example_distributed_2.py for tasks to queue
[2026-07-04T07:29:50.586+0000] {logging_mixin.py:190} INFO - [2026-07-04T07:29:50.586+0000] {dagbag.py:588} INFO - Filling up the DagBag from /opt/airflow/dags/exemplos/example_distributed_2.py
[2026-07-04T07:29:50.595+0000] {processor.py:925} INFO - DAG(s) 'example_distributed_celery_fixed_sleep' retrieved from /opt/airflow/dags/exemplos/example_distributed_2.py
[2026-07-04T07:29:50.681+0000] {logging_mixin.py:190} INFO - [2026-07-04T07:29:50.680+0000] {dag.py:3239} INFO - Sync 1 DAGs
[2026-07-04T07:29:50.694+0000] {logging_mixin.py:190} INFO - [2026-07-04T07:29:50.694+0000] {dag.py:4180} INFO - Setting next_dagrun for example_distributed_celery_fixed_sleep to None, run_after=None
[2026-07-04T07:29:50.737+0000] {processor.py:208} INFO - Processing /opt/airflow/dags/exemplos/example_distributed_2.py took 1.611 seconds
[2026-07-04T07:30:20.809+0000] {processor.py:186} INFO - Started process (PID=290) to work on /opt/airflow/dags/exemplos/example_distributed_2.py
[2026-07-04T07:30:20.855+0000] {processor.py:914} INFO - Processing file /opt/airflow/dags/exemplos/example_distributed_2.py for tasks to queue
[2026-07-04T07:30:20.857+0000] {logging_mixin.py:190} INFO - [2026-07-04T07:30:20.856+0000] {dagbag.py:588} INFO - Filling up the DagBag from /opt/airflow/dags/exemplos/example_distributed_2.py
[2026-07-04T07:30:20.880+0000] {processor.py:925} INFO - DAG(s) 'example_distributed_celery_fixed_sleep' retrieved from /opt/airflow/dags/exemplos/example_distributed_2.py
[2026-07-04T07:30:20.916+0000] {logging_mixin.py:190} INFO - [2026-07-04T07:30:20.916+0000] {dag.py:3239} INFO - Sync 1 DAGs
[2026-07-04T07:30:20.934+0000] {logging_mixin.py:190} INFO - [2026-07-04T07:30:20.934+0000] {dag.py:4180} INFO - Setting next_dagrun for example_distributed_celery_fixed_sleep to None, run_after=None
[2026-07-04T07:30:20.963+0000] {processor.py:208} INFO - Processing /opt/airflow/dags/exemplos/example_distributed_2.py took 0.162 seconds
[2026-07-04T07:30:51.240+0000] {processor.py:186} INFO - Started process (PID=335) to work on /opt/airflow/dags/exemplos/example_distributed_2.py
[2026-07-04T07:30:51.242+0000] {processor.py:914} INFO - Processing file /opt/airflow/dags/exemplos/example_distributed_2.py for tasks to queue
[2026-07-04T07:30:51.244+0000] {logging_mixin.py:190} INFO - [2026-07-04T07:30:51.244+0000] {dagbag.py:588} INFO - Filling up the DagBag from /opt/airflow/dags/exemplos/example_distributed_2.py
[2026-07-04T07:30:51.262+0000] {processor.py:925} INFO - DAG(s) 'example_distributed_celery_fixed_sleep' retrieved from /opt/airflow/dags/exemplos/example_distributed_2.py
[2026-07-04T07:30:51.341+0000] {logging_mixin.py:190} INFO - [2026-07-04T07:30:51.340+0000] {dag.py:3239} INFO - Sync 1 DAGs
[2026-07-04T07:30:51.366+0000] {logging_mixin.py:190} INFO - [2026-07-04T07:30:51.366+0000] {dag.py:4180} INFO - Setting next_dagrun for example_distributed_celery_fixed_sleep to None, run_after=None
[2026-07-04T07:30:51.414+0000] {processor.py:208} INFO - Processing /opt/airflow/dags/exemplos/example_distributed_2.py took 0.182 seconds
[2026-07-04T07:31:21.536+0000] {processor.py:186} INFO - Started process (PID=346) to work on /opt/airflow/dags/exemplos/example_distributed_2.py
[2026-07-04T07:31:21.539+0000] {processor.py:914} INFO - Processing file /opt/airflow/dags/exemplos/example_distributed_2.py for tasks to queue
[2026-07-04T07:31:21.540+0000] {logging_mixin.py:190} INFO - [2026-07-04T07:31:21.540+0000] {dagbag.py:588} INFO - Filling up the DagBag from /opt/airflow/dags/exemplos/example_distributed_2.py
[2026-07-04T07:31:21.550+0000] {processor.py:925} INFO - DAG(s) 'example_distributed_celery_fixed_sleep' retrieved from /opt/airflow/dags/exemplos/example_distributed_2.py
[2026-07-04T07:31:21.586+0000] {logging_mixin.py:190} INFO - [2026-07-04T07:31:21.585+0000] {dag.py:3239} INFO - Sync 1 DAGs
[2026-07-04T07:31:21.600+0000] {logging_mixin.py:190} INFO - [2026-07-04T07:31:21.600+0000] {dag.py:4180} INFO - Setting next_dagrun for example_distributed_celery_fixed_sleep to None, run_after=None
[2026-07-04T07:31:21.621+0000] {processor.py:208} INFO - Processing /opt/airflow/dags/exemplos/example_distributed_2.py took 0.093 seconds
[2026-07-04T07:31:52.146+0000] {processor.py:186} INFO - Started process (PID=361) to work on /opt/airflow/dags/exemplos/example_distributed_2.py
[2026-07-04T07:31:52.225+0000] {processor.py:914} INFO - Processing file /opt/airflow/dags/exemplos/example_distributed_2.py for tasks to queue
[2026-07-04T07:31:52.227+0000] {logging_mixin.py:190} INFO - [2026-07-04T07:31:52.226+0000] {dagbag.py:588} INFO - Filling up the DagBag from /opt/airflow/dags/exemplos/example_distributed_2.py
[2026-07-04T07:31:52.244+0000] {processor.py:925} INFO - DAG(s) 'example_distributed_celery_fixed_sleep' retrieved from /opt/airflow/dags/exemplos/example_distributed_2.py
[2026-07-04T07:31:52.278+0000] {logging_mixin.py:190} INFO - [2026-07-04T07:31:52.278+0000] {dag.py:3239} INFO - Sync 1 DAGs
[2026-07-04T07:31:52.295+0000] {logging_mixin.py:190} INFO - [2026-07-04T07:31:52.295+0000] {dag.py:4180} INFO - Setting next_dagrun for example_distributed_celery_fixed_sleep to None, run_after=None
[2026-07-04T07:31:52.327+0000] {processor.py:208} INFO - Processing /opt/airflow/dags/exemplos/example_distributed_2.py took 0.188 seconds
[2026-07-04T07:32:22.704+0000] {processor.py:186} INFO - Started process (PID=372) to work on /opt/airflow/dags/exemplos/example_distributed_2.py
[2026-07-04T07:32:22.706+0000] {processor.py:914} INFO - Processing file /opt/airflow/dags/exemplos/example_distributed_2.py for tasks to queue
[2026-07-04T07:32:22.710+0000] {logging_mixin.py:190} INFO - [2026-07-04T07:32:22.710+0000] {dagbag.py:588} INFO - Filling up the DagBag from /opt/airflow/dags/exemplos/example_distributed_2.py
[2026-07-04T07:32:22.723+0000] {processor.py:925} INFO - DAG(s) 'example_distributed_celery_fixed_sleep' retrieved from /opt/airflow/dags/exemplos/example_distributed_2.py
[2026-07-04T07:32:22.756+0000] {logging_mixin.py:190} INFO - [2026-07-04T07:32:22.756+0000] {dag.py:3239} INFO - Sync 1 DAGs
[2026-07-04T07:32:22.773+0000] {logging_mixin.py:190} INFO - [2026-07-04T07:32:22.773+0000] {dag.py:4180} INFO - Setting next_dagrun for example_distributed_celery_fixed_sleep to None, run_after=None
[2026-07-04T07:32:22.800+0000] {processor.py:208} INFO - Processing /opt/airflow/dags/exemplos/example_distributed_2.py took 0.102 seconds
[2026-07-04T07:32:53.229+0000] {processor.py:186} INFO - Started process (PID=383) to work on /opt/airflow/dags/exemplos/example_distributed_2.py
[2026-07-04T07:32:53.231+0000] {processor.py:914} INFO - Processing file /opt/airflow/dags/exemplos/example_distributed_2.py for tasks to queue
[2026-07-04T07:32:53.233+0000] {logging_mixin.py:190} INFO - [2026-07-04T07:32:53.232+0000] {dagbag.py:588} INFO - Filling up the DagBag from /opt/airflow/dags/exemplos/example_distributed_2.py
[2026-07-04T07:32:53.248+0000] {processor.py:925} INFO - DAG(s) 'example_distributed_celery_fixed_sleep' retrieved from /opt/airflow/dags/exemplos/example_distributed_2.py
[2026-07-04T07:32:53.296+0000] {logging_mixin.py:190} INFO - [2026-07-04T07:32:53.296+0000] {dag.py:3239} INFO - Sync 1 DAGs
[2026-07-04T07:32:53.321+0000] {logging_mixin.py:190} INFO - [2026-07-04T07:32:53.320+0000] {dag.py:4180} INFO - Setting next_dagrun for example_distributed_celery_fixed_sleep to None, run_after=None
[2026-07-04T07:32:53.409+0000] {processor.py:208} INFO - Processing /opt/airflow/dags/exemplos/example_distributed_2.py took 0.187 seconds
[2026-07-04T07:33:24.035+0000] {processor.py:186} INFO - Started process (PID=395) to work on /opt/airflow/dags/exemplos/example_distributed_2.py
[2026-07-04T07:33:24.036+0000] {processor.py:914} INFO - Processing file /opt/airflow/dags/exemplos/example_distributed_2.py for tasks to queue
[2026-07-04T07:33:24.038+0000] {logging_mixin.py:190} INFO - [2026-07-04T07:33:24.037+0000] {dagbag.py:588} INFO - Filling up the DagBag from /opt/airflow/dags/exemplos/example_distributed_2.py
[2026-07-04T07:33:24.048+0000] {processor.py:925} INFO - DAG(s) 'example_distributed_celery_fixed_sleep' retrieved from /opt/airflow/dags/exemplos/example_distributed_2.py
[2026-07-04T07:33:24.085+0000] {logging_mixin.py:190} INFO - [2026-07-04T07:33:24.085+0000] {dag.py:3239} INFO - Sync 1 DAGs
[2026-07-04T07:33:24.101+0000] {logging_mixin.py:190} INFO - [2026-07-04T07:33:24.101+0000] {dag.py:4180} INFO - Setting next_dagrun for example_distributed_celery_fixed_sleep to None, run_after=None
[2026-07-04T07:33:24.129+0000] {processor.py:208} INFO - Processing /opt/airflow/dags/exemplos/example_distributed_2.py took 0.102 seconds
[2026-07-04T07:33:54.493+0000] {processor.py:186} INFO - Started process (PID=406) to work on /opt/airflow/dags/exemplos/example_distributed_2.py
[2026-07-04T07:33:54.495+0000] {processor.py:914} INFO - Processing file /opt/airflow/dags/exemplos/example_distributed_2.py for tasks to queue
[2026-07-04T07:33:54.497+0000] {logging_mixin.py:190} INFO - [2026-07-04T07:33:54.497+0000] {dagbag.py:588} INFO - Filling up the DagBag from /opt/airflow/dags/exemplos/example_distributed_2.py
[2026-07-04T07:33:54.510+0000] {processor.py:925} INFO - DAG(s) 'example_distributed_celery_fixed_sleep' retrieved from /opt/airflow/dags/exemplos/example_distributed_2.py
[2026-07-04T07:33:54.561+0000] {logging_mixin.py:190} INFO - [2026-07-04T07:33:54.561+0000] {dag.py:3239} INFO - Sync 1 DAGs
[2026-07-04T07:33:54.580+0000] {logging_mixin.py:190} INFO - [2026-07-04T07:33:54.580+0000] {dag.py:4180} INFO - Setting next_dagrun for example_distributed_celery_fixed_sleep to None, run_after=None
[2026-07-04T07:33:54.662+0000] {processor.py:208} INFO - Processing /opt/airflow/dags/exemplos/example_distributed_2.py took 0.175 seconds
[2026-07-04T07:34:24.931+0000] {processor.py:186} INFO - Started process (PID=417) to work on /opt/airflow/dags/exemplos/example_distributed_2.py
[2026-07-04T07:34:24.932+0000] {processor.py:914} INFO - Processing file /opt/airflow/dags/exemplos/example_distributed_2.py for tasks to queue
[2026-07-04T07:34:24.933+0000] {logging_mixin.py:190} INFO - [2026-07-04T07:34:24.933+0000] {dagbag.py:588} INFO - Filling up the DagBag from /opt/airflow/dags/exemplos/example_distributed_2.py
[2026-07-04T07:34:24.943+0000] {processor.py:925} INFO - DAG(s) 'example_distributed_celery_fixed_sleep' retrieved from /opt/airflow/dags/exemplos/example_distributed_2.py
[2026-07-04T07:34:24.992+0000] {logging_mixin.py:190} INFO - [2026-07-04T07:34:24.992+0000] {dag.py:3239} INFO - Sync 1 DAGs
[2026-07-04T07:34:25.010+0000] {logging_mixin.py:190} INFO - [2026-07-04T07:34:25.010+0000] {dag.py:4180} INFO - Setting next_dagrun for example_distributed_celery_fixed_sleep to None, run_after=None
[2026-07-04T07:34:25.047+0000] {processor.py:208} INFO - Processing /opt/airflow/dags/exemplos/example_distributed_2.py took 0.121 seconds
[2026-07-04T07:34:55.573+0000] {processor.py:186} INFO - Started process (PID=428) to work on /opt/airflow/dags/exemplos/example_distributed_2.py
[2026-07-04T07:34:55.602+0000] {processor.py:914} INFO - Processing file /opt/airflow/dags/exemplos/example_distributed_2.py for tasks to queue
[2026-07-04T07:34:55.604+0000] {logging_mixin.py:190} INFO - [2026-07-04T07:34:55.604+0000] {dagbag.py:588} INFO - Filling up the DagBag from /opt/airflow/dags/exemplos/example_distributed_2.py
[2026-07-04T07:34:55.613+0000] {processor.py:925} INFO - DAG(s) 'example_distributed_celery_fixed_sleep' retrieved from /opt/airflow/dags/exemplos/example_distributed_2.py
[2026-07-04T07:34:55.646+0000] {logging_mixin.py:190} INFO - [2026-07-04T07:34:55.646+0000] {dag.py:3239} INFO - Sync 1 DAGs
[2026-07-04T07:34:55.663+0000] {logging_mixin.py:190} INFO - [2026-07-04T07:34:55.663+0000] {dag.py:4180} INFO - Setting next_dagrun for example_distributed_celery_fixed_sleep to None, run_after=None
[2026-07-04T07:34:55.684+0000] {processor.py:208} INFO - Processing /opt/airflow/dags/exemplos/example_distributed_2.py took 0.118 seconds
[2026-07-04T07:35:26.585+0000] {processor.py:186} INFO - Started process (PID=440) to work on /opt/airflow/dags/exemplos/example_distributed_2.py
[2026-07-04T07:35:26.585+0000] {processor.py:914} INFO - Processing file /opt/airflow/dags/exemplos/example_distributed_2.py for tasks to queue
[2026-07-04T07:35:26.586+0000] {logging_mixin.py:190} INFO - [2026-07-04T07:35:26.586+0000] {dagbag.py:588} INFO - Filling up the DagBag from /opt/airflow/dags/exemplos/example_distributed_2.py
[2026-07-04T07:35:26.600+0000] {processor.py:925} INFO - DAG(s) 'example_distributed_celery_fixed_sleep' retrieved from /opt/airflow/dags/exemplos/example_distributed_2.py
[2026-07-04T07:35:26.656+0000] {logging_mixin.py:190} INFO - [2026-07-04T07:35:26.656+0000] {dag.py:3239} INFO - Sync 1 DAGs
[2026-07-04T07:35:26.679+0000] {logging_mixin.py:190} INFO - [2026-07-04T07:35:26.679+0000] {dag.py:4180} INFO - Setting next_dagrun for example_distributed_celery_fixed_sleep to None, run_after=None
[2026-07-04T07:35:26.701+0000] {processor.py:208} INFO - Processing /opt/airflow/dags/exemplos/example_distributed_2.py took 0.124 seconds
[2026-07-04T07:35:57.073+0000] {processor.py:186} INFO - Started process (PID=450) to work on /opt/airflow/dags/exemplos/example_distributed_2.py
[2026-07-04T07:35:57.097+0000] {processor.py:914} INFO - Processing file /opt/airflow/dags/exemplos/example_distributed_2.py for tasks to queue
[2026-07-04T07:35:57.102+0000] {logging_mixin.py:190} INFO - [2026-07-04T07:35:57.102+0000] {dagbag.py:588} INFO - Filling up the DagBag from /opt/airflow/dags/exemplos/example_distributed_2.py
[2026-07-04T07:35:57.160+0000] {processor.py:925} INFO - DAG(s) 'example_distributed_celery_fixed_sleep' retrieved from /opt/airflow/dags/exemplos/example_distributed_2.py
[2026-07-04T07:35:57.932+0000] {logging_mixin.py:190} INFO - [2026-07-04T07:35:57.931+0000] {dag.py:3239} INFO - Sync 1 DAGs
[2026-07-04T07:35:58.058+0000] {logging_mixin.py:190} INFO - [2026-07-04T07:35:58.057+0000] {dag.py:4180} INFO - Setting next_dagrun for example_distributed_celery_fixed_sleep to None, run_after=None
[2026-07-04T07:35:58.304+0000] {processor.py:208} INFO - Processing /opt/airflow/dags/exemplos/example_distributed_2.py took 1.303 seconds
[2026-07-04T07:36:29.438+0000] {processor.py:186} INFO - Started process (PID=455) to work on /opt/airflow/dags/exemplos/example_distributed_2.py
[2026-07-04T07:36:29.439+0000] {processor.py:914} INFO - Processing file /opt/airflow/dags/exemplos/example_distributed_2.py for tasks to queue
[2026-07-04T07:36:29.440+0000] {logging_mixin.py:190} INFO - [2026-07-04T07:36:29.440+0000] {dagbag.py:588} INFO - Filling up the DagBag from /opt/airflow/dags/exemplos/example_distributed_2.py
[2026-07-04T07:36:29.487+0000] {processor.py:925} INFO - DAG(s) 'example_distributed_celery_fixed_sleep' retrieved from /opt/airflow/dags/exemplos/example_distributed_2.py
[2026-07-04T07:36:29.720+0000] {logging_mixin.py:190} INFO - [2026-07-04T07:36:29.718+0000] {dag.py:3239} INFO - Sync 1 DAGs
[2026-07-04T07:36:29.781+0000] {logging_mixin.py:190} INFO - [2026-07-04T07:36:29.780+0000] {dag.py:4180} INFO - Setting next_dagrun for example_distributed_celery_fixed_sleep to None, run_after=None
[2026-07-04T07:36:29.872+0000] {processor.py:208} INFO - Processing /opt/airflow/dags/exemplos/example_distributed_2.py took 0.441 seconds
[2026-07-04T07:37:03.389+0000] {processor.py:186} INFO - Started process (PID=466) to work on /opt/airflow/dags/exemplos/example_distributed_2.py
[2026-07-04T07:37:03.502+0000] {processor.py:914} INFO - Processing file /opt/airflow/dags/exemplos/example_distributed_2.py for tasks to queue
[2026-07-04T07:37:03.504+0000] {logging_mixin.py:190} INFO - [2026-07-04T07:37:03.503+0000] {dagbag.py:588} INFO - Filling up the DagBag from /opt/airflow/dags/exemplos/example_distributed_2.py
[2026-07-04T07:37:19.893+0000] {processor.py:925} INFO - DAG(s) 'example_distributed_celery_fixed_sleep' retrieved from /opt/airflow/dags/exemplos/example_distributed_2.py
[2026-07-04T07:52:19.462+0000] {processor.py:186} INFO - Started process (PID=58) to work on /opt/airflow/dags/exemplos/example_distributed_2.py
[2026-07-04T07:52:19.497+0000] {processor.py:914} INFO - Processing file /opt/airflow/dags/exemplos/example_distributed_2.py for tasks to queue
[2026-07-04T07:52:19.506+0000] {logging_mixin.py:190} INFO - [2026-07-04T07:52:19.506+0000] {dagbag.py:588} INFO - Filling up the DagBag from /opt/airflow/dags/exemplos/example_distributed_2.py
[2026-07-04T07:52:19.558+0000] {processor.py:925} INFO - DAG(s) 'example_distributed_celery_fixed_sleep' retrieved from /opt/airflow/dags/exemplos/example_distributed_2.py
[2026-07-04T07:52:19.899+0000] {logging_mixin.py:190} INFO - [2026-07-04T07:52:19.898+0000] {dag.py:3239} INFO - Sync 1 DAGs
[2026-07-04T07:52:20.044+0000] {logging_mixin.py:190} INFO - [2026-07-04T07:52:20.044+0000] {dag.py:4180} INFO - Setting next_dagrun for example_distributed_celery_fixed_sleep to None, run_after=None
[2026-07-04T07:52:20.096+0000] {processor.py:208} INFO - Processing /opt/airflow/dags/exemplos/example_distributed_2.py took 0.700 seconds
[2026-07-04T07:52:50.506+0000] {processor.py:186} INFO - Started process (PID=68) to work on /opt/airflow/dags/exemplos/example_distributed_2.py
[2026-07-04T07:52:50.551+0000] {processor.py:914} INFO - Processing file /opt/airflow/dags/exemplos/example_distributed_2.py for tasks to queue
[2026-07-04T07:52:50.623+0000] {logging_mixin.py:190} INFO - [2026-07-04T07:52:50.622+0000] {dagbag.py:588} INFO - Filling up the DagBag from /opt/airflow/dags/exemplos/example_distributed_2.py
[2026-07-04T07:52:50.770+0000] {processor.py:925} INFO - DAG(s) 'example_distributed_celery_fixed_sleep' retrieved from /opt/airflow/dags/exemplos/example_distributed_2.py
[2026-07-04T07:52:51.753+0000] {logging_mixin.py:190} INFO - [2026-07-04T07:52:51.753+0000] {dag.py:3239} INFO - Sync 1 DAGs
[2026-07-04T07:52:52.355+0000] {logging_mixin.py:190} INFO - [2026-07-04T07:52:52.354+0000] {dag.py:4180} INFO - Setting next_dagrun for example_distributed_celery_fixed_sleep to None, run_after=None
[2026-07-04T07:52:52.726+0000] {processor.py:208} INFO - Processing /opt/airflow/dags/exemplos/example_distributed_2.py took 2.381 seconds
[2026-07-04T07:53:23.054+0000] {processor.py:186} INFO - Started process (PID=78) to work on /opt/airflow/dags/exemplos/example_distributed_2.py
[2026-07-04T07:53:23.071+0000] {processor.py:914} INFO - Processing file /opt/airflow/dags/exemplos/example_distributed_2.py for tasks to queue
[2026-07-04T07:53:23.075+0000] {logging_mixin.py:190} INFO - [2026-07-04T07:53:23.074+0000] {dagbag.py:588} INFO - Filling up the DagBag from /opt/airflow/dags/exemplos/example_distributed_2.py
[2026-07-04T07:53:23.130+0000] {processor.py:925} INFO - DAG(s) 'example_distributed_celery_fixed_sleep' retrieved from /opt/airflow/dags/exemplos/example_distributed_2.py
[2026-07-04T07:53:23.245+0000] {logging_mixin.py:190} INFO - [2026-07-04T07:53:23.244+0000] {dag.py:3239} INFO - Sync 1 DAGs
[2026-07-04T07:53:23.316+0000] {logging_mixin.py:190} INFO - [2026-07-04T07:53:23.316+0000] {dag.py:4180} INFO - Setting next_dagrun for example_distributed_celery_fixed_sleep to None, run_after=None
[2026-07-04T07:53:23.358+0000] {processor.py:208} INFO - Processing /opt/airflow/dags/exemplos/example_distributed_2.py took 0.312 seconds
[2026-07-04T07:53:57.479+0000] {processor.py:186} INFO - Started process (PID=88) to work on /opt/airflow/dags/exemplos/example_distributed_2.py
[2026-07-04T07:53:58.190+0000] {processor.py:914} INFO - Processing file /opt/airflow/dags/exemplos/example_distributed_2.py for tasks to queue
[2026-07-04T07:54:02.563+0000] {logging_mixin.py:190} INFO - [2026-07-04T07:54:02.370+0000] {dagbag.py:588} INFO - Filling up the DagBag from /opt/airflow/dags/exemplos/example_distributed_2.py
[2026-07-04T07:54:42.081+0000] {logging_mixin.py:190} INFO - [2026-07-04T07:54:40.173+0000] {timeout.py:68} ERROR - Process timed out, PID: 88
[2026-07-04T08:19:40.400+0000] {processor.py:186} INFO - Started process (PID=74) to work on /opt/airflow/dags/exemplos/example_distributed_2.py
[2026-07-04T08:19:40.490+0000] {processor.py:914} INFO - Processing file /opt/airflow/dags/exemplos/example_distributed_2.py for tasks to queue
[2026-07-04T08:19:40.494+0000] {logging_mixin.py:190} INFO - [2026-07-04T08:19:40.493+0000] {dagbag.py:588} INFO - Filling up the DagBag from /opt/airflow/dags/exemplos/example_distributed_2.py
[2026-07-04T08:19:40.512+0000] {processor.py:925} INFO - DAG(s) 'example_distributed_celery_fixed_sleep' retrieved from /opt/airflow/dags/exemplos/example_distributed_2.py
[2026-07-04T08:19:40.800+0000] {logging_mixin.py:190} INFO - [2026-07-04T08:19:40.800+0000] {dag.py:3239} INFO - Sync 1 DAGs
[2026-07-04T08:19:41.060+0000] {logging_mixin.py:190} INFO - [2026-07-04T08:19:41.060+0000] {dag.py:4180} INFO - Setting next_dagrun for example_distributed_celery_fixed_sleep to None, run_after=None
[2026-07-04T08:19:41.131+0000] {processor.py:208} INFO - Processing /opt/airflow/dags/exemplos/example_distributed_2.py took 0.740 seconds
[2026-07-04T08:20:11.847+0000] {processor.py:186} INFO - Started process (PID=84) to work on /opt/airflow/dags/exemplos/example_distributed_2.py
[2026-07-04T08:20:11.892+0000] {processor.py:914} INFO - Processing file /opt/airflow/dags/exemplos/example_distributed_2.py for tasks to queue
[2026-07-04T08:20:11.921+0000] {logging_mixin.py:190} INFO - [2026-07-04T08:20:11.920+0000] {dagbag.py:588} INFO - Filling up the DagBag from /opt/airflow/dags/exemplos/example_distributed_2.py
[2026-07-04T08:20:11.958+0000] {processor.py:925} INFO - DAG(s) 'example_distributed_celery_fixed_sleep' retrieved from /opt/airflow/dags/exemplos/example_distributed_2.py
[2026-07-04T08:20:12.525+0000] {logging_mixin.py:190} INFO - [2026-07-04T08:20:12.524+0000] {dag.py:3239} INFO - Sync 1 DAGs
[2026-07-04T08:20:20.228+0000] {logging_mixin.py:190} INFO - [2026-07-04T08:20:20.227+0000] {dag.py:4180} INFO - Setting next_dagrun for example_distributed_celery_fixed_sleep to None, run_after=None
[2026-07-04T08:20:27.534+0000] {processor.py:208} INFO - Processing /opt/airflow/dags/exemplos/example_distributed_2.py took 15.699 seconds
[2026-07-04T08:20:58.453+0000] {processor.py:186} INFO - Started process (PID=94) to work on /opt/airflow/dags/exemplos/example_distributed_2.py
[2026-07-04T08:20:58.454+0000] {processor.py:914} INFO - Processing file /opt/airflow/dags/exemplos/example_distributed_2.py for tasks to queue
[2026-07-04T08:20:58.461+0000] {logging_mixin.py:190} INFO - [2026-07-04T08:20:58.460+0000] {dagbag.py:588} INFO - Filling up the DagBag from /opt/airflow/dags/exemplos/example_distributed_2.py
[2026-07-04T08:20:59.064+0000] {processor.py:925} INFO - DAG(s) 'example_distributed_celery_fixed_sleep' retrieved from /opt/airflow/dags/exemplos/example_distributed_2.py
[2026-07-04T08:21:00.782+0000] {logging_mixin.py:190} INFO - [2026-07-04T08:21:00.782+0000] {dag.py:3239} INFO - Sync 1 DAGs
[2026-07-04T08:21:00.992+0000] {logging_mixin.py:190} INFO - [2026-07-04T08:21:00.991+0000] {dag.py:4180} INFO - Setting next_dagrun for example_distributed_celery_fixed_sleep to None, run_after=None
[2026-07-04T08:21:01.262+0000] {processor.py:208} INFO - Processing /opt/airflow/dags/exemplos/example_distributed_2.py took 2.819 seconds
[2026-07-04T08:21:32.312+0000] {processor.py:186} INFO - Started process (PID=102) to work on /opt/airflow/dags/exemplos/example_distributed_2.py
[2026-07-04T08:21:32.436+0000] {processor.py:914} INFO - Processing file /opt/airflow/dags/exemplos/example_distributed_2.py for tasks to queue
[2026-07-04T08:21:32.441+0000] {logging_mixin.py:190} INFO - [2026-07-04T08:21:32.439+0000] {dagbag.py:588} INFO - Filling up the DagBag from /opt/airflow/dags/exemplos/example_distributed_2.py
[2026-07-04T08:21:33.075+0000] {processor.py:925} INFO - DAG(s) 'example_distributed_celery_fixed_sleep' retrieved from /opt/airflow/dags/exemplos/example_distributed_2.py
[2026-07-04T08:21:34.754+0000] {logging_mixin.py:190} INFO - [2026-07-04T08:21:34.754+0000] {dag.py:3239} INFO - Sync 1 DAGs
[2026-07-04T08:21:35.830+0000] {logging_mixin.py:190} INFO - [2026-07-04T08:21:35.829+0000] {dag.py:4180} INFO - Setting next_dagrun for example_distributed_celery_fixed_sleep to None, run_after=None
[2026-07-04T08:21:37.645+0000] {processor.py:208} INFO - Processing /opt/airflow/dags/exemplos/example_distributed_2.py took 5.495 seconds
[2026-07-04T08:22:08.513+0000] {processor.py:186} INFO - Started process (PID=113) to work on /opt/airflow/dags/exemplos/example_distributed_2.py
[2026-07-04T08:22:08.548+0000] {processor.py:914} INFO - Processing file /opt/airflow/dags/exemplos/example_distributed_2.py for tasks to queue
[2026-07-04T08:22:08.655+0000] {logging_mixin.py:190} INFO - [2026-07-04T08:22:08.637+0000] {dagbag.py:588} INFO - Filling up the DagBag from /opt/airflow/dags/exemplos/example_distributed_2.py
[2026-07-04T08:22:08.675+0000] {processor.py:925} INFO - DAG(s) 'example_distributed_celery_fixed_sleep' retrieved from /opt/airflow/dags/exemplos/example_distributed_2.py
[2026-07-04T08:22:08.998+0000] {logging_mixin.py:190} INFO - [2026-07-04T08:22:08.998+0000] {dag.py:3239} INFO - Sync 1 DAGs
[2026-07-04T08:22:09.445+0000] {logging_mixin.py:190} INFO - [2026-07-04T08:22:09.445+0000] {dag.py:4180} INFO - Setting next_dagrun for example_distributed_celery_fixed_sleep to None, run_after=None
[2026-07-04T08:22:10.065+0000] {processor.py:208} INFO - Processing /opt/airflow/dags/exemplos/example_distributed_2.py took 1.558 seconds
[2026-07-04T08:22:40.337+0000] {processor.py:186} INFO - Started process (PID=122) to work on /opt/airflow/dags/exemplos/example_distributed_2.py
[2026-07-04T08:22:40.340+0000] {processor.py:914} INFO - Processing file /opt/airflow/dags/exemplos/example_distributed_2.py for tasks to queue
[2026-07-04T08:22:40.343+0000] {logging_mixin.py:190} INFO - [2026-07-04T08:22:40.342+0000] {dagbag.py:588} INFO - Filling up the DagBag from /opt/airflow/dags/exemplos/example_distributed_2.py
[2026-07-04T08:22:40.356+0000] {processor.py:925} INFO - DAG(s) 'example_distributed_celery_fixed_sleep' retrieved from /opt/airflow/dags/exemplos/example_distributed_2.py
[2026-07-04T08:22:40.403+0000] {logging_mixin.py:190} INFO - [2026-07-04T08:22:40.403+0000] {dag.py:3239} INFO - Sync 1 DAGs
[2026-07-04T08:22:40.430+0000] {logging_mixin.py:190} INFO - [2026-07-04T08:22:40.429+0000] {dag.py:4180} INFO - Setting next_dagrun for example_distributed_celery_fixed_sleep to None, run_after=None
[2026-07-04T08:22:40.509+0000] {processor.py:208} INFO - Processing /opt/airflow/dags/exemplos/example_distributed_2.py took 0.182 seconds
[2026-07-04T08:23:11.120+0000] {processor.py:186} INFO - Started process (PID=126) to work on /opt/airflow/dags/exemplos/example_distributed_2.py
[2026-07-04T08:23:11.669+0000] {processor.py:914} INFO - Processing file /opt/airflow/dags/exemplos/example_distributed_2.py for tasks to queue
[2026-07-04T08:23:11.674+0000] {logging_mixin.py:190} INFO - [2026-07-04T08:23:11.674+0000] {dagbag.py:588} INFO - Filling up the DagBag from /opt/airflow/dags/exemplos/example_distributed_2.py
[2026-07-04T08:23:11.695+0000] {processor.py:925} INFO - DAG(s) 'example_distributed_celery_fixed_sleep' retrieved from /opt/airflow/dags/exemplos/example_distributed_2.py
[2026-07-04T08:23:11.753+0000] {logging_mixin.py:190} INFO - [2026-07-04T08:23:11.753+0000] {dag.py:3239} INFO - Sync 1 DAGs
[2026-07-04T08:23:11.780+0000] {logging_mixin.py:190} INFO - [2026-07-04T08:23:11.780+0000] {dag.py:4180} INFO - Setting next_dagrun for example_distributed_celery_fixed_sleep to None, run_after=None
[2026-07-04T08:23:12.339+0000] {processor.py:208} INFO - Processing /opt/airflow/dags/exemplos/example_distributed_2.py took 1.226 seconds
[2026-07-04T08:23:42.519+0000] {processor.py:186} INFO - Started process (PID=137) to work on /opt/airflow/dags/exemplos/example_distributed_2.py
[2026-07-04T08:23:42.520+0000] {processor.py:914} INFO - Processing file /opt/airflow/dags/exemplos/example_distributed_2.py for tasks to queue
[2026-07-04T08:23:42.523+0000] {logging_mixin.py:190} INFO - [2026-07-04T08:23:42.523+0000] {dagbag.py:588} INFO - Filling up the DagBag from /opt/airflow/dags/exemplos/example_distributed_2.py
[2026-07-04T08:23:42.541+0000] {processor.py:925} INFO - DAG(s) 'example_distributed_celery_fixed_sleep' retrieved from /opt/airflow/dags/exemplos/example_distributed_2.py
[2026-07-04T08:23:42.592+0000] {logging_mixin.py:190} INFO - [2026-07-04T08:23:42.592+0000] {dag.py:3239} INFO - Sync 1 DAGs
[2026-07-04T08:23:42.817+0000] {logging_mixin.py:190} INFO - [2026-07-04T08:23:42.816+0000] {dag.py:4180} INFO - Setting next_dagrun for example_distributed_celery_fixed_sleep to None, run_after=None
[2026-07-04T08:23:43.220+0000] {processor.py:208} INFO - Processing /opt/airflow/dags/exemplos/example_distributed_2.py took 0.711 seconds
[2026-07-04T08:24:13.591+0000] {processor.py:186} INFO - Started process (PID=148) to work on /opt/airflow/dags/exemplos/example_distributed_2.py
[2026-07-04T08:24:13.595+0000] {processor.py:914} INFO - Processing file /opt/airflow/dags/exemplos/example_distributed_2.py for tasks to queue
[2026-07-04T08:24:13.601+0000] {logging_mixin.py:190} INFO - [2026-07-04T08:24:13.601+0000] {dagbag.py:588} INFO - Filling up the DagBag from /opt/airflow/dags/exemplos/example_distributed_2.py
[2026-07-04T08:24:13.612+0000] {processor.py:925} INFO - DAG(s) 'example_distributed_celery_fixed_sleep' retrieved from /opt/airflow/dags/exemplos/example_distributed_2.py
[2026-07-04T08:24:13.649+0000] {logging_mixin.py:190} INFO - [2026-07-04T08:24:13.649+0000] {dag.py:3239} INFO - Sync 1 DAGs
[2026-07-04T08:24:13.664+0000] {logging_mixin.py:190} INFO - [2026-07-04T08:24:13.664+0000] {dag.py:4180} INFO - Setting next_dagrun for example_distributed_celery_fixed_sleep to None, run_after=None
[2026-07-04T08:24:13.699+0000] {processor.py:208} INFO - Processing /opt/airflow/dags/exemplos/example_distributed_2.py took 0.119 seconds
[2026-07-04T08:24:44.134+0000] {processor.py:186} INFO - Started process (PID=159) to work on /opt/airflow/dags/exemplos/example_distributed_2.py
[2026-07-04T08:24:44.136+0000] {processor.py:914} INFO - Processing file /opt/airflow/dags/exemplos/example_distributed_2.py for tasks to queue
[2026-07-04T08:24:44.139+0000] {logging_mixin.py:190} INFO - [2026-07-04T08:24:44.139+0000] {dagbag.py:588} INFO - Filling up the DagBag from /opt/airflow/dags/exemplos/example_distributed_2.py
[2026-07-04T08:24:44.152+0000] {processor.py:925} INFO - DAG(s) 'example_distributed_celery_fixed_sleep' retrieved from /opt/airflow/dags/exemplos/example_distributed_2.py
[2026-07-04T08:24:44.202+0000] {logging_mixin.py:190} INFO - [2026-07-04T08:24:44.202+0000] {dag.py:3239} INFO - Sync 1 DAGs
[2026-07-04T08:24:44.226+0000] {logging_mixin.py:190} INFO - [2026-07-04T08:24:44.226+0000] {dag.py:4180} INFO - Setting next_dagrun for example_distributed_celery_fixed_sleep to None, run_after=None
[2026-07-04T08:24:44.248+0000] {processor.py:208} INFO - Processing /opt/airflow/dags/exemplos/example_distributed_2.py took 0.124 seconds
[2026-07-04T08:25:14.735+0000] {processor.py:186} INFO - Started process (PID=170) to work on /opt/airflow/dags/exemplos/example_distributed_2.py
[2026-07-04T08:25:14.738+0000] {processor.py:914} INFO - Processing file /opt/airflow/dags/exemplos/example_distributed_2.py for tasks to queue
[2026-07-04T08:25:14.741+0000] {logging_mixin.py:190} INFO - [2026-07-04T08:25:14.741+0000] {dagbag.py:588} INFO - Filling up the DagBag from /opt/airflow/dags/exemplos/example_distributed_2.py
[2026-07-04T08:25:14.756+0000] {processor.py:925} INFO - DAG(s) 'example_distributed_celery_fixed_sleep' retrieved from /opt/airflow/dags/exemplos/example_distributed_2.py
[2026-07-04T08:25:14.790+0000] {logging_mixin.py:190} INFO - [2026-07-04T08:25:14.790+0000] {dag.py:3239} INFO - Sync 1 DAGs
[2026-07-04T08:25:14.817+0000] {logging_mixin.py:190} INFO - [2026-07-04T08:25:14.817+0000] {dag.py:4180} INFO - Setting next_dagrun for example_distributed_celery_fixed_sleep to None, run_after=None
[2026-07-04T08:25:15.065+0000] {processor.py:208} INFO - Processing /opt/airflow/dags/exemplos/example_distributed_2.py took 0.342 seconds
[2026-07-04T08:25:45.393+0000] {processor.py:186} INFO - Started process (PID=182) to work on /opt/airflow/dags/exemplos/example_distributed_2.py
[2026-07-04T08:25:45.395+0000] {processor.py:914} INFO - Processing file /opt/airflow/dags/exemplos/example_distributed_2.py for tasks to queue
[2026-07-04T08:25:45.398+0000] {logging_mixin.py:190} INFO - [2026-07-04T08:25:45.398+0000] {dagbag.py:588} INFO - Filling up the DagBag from /opt/airflow/dags/exemplos/example_distributed_2.py
[2026-07-04T08:25:45.419+0000] {processor.py:925} INFO - DAG(s) 'example_distributed_celery_fixed_sleep' retrieved from /opt/airflow/dags/exemplos/example_distributed_2.py
[2026-07-04T08:25:45.597+0000] {logging_mixin.py:190} INFO - [2026-07-04T08:25:45.596+0000] {dag.py:3239} INFO - Sync 1 DAGs
[2026-07-04T08:25:45.865+0000] {logging_mixin.py:190} INFO - [2026-07-04T08:25:45.865+0000] {dag.py:4180} INFO - Setting next_dagrun for example_distributed_celery_fixed_sleep to None, run_after=None
[2026-07-04T08:25:45.913+0000] {processor.py:208} INFO - Processing /opt/airflow/dags/exemplos/example_distributed_2.py took 0.527 seconds
[2026-07-04T08:26:16.505+0000] {processor.py:186} INFO - Started process (PID=193) to work on /opt/airflow/dags/exemplos/example_distributed_2.py
[2026-07-04T08:26:16.559+0000] {processor.py:914} INFO - Processing file /opt/airflow/dags/exemplos/example_distributed_2.py for tasks to queue
[2026-07-04T08:26:16.562+0000] {logging_mixin.py:190} INFO - [2026-07-04T08:26:16.562+0000] {dagbag.py:588} INFO - Filling up the DagBag from /opt/airflow/dags/exemplos/example_distributed_2.py
[2026-07-04T08:26:16.788+0000] {processor.py:925} INFO - DAG(s) 'example_distributed_celery_fixed_sleep' retrieved from /opt/airflow/dags/exemplos/example_distributed_2.py
[2026-07-04T08:26:16.846+0000] {logging_mixin.py:190} INFO - [2026-07-04T08:26:16.846+0000] {dag.py:3239} INFO - Sync 1 DAGs
[2026-07-04T08:26:16.868+0000] {logging_mixin.py:190} INFO - [2026-07-04T08:26:16.868+0000] {dag.py:4180} INFO - Setting next_dagrun for example_distributed_celery_fixed_sleep to None, run_after=None
[2026-07-04T08:26:16.920+0000] {processor.py:208} INFO - Processing /opt/airflow/dags/exemplos/example_distributed_2.py took 0.420 seconds
[2026-07-04T08:26:47.527+0000] {processor.py:186} INFO - Started process (PID=205) to work on /opt/airflow/dags/exemplos/example_distributed_2.py
[2026-07-04T08:26:47.529+0000] {processor.py:914} INFO - Processing file /opt/airflow/dags/exemplos/example_distributed_2.py for tasks to queue
[2026-07-04T08:26:47.533+0000] {logging_mixin.py:190} INFO - [2026-07-04T08:26:47.532+0000] {dagbag.py:588} INFO - Filling up the DagBag from /opt/airflow/dags/exemplos/example_distributed_2.py
[2026-07-04T08:26:47.547+0000] {processor.py:925} INFO - DAG(s) 'example_distributed_celery_fixed_sleep' retrieved from /opt/airflow/dags/exemplos/example_distributed_2.py
[2026-07-04T08:26:47.594+0000] {logging_mixin.py:190} INFO - [2026-07-04T08:26:47.594+0000] {dag.py:3239} INFO - Sync 1 DAGs
[2026-07-04T08:26:47.615+0000] {logging_mixin.py:190} INFO - [2026-07-04T08:26:47.615+0000] {dag.py:4180} INFO - Setting next_dagrun for example_distributed_celery_fixed_sleep to None, run_after=None
[2026-07-04T08:26:47.677+0000] {processor.py:208} INFO - Processing /opt/airflow/dags/exemplos/example_distributed_2.py took 0.171 seconds
[2026-07-04T08:27:18.061+0000] {processor.py:186} INFO - Started process (PID=215) to work on /opt/airflow/dags/exemplos/example_distributed_2.py
[2026-07-04T08:27:18.079+0000] {processor.py:914} INFO - Processing file /opt/airflow/dags/exemplos/example_distributed_2.py for tasks to queue
[2026-07-04T08:27:18.082+0000] {logging_mixin.py:190} INFO - [2026-07-04T08:27:18.082+0000] {dagbag.py:588} INFO - Filling up the DagBag from /opt/airflow/dags/exemplos/example_distributed_2.py
[2026-07-04T08:27:18.097+0000] {processor.py:925} INFO - DAG(s) 'example_distributed_celery_fixed_sleep' retrieved from /opt/airflow/dags/exemplos/example_distributed_2.py
[2026-07-04T08:27:18.249+0000] {logging_mixin.py:190} INFO - [2026-07-04T08:27:18.249+0000] {dag.py:3239} INFO - Sync 1 DAGs
[2026-07-04T08:27:18.269+0000] {logging_mixin.py:190} INFO - [2026-07-04T08:27:18.268+0000] {dag.py:4180} INFO - Setting next_dagrun for example_distributed_celery_fixed_sleep to None, run_after=None
[2026-07-04T08:27:18.312+0000] {processor.py:208} INFO - Processing /opt/airflow/dags/exemplos/example_distributed_2.py took 0.259 seconds
[2026-07-04T08:27:48.853+0000] {processor.py:186} INFO - Started process (PID=220) to work on /opt/airflow/dags/exemplos/example_distributed_2.py
[2026-07-04T08:27:48.856+0000] {processor.py:914} INFO - Processing file /opt/airflow/dags/exemplos/example_distributed_2.py for tasks to queue
[2026-07-04T08:27:48.859+0000] {logging_mixin.py:190} INFO - [2026-07-04T08:27:48.858+0000] {dagbag.py:588} INFO - Filling up the DagBag from /opt/airflow/dags/exemplos/example_distributed_2.py
[2026-07-04T08:27:48.878+0000] {processor.py:925} INFO - DAG(s) 'example_distributed_celery_fixed_sleep' retrieved from /opt/airflow/dags/exemplos/example_distributed_2.py
[2026-07-04T08:27:48.924+0000] {logging_mixin.py:190} INFO - [2026-07-04T08:27:48.923+0000] {dag.py:3239} INFO - Sync 1 DAGs
[2026-07-04T08:27:48.954+0000] {logging_mixin.py:190} INFO - [2026-07-04T08:27:48.953+0000] {dag.py:4180} INFO - Setting next_dagrun for example_distributed_celery_fixed_sleep to None, run_after=None
[2026-07-04T08:27:49.004+0000] {processor.py:208} INFO - Processing /opt/airflow/dags/exemplos/example_distributed_2.py took 0.163 seconds
[2026-07-04T08:28:19.555+0000] {processor.py:186} INFO - Started process (PID=231) to work on /opt/airflow/dags/exemplos/example_distributed_2.py
[2026-07-04T08:28:19.576+0000] {processor.py:914} INFO - Processing file /opt/airflow/dags/exemplos/example_distributed_2.py for tasks to queue
[2026-07-04T08:28:19.586+0000] {logging_mixin.py:190} INFO - [2026-07-04T08:28:19.585+0000] {dagbag.py:588} INFO - Filling up the DagBag from /opt/airflow/dags/exemplos/example_distributed_2.py
[2026-07-04T08:28:19.603+0000] {processor.py:925} INFO - DAG(s) 'example_distributed_celery_fixed_sleep' retrieved from /opt/airflow/dags/exemplos/example_distributed_2.py
[2026-07-04T08:28:19.674+0000] {logging_mixin.py:190} INFO - [2026-07-04T08:28:19.674+0000] {dag.py:3239} INFO - Sync 1 DAGs
[2026-07-04T08:28:19.694+0000] {logging_mixin.py:190} INFO - [2026-07-04T08:28:19.694+0000] {dag.py:4180} INFO - Setting next_dagrun for example_distributed_celery_fixed_sleep to None, run_after=None
[2026-07-04T08:28:20.095+0000] {processor.py:208} INFO - Processing /opt/airflow/dags/exemplos/example_distributed_2.py took 0.549 seconds
[2026-07-04T08:28:50.326+0000] {processor.py:186} INFO - Started process (PID=243) to work on /opt/airflow/dags/exemplos/example_distributed_2.py
[2026-07-04T08:28:50.328+0000] {processor.py:914} INFO - Processing file /opt/airflow/dags/exemplos/example_distributed_2.py for tasks to queue
[2026-07-04T08:28:50.331+0000] {logging_mixin.py:190} INFO - [2026-07-04T08:28:50.331+0000] {dagbag.py:588} INFO - Filling up the DagBag from /opt/airflow/dags/exemplos/example_distributed_2.py
[2026-07-04T08:28:50.364+0000] {processor.py:925} INFO - DAG(s) 'example_distributed_celery_fixed_sleep' retrieved from /opt/airflow/dags/exemplos/example_distributed_2.py
[2026-07-04T08:28:50.425+0000] {logging_mixin.py:190} INFO - [2026-07-04T08:28:50.425+0000] {dag.py:3239} INFO - Sync 1 DAGs
[2026-07-04T08:28:50.450+0000] {logging_mixin.py:190} INFO - [2026-07-04T08:28:50.449+0000] {dag.py:4180} INFO - Setting next_dagrun for example_distributed_celery_fixed_sleep to None, run_after=None
[2026-07-04T08:28:51.195+0000] {processor.py:208} INFO - Processing /opt/airflow/dags/exemplos/example_distributed_2.py took 0.894 seconds
[2026-07-04T08:29:21.807+0000] {processor.py:186} INFO - Started process (PID=254) to work on /opt/airflow/dags/exemplos/example_distributed_2.py
[2026-07-04T08:29:21.846+0000] {processor.py:914} INFO - Processing file /opt/airflow/dags/exemplos/example_distributed_2.py for tasks to queue
[2026-07-04T08:29:21.850+0000] {logging_mixin.py:190} INFO - [2026-07-04T08:29:21.849+0000] {dagbag.py:588} INFO - Filling up the DagBag from /opt/airflow/dags/exemplos/example_distributed_2.py
[2026-07-04T08:29:21.866+0000] {processor.py:925} INFO - DAG(s) 'example_distributed_celery_fixed_sleep' retrieved from /opt/airflow/dags/exemplos/example_distributed_2.py
[2026-07-04T08:29:21.977+0000] {logging_mixin.py:190} INFO - [2026-07-04T08:29:21.976+0000] {dag.py:3239} INFO - Sync 1 DAGs
[2026-07-04T08:29:22.005+0000] {logging_mixin.py:190} INFO - [2026-07-04T08:29:22.005+0000] {dag.py:4180} INFO - Setting next_dagrun for example_distributed_celery_fixed_sleep to None, run_after=None
[2026-07-04T08:29:22.669+0000] {processor.py:208} INFO - Processing /opt/airflow/dags/exemplos/example_distributed_2.py took 0.869 seconds
[2026-07-04T08:29:53.299+0000] {processor.py:186} INFO - Started process (PID=264) to work on /opt/airflow/dags/exemplos/example_distributed_2.py
[2026-07-04T08:29:53.332+0000] {processor.py:914} INFO - Processing file /opt/airflow/dags/exemplos/example_distributed_2.py for tasks to queue
[2026-07-04T08:29:53.337+0000] {logging_mixin.py:190} INFO - [2026-07-04T08:29:53.337+0000] {dagbag.py:588} INFO - Filling up the DagBag from /opt/airflow/dags/exemplos/example_distributed_2.py
[2026-07-04T08:29:53.362+0000] {processor.py:925} INFO - DAG(s) 'example_distributed_celery_fixed_sleep' retrieved from /opt/airflow/dags/exemplos/example_distributed_2.py
[2026-07-04T08:29:53.444+0000] {logging_mixin.py:190} INFO - [2026-07-04T08:29:53.443+0000] {dag.py:3239} INFO - Sync 1 DAGs
[2026-07-04T08:29:53.461+0000] {logging_mixin.py:190} INFO - [2026-07-04T08:29:53.461+0000] {dag.py:4180} INFO - Setting next_dagrun for example_distributed_celery_fixed_sleep to None, run_after=None
[2026-07-04T08:29:53.499+0000] {processor.py:208} INFO - Processing /opt/airflow/dags/exemplos/example_distributed_2.py took 0.214 seconds
[2026-07-04T08:30:23.858+0000] {processor.py:186} INFO - Started process (PID=276) to work on /opt/airflow/dags/exemplos/example_distributed_2.py
[2026-07-04T08:30:23.861+0000] {processor.py:914} INFO - Processing file /opt/airflow/dags/exemplos/example_distributed_2.py for tasks to queue
[2026-07-04T08:30:23.872+0000] {logging_mixin.py:190} INFO - [2026-07-04T08:30:23.872+0000] {dagbag.py:588} INFO - Filling up the DagBag from /opt/airflow/dags/exemplos/example_distributed_2.py
[2026-07-04T08:30:23.909+0000] {processor.py:925} INFO - DAG(s) 'example_distributed_celery_fixed_sleep' retrieved from /opt/airflow/dags/exemplos/example_distributed_2.py
[2026-07-04T08:30:24.013+0000] {logging_mixin.py:190} INFO - [2026-07-04T08:30:24.013+0000] {dag.py:3239} INFO - Sync 1 DAGs
[2026-07-04T08:30:24.071+0000] {logging_mixin.py:190} INFO - [2026-07-04T08:30:24.064+0000] {dag.py:4180} INFO - Setting next_dagrun for example_distributed_celery_fixed_sleep to None, run_after=None
[2026-07-04T08:30:24.318+0000] {processor.py:208} INFO - Processing /opt/airflow/dags/exemplos/example_distributed_2.py took 0.487 seconds
[2026-07-04T08:30:54.413+0000] {processor.py:186} INFO - Started process (PID=288) to work on /opt/airflow/dags/exemplos/example_distributed_2.py
[2026-07-04T08:30:54.441+0000] {processor.py:914} INFO - Processing file /opt/airflow/dags/exemplos/example_distributed_2.py for tasks to queue
[2026-07-04T08:30:54.445+0000] {logging_mixin.py:190} INFO - [2026-07-04T08:30:54.444+0000] {dagbag.py:588} INFO - Filling up the DagBag from /opt/airflow/dags/exemplos/example_distributed_2.py
[2026-07-04T08:30:54.455+0000] {processor.py:925} INFO - DAG(s) 'example_distributed_celery_fixed_sleep' retrieved from /opt/airflow/dags/exemplos/example_distributed_2.py
[2026-07-04T08:30:54.507+0000] {logging_mixin.py:190} INFO - [2026-07-04T08:30:54.507+0000] {dag.py:3239} INFO - Sync 1 DAGs
[2026-07-04T08:30:54.531+0000] {logging_mixin.py:190} INFO - [2026-07-04T08:30:54.531+0000] {dag.py:4180} INFO - Setting next_dagrun for example_distributed_celery_fixed_sleep to None, run_after=None
[2026-07-04T08:30:54.566+0000] {processor.py:208} INFO - Processing /opt/airflow/dags/exemplos/example_distributed_2.py took 0.160 seconds
[2026-07-04T08:31:24.920+0000] {processor.py:186} INFO - Started process (PID=297) to work on /opt/airflow/dags/exemplos/example_distributed_2.py
[2026-07-04T08:31:24.922+0000] {processor.py:914} INFO - Processing file /opt/airflow/dags/exemplos/example_distributed_2.py for tasks to queue
[2026-07-04T08:31:24.930+0000] {logging_mixin.py:190} INFO - [2026-07-04T08:31:24.929+0000] {dagbag.py:588} INFO - Filling up the DagBag from /opt/airflow/dags/exemplos/example_distributed_2.py
[2026-07-04T08:31:24.958+0000] {processor.py:925} INFO - DAG(s) 'example_distributed_celery_fixed_sleep' retrieved from /opt/airflow/dags/exemplos/example_distributed_2.py
[2026-07-04T08:31:25.115+0000] {logging_mixin.py:190} INFO - [2026-07-04T08:31:25.114+0000] {dag.py:3239} INFO - Sync 1 DAGs
[2026-07-04T08:31:25.158+0000] {logging_mixin.py:190} INFO - [2026-07-04T08:31:25.158+0000] {dag.py:4180} INFO - Setting next_dagrun for example_distributed_celery_fixed_sleep to None, run_after=None
[2026-07-04T08:31:25.257+0000] {processor.py:208} INFO - Processing /opt/airflow/dags/exemplos/example_distributed_2.py took 0.364 seconds
[2026-07-04T08:31:55.324+0000] {processor.py:186} INFO - Started process (PID=301) to work on /opt/airflow/dags/exemplos/example_distributed_2.py
[2026-07-04T08:31:55.327+0000] {processor.py:914} INFO - Processing file /opt/airflow/dags/exemplos/example_distributed_2.py for tasks to queue
[2026-07-04T08:31:55.331+0000] {logging_mixin.py:190} INFO - [2026-07-04T08:31:55.331+0000] {dagbag.py:588} INFO - Filling up the DagBag from /opt/airflow/dags/exemplos/example_distributed_2.py
[2026-07-04T08:31:55.353+0000] {processor.py:925} INFO - DAG(s) 'example_distributed_celery_fixed_sleep' retrieved from /opt/airflow/dags/exemplos/example_distributed_2.py
[2026-07-04T08:31:55.417+0000] {logging_mixin.py:190} INFO - [2026-07-04T08:31:55.416+0000] {dag.py:3239} INFO - Sync 1 DAGs
[2026-07-04T08:31:55.442+0000] {logging_mixin.py:190} INFO - [2026-07-04T08:31:55.442+0000] {dag.py:4180} INFO - Setting next_dagrun for example_distributed_celery_fixed_sleep to None, run_after=None
[2026-07-04T08:31:55.494+0000] {processor.py:208} INFO - Processing /opt/airflow/dags/exemplos/example_distributed_2.py took 0.186 seconds
[2026-07-04T08:37:41.852+0000] {processor.py:186} INFO - Started process (PID=67) to work on /opt/airflow/dags/exemplos/example_distributed_2.py
[2026-07-04T08:37:41.915+0000] {processor.py:914} INFO - Processing file /opt/airflow/dags/exemplos/example_distributed_2.py for tasks to queue
[2026-07-04T08:37:41.918+0000] {logging_mixin.py:190} INFO - [2026-07-04T08:37:41.918+0000] {dagbag.py:588} INFO - Filling up the DagBag from /opt/airflow/dags/exemplos/example_distributed_2.py
[2026-07-04T08:37:41.934+0000] {processor.py:925} INFO - DAG(s) 'example_distributed_celery_fixed_sleep' retrieved from /opt/airflow/dags/exemplos/example_distributed_2.py
[2026-07-04T08:37:42.106+0000] {logging_mixin.py:190} INFO - [2026-07-04T08:37:42.106+0000] {dag.py:3239} INFO - Sync 1 DAGs
[2026-07-04T08:37:42.144+0000] {logging_mixin.py:190} INFO - [2026-07-04T08:37:42.144+0000] {dag.py:4180} INFO - Setting next_dagrun for example_distributed_celery_fixed_sleep to None, run_after=None
[2026-07-04T08:37:42.230+0000] {processor.py:208} INFO - Processing /opt/airflow/dags/exemplos/example_distributed_2.py took 0.397 seconds
[2026-07-04T08:38:13.218+0000] {processor.py:186} INFO - Started process (PID=77) to work on /opt/airflow/dags/exemplos/example_distributed_2.py
[2026-07-04T08:38:13.255+0000] {processor.py:914} INFO - Processing file /opt/airflow/dags/exemplos/example_distributed_2.py for tasks to queue
[2026-07-04T08:38:13.260+0000] {logging_mixin.py:190} INFO - [2026-07-04T08:38:13.260+0000] {dagbag.py:588} INFO - Filling up the DagBag from /opt/airflow/dags/exemplos/example_distributed_2.py
[2026-07-04T08:38:13.329+0000] {processor.py:925} INFO - DAG(s) 'example_distributed_celery_fixed_sleep' retrieved from /opt/airflow/dags/exemplos/example_distributed_2.py
[2026-07-04T08:38:13.406+0000] {logging_mixin.py:190} INFO - [2026-07-04T08:38:13.406+0000] {dag.py:3239} INFO - Sync 1 DAGs
[2026-07-04T08:38:13.441+0000] {logging_mixin.py:190} INFO - [2026-07-04T08:38:13.441+0000] {dag.py:4180} INFO - Setting next_dagrun for example_distributed_celery_fixed_sleep to None, run_after=None
[2026-07-04T08:38:13.509+0000] {processor.py:208} INFO - Processing /opt/airflow/dags/exemplos/example_distributed_2.py took 0.299 seconds
[2026-07-04T08:38:44.298+0000] {processor.py:186} INFO - Started process (PID=87) to work on /opt/airflow/dags/exemplos/example_distributed_2.py
[2026-07-04T08:38:44.300+0000] {processor.py:914} INFO - Processing file /opt/airflow/dags/exemplos/example_distributed_2.py for tasks to queue
[2026-07-04T08:38:44.306+0000] {logging_mixin.py:190} INFO - [2026-07-04T08:38:44.304+0000] {dagbag.py:588} INFO - Filling up the DagBag from /opt/airflow/dags/exemplos/example_distributed_2.py
[2026-07-04T08:38:44.326+0000] {processor.py:925} INFO - DAG(s) 'example_distributed_celery_fixed_sleep' retrieved from /opt/airflow/dags/exemplos/example_distributed_2.py
[2026-07-04T08:38:44.464+0000] {logging_mixin.py:190} INFO - [2026-07-04T08:38:44.464+0000] {dag.py:3239} INFO - Sync 1 DAGs
[2026-07-04T08:38:44.506+0000] {logging_mixin.py:190} INFO - [2026-07-04T08:38:44.506+0000] {dag.py:4180} INFO - Setting next_dagrun for example_distributed_celery_fixed_sleep to None, run_after=None
[2026-07-04T08:38:44.612+0000] {processor.py:208} INFO - Processing /opt/airflow/dags/exemplos/example_distributed_2.py took 0.335 seconds
[2026-07-04T08:39:14.849+0000] {processor.py:186} INFO - Started process (PID=97) to work on /opt/airflow/dags/exemplos/example_distributed_2.py
[2026-07-04T08:39:14.851+0000] {processor.py:914} INFO - Processing file /opt/airflow/dags/exemplos/example_distributed_2.py for tasks to queue
[2026-07-04T08:39:14.855+0000] {logging_mixin.py:190} INFO - [2026-07-04T08:39:14.854+0000] {dagbag.py:588} INFO - Filling up the DagBag from /opt/airflow/dags/exemplos/example_distributed_2.py
[2026-07-04T08:39:14.917+0000] {processor.py:925} INFO - DAG(s) 'example_distributed_celery_fixed_sleep' retrieved from /opt/airflow/dags/exemplos/example_distributed_2.py
[2026-07-04T08:39:15.409+0000] {logging_mixin.py:190} INFO - [2026-07-04T08:39:15.409+0000] {dag.py:3239} INFO - Sync 1 DAGs
[2026-07-04T08:39:15.438+0000] {logging_mixin.py:190} INFO - [2026-07-04T08:39:15.437+0000] {dag.py:4180} INFO - Setting next_dagrun for example_distributed_celery_fixed_sleep to None, run_after=None
[2026-07-04T08:39:15.507+0000] {processor.py:208} INFO - Processing /opt/airflow/dags/exemplos/example_distributed_2.py took 0.677 seconds
[2026-07-04T08:39:46.177+0000] {processor.py:186} INFO - Started process (PID=101) to work on /opt/airflow/dags/exemplos/example_distributed_2.py
[2026-07-04T08:39:46.181+0000] {processor.py:914} INFO - Processing file /opt/airflow/dags/exemplos/example_distributed_2.py for tasks to queue
[2026-07-04T08:39:46.185+0000] {logging_mixin.py:190} INFO - [2026-07-04T08:39:46.185+0000] {dagbag.py:588} INFO - Filling up the DagBag from /opt/airflow/dags/exemplos/example_distributed_2.py
[2026-07-04T08:39:46.201+0000] {processor.py:925} INFO - DAG(s) 'example_distributed_celery_fixed_sleep' retrieved from /opt/airflow/dags/exemplos/example_distributed_2.py
[2026-07-04T08:39:46.279+0000] {logging_mixin.py:190} INFO - [2026-07-04T08:39:46.279+0000] {dag.py:3239} INFO - Sync 1 DAGs
[2026-07-04T08:39:46.307+0000] {logging_mixin.py:190} INFO - [2026-07-04T08:39:46.307+0000] {dag.py:4180} INFO - Setting next_dagrun for example_distributed_celery_fixed_sleep to None, run_after=None
[2026-07-04T08:39:46.355+0000] {processor.py:208} INFO - Processing /opt/airflow/dags/exemplos/example_distributed_2.py took 0.196 seconds
[2026-07-04T08:40:17.116+0000] {processor.py:186} INFO - Started process (PID=112) to work on /opt/airflow/dags/exemplos/example_distributed_2.py
[2026-07-04T08:40:17.529+0000] {processor.py:914} INFO - Processing file /opt/airflow/dags/exemplos/example_distributed_2.py for tasks to queue
[2026-07-04T08:40:17.538+0000] {logging_mixin.py:190} INFO - [2026-07-04T08:40:17.537+0000] {dagbag.py:588} INFO - Filling up the DagBag from /opt/airflow/dags/exemplos/example_distributed_2.py
[2026-07-04T08:40:17.618+0000] {processor.py:925} INFO - DAG(s) 'example_distributed_celery_fixed_sleep' retrieved from /opt/airflow/dags/exemplos/example_distributed_2.py
[2026-07-04T08:40:18.624+0000] {logging_mixin.py:190} INFO - [2026-07-04T08:40:18.566+0000] {dag.py:3239} INFO - Sync 1 DAGs
[2026-07-04T08:40:19.125+0000] {logging_mixin.py:190} INFO - [2026-07-04T08:40:19.124+0000] {dag.py:4180} INFO - Setting next_dagrun for example_distributed_celery_fixed_sleep to None, run_after=None
[2026-07-04T08:40:20.247+0000] {processor.py:208} INFO - Processing /opt/airflow/dags/exemplos/example_distributed_2.py took 3.146 seconds
[2026-07-04T08:40:50.849+0000] {processor.py:186} INFO - Started process (PID=122) to work on /opt/airflow/dags/exemplos/example_distributed_2.py
[2026-07-04T08:40:51.798+0000] {processor.py:914} INFO - Processing file /opt/airflow/dags/exemplos/example_distributed_2.py for tasks to queue
[2026-07-04T08:40:51.803+0000] {logging_mixin.py:190} INFO - [2026-07-04T08:40:51.803+0000] {dagbag.py:588} INFO - Filling up the DagBag from /opt/airflow/dags/exemplos/example_distributed_2.py
[2026-07-04T08:40:52.956+0000] {processor.py:925} INFO - DAG(s) 'example_distributed_celery_fixed_sleep' retrieved from /opt/airflow/dags/exemplos/example_distributed_2.py
[2026-07-04T08:40:57.775+0000] {logging_mixin.py:190} INFO - [2026-07-04T08:40:57.775+0000] {dag.py:3239} INFO - Sync 1 DAGs
[2026-07-04T08:40:58.058+0000] {logging_mixin.py:190} INFO - [2026-07-04T08:40:58.058+0000] {dag.py:4180} INFO - Setting next_dagrun for example_distributed_celery_fixed_sleep to None, run_after=None
[2026-07-04T08:40:59.456+0000] {processor.py:208} INFO - Processing /opt/airflow/dags/exemplos/example_distributed_2.py took 8.621 seconds
[2026-07-04T08:41:30.318+0000] {processor.py:186} INFO - Started process (PID=131) to work on /opt/airflow/dags/exemplos/example_distributed_2.py
[2026-07-04T08:41:30.349+0000] {processor.py:914} INFO - Processing file /opt/airflow/dags/exemplos/example_distributed_2.py for tasks to queue
[2026-07-04T08:41:30.354+0000] {logging_mixin.py:190} INFO - [2026-07-04T08:41:30.353+0000] {dagbag.py:588} INFO - Filling up the DagBag from /opt/airflow/dags/exemplos/example_distributed_2.py
[2026-07-04T08:41:32.305+0000] {processor.py:925} INFO - DAG(s) 'example_distributed_celery_fixed_sleep' retrieved from /opt/airflow/dags/exemplos/example_distributed_2.py
[2026-07-04T08:41:38.275+0000] {logging_mixin.py:190} INFO - [2026-07-04T08:41:38.274+0000] {dag.py:3239} INFO - Sync 1 DAGs
[2026-07-04T08:41:49.697+0000] {logging_mixin.py:190} INFO - [2026-07-04T08:41:49.697+0000] {dag.py:4180} INFO - Setting next_dagrun for example_distributed_celery_fixed_sleep to None, run_after=None
[2026-07-04T08:41:50.802+0000] {processor.py:208} INFO - Processing /opt/airflow/dags/exemplos/example_distributed_2.py took 20.494 seconds
[2026-07-04T08:42:21.670+0000] {processor.py:186} INFO - Started process (PID=141) to work on /opt/airflow/dags/exemplos/example_distributed_2.py
[2026-07-04T08:42:21.687+0000] {processor.py:914} INFO - Processing file /opt/airflow/dags/exemplos/example_distributed_2.py for tasks to queue
[2026-07-04T08:42:21.698+0000] {logging_mixin.py:190} INFO - [2026-07-04T08:42:21.698+0000] {dagbag.py:588} INFO - Filling up the DagBag from /opt/airflow/dags/exemplos/example_distributed_2.py
[2026-07-04T08:42:21.717+0000] {processor.py:925} INFO - DAG(s) 'example_distributed_celery_fixed_sleep' retrieved from /opt/airflow/dags/exemplos/example_distributed_2.py
[2026-07-04T08:42:21.836+0000] {logging_mixin.py:190} INFO - [2026-07-04T08:42:21.835+0000] {dag.py:3239} INFO - Sync 1 DAGs
[2026-07-04T08:42:21.880+0000] {logging_mixin.py:190} INFO - [2026-07-04T08:42:21.879+0000] {dag.py:4180} INFO - Setting next_dagrun for example_distributed_celery_fixed_sleep to None, run_after=None
[2026-07-04T08:42:22.019+0000] {processor.py:208} INFO - Processing /opt/airflow/dags/exemplos/example_distributed_2.py took 0.373 seconds
[2026-07-04T08:42:52.508+0000] {processor.py:186} INFO - Started process (PID=151) to work on /opt/airflow/dags/exemplos/example_distributed_2.py
[2026-07-04T08:42:52.510+0000] {processor.py:914} INFO - Processing file /opt/airflow/dags/exemplos/example_distributed_2.py for tasks to queue
[2026-07-04T08:42:52.515+0000] {logging_mixin.py:190} INFO - [2026-07-04T08:42:52.514+0000] {dagbag.py:588} INFO - Filling up the DagBag from /opt/airflow/dags/exemplos/example_distributed_2.py
[2026-07-04T08:42:52.526+0000] {processor.py:925} INFO - DAG(s) 'example_distributed_celery_fixed_sleep' retrieved from /opt/airflow/dags/exemplos/example_distributed_2.py
[2026-07-04T08:42:52.601+0000] {logging_mixin.py:190} INFO - [2026-07-04T08:42:52.601+0000] {dag.py:3239} INFO - Sync 1 DAGs
[2026-07-04T08:42:52.623+0000] {logging_mixin.py:190} INFO - [2026-07-04T08:42:52.623+0000] {dag.py:4180} INFO - Setting next_dagrun for example_distributed_celery_fixed_sleep to None, run_after=None
[2026-07-04T08:42:52.747+0000] {processor.py:208} INFO - Processing /opt/airflow/dags/exemplos/example_distributed_2.py took 0.249 seconds
[2026-07-04T08:43:23.068+0000] {processor.py:186} INFO - Started process (PID=161) to work on /opt/airflow/dags/exemplos/example_distributed_2.py
[2026-07-04T08:43:23.291+0000] {processor.py:914} INFO - Processing file /opt/airflow/dags/exemplos/example_distributed_2.py for tasks to queue
[2026-07-04T08:43:23.297+0000] {logging_mixin.py:190} INFO - [2026-07-04T08:43:23.296+0000] {dagbag.py:588} INFO - Filling up the DagBag from /opt/airflow/dags/exemplos/example_distributed_2.py
[2026-07-04T08:43:23.314+0000] {processor.py:925} INFO - DAG(s) 'example_distributed_celery_fixed_sleep' retrieved from /opt/airflow/dags/exemplos/example_distributed_2.py
[2026-07-04T08:43:23.504+0000] {logging_mixin.py:190} INFO - [2026-07-04T08:43:23.503+0000] {dag.py:3239} INFO - Sync 1 DAGs
[2026-07-04T08:43:23.534+0000] {logging_mixin.py:190} INFO - [2026-07-04T08:43:23.534+0000] {dag.py:4180} INFO - Setting next_dagrun for example_distributed_celery_fixed_sleep to None, run_after=None
[2026-07-04T08:43:23.991+0000] {processor.py:208} INFO - Processing /opt/airflow/dags/exemplos/example_distributed_2.py took 0.945 seconds
[2026-07-04T08:44:28.478+0000] {processor.py:186} INFO - Started process (PID=166) to work on /opt/airflow/dags/exemplos/example_distributed_2.py
[2026-07-04T08:44:29.863+0000] {processor.py:914} INFO - Processing file /opt/airflow/dags/exemplos/example_distributed_2.py for tasks to queue
[2026-07-04T08:44:29.868+0000] {logging_mixin.py:190} INFO - [2026-07-04T08:44:29.867+0000] {dagbag.py:588} INFO - Filling up the DagBag from /opt/airflow/dags/exemplos/example_distributed_2.py
[2026-07-04T08:44:56.203+0000] {processor.py:925} INFO - DAG(s) 'example_distributed_celery_fixed_sleep' retrieved from /opt/airflow/dags/exemplos/example_distributed_2.py
[2026-07-04T09:18:27.308+0000] {processor.py:186} INFO - Started process (PID=74) to work on /opt/airflow/dags/exemplos/example_distributed_2.py
[2026-07-04T09:18:28.615+0000] {processor.py:914} INFO - Processing file /opt/airflow/dags/exemplos/example_distributed_2.py for tasks to queue
[2026-07-04T09:18:28.619+0000] {logging_mixin.py:190} INFO - [2026-07-04T09:18:28.618+0000] {dagbag.py:588} INFO - Filling up the DagBag from /opt/airflow/dags/exemplos/example_distributed_2.py
[2026-07-04T09:18:28.637+0000] {processor.py:925} INFO - DAG(s) 'example_distributed_celery_fixed_sleep' retrieved from /opt/airflow/dags/exemplos/example_distributed_2.py
[2026-07-04T09:18:29.518+0000] {logging_mixin.py:190} INFO - [2026-07-04T09:18:29.517+0000] {dag.py:3239} INFO - Sync 1 DAGs
[2026-07-04T09:18:30.658+0000] {logging_mixin.py:190} INFO - [2026-07-04T09:18:30.658+0000] {dag.py:4180} INFO - Setting next_dagrun for example_distributed_celery_fixed_sleep to None, run_after=None
[2026-07-04T09:18:31.105+0000] {processor.py:208} INFO - Processing /opt/airflow/dags/exemplos/example_distributed_2.py took 3.820 seconds
[2026-07-04T09:19:01.343+0000] {processor.py:186} INFO - Started process (PID=84) to work on /opt/airflow/dags/exemplos/example_distributed_2.py
[2026-07-04T09:19:01.344+0000] {processor.py:914} INFO - Processing file /opt/airflow/dags/exemplos/example_distributed_2.py for tasks to queue
[2026-07-04T09:19:01.346+0000] {logging_mixin.py:190} INFO - [2026-07-04T09:19:01.346+0000] {dagbag.py:588} INFO - Filling up the DagBag from /opt/airflow/dags/exemplos/example_distributed_2.py
[2026-07-04T09:19:01.354+0000] {processor.py:925} INFO - DAG(s) 'example_distributed_celery_fixed_sleep' retrieved from /opt/airflow/dags/exemplos/example_distributed_2.py
[2026-07-04T09:19:01.383+0000] {logging_mixin.py:190} INFO - [2026-07-04T09:19:01.382+0000] {dag.py:3239} INFO - Sync 1 DAGs
[2026-07-04T09:19:01.395+0000] {logging_mixin.py:190} INFO - [2026-07-04T09:19:01.395+0000] {dag.py:4180} INFO - Setting next_dagrun for example_distributed_celery_fixed_sleep to None, run_after=None
[2026-07-04T09:19:01.417+0000] {processor.py:208} INFO - Processing /opt/airflow/dags/exemplos/example_distributed_2.py took 0.079 seconds
[2026-07-04T09:19:32.305+0000] {processor.py:186} INFO - Started process (PID=95) to work on /opt/airflow/dags/exemplos/example_distributed_2.py
[2026-07-04T09:19:32.350+0000] {processor.py:914} INFO - Processing file /opt/airflow/dags/exemplos/example_distributed_2.py for tasks to queue
[2026-07-04T09:19:32.352+0000] {logging_mixin.py:190} INFO - [2026-07-04T09:19:32.352+0000] {dagbag.py:588} INFO - Filling up the DagBag from /opt/airflow/dags/exemplos/example_distributed_2.py
[2026-07-04T09:19:32.361+0000] {processor.py:925} INFO - DAG(s) 'example_distributed_celery_fixed_sleep' retrieved from /opt/airflow/dags/exemplos/example_distributed_2.py
[2026-07-04T09:19:32.389+0000] {logging_mixin.py:190} INFO - [2026-07-04T09:19:32.389+0000] {dag.py:3239} INFO - Sync 1 DAGs
[2026-07-04T09:19:32.401+0000] {logging_mixin.py:190} INFO - [2026-07-04T09:19:32.401+0000] {dag.py:4180} INFO - Setting next_dagrun for example_distributed_celery_fixed_sleep to None, run_after=None
[2026-07-04T09:19:32.422+0000] {processor.py:208} INFO - Processing /opt/airflow/dags/exemplos/example_distributed_2.py took 0.123 seconds
[2026-07-04T09:20:03.346+0000] {processor.py:186} INFO - Started process (PID=107) to work on /opt/airflow/dags/exemplos/example_distributed_2.py
[2026-07-04T09:20:03.347+0000] {processor.py:914} INFO - Processing file /opt/airflow/dags/exemplos/example_distributed_2.py for tasks to queue
[2026-07-04T09:20:03.350+0000] {logging_mixin.py:190} INFO - [2026-07-04T09:20:03.349+0000] {dagbag.py:588} INFO - Filling up the DagBag from /opt/airflow/dags/exemplos/example_distributed_2.py
[2026-07-04T09:20:03.360+0000] {processor.py:925} INFO - DAG(s) 'example_distributed_celery_fixed_sleep' retrieved from /opt/airflow/dags/exemplos/example_distributed_2.py
[2026-07-04T09:20:03.389+0000] {logging_mixin.py:190} INFO - [2026-07-04T09:20:03.389+0000] {dag.py:3239} INFO - Sync 1 DAGs
[2026-07-04T09:20:03.401+0000] {logging_mixin.py:190} INFO - [2026-07-04T09:20:03.401+0000] {dag.py:4180} INFO - Setting next_dagrun for example_distributed_celery_fixed_sleep to None, run_after=None
[2026-07-04T09:20:03.421+0000] {processor.py:208} INFO - Processing /opt/airflow/dags/exemplos/example_distributed_2.py took 0.081 seconds
[2026-07-04T09:20:34.230+0000] {processor.py:186} INFO - Started process (PID=119) to work on /opt/airflow/dags/exemplos/example_distributed_2.py
[2026-07-04T09:20:34.231+0000] {processor.py:914} INFO - Processing file /opt/airflow/dags/exemplos/example_distributed_2.py for tasks to queue
[2026-07-04T09:20:34.233+0000] {logging_mixin.py:190} INFO - [2026-07-04T09:20:34.232+0000] {dagbag.py:588} INFO - Filling up the DagBag from /opt/airflow/dags/exemplos/example_distributed_2.py
[2026-07-04T09:20:34.240+0000] {processor.py:925} INFO - DAG(s) 'example_distributed_celery_fixed_sleep' retrieved from /opt/airflow/dags/exemplos/example_distributed_2.py
[2026-07-04T09:20:34.266+0000] {logging_mixin.py:190} INFO - [2026-07-04T09:20:34.266+0000] {dag.py:3239} INFO - Sync 1 DAGs
[2026-07-04T09:20:34.278+0000] {logging_mixin.py:190} INFO - [2026-07-04T09:20:34.278+0000] {dag.py:4180} INFO - Setting next_dagrun for example_distributed_celery_fixed_sleep to None, run_after=None
[2026-07-04T09:20:34.298+0000] {processor.py:208} INFO - Processing /opt/airflow/dags/exemplos/example_distributed_2.py took 0.074 seconds
[2026-07-04T09:21:05.000+0000] {processor.py:186} INFO - Started process (PID=130) to work on /opt/airflow/dags/exemplos/example_distributed_2.py
[2026-07-04T09:21:05.003+0000] {processor.py:914} INFO - Processing file /opt/airflow/dags/exemplos/example_distributed_2.py for tasks to queue
[2026-07-04T09:21:05.012+0000] {logging_mixin.py:190} INFO - [2026-07-04T09:21:05.011+0000] {dagbag.py:588} INFO - Filling up the DagBag from /opt/airflow/dags/exemplos/example_distributed_2.py
[2026-07-04T09:21:05.034+0000] {processor.py:925} INFO - DAG(s) 'example_distributed_celery_fixed_sleep' retrieved from /opt/airflow/dags/exemplos/example_distributed_2.py
[2026-07-04T09:21:05.116+0000] {logging_mixin.py:190} INFO - [2026-07-04T09:21:05.116+0000] {dag.py:3239} INFO - Sync 1 DAGs
[2026-07-04T09:21:05.144+0000] {logging_mixin.py:190} INFO - [2026-07-04T09:21:05.144+0000] {dag.py:4180} INFO - Setting next_dagrun for example_distributed_celery_fixed_sleep to None, run_after=None
[2026-07-04T09:21:05.175+0000] {processor.py:208} INFO - Processing /opt/airflow/dags/exemplos/example_distributed_2.py took 0.187 seconds
[2026-07-04T09:21:35.768+0000] {processor.py:186} INFO - Started process (PID=140) to work on /opt/airflow/dags/exemplos/example_distributed_2.py
[2026-07-04T09:21:35.776+0000] {processor.py:914} INFO - Processing file /opt/airflow/dags/exemplos/example_distributed_2.py for tasks to queue
[2026-07-04T09:21:35.778+0000] {logging_mixin.py:190} INFO - [2026-07-04T09:21:35.778+0000] {dagbag.py:588} INFO - Filling up the DagBag from /opt/airflow/dags/exemplos/example_distributed_2.py
[2026-07-04T09:21:35.789+0000] {processor.py:925} INFO - DAG(s) 'example_distributed_celery_fixed_sleep' retrieved from /opt/airflow/dags/exemplos/example_distributed_2.py
[2026-07-04T09:21:35.830+0000] {logging_mixin.py:190} INFO - [2026-07-04T09:21:35.830+0000] {dag.py:3239} INFO - Sync 1 DAGs
[2026-07-04T09:21:35.845+0000] {logging_mixin.py:190} INFO - [2026-07-04T09:21:35.845+0000] {dag.py:4180} INFO - Setting next_dagrun for example_distributed_celery_fixed_sleep to None, run_after=None
[2026-07-04T09:21:35.876+0000] {processor.py:208} INFO - Processing /opt/airflow/dags/exemplos/example_distributed_2.py took 0.113 seconds
[2026-07-04T09:22:06.650+0000] {processor.py:186} INFO - Started process (PID=145) to work on /opt/airflow/dags/exemplos/example_distributed_2.py
[2026-07-04T09:22:06.652+0000] {processor.py:914} INFO - Processing file /opt/airflow/dags/exemplos/example_distributed_2.py for tasks to queue
[2026-07-04T09:22:06.656+0000] {logging_mixin.py:190} INFO - [2026-07-04T09:22:06.655+0000] {dagbag.py:588} INFO - Filling up the DagBag from /opt/airflow/dags/exemplos/example_distributed_2.py
[2026-07-04T09:22:06.672+0000] {processor.py:925} INFO - DAG(s) 'example_distributed_celery_fixed_sleep' retrieved from /opt/airflow/dags/exemplos/example_distributed_2.py
[2026-07-04T09:22:06.717+0000] {logging_mixin.py:190} INFO - [2026-07-04T09:22:06.717+0000] {dag.py:3239} INFO - Sync 1 DAGs
[2026-07-04T09:22:06.954+0000] {logging_mixin.py:190} INFO - [2026-07-04T09:22:06.953+0000] {dag.py:4180} INFO - Setting next_dagrun for example_distributed_celery_fixed_sleep to None, run_after=None
[2026-07-04T09:22:07.025+0000] {processor.py:208} INFO - Processing /opt/airflow/dags/exemplos/example_distributed_2.py took 0.385 seconds
[2026-07-04T09:22:37.057+0000] {processor.py:186} INFO - Started process (PID=155) to work on /opt/airflow/dags/exemplos/example_distributed_2.py
[2026-07-04T09:22:37.059+0000] {processor.py:914} INFO - Processing file /opt/airflow/dags/exemplos/example_distributed_2.py for tasks to queue
[2026-07-04T09:22:37.061+0000] {logging_mixin.py:190} INFO - [2026-07-04T09:22:37.060+0000] {dagbag.py:588} INFO - Filling up the DagBag from /opt/airflow/dags/exemplos/example_distributed_2.py
[2026-07-04T09:22:37.069+0000] {processor.py:925} INFO - DAG(s) 'example_distributed_celery_fixed_sleep' retrieved from /opt/airflow/dags/exemplos/example_distributed_2.py
[2026-07-04T09:22:37.103+0000] {logging_mixin.py:190} INFO - [2026-07-04T09:22:37.103+0000] {dag.py:3239} INFO - Sync 1 DAGs
[2026-07-04T09:22:37.236+0000] {logging_mixin.py:190} INFO - [2026-07-04T09:22:37.236+0000] {dag.py:4180} INFO - Setting next_dagrun for example_distributed_celery_fixed_sleep to None, run_after=None
[2026-07-04T09:22:37.254+0000] {processor.py:208} INFO - Processing /opt/airflow/dags/exemplos/example_distributed_2.py took 0.203 seconds
[2026-07-04T09:23:07.457+0000] {processor.py:186} INFO - Started process (PID=166) to work on /opt/airflow/dags/exemplos/example_distributed_2.py
[2026-07-04T09:23:07.459+0000] {processor.py:914} INFO - Processing file /opt/airflow/dags/exemplos/example_distributed_2.py for tasks to queue
[2026-07-04T09:23:07.461+0000] {logging_mixin.py:190} INFO - [2026-07-04T09:23:07.460+0000] {dagbag.py:588} INFO - Filling up the DagBag from /opt/airflow/dags/exemplos/example_distributed_2.py
[2026-07-04T09:23:07.471+0000] {processor.py:925} INFO - DAG(s) 'example_distributed_celery_fixed_sleep' retrieved from /opt/airflow/dags/exemplos/example_distributed_2.py
[2026-07-04T09:23:07.500+0000] {logging_mixin.py:190} INFO - [2026-07-04T09:23:07.500+0000] {dag.py:3239} INFO - Sync 1 DAGs
[2026-07-04T09:23:07.512+0000] {logging_mixin.py:190} INFO - [2026-07-04T09:23:07.512+0000] {dag.py:4180} INFO - Setting next_dagrun for example_distributed_celery_fixed_sleep to None, run_after=None
[2026-07-04T09:23:07.535+0000] {processor.py:208} INFO - Processing /opt/airflow/dags/exemplos/example_distributed_2.py took 0.084 seconds
[2026-07-04T09:23:38.548+0000] {processor.py:186} INFO - Started process (PID=178) to work on /opt/airflow/dags/exemplos/example_distributed_2.py
[2026-07-04T09:23:38.549+0000] {processor.py:914} INFO - Processing file /opt/airflow/dags/exemplos/example_distributed_2.py for tasks to queue
[2026-07-04T09:23:38.551+0000] {logging_mixin.py:190} INFO - [2026-07-04T09:23:38.551+0000] {dagbag.py:588} INFO - Filling up the DagBag from /opt/airflow/dags/exemplos/example_distributed_2.py
[2026-07-04T09:23:38.561+0000] {processor.py:925} INFO - DAG(s) 'example_distributed_celery_fixed_sleep' retrieved from /opt/airflow/dags/exemplos/example_distributed_2.py
[2026-07-04T09:23:38.594+0000] {logging_mixin.py:190} INFO - [2026-07-04T09:23:38.594+0000] {dag.py:3239} INFO - Sync 1 DAGs
[2026-07-04T09:23:38.608+0000] {logging_mixin.py:190} INFO - [2026-07-04T09:23:38.608+0000] {dag.py:4180} INFO - Setting next_dagrun for example_distributed_celery_fixed_sleep to None, run_after=None
[2026-07-04T09:23:38.636+0000] {processor.py:208} INFO - Processing /opt/airflow/dags/exemplos/example_distributed_2.py took 0.095 seconds
[2026-07-04T09:24:09.535+0000] {processor.py:186} INFO - Started process (PID=190) to work on /opt/airflow/dags/exemplos/example_distributed_2.py
[2026-07-04T09:24:09.536+0000] {processor.py:914} INFO - Processing file /opt/airflow/dags/exemplos/example_distributed_2.py for tasks to queue
[2026-07-04T09:24:09.538+0000] {logging_mixin.py:190} INFO - [2026-07-04T09:24:09.538+0000] {dagbag.py:588} INFO - Filling up the DagBag from /opt/airflow/dags/exemplos/example_distributed_2.py
[2026-07-04T09:24:09.547+0000] {processor.py:925} INFO - DAG(s) 'example_distributed_celery_fixed_sleep' retrieved from /opt/airflow/dags/exemplos/example_distributed_2.py
[2026-07-04T09:24:09.578+0000] {logging_mixin.py:190} INFO - [2026-07-04T09:24:09.578+0000] {dag.py:3239} INFO - Sync 1 DAGs
[2026-07-04T09:24:09.742+0000] {logging_mixin.py:190} INFO - [2026-07-04T09:24:09.741+0000] {dag.py:4180} INFO - Setting next_dagrun for example_distributed_celery_fixed_sleep to None, run_after=None
[2026-07-04T09:24:09.828+0000] {processor.py:208} INFO - Processing /opt/airflow/dags/exemplos/example_distributed_2.py took 0.299 seconds
[2026-07-04T09:24:39.982+0000] {processor.py:186} INFO - Started process (PID=201) to work on /opt/airflow/dags/exemplos/example_distributed_2.py
[2026-07-04T09:24:39.983+0000] {processor.py:914} INFO - Processing file /opt/airflow/dags/exemplos/example_distributed_2.py for tasks to queue
[2026-07-04T09:24:39.985+0000] {logging_mixin.py:190} INFO - [2026-07-04T09:24:39.985+0000] {dagbag.py:588} INFO - Filling up the DagBag from /opt/airflow/dags/exemplos/example_distributed_2.py
[2026-07-04T09:24:39.994+0000] {processor.py:925} INFO - DAG(s) 'example_distributed_celery_fixed_sleep' retrieved from /opt/airflow/dags/exemplos/example_distributed_2.py
[2026-07-04T09:24:40.164+0000] {logging_mixin.py:190} INFO - [2026-07-04T09:24:40.163+0000] {dag.py:3239} INFO - Sync 1 DAGs
[2026-07-04T09:24:40.176+0000] {logging_mixin.py:190} INFO - [2026-07-04T09:24:40.176+0000] {dag.py:4180} INFO - Setting next_dagrun for example_distributed_celery_fixed_sleep to None, run_after=None
[2026-07-04T09:24:40.203+0000] {processor.py:208} INFO - Processing /opt/airflow/dags/exemplos/example_distributed_2.py took 0.227 seconds
[2026-07-04T09:25:11.218+0000] {processor.py:186} INFO - Started process (PID=212) to work on /opt/airflow/dags/exemplos/example_distributed_2.py
[2026-07-04T09:25:11.220+0000] {processor.py:914} INFO - Processing file /opt/airflow/dags/exemplos/example_distributed_2.py for tasks to queue
[2026-07-04T09:25:11.222+0000] {logging_mixin.py:190} INFO - [2026-07-04T09:25:11.222+0000] {dagbag.py:588} INFO - Filling up the DagBag from /opt/airflow/dags/exemplos/example_distributed_2.py
[2026-07-04T09:25:11.231+0000] {processor.py:925} INFO - DAG(s) 'example_distributed_celery_fixed_sleep' retrieved from /opt/airflow/dags/exemplos/example_distributed_2.py
[2026-07-04T09:25:11.263+0000] {logging_mixin.py:190} INFO - [2026-07-04T09:25:11.263+0000] {dag.py:3239} INFO - Sync 1 DAGs
[2026-07-04T09:25:11.275+0000] {logging_mixin.py:190} INFO - [2026-07-04T09:25:11.275+0000] {dag.py:4180} INFO - Setting next_dagrun for example_distributed_celery_fixed_sleep to None, run_after=None
[2026-07-04T09:25:11.297+0000] {processor.py:208} INFO - Processing /opt/airflow/dags/exemplos/example_distributed_2.py took 0.086 seconds
[2026-07-04T09:25:42.108+0000] {processor.py:186} INFO - Started process (PID=223) to work on /opt/airflow/dags/exemplos/example_distributed_2.py
[2026-07-04T09:25:42.109+0000] {processor.py:914} INFO - Processing file /opt/airflow/dags/exemplos/example_distributed_2.py for tasks to queue
[2026-07-04T09:25:42.111+0000] {logging_mixin.py:190} INFO - [2026-07-04T09:25:42.111+0000] {dagbag.py:588} INFO - Filling up the DagBag from /opt/airflow/dags/exemplos/example_distributed_2.py
[2026-07-04T09:25:42.120+0000] {processor.py:925} INFO - DAG(s) 'example_distributed_celery_fixed_sleep' retrieved from /opt/airflow/dags/exemplos/example_distributed_2.py
[2026-07-04T09:25:42.153+0000] {logging_mixin.py:190} INFO - [2026-07-04T09:25:42.152+0000] {dag.py:3239} INFO - Sync 1 DAGs
[2026-07-04T09:25:42.165+0000] {logging_mixin.py:190} INFO - [2026-07-04T09:25:42.165+0000] {dag.py:4180} INFO - Setting next_dagrun for example_distributed_celery_fixed_sleep to None, run_after=None
[2026-07-04T09:25:42.190+0000] {processor.py:208} INFO - Processing /opt/airflow/dags/exemplos/example_distributed_2.py took 0.090 seconds
[2026-07-04T09:26:13.232+0000] {processor.py:186} INFO - Started process (PID=234) to work on /opt/airflow/dags/exemplos/example_distributed_2.py
[2026-07-04T09:26:13.234+0000] {processor.py:914} INFO - Processing file /opt/airflow/dags/exemplos/example_distributed_2.py for tasks to queue
[2026-07-04T09:26:13.236+0000] {logging_mixin.py:190} INFO - [2026-07-04T09:26:13.235+0000] {dagbag.py:588} INFO - Filling up the DagBag from /opt/airflow/dags/exemplos/example_distributed_2.py
[2026-07-04T09:26:13.248+0000] {processor.py:925} INFO - DAG(s) 'example_distributed_celery_fixed_sleep' retrieved from /opt/airflow/dags/exemplos/example_distributed_2.py
[2026-07-04T09:26:13.280+0000] {logging_mixin.py:190} INFO - [2026-07-04T09:26:13.280+0000] {dag.py:3239} INFO - Sync 1 DAGs
[2026-07-04T09:26:13.438+0000] {logging_mixin.py:190} INFO - [2026-07-04T09:26:13.438+0000] {dag.py:4180} INFO - Setting next_dagrun for example_distributed_celery_fixed_sleep to None, run_after=None
[2026-07-04T09:26:13.461+0000] {processor.py:208} INFO - Processing /opt/airflow/dags/exemplos/example_distributed_2.py took 0.235 seconds
[2026-07-04T09:26:43.571+0000] {processor.py:186} INFO - Started process (PID=245) to work on /opt/airflow/dags/exemplos/example_distributed_2.py
[2026-07-04T09:26:43.573+0000] {processor.py:914} INFO - Processing file /opt/airflow/dags/exemplos/example_distributed_2.py for tasks to queue
[2026-07-04T09:26:43.575+0000] {logging_mixin.py:190} INFO - [2026-07-04T09:26:43.575+0000] {dagbag.py:588} INFO - Filling up the DagBag from /opt/airflow/dags/exemplos/example_distributed_2.py
[2026-07-04T09:26:43.584+0000] {processor.py:925} INFO - DAG(s) 'example_distributed_celery_fixed_sleep' retrieved from /opt/airflow/dags/exemplos/example_distributed_2.py
[2026-07-04T09:26:43.755+0000] {logging_mixin.py:190} INFO - [2026-07-04T09:26:43.754+0000] {dag.py:3239} INFO - Sync 1 DAGs
[2026-07-04T09:26:43.766+0000] {logging_mixin.py:190} INFO - [2026-07-04T09:26:43.766+0000] {dag.py:4180} INFO - Setting next_dagrun for example_distributed_celery_fixed_sleep to None, run_after=None
[2026-07-04T09:26:43.784+0000] {processor.py:208} INFO - Processing /opt/airflow/dags/exemplos/example_distributed_2.py took 0.219 seconds
[2026-07-04T09:27:14.611+0000] {processor.py:186} INFO - Started process (PID=256) to work on /opt/airflow/dags/exemplos/example_distributed_2.py
[2026-07-04T09:27:14.613+0000] {processor.py:914} INFO - Processing file /opt/airflow/dags/exemplos/example_distributed_2.py for tasks to queue
[2026-07-04T09:27:14.616+0000] {logging_mixin.py:190} INFO - [2026-07-04T09:27:14.615+0000] {dagbag.py:588} INFO - Filling up the DagBag from /opt/airflow/dags/exemplos/example_distributed_2.py
[2026-07-04T09:27:14.625+0000] {processor.py:925} INFO - DAG(s) 'example_distributed_celery_fixed_sleep' retrieved from /opt/airflow/dags/exemplos/example_distributed_2.py
[2026-07-04T09:27:14.656+0000] {logging_mixin.py:190} INFO - [2026-07-04T09:27:14.655+0000] {dag.py:3239} INFO - Sync 1 DAGs
[2026-07-04T09:27:14.671+0000] {logging_mixin.py:190} INFO - [2026-07-04T09:27:14.671+0000] {dag.py:4180} INFO - Setting next_dagrun for example_distributed_celery_fixed_sleep to None, run_after=None
[2026-07-04T09:27:14.700+0000] {processor.py:208} INFO - Processing /opt/airflow/dags/exemplos/example_distributed_2.py took 0.096 seconds
[2026-07-04T09:27:45.545+0000] {processor.py:186} INFO - Started process (PID=267) to work on /opt/airflow/dags/exemplos/example_distributed_2.py
[2026-07-04T09:27:45.549+0000] {processor.py:914} INFO - Processing file /opt/airflow/dags/exemplos/example_distributed_2.py for tasks to queue
[2026-07-04T09:27:45.551+0000] {logging_mixin.py:190} INFO - [2026-07-04T09:27:45.551+0000] {dagbag.py:588} INFO - Filling up the DagBag from /opt/airflow/dags/exemplos/example_distributed_2.py
[2026-07-04T09:27:45.559+0000] {processor.py:925} INFO - DAG(s) 'example_distributed_celery_fixed_sleep' retrieved from /opt/airflow/dags/exemplos/example_distributed_2.py
[2026-07-04T09:27:45.586+0000] {logging_mixin.py:190} INFO - [2026-07-04T09:27:45.586+0000] {dag.py:3239} INFO - Sync 1 DAGs
[2026-07-04T09:27:45.598+0000] {logging_mixin.py:190} INFO - [2026-07-04T09:27:45.598+0000] {dag.py:4180} INFO - Setting next_dagrun for example_distributed_celery_fixed_sleep to None, run_after=None
[2026-07-04T09:27:45.617+0000] {processor.py:208} INFO - Processing /opt/airflow/dags/exemplos/example_distributed_2.py took 0.079 seconds
[2026-07-04T09:28:16.313+0000] {processor.py:186} INFO - Started process (PID=277) to work on /opt/airflow/dags/exemplos/example_distributed_2.py
[2026-07-04T09:28:16.315+0000] {processor.py:914} INFO - Processing file /opt/airflow/dags/exemplos/example_distributed_2.py for tasks to queue
[2026-07-04T09:28:16.317+0000] {logging_mixin.py:190} INFO - [2026-07-04T09:28:16.317+0000] {dagbag.py:588} INFO - Filling up the DagBag from /opt/airflow/dags/exemplos/example_distributed_2.py
[2026-07-04T09:28:16.326+0000] {processor.py:925} INFO - DAG(s) 'example_distributed_celery_fixed_sleep' retrieved from /opt/airflow/dags/exemplos/example_distributed_2.py
[2026-07-04T09:28:16.355+0000] {logging_mixin.py:190} INFO - [2026-07-04T09:28:16.355+0000] {dag.py:3239} INFO - Sync 1 DAGs
[2026-07-04T09:28:16.536+0000] {logging_mixin.py:190} INFO - [2026-07-04T09:28:16.536+0000] {dag.py:4180} INFO - Setting next_dagrun for example_distributed_celery_fixed_sleep to None, run_after=None
[2026-07-04T09:28:16.570+0000] {processor.py:208} INFO - Processing /opt/airflow/dags/exemplos/example_distributed_2.py took 0.262 seconds
[2026-07-04T09:28:47.025+0000] {processor.py:186} INFO - Started process (PID=288) to work on /opt/airflow/dags/exemplos/example_distributed_2.py
[2026-07-04T09:28:47.026+0000] {processor.py:914} INFO - Processing file /opt/airflow/dags/exemplos/example_distributed_2.py for tasks to queue
[2026-07-04T09:28:47.029+0000] {logging_mixin.py:190} INFO - [2026-07-04T09:28:47.029+0000] {dagbag.py:588} INFO - Filling up the DagBag from /opt/airflow/dags/exemplos/example_distributed_2.py
[2026-07-04T09:28:47.037+0000] {processor.py:925} INFO - DAG(s) 'example_distributed_celery_fixed_sleep' retrieved from /opt/airflow/dags/exemplos/example_distributed_2.py
[2026-07-04T09:28:47.206+0000] {logging_mixin.py:190} INFO - [2026-07-04T09:28:47.204+0000] {dag.py:3239} INFO - Sync 1 DAGs
[2026-07-04T09:28:47.225+0000] {logging_mixin.py:190} INFO - [2026-07-04T09:28:47.224+0000] {dag.py:4180} INFO - Setting next_dagrun for example_distributed_celery_fixed_sleep to None, run_after=None
[2026-07-04T09:28:47.248+0000] {processor.py:208} INFO - Processing /opt/airflow/dags/exemplos/example_distributed_2.py took 0.232 seconds
[2026-07-04T09:29:18.038+0000] {processor.py:186} INFO - Started process (PID=299) to work on /opt/airflow/dags/exemplos/example_distributed_2.py
[2026-07-04T09:29:18.040+0000] {processor.py:914} INFO - Processing file /opt/airflow/dags/exemplos/example_distributed_2.py for tasks to queue
[2026-07-04T09:29:18.042+0000] {logging_mixin.py:190} INFO - [2026-07-04T09:29:18.041+0000] {dagbag.py:588} INFO - Filling up the DagBag from /opt/airflow/dags/exemplos/example_distributed_2.py
[2026-07-04T09:29:18.050+0000] {processor.py:925} INFO - DAG(s) 'example_distributed_celery_fixed_sleep' retrieved from /opt/airflow/dags/exemplos/example_distributed_2.py
[2026-07-04T09:29:18.080+0000] {logging_mixin.py:190} INFO - [2026-07-04T09:29:18.080+0000] {dag.py:3239} INFO - Sync 1 DAGs
[2026-07-04T09:29:18.092+0000] {logging_mixin.py:190} INFO - [2026-07-04T09:29:18.092+0000] {dag.py:4180} INFO - Setting next_dagrun for example_distributed_celery_fixed_sleep to None, run_after=None
[2026-07-04T09:29:18.116+0000] {processor.py:208} INFO - Processing /opt/airflow/dags/exemplos/example_distributed_2.py took 0.084 seconds
[2026-07-04T09:29:49.097+0000] {processor.py:186} INFO - Started process (PID=310) to work on /opt/airflow/dags/exemplos/example_distributed_2.py
[2026-07-04T09:29:49.099+0000] {processor.py:914} INFO - Processing file /opt/airflow/dags/exemplos/example_distributed_2.py for tasks to queue
[2026-07-04T09:29:49.102+0000] {logging_mixin.py:190} INFO - [2026-07-04T09:29:49.101+0000] {dagbag.py:588} INFO - Filling up the DagBag from /opt/airflow/dags/exemplos/example_distributed_2.py
[2026-07-04T09:29:49.116+0000] {processor.py:925} INFO - DAG(s) 'example_distributed_celery_fixed_sleep' retrieved from /opt/airflow/dags/exemplos/example_distributed_2.py
[2026-07-04T09:29:49.146+0000] {logging_mixin.py:190} INFO - [2026-07-04T09:29:49.145+0000] {dag.py:3239} INFO - Sync 1 DAGs
[2026-07-04T09:29:49.160+0000] {logging_mixin.py:190} INFO - [2026-07-04T09:29:49.160+0000] {dag.py:4180} INFO - Setting next_dagrun for example_distributed_celery_fixed_sleep to None, run_after=None
[2026-07-04T09:29:49.186+0000] {processor.py:208} INFO - Processing /opt/airflow/dags/exemplos/example_distributed_2.py took 0.095 seconds
[2026-07-04T09:30:19.691+0000] {processor.py:186} INFO - Started process (PID=321) to work on /opt/airflow/dags/exemplos/example_distributed_2.py
[2026-07-04T09:30:19.695+0000] {processor.py:914} INFO - Processing file /opt/airflow/dags/exemplos/example_distributed_2.py for tasks to queue
[2026-07-04T09:30:19.698+0000] {logging_mixin.py:190} INFO - [2026-07-04T09:30:19.697+0000] {dagbag.py:588} INFO - Filling up the DagBag from /opt/airflow/dags/exemplos/example_distributed_2.py
[2026-07-04T09:30:19.708+0000] {processor.py:925} INFO - DAG(s) 'example_distributed_celery_fixed_sleep' retrieved from /opt/airflow/dags/exemplos/example_distributed_2.py
[2026-07-04T09:30:19.738+0000] {logging_mixin.py:190} INFO - [2026-07-04T09:30:19.738+0000] {dag.py:3239} INFO - Sync 1 DAGs
[2026-07-04T09:30:19.886+0000] {logging_mixin.py:190} INFO - [2026-07-04T09:30:19.885+0000] {dag.py:4180} INFO - Setting next_dagrun for example_distributed_celery_fixed_sleep to None, run_after=None
[2026-07-04T09:30:19.909+0000] {processor.py:208} INFO - Processing /opt/airflow/dags/exemplos/example_distributed_2.py took 0.224 seconds
[2026-07-04T09:30:49.931+0000] {processor.py:186} INFO - Started process (PID=331) to work on /opt/airflow/dags/exemplos/example_distributed_2.py
[2026-07-04T09:30:49.933+0000] {processor.py:914} INFO - Processing file /opt/airflow/dags/exemplos/example_distributed_2.py for tasks to queue
[2026-07-04T09:30:49.935+0000] {logging_mixin.py:190} INFO - [2026-07-04T09:30:49.935+0000] {dagbag.py:588} INFO - Filling up the DagBag from /opt/airflow/dags/exemplos/example_distributed_2.py
[2026-07-04T09:30:49.946+0000] {processor.py:925} INFO - DAG(s) 'example_distributed_celery_fixed_sleep' retrieved from /opt/airflow/dags/exemplos/example_distributed_2.py
[2026-07-04T09:30:49.974+0000] {logging_mixin.py:190} INFO - [2026-07-04T09:30:49.974+0000] {dag.py:3239} INFO - Sync 1 DAGs
[2026-07-04T09:30:50.114+0000] {logging_mixin.py:190} INFO - [2026-07-04T09:30:50.114+0000] {dag.py:4180} INFO - Setting next_dagrun for example_distributed_celery_fixed_sleep to None, run_after=None
[2026-07-04T09:30:50.137+0000] {processor.py:208} INFO - Processing /opt/airflow/dags/exemplos/example_distributed_2.py took 0.212 seconds
[2026-07-04T09:31:20.690+0000] {processor.py:186} INFO - Started process (PID=343) to work on /opt/airflow/dags/exemplos/example_distributed_2.py
[2026-07-04T09:31:20.691+0000] {processor.py:914} INFO - Processing file /opt/airflow/dags/exemplos/example_distributed_2.py for tasks to queue
[2026-07-04T09:31:20.694+0000] {logging_mixin.py:190} INFO - [2026-07-04T09:31:20.693+0000] {dagbag.py:588} INFO - Filling up the DagBag from /opt/airflow/dags/exemplos/example_distributed_2.py
[2026-07-04T09:31:20.703+0000] {processor.py:925} INFO - DAG(s) 'example_distributed_celery_fixed_sleep' retrieved from /opt/airflow/dags/exemplos/example_distributed_2.py
[2026-07-04T09:31:20.739+0000] {logging_mixin.py:190} INFO - [2026-07-04T09:31:20.739+0000] {dag.py:3239} INFO - Sync 1 DAGs
[2026-07-04T09:31:20.758+0000] {logging_mixin.py:190} INFO - [2026-07-04T09:31:20.758+0000] {dag.py:4180} INFO - Setting next_dagrun for example_distributed_celery_fixed_sleep to None, run_after=None
[2026-07-04T09:31:20.786+0000] {processor.py:208} INFO - Processing /opt/airflow/dags/exemplos/example_distributed_2.py took 0.103 seconds
[2026-07-04T09:31:51.668+0000] {processor.py:186} INFO - Started process (PID=353) to work on /opt/airflow/dags/exemplos/example_distributed_2.py
[2026-07-04T09:31:51.670+0000] {processor.py:914} INFO - Processing file /opt/airflow/dags/exemplos/example_distributed_2.py for tasks to queue
[2026-07-04T09:31:51.672+0000] {logging_mixin.py:190} INFO - [2026-07-04T09:31:51.672+0000] {dagbag.py:588} INFO - Filling up the DagBag from /opt/airflow/dags/exemplos/example_distributed_2.py
[2026-07-04T09:31:51.681+0000] {processor.py:925} INFO - DAG(s) 'example_distributed_celery_fixed_sleep' retrieved from /opt/airflow/dags/exemplos/example_distributed_2.py
[2026-07-04T09:31:51.711+0000] {logging_mixin.py:190} INFO - [2026-07-04T09:31:51.711+0000] {dag.py:3239} INFO - Sync 1 DAGs
[2026-07-04T09:31:51.726+0000] {logging_mixin.py:190} INFO - [2026-07-04T09:31:51.725+0000] {dag.py:4180} INFO - Setting next_dagrun for example_distributed_celery_fixed_sleep to None, run_after=None
[2026-07-04T09:31:51.751+0000] {processor.py:208} INFO - Processing /opt/airflow/dags/exemplos/example_distributed_2.py took 0.089 seconds
[2026-07-04T09:32:22.583+0000] {processor.py:186} INFO - Started process (PID=358) to work on /opt/airflow/dags/exemplos/example_distributed_2.py
[2026-07-04T09:32:22.584+0000] {processor.py:914} INFO - Processing file /opt/airflow/dags/exemplos/example_distributed_2.py for tasks to queue
[2026-07-04T09:32:22.586+0000] {logging_mixin.py:190} INFO - [2026-07-04T09:32:22.586+0000] {dagbag.py:588} INFO - Filling up the DagBag from /opt/airflow/dags/exemplos/example_distributed_2.py
[2026-07-04T09:32:22.595+0000] {processor.py:925} INFO - DAG(s) 'example_distributed_celery_fixed_sleep' retrieved from /opt/airflow/dags/exemplos/example_distributed_2.py
[2026-07-04T09:32:22.627+0000] {logging_mixin.py:190} INFO - [2026-07-04T09:32:22.626+0000] {dag.py:3239} INFO - Sync 1 DAGs
[2026-07-04T09:32:22.793+0000] {logging_mixin.py:190} INFO - [2026-07-04T09:32:22.793+0000] {dag.py:4180} INFO - Setting next_dagrun for example_distributed_celery_fixed_sleep to None, run_after=None
[2026-07-04T09:32:22.816+0000] {processor.py:208} INFO - Processing /opt/airflow/dags/exemplos/example_distributed_2.py took 0.239 seconds
[2026-07-04T09:32:53.111+0000] {processor.py:186} INFO - Started process (PID=369) to work on /opt/airflow/dags/exemplos/example_distributed_2.py
[2026-07-04T09:32:53.113+0000] {processor.py:914} INFO - Processing file /opt/airflow/dags/exemplos/example_distributed_2.py for tasks to queue
[2026-07-04T09:32:53.115+0000] {logging_mixin.py:190} INFO - [2026-07-04T09:32:53.115+0000] {dagbag.py:588} INFO - Filling up the DagBag from /opt/airflow/dags/exemplos/example_distributed_2.py
[2026-07-04T09:32:53.126+0000] {processor.py:925} INFO - DAG(s) 'example_distributed_celery_fixed_sleep' retrieved from /opt/airflow/dags/exemplos/example_distributed_2.py
[2026-07-04T09:32:53.315+0000] {logging_mixin.py:190} INFO - [2026-07-04T09:32:53.314+0000] {dag.py:3239} INFO - Sync 1 DAGs
[2026-07-04T09:32:53.326+0000] {logging_mixin.py:190} INFO - [2026-07-04T09:32:53.325+0000] {dag.py:4180} INFO - Setting next_dagrun for example_distributed_celery_fixed_sleep to None, run_after=None
[2026-07-04T09:32:53.349+0000] {processor.py:208} INFO - Processing /opt/airflow/dags/exemplos/example_distributed_2.py took 0.244 seconds
[2026-07-04T09:33:24.093+0000] {processor.py:186} INFO - Started process (PID=381) to work on /opt/airflow/dags/exemplos/example_distributed_2.py
[2026-07-04T09:33:24.096+0000] {processor.py:914} INFO - Processing file /opt/airflow/dags/exemplos/example_distributed_2.py for tasks to queue
[2026-07-04T09:33:24.103+0000] {logging_mixin.py:190} INFO - [2026-07-04T09:33:24.102+0000] {dagbag.py:588} INFO - Filling up the DagBag from /opt/airflow/dags/exemplos/example_distributed_2.py
[2026-07-04T09:33:24.122+0000] {processor.py:925} INFO - DAG(s) 'example_distributed_celery_fixed_sleep' retrieved from /opt/airflow/dags/exemplos/example_distributed_2.py
[2026-07-04T09:33:24.185+0000] {logging_mixin.py:190} INFO - [2026-07-04T09:33:24.184+0000] {dag.py:3239} INFO - Sync 1 DAGs
[2026-07-04T09:33:24.215+0000] {logging_mixin.py:190} INFO - [2026-07-04T09:33:24.215+0000] {dag.py:4180} INFO - Setting next_dagrun for example_distributed_celery_fixed_sleep to None, run_after=None
[2026-07-04T09:33:24.350+0000] {processor.py:208} INFO - Processing /opt/airflow/dags/exemplos/example_distributed_2.py took 0.276 seconds
[2026-07-04T09:33:54.858+0000] {processor.py:186} INFO - Started process (PID=392) to work on /opt/airflow/dags/exemplos/example_distributed_2.py
[2026-07-04T09:33:54.860+0000] {processor.py:914} INFO - Processing file /opt/airflow/dags/exemplos/example_distributed_2.py for tasks to queue
[2026-07-04T09:33:54.878+0000] {logging_mixin.py:190} INFO - [2026-07-04T09:33:54.877+0000] {dagbag.py:588} INFO - Filling up the DagBag from /opt/airflow/dags/exemplos/example_distributed_2.py
[2026-07-04T09:33:54.923+0000] {processor.py:925} INFO - DAG(s) 'example_distributed_celery_fixed_sleep' retrieved from /opt/airflow/dags/exemplos/example_distributed_2.py
[2026-07-04T09:33:55.059+0000] {logging_mixin.py:190} INFO - [2026-07-04T09:33:55.059+0000] {dag.py:3239} INFO - Sync 1 DAGs
[2026-07-04T09:33:55.118+0000] {logging_mixin.py:190} INFO - [2026-07-04T09:33:55.118+0000] {dag.py:4180} INFO - Setting next_dagrun for example_distributed_celery_fixed_sleep to None, run_after=None
[2026-07-04T09:33:55.217+0000] {processor.py:208} INFO - Processing /opt/airflow/dags/exemplos/example_distributed_2.py took 0.391 seconds
[2026-07-04T09:34:26.068+0000] {processor.py:186} INFO - Started process (PID=403) to work on /opt/airflow/dags/exemplos/example_distributed_2.py
[2026-07-04T09:34:26.097+0000] {processor.py:914} INFO - Processing file /opt/airflow/dags/exemplos/example_distributed_2.py for tasks to queue
[2026-07-04T09:34:26.099+0000] {logging_mixin.py:190} INFO - [2026-07-04T09:34:26.099+0000] {dagbag.py:588} INFO - Filling up the DagBag from /opt/airflow/dags/exemplos/example_distributed_2.py
[2026-07-04T09:34:26.109+0000] {processor.py:925} INFO - DAG(s) 'example_distributed_celery_fixed_sleep' retrieved from /opt/airflow/dags/exemplos/example_distributed_2.py
[2026-07-04T09:34:26.139+0000] {logging_mixin.py:190} INFO - [2026-07-04T09:34:26.139+0000] {dag.py:3239} INFO - Sync 1 DAGs
[2026-07-04T09:34:26.326+0000] {logging_mixin.py:190} INFO - [2026-07-04T09:34:26.326+0000] {dag.py:4180} INFO - Setting next_dagrun for example_distributed_celery_fixed_sleep to None, run_after=None
[2026-07-04T09:34:26.381+0000] {processor.py:208} INFO - Processing /opt/airflow/dags/exemplos/example_distributed_2.py took 0.322 seconds
[2026-07-04T09:34:56.498+0000] {processor.py:186} INFO - Started process (PID=414) to work on /opt/airflow/dags/exemplos/example_distributed_2.py
[2026-07-04T09:34:56.521+0000] {processor.py:914} INFO - Processing file /opt/airflow/dags/exemplos/example_distributed_2.py for tasks to queue
[2026-07-04T09:34:56.525+0000] {logging_mixin.py:190} INFO - [2026-07-04T09:34:56.524+0000] {dagbag.py:588} INFO - Filling up the DagBag from /opt/airflow/dags/exemplos/example_distributed_2.py
[2026-07-04T09:34:56.710+0000] {processor.py:925} INFO - DAG(s) 'example_distributed_celery_fixed_sleep' retrieved from /opt/airflow/dags/exemplos/example_distributed_2.py
[2026-07-04T09:34:57.948+0000] {logging_mixin.py:190} INFO - [2026-07-04T09:34:57.948+0000] {dag.py:3239} INFO - Sync 1 DAGs
[2026-07-04T09:34:58.014+0000] {logging_mixin.py:190} INFO - [2026-07-04T09:34:58.013+0000] {dag.py:4180} INFO - Setting next_dagrun for example_distributed_celery_fixed_sleep to None, run_after=None
[2026-07-04T09:34:58.270+0000] {processor.py:208} INFO - Processing /opt/airflow/dags/exemplos/example_distributed_2.py took 1.781 seconds
[2026-07-04T09:35:32.430+0000] {processor.py:186} INFO - Started process (PID=425) to work on /opt/airflow/dags/exemplos/example_distributed_2.py
[2026-07-04T09:35:32.646+0000] {processor.py:914} INFO - Processing file /opt/airflow/dags/exemplos/example_distributed_2.py for tasks to queue
[2026-07-04T09:35:32.649+0000] {logging_mixin.py:190} INFO - [2026-07-04T09:35:32.649+0000] {dagbag.py:588} INFO - Filling up the DagBag from /opt/airflow/dags/exemplos/example_distributed_2.py
[2026-07-04T09:36:09.261+0000] {processor.py:925} INFO - DAG(s) 'example_distributed_celery_fixed_sleep' retrieved from /opt/airflow/dags/exemplos/example_distributed_2.py
[2026-07-04T10:10:18.417+0000] {processor.py:186} INFO - Started process (PID=65) to work on /opt/airflow/dags/exemplos/example_distributed_2.py
[2026-07-04T10:10:18.419+0000] {processor.py:914} INFO - Processing file /opt/airflow/dags/exemplos/example_distributed_2.py for tasks to queue
[2026-07-04T10:10:18.423+0000] {logging_mixin.py:190} INFO - [2026-07-04T10:10:18.422+0000] {dagbag.py:588} INFO - Filling up the DagBag from /opt/airflow/dags/exemplos/example_distributed_2.py
[2026-07-04T10:10:18.450+0000] {processor.py:925} INFO - DAG(s) 'example_distributed_celery_fixed_sleep' retrieved from /opt/airflow/dags/exemplos/example_distributed_2.py
[2026-07-04T10:10:18.756+0000] {logging_mixin.py:190} INFO - [2026-07-04T10:10:18.755+0000] {override.py:1911} INFO - Created Permission View: can read on DAG:example_distributed_celery_fixed_sleep
[2026-07-04T10:10:18.779+0000] {logging_mixin.py:190} INFO - [2026-07-04T10:10:18.779+0000] {override.py:1911} INFO - Created Permission View: can delete on DAG:example_distributed_celery_fixed_sleep
[2026-07-04T10:10:18.794+0000] {logging_mixin.py:190} INFO - [2026-07-04T10:10:18.793+0000] {override.py:1911} INFO - Created Permission View: can edit on DAG:example_distributed_celery_fixed_sleep
[2026-07-04T10:10:18.812+0000] {logging_mixin.py:190} INFO - [2026-07-04T10:10:18.811+0000] {override.py:1911} INFO - Created Permission View: menu access on DAG Run:example_distributed_celery_fixed_sleep
[2026-07-04T10:10:18.830+0000] {logging_mixin.py:190} INFO - [2026-07-04T10:10:18.829+0000] {override.py:1911} INFO - Created Permission View: can read on DAG Run:example_distributed_celery_fixed_sleep
[2026-07-04T10:10:18.852+0000] {logging_mixin.py:190} INFO - [2026-07-04T10:10:18.852+0000] {override.py:1911} INFO - Created Permission View: can delete on DAG Run:example_distributed_celery_fixed_sleep
[2026-07-04T10:10:18.868+0000] {logging_mixin.py:190} INFO - [2026-07-04T10:10:18.867+0000] {override.py:1911} INFO - Created Permission View: can create on DAG Run:example_distributed_celery_fixed_sleep
[2026-07-04T10:10:18.869+0000] {logging_mixin.py:190} INFO - [2026-07-04T10:10:18.868+0000] {dag.py:3239} INFO - Sync 1 DAGs
[2026-07-04T10:10:18.895+0000] {logging_mixin.py:190} INFO - [2026-07-04T10:10:18.895+0000] {dag.py:3262} INFO - Creating ORM DAG for example_distributed_celery_fixed_sleep
[2026-07-04T10:10:18.897+0000] {logging_mixin.py:190} INFO - [2026-07-04T10:10:18.897+0000] {dag.py:4180} INFO - Setting next_dagrun for example_distributed_celery_fixed_sleep to None, run_after=None
[2026-07-04T10:10:18.936+0000] {processor.py:208} INFO - Processing /opt/airflow/dags/exemplos/example_distributed_2.py took 0.534 seconds
[2026-07-04T10:10:49.807+0000] {processor.py:186} INFO - Started process (PID=70) to work on /opt/airflow/dags/exemplos/example_distributed_2.py
[2026-07-04T10:10:49.808+0000] {processor.py:914} INFO - Processing file /opt/airflow/dags/exemplos/example_distributed_2.py for tasks to queue
[2026-07-04T10:10:49.811+0000] {logging_mixin.py:190} INFO - [2026-07-04T10:10:49.810+0000] {dagbag.py:588} INFO - Filling up the DagBag from /opt/airflow/dags/exemplos/example_distributed_2.py
[2026-07-04T10:10:49.830+0000] {processor.py:925} INFO - DAG(s) 'example_distributed_celery_fixed_sleep' retrieved from /opt/airflow/dags/exemplos/example_distributed_2.py
[2026-07-04T10:10:49.882+0000] {logging_mixin.py:190} INFO - [2026-07-04T10:10:49.882+0000] {dag.py:3239} INFO - Sync 1 DAGs
[2026-07-04T10:10:49.907+0000] {logging_mixin.py:190} INFO - [2026-07-04T10:10:49.907+0000] {dag.py:4180} INFO - Setting next_dagrun for example_distributed_celery_fixed_sleep to None, run_after=None
[2026-07-04T10:10:50.079+0000] {processor.py:208} INFO - Processing /opt/airflow/dags/exemplos/example_distributed_2.py took 0.280 seconds
[2026-07-04T10:11:20.664+0000] {processor.py:186} INFO - Started process (PID=82) to work on /opt/airflow/dags/exemplos/example_distributed_2.py
[2026-07-04T10:11:20.665+0000] {processor.py:914} INFO - Processing file /opt/airflow/dags/exemplos/example_distributed_2.py for tasks to queue
[2026-07-04T10:11:20.669+0000] {logging_mixin.py:190} INFO - [2026-07-04T10:11:20.668+0000] {dagbag.py:588} INFO - Filling up the DagBag from /opt/airflow/dags/exemplos/example_distributed_2.py
[2026-07-04T10:11:20.685+0000] {processor.py:925} INFO - DAG(s) 'example_distributed_celery_fixed_sleep' retrieved from /opt/airflow/dags/exemplos/example_distributed_2.py
[2026-07-04T10:11:20.725+0000] {logging_mixin.py:190} INFO - [2026-07-04T10:11:20.725+0000] {dag.py:3239} INFO - Sync 1 DAGs
[2026-07-04T10:11:20.746+0000] {logging_mixin.py:190} INFO - [2026-07-04T10:11:20.746+0000] {dag.py:4180} INFO - Setting next_dagrun for example_distributed_celery_fixed_sleep to None, run_after=None
[2026-07-04T10:11:20.773+0000] {processor.py:208} INFO - Processing /opt/airflow/dags/exemplos/example_distributed_2.py took 0.117 seconds
[2026-07-04T10:11:51.374+0000] {processor.py:186} INFO - Started process (PID=93) to work on /opt/airflow/dags/exemplos/example_distributed_2.py
[2026-07-04T10:11:51.376+0000] {processor.py:914} INFO - Processing file /opt/airflow/dags/exemplos/example_distributed_2.py for tasks to queue
[2026-07-04T10:11:51.380+0000] {logging_mixin.py:190} INFO - [2026-07-04T10:11:51.379+0000] {dagbag.py:588} INFO - Filling up the DagBag from /opt/airflow/dags/exemplos/example_distributed_2.py
[2026-07-04T10:11:51.403+0000] {processor.py:925} INFO - DAG(s) 'example_distributed_celery_fixed_sleep' retrieved from /opt/airflow/dags/exemplos/example_distributed_2.py
[2026-07-04T10:11:51.462+0000] {logging_mixin.py:190} INFO - [2026-07-04T10:11:51.461+0000] {dag.py:3239} INFO - Sync 1 DAGs
[2026-07-04T10:11:51.493+0000] {logging_mixin.py:190} INFO - [2026-07-04T10:11:51.493+0000] {dag.py:4180} INFO - Setting next_dagrun for example_distributed_celery_fixed_sleep to None, run_after=None
[2026-07-04T10:11:51.539+0000] {processor.py:208} INFO - Processing /opt/airflow/dags/exemplos/example_distributed_2.py took 0.176 seconds
[2026-07-04T10:12:22.172+0000] {processor.py:186} INFO - Started process (PID=104) to work on /opt/airflow/dags/exemplos/example_distributed_2.py
[2026-07-04T10:12:22.174+0000] {processor.py:914} INFO - Processing file /opt/airflow/dags/exemplos/example_distributed_2.py for tasks to queue
[2026-07-04T10:12:22.177+0000] {logging_mixin.py:190} INFO - [2026-07-04T10:12:22.177+0000] {dagbag.py:588} INFO - Filling up the DagBag from /opt/airflow/dags/exemplos/example_distributed_2.py
[2026-07-04T10:12:22.194+0000] {processor.py:925} INFO - DAG(s) 'example_distributed_celery_fixed_sleep' retrieved from /opt/airflow/dags/exemplos/example_distributed_2.py
[2026-07-04T10:12:22.244+0000] {logging_mixin.py:190} INFO - [2026-07-04T10:12:22.244+0000] {dag.py:3239} INFO - Sync 1 DAGs
[2026-07-04T10:12:22.267+0000] {logging_mixin.py:190} INFO - [2026-07-04T10:12:22.267+0000] {dag.py:4180} INFO - Setting next_dagrun for example_distributed_celery_fixed_sleep to None, run_after=None
[2026-07-04T10:12:22.295+0000] {processor.py:208} INFO - Processing /opt/airflow/dags/exemplos/example_distributed_2.py took 0.136 seconds
[2026-07-04T10:12:52.862+0000] {processor.py:186} INFO - Started process (PID=115) to work on /opt/airflow/dags/exemplos/example_distributed_2.py
[2026-07-04T10:12:52.864+0000] {processor.py:914} INFO - Processing file /opt/airflow/dags/exemplos/example_distributed_2.py for tasks to queue
[2026-07-04T10:12:52.867+0000] {logging_mixin.py:190} INFO - [2026-07-04T10:12:52.866+0000] {dagbag.py:588} INFO - Filling up the DagBag from /opt/airflow/dags/exemplos/example_distributed_2.py
[2026-07-04T10:12:52.883+0000] {processor.py:925} INFO - DAG(s) 'example_distributed_celery_fixed_sleep' retrieved from /opt/airflow/dags/exemplos/example_distributed_2.py
[2026-07-04T10:12:52.926+0000] {logging_mixin.py:190} INFO - [2026-07-04T10:12:52.926+0000] {dag.py:3239} INFO - Sync 1 DAGs
[2026-07-04T10:12:52.948+0000] {logging_mixin.py:190} INFO - [2026-07-04T10:12:52.948+0000] {dag.py:4180} INFO - Setting next_dagrun for example_distributed_celery_fixed_sleep to None, run_after=None
[2026-07-04T10:12:52.976+0000] {processor.py:208} INFO - Processing /opt/airflow/dags/exemplos/example_distributed_2.py took 0.122 seconds
[2026-07-04T10:13:23.548+0000] {processor.py:186} INFO - Started process (PID=126) to work on /opt/airflow/dags/exemplos/example_distributed_2.py
[2026-07-04T10:13:23.549+0000] {processor.py:914} INFO - Processing file /opt/airflow/dags/exemplos/example_distributed_2.py for tasks to queue
[2026-07-04T10:13:23.552+0000] {logging_mixin.py:190} INFO - [2026-07-04T10:13:23.551+0000] {dagbag.py:588} INFO - Filling up the DagBag from /opt/airflow/dags/exemplos/example_distributed_2.py
[2026-07-04T10:13:23.570+0000] {processor.py:925} INFO - DAG(s) 'example_distributed_celery_fixed_sleep' retrieved from /opt/airflow/dags/exemplos/example_distributed_2.py
[2026-07-04T10:13:23.636+0000] {logging_mixin.py:190} INFO - [2026-07-04T10:13:23.635+0000] {dag.py:3239} INFO - Sync 1 DAGs
[2026-07-04T10:13:23.666+0000] {logging_mixin.py:190} INFO - [2026-07-04T10:13:23.666+0000] {dag.py:4180} INFO - Setting next_dagrun for example_distributed_celery_fixed_sleep to None, run_after=None
[2026-07-04T10:13:23.708+0000] {processor.py:208} INFO - Processing /opt/airflow/dags/exemplos/example_distributed_2.py took 0.170 seconds
[2026-07-04T10:13:55.885+0000] {processor.py:186} INFO - Started process (PID=136) to work on /opt/airflow/dags/exemplos/example_distributed_2.py
[2026-07-04T10:13:55.887+0000] {processor.py:914} INFO - Processing file /opt/airflow/dags/exemplos/example_distributed_2.py for tasks to queue
[2026-07-04T10:13:55.894+0000] {logging_mixin.py:190} INFO - [2026-07-04T10:13:55.892+0000] {dagbag.py:588} INFO - Filling up the DagBag from /opt/airflow/dags/exemplos/example_distributed_2.py
[2026-07-04T10:13:55.924+0000] {processor.py:925} INFO - DAG(s) 'example_distributed_celery_fixed_sleep' retrieved from /opt/airflow/dags/exemplos/example_distributed_2.py
[2026-07-04T10:13:56.213+0000] {logging_mixin.py:190} INFO - [2026-07-04T10:13:56.207+0000] {dag.py:3239} INFO - Sync 1 DAGs
[2026-07-04T10:13:57.123+0000] {logging_mixin.py:190} INFO - [2026-07-04T10:13:57.122+0000] {dag.py:4180} INFO - Setting next_dagrun for example_distributed_celery_fixed_sleep to None, run_after=None
[2026-07-04T10:13:57.287+0000] {processor.py:208} INFO - Processing /opt/airflow/dags/exemplos/example_distributed_2.py took 1.420 seconds
[2026-07-04T10:14:28.356+0000] {processor.py:186} INFO - Started process (PID=140) to work on /opt/airflow/dags/exemplos/example_distributed_2.py
[2026-07-04T10:14:28.359+0000] {processor.py:914} INFO - Processing file /opt/airflow/dags/exemplos/example_distributed_2.py for tasks to queue
[2026-07-04T10:14:28.364+0000] {logging_mixin.py:190} INFO - [2026-07-04T10:14:28.364+0000] {dagbag.py:588} INFO - Filling up the DagBag from /opt/airflow/dags/exemplos/example_distributed_2.py
[2026-07-04T10:14:28.404+0000] {processor.py:925} INFO - DAG(s) 'example_distributed_celery_fixed_sleep' retrieved from /opt/airflow/dags/exemplos/example_distributed_2.py
[2026-07-04T10:14:29.366+0000] {logging_mixin.py:190} INFO - [2026-07-04T10:14:29.366+0000] {dag.py:3239} INFO - Sync 1 DAGs
[2026-07-04T10:14:29.407+0000] {logging_mixin.py:190} INFO - [2026-07-04T10:14:29.406+0000] {dag.py:4180} INFO - Setting next_dagrun for example_distributed_celery_fixed_sleep to None, run_after=None
[2026-07-04T10:14:29.528+0000] {processor.py:208} INFO - Processing /opt/airflow/dags/exemplos/example_distributed_2.py took 1.187 seconds
[2026-07-04T10:15:00.445+0000] {processor.py:186} INFO - Started process (PID=152) to work on /opt/airflow/dags/exemplos/example_distributed_2.py
[2026-07-04T10:15:00.453+0000] {processor.py:914} INFO - Processing file /opt/airflow/dags/exemplos/example_distributed_2.py for tasks to queue
[2026-07-04T10:15:00.467+0000] {logging_mixin.py:190} INFO - [2026-07-04T10:15:00.462+0000] {dagbag.py:588} INFO - Filling up the DagBag from /opt/airflow/dags/exemplos/example_distributed_2.py
[2026-07-04T10:15:00.497+0000] {processor.py:925} INFO - DAG(s) 'example_distributed_celery_fixed_sleep' retrieved from /opt/airflow/dags/exemplos/example_distributed_2.py
[2026-07-04T10:15:00.612+0000] {logging_mixin.py:190} INFO - [2026-07-04T10:15:00.612+0000] {dag.py:3239} INFO - Sync 1 DAGs
[2026-07-04T10:15:00.675+0000] {logging_mixin.py:190} INFO - [2026-07-04T10:15:00.675+0000] {dag.py:4180} INFO - Setting next_dagrun for example_distributed_celery_fixed_sleep to None, run_after=None
[2026-07-04T10:15:00.842+0000] {processor.py:208} INFO - Processing /opt/airflow/dags/exemplos/example_distributed_2.py took 0.427 seconds
[2026-07-04T10:15:31.108+0000] {processor.py:186} INFO - Started process (PID=162) to work on /opt/airflow/dags/exemplos/example_distributed_2.py
[2026-07-04T10:15:31.112+0000] {processor.py:914} INFO - Processing file /opt/airflow/dags/exemplos/example_distributed_2.py for tasks to queue
[2026-07-04T10:15:31.121+0000] {logging_mixin.py:190} INFO - [2026-07-04T10:15:31.120+0000] {dagbag.py:588} INFO - Filling up the DagBag from /opt/airflow/dags/exemplos/example_distributed_2.py
[2026-07-04T10:15:31.200+0000] {processor.py:925} INFO - DAG(s) 'example_distributed_celery_fixed_sleep' retrieved from /opt/airflow/dags/exemplos/example_distributed_2.py
[2026-07-04T10:15:31.266+0000] {logging_mixin.py:190} INFO - [2026-07-04T10:15:31.265+0000] {dag.py:3239} INFO - Sync 1 DAGs
[2026-07-04T10:15:31.290+0000] {logging_mixin.py:190} INFO - [2026-07-04T10:15:31.289+0000] {dag.py:4180} INFO - Setting next_dagrun for example_distributed_celery_fixed_sleep to None, run_after=None
[2026-07-04T10:15:31.364+0000] {processor.py:208} INFO - Processing /opt/airflow/dags/exemplos/example_distributed_2.py took 0.267 seconds
[2026-07-04T10:16:02.090+0000] {processor.py:186} INFO - Started process (PID=173) to work on /opt/airflow/dags/exemplos/example_distributed_2.py
[2026-07-04T10:16:02.092+0000] {processor.py:914} INFO - Processing file /opt/airflow/dags/exemplos/example_distributed_2.py for tasks to queue
[2026-07-04T10:16:02.097+0000] {logging_mixin.py:190} INFO - [2026-07-04T10:16:02.096+0000] {dagbag.py:588} INFO - Filling up the DagBag from /opt/airflow/dags/exemplos/example_distributed_2.py
[2026-07-04T10:16:02.123+0000] {processor.py:925} INFO - DAG(s) 'example_distributed_celery_fixed_sleep' retrieved from /opt/airflow/dags/exemplos/example_distributed_2.py
[2026-07-04T10:16:02.187+0000] {logging_mixin.py:190} INFO - [2026-07-04T10:16:02.186+0000] {dag.py:3239} INFO - Sync 1 DAGs
[2026-07-04T10:16:02.461+0000] {logging_mixin.py:190} INFO - [2026-07-04T10:16:02.461+0000] {dag.py:4180} INFO - Setting next_dagrun for example_distributed_celery_fixed_sleep to None, run_after=None
[2026-07-04T10:16:02.496+0000] {processor.py:208} INFO - Processing /opt/airflow/dags/exemplos/example_distributed_2.py took 0.420 seconds
[2026-07-04T10:16:33.124+0000] {processor.py:186} INFO - Started process (PID=184) to work on /opt/airflow/dags/exemplos/example_distributed_2.py
[2026-07-04T10:16:33.125+0000] {processor.py:914} INFO - Processing file /opt/airflow/dags/exemplos/example_distributed_2.py for tasks to queue
[2026-07-04T10:16:33.129+0000] {logging_mixin.py:190} INFO - [2026-07-04T10:16:33.129+0000] {dagbag.py:588} INFO - Filling up the DagBag from /opt/airflow/dags/exemplos/example_distributed_2.py
[2026-07-04T10:16:33.145+0000] {processor.py:925} INFO - DAG(s) 'example_distributed_celery_fixed_sleep' retrieved from /opt/airflow/dags/exemplos/example_distributed_2.py
[2026-07-04T10:16:33.193+0000] {logging_mixin.py:190} INFO - [2026-07-04T10:16:33.192+0000] {dag.py:3239} INFO - Sync 1 DAGs
[2026-07-04T10:16:33.218+0000] {logging_mixin.py:190} INFO - [2026-07-04T10:16:33.218+0000] {dag.py:4180} INFO - Setting next_dagrun for example_distributed_celery_fixed_sleep to None, run_after=None
[2026-07-04T10:16:33.249+0000] {processor.py:208} INFO - Processing /opt/airflow/dags/exemplos/example_distributed_2.py took 0.136 seconds
[2026-07-04T10:17:03.881+0000] {processor.py:186} INFO - Started process (PID=194) to work on /opt/airflow/dags/exemplos/example_distributed_2.py
[2026-07-04T10:17:03.894+0000] {processor.py:914} INFO - Processing file /opt/airflow/dags/exemplos/example_distributed_2.py for tasks to queue
[2026-07-04T10:17:03.901+0000] {logging_mixin.py:190} INFO - [2026-07-04T10:17:03.899+0000] {dagbag.py:588} INFO - Filling up the DagBag from /opt/airflow/dags/exemplos/example_distributed_2.py
[2026-07-04T10:17:03.953+0000] {processor.py:925} INFO - DAG(s) 'example_distributed_celery_fixed_sleep' retrieved from /opt/airflow/dags/exemplos/example_distributed_2.py
[2026-07-04T10:17:04.042+0000] {logging_mixin.py:190} INFO - [2026-07-04T10:17:04.041+0000] {dag.py:3239} INFO - Sync 1 DAGs
[2026-07-04T10:17:04.081+0000] {logging_mixin.py:190} INFO - [2026-07-04T10:17:04.080+0000] {dag.py:4180} INFO - Setting next_dagrun for example_distributed_celery_fixed_sleep to None, run_after=None
[2026-07-04T10:17:04.130+0000] {processor.py:208} INFO - Processing /opt/airflow/dags/exemplos/example_distributed_2.py took 0.299 seconds
[2026-07-04T10:17:34.876+0000] {processor.py:186} INFO - Started process (PID=199) to work on /opt/airflow/dags/exemplos/example_distributed_2.py
[2026-07-04T10:17:34.878+0000] {processor.py:914} INFO - Processing file /opt/airflow/dags/exemplos/example_distributed_2.py for tasks to queue
[2026-07-04T10:17:34.883+0000] {logging_mixin.py:190} INFO - [2026-07-04T10:17:34.882+0000] {dagbag.py:588} INFO - Filling up the DagBag from /opt/airflow/dags/exemplos/example_distributed_2.py
[2026-07-04T10:17:34.904+0000] {processor.py:925} INFO - DAG(s) 'example_distributed_celery_fixed_sleep' retrieved from /opt/airflow/dags/exemplos/example_distributed_2.py
[2026-07-04T10:17:34.970+0000] {logging_mixin.py:190} INFO - [2026-07-04T10:17:34.969+0000] {dag.py:3239} INFO - Sync 1 DAGs
[2026-07-04T10:17:34.997+0000] {logging_mixin.py:190} INFO - [2026-07-04T10:17:34.996+0000] {dag.py:4180} INFO - Setting next_dagrun for example_distributed_celery_fixed_sleep to None, run_after=None
[2026-07-04T10:17:35.038+0000] {processor.py:208} INFO - Processing /opt/airflow/dags/exemplos/example_distributed_2.py took 0.180 seconds
[2026-07-04T10:18:05.642+0000] {processor.py:186} INFO - Started process (PID=211) to work on /opt/airflow/dags/exemplos/example_distributed_2.py
[2026-07-04T10:18:05.732+0000] {processor.py:914} INFO - Processing file /opt/airflow/dags/exemplos/example_distributed_2.py for tasks to queue
[2026-07-04T10:18:05.785+0000] {logging_mixin.py:190} INFO - [2026-07-04T10:18:05.779+0000] {dagbag.py:588} INFO - Filling up the DagBag from /opt/airflow/dags/exemplos/example_distributed_2.py
[2026-07-04T10:18:05.854+0000] {processor.py:925} INFO - DAG(s) 'example_distributed_celery_fixed_sleep' retrieved from /opt/airflow/dags/exemplos/example_distributed_2.py
[2026-07-04T10:18:05.993+0000] {logging_mixin.py:190} INFO - [2026-07-04T10:18:05.992+0000] {dag.py:3239} INFO - Sync 1 DAGs
[2026-07-04T10:18:07.493+0000] {logging_mixin.py:190} INFO - [2026-07-04T10:18:07.493+0000] {dag.py:4180} INFO - Setting next_dagrun for example_distributed_celery_fixed_sleep to None, run_after=None
[2026-07-04T10:18:07.804+0000] {processor.py:208} INFO - Processing /opt/airflow/dags/exemplos/example_distributed_2.py took 2.233 seconds
[2026-07-04T10:18:38.527+0000] {processor.py:186} INFO - Started process (PID=220) to work on /opt/airflow/dags/exemplos/example_distributed_2.py
[2026-07-04T10:18:38.541+0000] {processor.py:914} INFO - Processing file /opt/airflow/dags/exemplos/example_distributed_2.py for tasks to queue
[2026-07-04T10:18:38.562+0000] {logging_mixin.py:190} INFO - [2026-07-04T10:18:38.550+0000] {dagbag.py:588} INFO - Filling up the DagBag from /opt/airflow/dags/exemplos/example_distributed_2.py
[2026-07-04T10:18:38.701+0000] {processor.py:925} INFO - DAG(s) 'example_distributed_celery_fixed_sleep' retrieved from /opt/airflow/dags/exemplos/example_distributed_2.py
[2026-07-04T10:18:40.079+0000] {logging_mixin.py:190} INFO - [2026-07-04T10:18:40.078+0000] {dag.py:3239} INFO - Sync 1 DAGs
[2026-07-04T10:18:40.238+0000] {logging_mixin.py:190} INFO - [2026-07-04T10:18:40.238+0000] {dag.py:4180} INFO - Setting next_dagrun for example_distributed_celery_fixed_sleep to None, run_after=None
[2026-07-04T10:18:40.364+0000] {processor.py:208} INFO - Processing /opt/airflow/dags/exemplos/example_distributed_2.py took 1.915 seconds
[2026-07-04T10:19:11.023+0000] {processor.py:186} INFO - Started process (PID=232) to work on /opt/airflow/dags/exemplos/example_distributed_2.py
[2026-07-04T10:19:11.026+0000] {processor.py:914} INFO - Processing file /opt/airflow/dags/exemplos/example_distributed_2.py for tasks to queue
[2026-07-04T10:19:11.039+0000] {logging_mixin.py:190} INFO - [2026-07-04T10:19:11.038+0000] {dagbag.py:588} INFO - Filling up the DagBag from /opt/airflow/dags/exemplos/example_distributed_2.py
[2026-07-04T10:19:11.112+0000] {processor.py:925} INFO - DAG(s) 'example_distributed_celery_fixed_sleep' retrieved from /opt/airflow/dags/exemplos/example_distributed_2.py
[2026-07-04T10:19:11.194+0000] {logging_mixin.py:190} INFO - [2026-07-04T10:19:11.193+0000] {dag.py:3239} INFO - Sync 1 DAGs
[2026-07-04T10:19:11.230+0000] {logging_mixin.py:190} INFO - [2026-07-04T10:19:11.230+0000] {dag.py:4180} INFO - Setting next_dagrun for example_distributed_celery_fixed_sleep to None, run_after=None
[2026-07-04T10:19:11.271+0000] {processor.py:208} INFO - Processing /opt/airflow/dags/exemplos/example_distributed_2.py took 0.289 seconds
[2026-07-04T10:19:41.662+0000] {processor.py:186} INFO - Started process (PID=242) to work on /opt/airflow/dags/exemplos/example_distributed_2.py
[2026-07-04T10:19:41.681+0000] {processor.py:914} INFO - Processing file /opt/airflow/dags/exemplos/example_distributed_2.py for tasks to queue
[2026-07-04T10:19:41.698+0000] {logging_mixin.py:190} INFO - [2026-07-04T10:19:41.697+0000] {dagbag.py:588} INFO - Filling up the DagBag from /opt/airflow/dags/exemplos/example_distributed_2.py
[2026-07-04T10:19:41.917+0000] {processor.py:925} INFO - DAG(s) 'example_distributed_celery_fixed_sleep' retrieved from /opt/airflow/dags/exemplos/example_distributed_2.py
[2026-07-04T10:19:42.370+0000] {logging_mixin.py:190} INFO - [2026-07-04T10:19:42.369+0000] {dag.py:3239} INFO - Sync 1 DAGs
[2026-07-04T10:19:42.438+0000] {logging_mixin.py:190} INFO - [2026-07-04T10:19:42.437+0000] {dag.py:4180} INFO - Setting next_dagrun for example_distributed_celery_fixed_sleep to None, run_after=None
[2026-07-04T10:19:42.587+0000] {processor.py:208} INFO - Processing /opt/airflow/dags/exemplos/example_distributed_2.py took 0.974 seconds
[2026-07-04T10:20:13.077+0000] {processor.py:186} INFO - Started process (PID=245) to work on /opt/airflow/dags/exemplos/example_distributed_2.py
[2026-07-04T10:20:13.079+0000] {processor.py:914} INFO - Processing file /opt/airflow/dags/exemplos/example_distributed_2.py for tasks to queue
[2026-07-04T10:20:13.085+0000] {logging_mixin.py:190} INFO - [2026-07-04T10:20:13.084+0000] {dagbag.py:588} INFO - Filling up the DagBag from /opt/airflow/dags/exemplos/example_distributed_2.py
[2026-07-04T10:20:13.106+0000] {processor.py:925} INFO - DAG(s) 'example_distributed_celery_fixed_sleep' retrieved from /opt/airflow/dags/exemplos/example_distributed_2.py
[2026-07-04T10:20:13.178+0000] {logging_mixin.py:190} INFO - [2026-07-04T10:20:13.177+0000] {dag.py:3239} INFO - Sync 1 DAGs
[2026-07-04T10:20:13.205+0000] {logging_mixin.py:190} INFO - [2026-07-04T10:20:13.205+0000] {dag.py:4180} INFO - Setting next_dagrun for example_distributed_celery_fixed_sleep to None, run_after=None
[2026-07-04T10:20:13.248+0000] {processor.py:208} INFO - Processing /opt/airflow/dags/exemplos/example_distributed_2.py took 0.183 seconds
[2026-07-04T10:20:43.686+0000] {processor.py:186} INFO - Started process (PID=256) to work on /opt/airflow/dags/exemplos/example_distributed_2.py
[2026-07-04T10:20:43.688+0000] {processor.py:914} INFO - Processing file /opt/airflow/dags/exemplos/example_distributed_2.py for tasks to queue
[2026-07-04T10:20:43.693+0000] {logging_mixin.py:190} INFO - [2026-07-04T10:20:43.691+0000] {dagbag.py:588} INFO - Filling up the DagBag from /opt/airflow/dags/exemplos/example_distributed_2.py
[2026-07-04T10:20:43.726+0000] {processor.py:925} INFO - DAG(s) 'example_distributed_celery_fixed_sleep' retrieved from /opt/airflow/dags/exemplos/example_distributed_2.py
[2026-07-04T10:20:43.792+0000] {logging_mixin.py:190} INFO - [2026-07-04T10:20:43.792+0000] {dag.py:3239} INFO - Sync 1 DAGs
[2026-07-04T10:20:43.825+0000] {logging_mixin.py:190} INFO - [2026-07-04T10:20:43.825+0000] {dag.py:4180} INFO - Setting next_dagrun for example_distributed_celery_fixed_sleep to None, run_after=None
[2026-07-04T10:20:43.861+0000] {processor.py:208} INFO - Processing /opt/airflow/dags/exemplos/example_distributed_2.py took 0.186 seconds
[2026-07-04T10:21:14.280+0000] {processor.py:186} INFO - Started process (PID=267) to work on /opt/airflow/dags/exemplos/example_distributed_2.py
[2026-07-04T10:21:14.281+0000] {processor.py:914} INFO - Processing file /opt/airflow/dags/exemplos/example_distributed_2.py for tasks to queue
[2026-07-04T10:21:14.289+0000] {logging_mixin.py:190} INFO - [2026-07-04T10:21:14.288+0000] {dagbag.py:588} INFO - Filling up the DagBag from /opt/airflow/dags/exemplos/example_distributed_2.py
[2026-07-04T10:21:14.350+0000] {processor.py:925} INFO - DAG(s) 'example_distributed_celery_fixed_sleep' retrieved from /opt/airflow/dags/exemplos/example_distributed_2.py
[2026-07-04T10:21:14.461+0000] {logging_mixin.py:190} INFO - [2026-07-04T10:21:14.460+0000] {dag.py:3239} INFO - Sync 1 DAGs
[2026-07-04T10:21:14.496+0000] {logging_mixin.py:190} INFO - [2026-07-04T10:21:14.496+0000] {dag.py:4180} INFO - Setting next_dagrun for example_distributed_celery_fixed_sleep to None, run_after=None
[2026-07-04T10:21:14.536+0000] {processor.py:208} INFO - Processing /opt/airflow/dags/exemplos/example_distributed_2.py took 0.272 seconds
[2026-07-04T10:21:45.036+0000] {processor.py:186} INFO - Started process (PID=278) to work on /opt/airflow/dags/exemplos/example_distributed_2.py
[2026-07-04T10:21:45.037+0000] {processor.py:914} INFO - Processing file /opt/airflow/dags/exemplos/example_distributed_2.py for tasks to queue
[2026-07-04T10:21:45.042+0000] {logging_mixin.py:190} INFO - [2026-07-04T10:21:45.041+0000] {dagbag.py:588} INFO - Filling up the DagBag from /opt/airflow/dags/exemplos/example_distributed_2.py
[2026-07-04T10:21:45.061+0000] {processor.py:925} INFO - DAG(s) 'example_distributed_celery_fixed_sleep' retrieved from /opt/airflow/dags/exemplos/example_distributed_2.py
[2026-07-04T10:21:45.108+0000] {logging_mixin.py:190} INFO - [2026-07-04T10:21:45.108+0000] {dag.py:3239} INFO - Sync 1 DAGs
[2026-07-04T10:21:45.138+0000] {logging_mixin.py:190} INFO - [2026-07-04T10:21:45.137+0000] {dag.py:4180} INFO - Setting next_dagrun for example_distributed_celery_fixed_sleep to None, run_after=None
[2026-07-04T10:21:45.176+0000] {processor.py:208} INFO - Processing /opt/airflow/dags/exemplos/example_distributed_2.py took 0.149 seconds
[2026-07-04T10:22:15.867+0000] {processor.py:186} INFO - Started process (PID=289) to work on /opt/airflow/dags/exemplos/example_distributed_2.py
[2026-07-04T10:22:15.875+0000] {processor.py:914} INFO - Processing file /opt/airflow/dags/exemplos/example_distributed_2.py for tasks to queue
[2026-07-04T10:22:15.901+0000] {logging_mixin.py:190} INFO - [2026-07-04T10:22:15.897+0000] {dagbag.py:588} INFO - Filling up the DagBag from /opt/airflow/dags/exemplos/example_distributed_2.py
[2026-07-04T10:22:15.950+0000] {processor.py:925} INFO - DAG(s) 'example_distributed_celery_fixed_sleep' retrieved from /opt/airflow/dags/exemplos/example_distributed_2.py
[2026-07-04T10:22:16.127+0000] {logging_mixin.py:190} INFO - [2026-07-04T10:22:16.126+0000] {dag.py:3239} INFO - Sync 1 DAGs
[2026-07-04T10:22:16.209+0000] {logging_mixin.py:190} INFO - [2026-07-04T10:22:16.209+0000] {dag.py:4180} INFO - Setting next_dagrun for example_distributed_celery_fixed_sleep to None, run_after=None
[2026-07-04T10:22:16.249+0000] {processor.py:208} INFO - Processing /opt/airflow/dags/exemplos/example_distributed_2.py took 0.429 seconds
[2026-07-04T10:22:46.584+0000] {processor.py:186} INFO - Started process (PID=298) to work on /opt/airflow/dags/exemplos/example_distributed_2.py
[2026-07-04T10:22:46.601+0000] {processor.py:914} INFO - Processing file /opt/airflow/dags/exemplos/example_distributed_2.py for tasks to queue
[2026-07-04T10:22:46.625+0000] {logging_mixin.py:190} INFO - [2026-07-04T10:22:46.623+0000] {dagbag.py:588} INFO - Filling up the DagBag from /opt/airflow/dags/exemplos/example_distributed_2.py
[2026-07-04T10:22:46.738+0000] {processor.py:925} INFO - DAG(s) 'example_distributed_celery_fixed_sleep' retrieved from /opt/airflow/dags/exemplos/example_distributed_2.py
[2026-07-04T10:22:46.948+0000] {logging_mixin.py:190} INFO - [2026-07-04T10:22:46.948+0000] {dag.py:3239} INFO - Sync 1 DAGs
[2026-07-04T10:22:47.074+0000] {logging_mixin.py:190} INFO - [2026-07-04T10:22:47.073+0000] {dag.py:4180} INFO - Setting next_dagrun for example_distributed_celery_fixed_sleep to None, run_after=None
[2026-07-04T10:22:47.280+0000] {processor.py:208} INFO - Processing /opt/airflow/dags/exemplos/example_distributed_2.py took 0.795 seconds
[2026-07-04T10:23:18.103+0000] {processor.py:186} INFO - Started process (PID=308) to work on /opt/airflow/dags/exemplos/example_distributed_2.py
[2026-07-04T10:23:18.106+0000] {processor.py:914} INFO - Processing file /opt/airflow/dags/exemplos/example_distributed_2.py for tasks to queue
[2026-07-04T10:23:18.113+0000] {logging_mixin.py:190} INFO - [2026-07-04T10:23:18.112+0000] {dagbag.py:588} INFO - Filling up the DagBag from /opt/airflow/dags/exemplos/example_distributed_2.py
[2026-07-04T10:23:18.140+0000] {processor.py:925} INFO - DAG(s) 'example_distributed_celery_fixed_sleep' retrieved from /opt/airflow/dags/exemplos/example_distributed_2.py
[2026-07-04T10:23:18.236+0000] {logging_mixin.py:190} INFO - [2026-07-04T10:23:18.235+0000] {dag.py:3239} INFO - Sync 1 DAGs
[2026-07-04T10:23:18.273+0000] {logging_mixin.py:190} INFO - [2026-07-04T10:23:18.272+0000] {dag.py:4180} INFO - Setting next_dagrun for example_distributed_celery_fixed_sleep to None, run_after=None
[2026-07-04T10:23:18.318+0000] {processor.py:208} INFO - Processing /opt/airflow/dags/exemplos/example_distributed_2.py took 0.233 seconds
[2026-07-04T10:23:48.835+0000] {processor.py:186} INFO - Started process (PID=313) to work on /opt/airflow/dags/exemplos/example_distributed_2.py
[2026-07-04T10:23:48.836+0000] {processor.py:914} INFO - Processing file /opt/airflow/dags/exemplos/example_distributed_2.py for tasks to queue
[2026-07-04T10:23:48.841+0000] {logging_mixin.py:190} INFO - [2026-07-04T10:23:48.840+0000] {dagbag.py:588} INFO - Filling up the DagBag from /opt/airflow/dags/exemplos/example_distributed_2.py
[2026-07-04T10:23:48.859+0000] {processor.py:925} INFO - DAG(s) 'example_distributed_celery_fixed_sleep' retrieved from /opt/airflow/dags/exemplos/example_distributed_2.py
[2026-07-04T10:23:48.929+0000] {logging_mixin.py:190} INFO - [2026-07-04T10:23:48.928+0000] {dag.py:3239} INFO - Sync 1 DAGs
[2026-07-04T10:23:48.970+0000] {logging_mixin.py:190} INFO - [2026-07-04T10:23:48.969+0000] {dag.py:4180} INFO - Setting next_dagrun for example_distributed_celery_fixed_sleep to None, run_after=None
[2026-07-04T10:23:49.017+0000] {processor.py:208} INFO - Processing /opt/airflow/dags/exemplos/example_distributed_2.py took 0.199 seconds
[2026-07-04T10:24:19.745+0000] {processor.py:186} INFO - Started process (PID=324) to work on /opt/airflow/dags/exemplos/example_distributed_2.py
[2026-07-04T10:24:19.777+0000] {processor.py:914} INFO - Processing file /opt/airflow/dags/exemplos/example_distributed_2.py for tasks to queue
[2026-07-04T10:24:19.789+0000] {logging_mixin.py:190} INFO - [2026-07-04T10:24:19.785+0000] {dagbag.py:588} INFO - Filling up the DagBag from /opt/airflow/dags/exemplos/example_distributed_2.py
[2026-07-04T10:24:19.895+0000] {processor.py:925} INFO - DAG(s) 'example_distributed_celery_fixed_sleep' retrieved from /opt/airflow/dags/exemplos/example_distributed_2.py
[2026-07-04T10:24:20.259+0000] {logging_mixin.py:190} INFO - [2026-07-04T10:24:20.258+0000] {dag.py:3239} INFO - Sync 1 DAGs
[2026-07-04T10:24:20.408+0000] {logging_mixin.py:190} INFO - [2026-07-04T10:24:20.408+0000] {dag.py:4180} INFO - Setting next_dagrun for example_distributed_celery_fixed_sleep to None, run_after=None
[2026-07-04T10:24:20.576+0000] {processor.py:208} INFO - Processing /opt/airflow/dags/exemplos/example_distributed_2.py took 0.854 seconds
[2026-07-04T10:24:51.384+0000] {processor.py:186} INFO - Started process (PID=334) to work on /opt/airflow/dags/exemplos/example_distributed_2.py
[2026-07-04T10:24:51.392+0000] {processor.py:914} INFO - Processing file /opt/airflow/dags/exemplos/example_distributed_2.py for tasks to queue
[2026-07-04T10:24:51.411+0000] {logging_mixin.py:190} INFO - [2026-07-04T10:24:51.410+0000] {dagbag.py:588} INFO - Filling up the DagBag from /opt/airflow/dags/exemplos/example_distributed_2.py
[2026-07-04T10:24:51.515+0000] {processor.py:925} INFO - DAG(s) 'example_distributed_celery_fixed_sleep' retrieved from /opt/airflow/dags/exemplos/example_distributed_2.py
[2026-07-04T10:24:51.613+0000] {logging_mixin.py:190} INFO - [2026-07-04T10:24:51.613+0000] {dag.py:3239} INFO - Sync 1 DAGs
[2026-07-04T10:24:51.680+0000] {logging_mixin.py:190} INFO - [2026-07-04T10:24:51.680+0000] {dag.py:4180} INFO - Setting next_dagrun for example_distributed_celery_fixed_sleep to None, run_after=None
[2026-07-04T10:24:51.822+0000] {processor.py:208} INFO - Processing /opt/airflow/dags/exemplos/example_distributed_2.py took 0.471 seconds
[2026-07-04T10:25:23.163+0000] {processor.py:186} INFO - Started process (PID=344) to work on /opt/airflow/dags/exemplos/example_distributed_2.py
[2026-07-04T10:25:23.165+0000] {processor.py:914} INFO - Processing file /opt/airflow/dags/exemplos/example_distributed_2.py for tasks to queue
[2026-07-04T10:25:23.174+0000] {logging_mixin.py:190} INFO - [2026-07-04T10:25:23.174+0000] {dagbag.py:588} INFO - Filling up the DagBag from /opt/airflow/dags/exemplos/example_distributed_2.py
[2026-07-04T10:25:23.203+0000] {processor.py:925} INFO - DAG(s) 'example_distributed_celery_fixed_sleep' retrieved from /opt/airflow/dags/exemplos/example_distributed_2.py
[2026-07-04T10:25:23.394+0000] {logging_mixin.py:190} INFO - [2026-07-04T10:25:23.393+0000] {dag.py:3239} INFO - Sync 1 DAGs
[2026-07-04T10:25:23.478+0000] {logging_mixin.py:190} INFO - [2026-07-04T10:25:23.477+0000] {dag.py:4180} INFO - Setting next_dagrun for example_distributed_celery_fixed_sleep to None, run_after=None
[2026-07-04T10:25:23.645+0000] {processor.py:208} INFO - Processing /opt/airflow/dags/exemplos/example_distributed_2.py took 0.510 seconds
[2026-07-04T10:25:54.275+0000] {processor.py:186} INFO - Started process (PID=355) to work on /opt/airflow/dags/exemplos/example_distributed_2.py
[2026-07-04T10:25:54.276+0000] {processor.py:914} INFO - Processing file /opt/airflow/dags/exemplos/example_distributed_2.py for tasks to queue
[2026-07-04T10:25:54.281+0000] {logging_mixin.py:190} INFO - [2026-07-04T10:25:54.281+0000] {dagbag.py:588} INFO - Filling up the DagBag from /opt/airflow/dags/exemplos/example_distributed_2.py
[2026-07-04T10:25:54.310+0000] {processor.py:925} INFO - DAG(s) 'example_distributed_celery_fixed_sleep' retrieved from /opt/airflow/dags/exemplos/example_distributed_2.py
[2026-07-04T10:25:54.657+0000] {logging_mixin.py:190} INFO - [2026-07-04T10:25:54.651+0000] {dag.py:3239} INFO - Sync 1 DAGs
[2026-07-04T10:25:54.783+0000] {logging_mixin.py:190} INFO - [2026-07-04T10:25:54.782+0000] {dag.py:4180} INFO - Setting next_dagrun for example_distributed_celery_fixed_sleep to None, run_after=None
[2026-07-04T10:25:54.945+0000] {processor.py:208} INFO - Processing /opt/airflow/dags/exemplos/example_distributed_2.py took 0.695 seconds
[2026-07-04T10:26:25.501+0000] {processor.py:186} INFO - Started process (PID=366) to work on /opt/airflow/dags/exemplos/example_distributed_2.py
[2026-07-04T10:26:25.503+0000] {processor.py:914} INFO - Processing file /opt/airflow/dags/exemplos/example_distributed_2.py for tasks to queue
[2026-07-04T10:26:25.507+0000] {logging_mixin.py:190} INFO - [2026-07-04T10:26:25.506+0000] {dagbag.py:588} INFO - Filling up the DagBag from /opt/airflow/dags/exemplos/example_distributed_2.py
[2026-07-04T10:26:25.522+0000] {processor.py:925} INFO - DAG(s) 'example_distributed_celery_fixed_sleep' retrieved from /opt/airflow/dags/exemplos/example_distributed_2.py
[2026-07-04T10:26:25.592+0000] {logging_mixin.py:190} INFO - [2026-07-04T10:26:25.591+0000] {dag.py:3239} INFO - Sync 1 DAGs
[2026-07-04T10:26:25.628+0000] {logging_mixin.py:190} INFO - [2026-07-04T10:26:25.627+0000] {dag.py:4180} INFO - Setting next_dagrun for example_distributed_celery_fixed_sleep to None, run_after=None
[2026-07-04T10:26:25.671+0000] {processor.py:208} INFO - Processing /opt/airflow/dags/exemplos/example_distributed_2.py took 0.183 seconds
[2026-07-04T10:26:56.030+0000] {processor.py:186} INFO - Started process (PID=371) to work on /opt/airflow/dags/exemplos/example_distributed_2.py
[2026-07-04T10:26:56.031+0000] {processor.py:914} INFO - Processing file /opt/airflow/dags/exemplos/example_distributed_2.py for tasks to queue
[2026-07-04T10:26:56.035+0000] {logging_mixin.py:190} INFO - [2026-07-04T10:26:56.035+0000] {dagbag.py:588} INFO - Filling up the DagBag from /opt/airflow/dags/exemplos/example_distributed_2.py
[2026-07-04T10:26:56.050+0000] {processor.py:925} INFO - DAG(s) 'example_distributed_celery_fixed_sleep' retrieved from /opt/airflow/dags/exemplos/example_distributed_2.py
[2026-07-04T10:26:56.096+0000] {logging_mixin.py:190} INFO - [2026-07-04T10:26:56.096+0000] {dag.py:3239} INFO - Sync 1 DAGs
[2026-07-04T10:26:56.123+0000] {logging_mixin.py:190} INFO - [2026-07-04T10:26:56.122+0000] {dag.py:4180} INFO - Setting next_dagrun for example_distributed_celery_fixed_sleep to None, run_after=None
[2026-07-04T10:26:56.155+0000] {processor.py:208} INFO - Processing /opt/airflow/dags/exemplos/example_distributed_2.py took 0.134 seconds
[2026-07-04T10:27:26.546+0000] {processor.py:186} INFO - Started process (PID=382) to work on /opt/airflow/dags/exemplos/example_distributed_2.py
[2026-07-04T10:27:26.547+0000] {processor.py:914} INFO - Processing file /opt/airflow/dags/exemplos/example_distributed_2.py for tasks to queue
[2026-07-04T10:27:26.551+0000] {logging_mixin.py:190} INFO - [2026-07-04T10:27:26.551+0000] {dagbag.py:588} INFO - Filling up the DagBag from /opt/airflow/dags/exemplos/example_distributed_2.py
[2026-07-04T10:27:26.567+0000] {processor.py:925} INFO - DAG(s) 'example_distributed_celery_fixed_sleep' retrieved from /opt/airflow/dags/exemplos/example_distributed_2.py
[2026-07-04T10:27:26.613+0000] {logging_mixin.py:190} INFO - [2026-07-04T10:27:26.613+0000] {dag.py:3239} INFO - Sync 1 DAGs
[2026-07-04T10:27:26.640+0000] {logging_mixin.py:190} INFO - [2026-07-04T10:27:26.640+0000] {dag.py:4180} INFO - Setting next_dagrun for example_distributed_celery_fixed_sleep to None, run_after=None
[2026-07-04T10:27:26.677+0000] {processor.py:208} INFO - Processing /opt/airflow/dags/exemplos/example_distributed_2.py took 0.144 seconds
[2026-07-04T10:27:57.019+0000] {processor.py:186} INFO - Started process (PID=393) to work on /opt/airflow/dags/exemplos/example_distributed_2.py
[2026-07-04T10:27:57.020+0000] {processor.py:914} INFO - Processing file /opt/airflow/dags/exemplos/example_distributed_2.py for tasks to queue
[2026-07-04T10:27:57.024+0000] {logging_mixin.py:190} INFO - [2026-07-04T10:27:57.023+0000] {dagbag.py:588} INFO - Filling up the DagBag from /opt/airflow/dags/exemplos/example_distributed_2.py
[2026-07-04T10:27:57.038+0000] {processor.py:925} INFO - DAG(s) 'example_distributed_celery_fixed_sleep' retrieved from /opt/airflow/dags/exemplos/example_distributed_2.py
[2026-07-04T10:27:57.085+0000] {logging_mixin.py:190} INFO - [2026-07-04T10:27:57.085+0000] {dag.py:3239} INFO - Sync 1 DAGs
[2026-07-04T10:27:57.112+0000] {logging_mixin.py:190} INFO - [2026-07-04T10:27:57.111+0000] {dag.py:4180} INFO - Setting next_dagrun for example_distributed_celery_fixed_sleep to None, run_after=None
[2026-07-04T10:27:57.141+0000] {processor.py:208} INFO - Processing /opt/airflow/dags/exemplos/example_distributed_2.py took 0.136 seconds
[2026-07-04T10:28:27.512+0000] {processor.py:186} INFO - Started process (PID=404) to work on /opt/airflow/dags/exemplos/example_distributed_2.py
[2026-07-04T10:28:27.514+0000] {processor.py:914} INFO - Processing file /opt/airflow/dags/exemplos/example_distributed_2.py for tasks to queue
[2026-07-04T10:28:27.521+0000] {logging_mixin.py:190} INFO - [2026-07-04T10:28:27.520+0000] {dagbag.py:588} INFO - Filling up the DagBag from /opt/airflow/dags/exemplos/example_distributed_2.py
[2026-07-04T10:28:27.550+0000] {processor.py:925} INFO - DAG(s) 'example_distributed_celery_fixed_sleep' retrieved from /opt/airflow/dags/exemplos/example_distributed_2.py
[2026-07-04T10:28:27.610+0000] {logging_mixin.py:190} INFO - [2026-07-04T10:28:27.610+0000] {dag.py:3239} INFO - Sync 1 DAGs
[2026-07-04T10:28:27.634+0000] {logging_mixin.py:190} INFO - [2026-07-04T10:28:27.634+0000] {dag.py:4180} INFO - Setting next_dagrun for example_distributed_celery_fixed_sleep to None, run_after=None
[2026-07-04T10:28:27.665+0000] {processor.py:208} INFO - Processing /opt/airflow/dags/exemplos/example_distributed_2.py took 0.163 seconds
[2026-07-04T10:28:58.241+0000] {processor.py:186} INFO - Started process (PID=415) to work on /opt/airflow/dags/exemplos/example_distributed_2.py
[2026-07-04T10:28:58.249+0000] {processor.py:914} INFO - Processing file /opt/airflow/dags/exemplos/example_distributed_2.py for tasks to queue
[2026-07-04T10:28:58.264+0000] {logging_mixin.py:190} INFO - [2026-07-04T10:28:58.264+0000] {dagbag.py:588} INFO - Filling up the DagBag from /opt/airflow/dags/exemplos/example_distributed_2.py
[2026-07-04T10:28:58.304+0000] {processor.py:925} INFO - DAG(s) 'example_distributed_celery_fixed_sleep' retrieved from /opt/airflow/dags/exemplos/example_distributed_2.py
[2026-07-04T10:28:58.430+0000] {logging_mixin.py:190} INFO - [2026-07-04T10:28:58.429+0000] {dag.py:3239} INFO - Sync 1 DAGs
[2026-07-04T10:28:58.511+0000] {logging_mixin.py:190} INFO - [2026-07-04T10:28:58.511+0000] {dag.py:4180} INFO - Setting next_dagrun for example_distributed_celery_fixed_sleep to None, run_after=None
[2026-07-04T10:28:58.578+0000] {processor.py:208} INFO - Processing /opt/airflow/dags/exemplos/example_distributed_2.py took 0.365 seconds
[2026-07-04T10:29:29.145+0000] {processor.py:186} INFO - Started process (PID=426) to work on /opt/airflow/dags/exemplos/example_distributed_2.py
[2026-07-04T10:29:29.147+0000] {processor.py:914} INFO - Processing file /opt/airflow/dags/exemplos/example_distributed_2.py for tasks to queue
[2026-07-04T10:29:29.151+0000] {logging_mixin.py:190} INFO - [2026-07-04T10:29:29.151+0000] {dagbag.py:588} INFO - Filling up the DagBag from /opt/airflow/dags/exemplos/example_distributed_2.py
[2026-07-04T10:29:29.167+0000] {processor.py:925} INFO - DAG(s) 'example_distributed_celery_fixed_sleep' retrieved from /opt/airflow/dags/exemplos/example_distributed_2.py
[2026-07-04T10:29:29.212+0000] {logging_mixin.py:190} INFO - [2026-07-04T10:29:29.212+0000] {dag.py:3239} INFO - Sync 1 DAGs
[2026-07-04T10:29:29.239+0000] {logging_mixin.py:190} INFO - [2026-07-04T10:29:29.239+0000] {dag.py:4180} INFO - Setting next_dagrun for example_distributed_celery_fixed_sleep to None, run_after=None
[2026-07-04T10:29:29.272+0000] {processor.py:208} INFO - Processing /opt/airflow/dags/exemplos/example_distributed_2.py took 0.139 seconds
[2026-07-04T10:29:59.858+0000] {processor.py:186} INFO - Started process (PID=437) to work on /opt/airflow/dags/exemplos/example_distributed_2.py
[2026-07-04T10:29:59.861+0000] {processor.py:914} INFO - Processing file /opt/airflow/dags/exemplos/example_distributed_2.py for tasks to queue
[2026-07-04T10:29:59.869+0000] {logging_mixin.py:190} INFO - [2026-07-04T10:29:59.867+0000] {dagbag.py:588} INFO - Filling up the DagBag from /opt/airflow/dags/exemplos/example_distributed_2.py
[2026-07-04T10:29:59.907+0000] {processor.py:925} INFO - DAG(s) 'example_distributed_celery_fixed_sleep' retrieved from /opt/airflow/dags/exemplos/example_distributed_2.py
[2026-07-04T10:29:59.983+0000] {logging_mixin.py:190} INFO - [2026-07-04T10:29:59.982+0000] {dag.py:3239} INFO - Sync 1 DAGs
[2026-07-04T10:30:00.030+0000] {logging_mixin.py:190} INFO - [2026-07-04T10:30:00.029+0000] {dag.py:4180} INFO - Setting next_dagrun for example_distributed_celery_fixed_sleep to None, run_after=None
[2026-07-04T10:30:00.099+0000] {processor.py:208} INFO - Processing /opt/airflow/dags/exemplos/example_distributed_2.py took 0.258 seconds
[2026-07-04T10:30:30.638+0000] {processor.py:186} INFO - Started process (PID=448) to work on /opt/airflow/dags/exemplos/example_distributed_2.py
[2026-07-04T10:30:30.640+0000] {processor.py:914} INFO - Processing file /opt/airflow/dags/exemplos/example_distributed_2.py for tasks to queue
[2026-07-04T10:30:30.647+0000] {logging_mixin.py:190} INFO - [2026-07-04T10:30:30.646+0000] {dagbag.py:588} INFO - Filling up the DagBag from /opt/airflow/dags/exemplos/example_distributed_2.py
[2026-07-04T10:30:30.662+0000] {processor.py:925} INFO - DAG(s) 'example_distributed_celery_fixed_sleep' retrieved from /opt/airflow/dags/exemplos/example_distributed_2.py
[2026-07-04T10:30:30.708+0000] {logging_mixin.py:190} INFO - [2026-07-04T10:30:30.708+0000] {dag.py:3239} INFO - Sync 1 DAGs
[2026-07-04T10:30:30.734+0000] {logging_mixin.py:190} INFO - [2026-07-04T10:30:30.734+0000] {dag.py:4180} INFO - Setting next_dagrun for example_distributed_celery_fixed_sleep to None, run_after=None
[2026-07-04T10:30:30.763+0000] {processor.py:208} INFO - Processing /opt/airflow/dags/exemplos/example_distributed_2.py took 0.140 seconds
[2026-07-04T10:31:01.291+0000] {processor.py:186} INFO - Started process (PID=458) to work on /opt/airflow/dags/exemplos/example_distributed_2.py
[2026-07-04T10:31:01.293+0000] {processor.py:914} INFO - Processing file /opt/airflow/dags/exemplos/example_distributed_2.py for tasks to queue
[2026-07-04T10:31:01.299+0000] {logging_mixin.py:190} INFO - [2026-07-04T10:31:01.298+0000] {dagbag.py:588} INFO - Filling up the DagBag from /opt/airflow/dags/exemplos/example_distributed_2.py
[2026-07-04T10:31:01.327+0000] {processor.py:925} INFO - DAG(s) 'example_distributed_celery_fixed_sleep' retrieved from /opt/airflow/dags/exemplos/example_distributed_2.py
[2026-07-04T10:31:01.397+0000] {logging_mixin.py:190} INFO - [2026-07-04T10:31:01.397+0000] {dag.py:3239} INFO - Sync 1 DAGs
[2026-07-04T10:31:01.431+0000] {logging_mixin.py:190} INFO - [2026-07-04T10:31:01.431+0000] {dag.py:4180} INFO - Setting next_dagrun for example_distributed_celery_fixed_sleep to None, run_after=None
[2026-07-04T10:31:01.460+0000] {processor.py:208} INFO - Processing /opt/airflow/dags/exemplos/example_distributed_2.py took 0.184 seconds
[2026-07-04T10:31:31.823+0000] {processor.py:186} INFO - Started process (PID=463) to work on /opt/airflow/dags/exemplos/example_distributed_2.py
[2026-07-04T10:31:31.825+0000] {processor.py:914} INFO - Processing file /opt/airflow/dags/exemplos/example_distributed_2.py for tasks to queue
[2026-07-04T10:31:31.829+0000] {logging_mixin.py:190} INFO - [2026-07-04T10:31:31.828+0000] {dagbag.py:588} INFO - Filling up the DagBag from /opt/airflow/dags/exemplos/example_distributed_2.py
[2026-07-04T10:31:31.844+0000] {processor.py:925} INFO - DAG(s) 'example_distributed_celery_fixed_sleep' retrieved from /opt/airflow/dags/exemplos/example_distributed_2.py
[2026-07-04T10:31:31.896+0000] {logging_mixin.py:190} INFO - [2026-07-04T10:31:31.896+0000] {dag.py:3239} INFO - Sync 1 DAGs
[2026-07-04T10:31:31.921+0000] {logging_mixin.py:190} INFO - [2026-07-04T10:31:31.920+0000] {dag.py:4180} INFO - Setting next_dagrun for example_distributed_celery_fixed_sleep to None, run_after=None
[2026-07-04T10:31:31.952+0000] {processor.py:208} INFO - Processing /opt/airflow/dags/exemplos/example_distributed_2.py took 0.139 seconds
[2026-07-04T10:32:02.545+0000] {processor.py:186} INFO - Started process (PID=474) to work on /opt/airflow/dags/exemplos/example_distributed_2.py
[2026-07-04T10:32:02.546+0000] {processor.py:914} INFO - Processing file /opt/airflow/dags/exemplos/example_distributed_2.py for tasks to queue
[2026-07-04T10:32:02.550+0000] {logging_mixin.py:190} INFO - [2026-07-04T10:32:02.549+0000] {dagbag.py:588} INFO - Filling up the DagBag from /opt/airflow/dags/exemplos/example_distributed_2.py
[2026-07-04T10:32:02.567+0000] {processor.py:925} INFO - DAG(s) 'example_distributed_celery_fixed_sleep' retrieved from /opt/airflow/dags/exemplos/example_distributed_2.py
[2026-07-04T10:32:02.621+0000] {logging_mixin.py:190} INFO - [2026-07-04T10:32:02.620+0000] {dag.py:3239} INFO - Sync 1 DAGs
[2026-07-04T10:32:02.652+0000] {logging_mixin.py:190} INFO - [2026-07-04T10:32:02.652+0000] {dag.py:4180} INFO - Setting next_dagrun for example_distributed_celery_fixed_sleep to None, run_after=None
[2026-07-04T10:32:02.681+0000] {processor.py:208} INFO - Processing /opt/airflow/dags/exemplos/example_distributed_2.py took 0.147 seconds
[2026-07-04T13:26:15.512+0000] {processor.py:186} INFO - Started process (PID=485) to work on /opt/airflow/dags/exemplos/example_distributed_2.py
[2026-07-04T13:26:15.515+0000] {processor.py:914} INFO - Processing file /opt/airflow/dags/exemplos/example_distributed_2.py for tasks to queue
[2026-07-04T13:26:15.543+0000] {logging_mixin.py:190} INFO - [2026-07-04T13:26:15.543+0000] {dagbag.py:588} INFO - Filling up the DagBag from /opt/airflow/dags/exemplos/example_distributed_2.py
[2026-07-04T13:26:15.606+0000] {processor.py:925} INFO - DAG(s) 'example_distributed_celery_fixed_sleep' retrieved from /opt/airflow/dags/exemplos/example_distributed_2.py
[2026-07-04T13:26:15.713+0000] {logging_mixin.py:190} INFO - [2026-07-04T13:26:15.712+0000] {dag.py:3239} INFO - Sync 1 DAGs
[2026-07-04T13:26:15.765+0000] {logging_mixin.py:190} INFO - [2026-07-04T13:26:15.764+0000] {dag.py:4180} INFO - Setting next_dagrun for example_distributed_celery_fixed_sleep to None, run_after=None
[2026-07-04T13:26:15.859+0000] {processor.py:208} INFO - Processing /opt/airflow/dags/exemplos/example_distributed_2.py took 0.482 seconds
[2026-07-04T13:26:46.456+0000] {processor.py:186} INFO - Started process (PID=497) to work on /opt/airflow/dags/exemplos/example_distributed_2.py
[2026-07-04T13:26:46.457+0000] {processor.py:914} INFO - Processing file /opt/airflow/dags/exemplos/example_distributed_2.py for tasks to queue
[2026-07-04T13:26:46.460+0000] {logging_mixin.py:190} INFO - [2026-07-04T13:26:46.459+0000] {dagbag.py:588} INFO - Filling up the DagBag from /opt/airflow/dags/exemplos/example_distributed_2.py
[2026-07-04T13:26:46.475+0000] {processor.py:925} INFO - DAG(s) 'example_distributed_celery_fixed_sleep' retrieved from /opt/airflow/dags/exemplos/example_distributed_2.py
[2026-07-04T13:26:46.518+0000] {logging_mixin.py:190} INFO - [2026-07-04T13:26:46.518+0000] {dag.py:3239} INFO - Sync 1 DAGs
[2026-07-04T13:26:46.546+0000] {logging_mixin.py:190} INFO - [2026-07-04T13:26:46.546+0000] {dag.py:4180} INFO - Setting next_dagrun for example_distributed_celery_fixed_sleep to None, run_after=None
[2026-07-04T13:26:46.576+0000] {processor.py:208} INFO - Processing /opt/airflow/dags/exemplos/example_distributed_2.py took 0.130 seconds
[2026-07-04T13:27:16.972+0000] {processor.py:186} INFO - Started process (PID=508) to work on /opt/airflow/dags/exemplos/example_distributed_2.py
[2026-07-04T13:27:16.974+0000] {processor.py:914} INFO - Processing file /opt/airflow/dags/exemplos/example_distributed_2.py for tasks to queue
[2026-07-04T13:27:16.978+0000] {logging_mixin.py:190} INFO - [2026-07-04T13:27:16.977+0000] {dagbag.py:588} INFO - Filling up the DagBag from /opt/airflow/dags/exemplos/example_distributed_2.py
[2026-07-04T13:27:17.003+0000] {processor.py:925} INFO - DAG(s) 'example_distributed_celery_fixed_sleep' retrieved from /opt/airflow/dags/exemplos/example_distributed_2.py
[2026-07-04T13:27:17.115+0000] {logging_mixin.py:190} INFO - [2026-07-04T13:27:17.114+0000] {dag.py:3239} INFO - Sync 1 DAGs
[2026-07-04T13:27:17.171+0000] {logging_mixin.py:190} INFO - [2026-07-04T13:27:17.170+0000] {dag.py:4180} INFO - Setting next_dagrun for example_distributed_celery_fixed_sleep to None, run_after=None
[2026-07-04T13:27:17.236+0000] {processor.py:208} INFO - Processing /opt/airflow/dags/exemplos/example_distributed_2.py took 0.286 seconds
[2026-07-04T13:27:51.191+0000] {processor.py:186} INFO - Started process (PID=518) to work on /opt/airflow/dags/exemplos/example_distributed_2.py
[2026-07-04T13:27:51.229+0000] {processor.py:914} INFO - Processing file /opt/airflow/dags/exemplos/example_distributed_2.py for tasks to queue
[2026-07-04T13:27:51.238+0000] {logging_mixin.py:190} INFO - [2026-07-04T13:27:51.237+0000] {dagbag.py:588} INFO - Filling up the DagBag from /opt/airflow/dags/exemplos/example_distributed_2.py
[2026-07-04T13:27:51.285+0000] {processor.py:925} INFO - DAG(s) 'example_distributed_celery_fixed_sleep' retrieved from /opt/airflow/dags/exemplos/example_distributed_2.py
[2026-07-04T13:27:51.353+0000] {logging_mixin.py:190} INFO - [2026-07-04T13:27:51.353+0000] {dag.py:3239} INFO - Sync 1 DAGs
[2026-07-04T13:27:51.376+0000] {logging_mixin.py:190} INFO - [2026-07-04T13:27:51.376+0000] {dag.py:4180} INFO - Setting next_dagrun for example_distributed_celery_fixed_sleep to None, run_after=None
[2026-07-04T13:27:52.008+0000] {processor.py:208} INFO - Processing /opt/airflow/dags/exemplos/example_distributed_2.py took 0.826 seconds
[2026-07-04T13:28:22.754+0000] {processor.py:186} INFO - Started process (PID=528) to work on /opt/airflow/dags/exemplos/example_distributed_2.py
[2026-07-04T13:28:22.757+0000] {processor.py:914} INFO - Processing file /opt/airflow/dags/exemplos/example_distributed_2.py for tasks to queue
[2026-07-04T13:28:22.762+0000] {logging_mixin.py:190} INFO - [2026-07-04T13:28:22.762+0000] {dagbag.py:588} INFO - Filling up the DagBag from /opt/airflow/dags/exemplos/example_distributed_2.py
[2026-07-04T13:28:22.782+0000] {processor.py:925} INFO - DAG(s) 'example_distributed_celery_fixed_sleep' retrieved from /opt/airflow/dags/exemplos/example_distributed_2.py
[2026-07-04T13:28:22.905+0000] {logging_mixin.py:190} INFO - [2026-07-04T13:28:22.905+0000] {dag.py:3239} INFO - Sync 1 DAGs
[2026-07-04T13:28:22.941+0000] {logging_mixin.py:190} INFO - [2026-07-04T13:28:22.940+0000] {dag.py:4180} INFO - Setting next_dagrun for example_distributed_celery_fixed_sleep to None, run_after=None
[2026-07-04T13:28:23.009+0000] {processor.py:208} INFO - Processing /opt/airflow/dags/exemplos/example_distributed_2.py took 0.270 seconds
[2026-07-04T13:28:56.649+0000] {processor.py:186} INFO - Started process (PID=533) to work on /opt/airflow/dags/exemplos/example_distributed_2.py
[2026-07-04T13:28:56.828+0000] {processor.py:914} INFO - Processing file /opt/airflow/dags/exemplos/example_distributed_2.py for tasks to queue
[2026-07-04T13:28:56.952+0000] {logging_mixin.py:190} INFO - [2026-07-04T13:28:56.839+0000] {dagbag.py:588} INFO - Filling up the DagBag from /opt/airflow/dags/exemplos/example_distributed_2.py
[2026-07-04T13:28:57.733+0000] {processor.py:925} INFO - DAG(s) 'example_distributed_celery_fixed_sleep' retrieved from /opt/airflow/dags/exemplos/example_distributed_2.py
[2026-07-04T13:29:02.232+0000] {logging_mixin.py:190} INFO - [2026-07-04T13:29:02.232+0000] {dag.py:3239} INFO - Sync 1 DAGs
[2026-07-04T13:29:02.702+0000] {logging_mixin.py:190} INFO - [2026-07-04T13:29:02.701+0000] {dag.py:4180} INFO - Setting next_dagrun for example_distributed_celery_fixed_sleep to None, run_after=None
[2026-07-04T13:29:03.130+0000] {processor.py:208} INFO - Processing /opt/airflow/dags/exemplos/example_distributed_2.py took 6.515 seconds
[2026-07-04T13:29:33.518+0000] {processor.py:186} INFO - Started process (PID=543) to work on /opt/airflow/dags/exemplos/example_distributed_2.py
[2026-07-04T13:29:33.521+0000] {processor.py:914} INFO - Processing file /opt/airflow/dags/exemplos/example_distributed_2.py for tasks to queue
[2026-07-04T13:29:33.527+0000] {logging_mixin.py:190} INFO - [2026-07-04T13:29:33.526+0000] {dagbag.py:588} INFO - Filling up the DagBag from /opt/airflow/dags/exemplos/example_distributed_2.py
[2026-07-04T13:29:33.560+0000] {processor.py:925} INFO - DAG(s) 'example_distributed_celery_fixed_sleep' retrieved from /opt/airflow/dags/exemplos/example_distributed_2.py
[2026-07-04T13:29:33.629+0000] {logging_mixin.py:190} INFO - [2026-07-04T13:29:33.628+0000] {dag.py:3239} INFO - Sync 1 DAGs
[2026-07-04T13:29:33.683+0000] {logging_mixin.py:190} INFO - [2026-07-04T13:29:33.682+0000] {dag.py:4180} INFO - Setting next_dagrun for example_distributed_celery_fixed_sleep to None, run_after=None
[2026-07-04T13:29:33.740+0000] {processor.py:208} INFO - Processing /opt/airflow/dags/exemplos/example_distributed_2.py took 0.236 seconds
[2026-07-04T13:30:04.437+0000] {processor.py:186} INFO - Started process (PID=554) to work on /opt/airflow/dags/exemplos/example_distributed_2.py
[2026-07-04T13:30:04.439+0000] {processor.py:914} INFO - Processing file /opt/airflow/dags/exemplos/example_distributed_2.py for tasks to queue
[2026-07-04T13:30:04.451+0000] {logging_mixin.py:190} INFO - [2026-07-04T13:30:04.450+0000] {dagbag.py:588} INFO - Filling up the DagBag from /opt/airflow/dags/exemplos/example_distributed_2.py
[2026-07-04T13:30:04.506+0000] {processor.py:925} INFO - DAG(s) 'example_distributed_celery_fixed_sleep' retrieved from /opt/airflow/dags/exemplos/example_distributed_2.py
[2026-07-04T13:30:04.616+0000] {logging_mixin.py:190} INFO - [2026-07-04T13:30:04.615+0000] {dag.py:3239} INFO - Sync 1 DAGs
[2026-07-04T13:30:04.673+0000] {logging_mixin.py:190} INFO - [2026-07-04T13:30:04.673+0000] {dag.py:4180} INFO - Setting next_dagrun for example_distributed_celery_fixed_sleep to None, run_after=None
[2026-07-04T13:30:04.766+0000] {processor.py:208} INFO - Processing /opt/airflow/dags/exemplos/example_distributed_2.py took 0.346 seconds
[2026-07-04T13:30:35.168+0000] {processor.py:186} INFO - Started process (PID=565) to work on /opt/airflow/dags/exemplos/example_distributed_2.py
[2026-07-04T13:30:35.170+0000] {processor.py:914} INFO - Processing file /opt/airflow/dags/exemplos/example_distributed_2.py for tasks to queue
[2026-07-04T13:30:35.176+0000] {logging_mixin.py:190} INFO - [2026-07-04T13:30:35.175+0000] {dagbag.py:588} INFO - Filling up the DagBag from /opt/airflow/dags/exemplos/example_distributed_2.py
[2026-07-04T13:30:35.195+0000] {processor.py:925} INFO - DAG(s) 'example_distributed_celery_fixed_sleep' retrieved from /opt/airflow/dags/exemplos/example_distributed_2.py
[2026-07-04T13:30:35.253+0000] {logging_mixin.py:190} INFO - [2026-07-04T13:30:35.253+0000] {dag.py:3239} INFO - Sync 1 DAGs
[2026-07-04T13:30:35.283+0000] {logging_mixin.py:190} INFO - [2026-07-04T13:30:35.282+0000] {dag.py:4180} INFO - Setting next_dagrun for example_distributed_celery_fixed_sleep to None, run_after=None
[2026-07-04T13:30:35.318+0000] {processor.py:208} INFO - Processing /opt/airflow/dags/exemplos/example_distributed_2.py took 0.182 seconds
[2026-07-04T13:31:05.837+0000] {processor.py:186} INFO - Started process (PID=576) to work on /opt/airflow/dags/exemplos/example_distributed_2.py
[2026-07-04T13:31:05.839+0000] {processor.py:914} INFO - Processing file /opt/airflow/dags/exemplos/example_distributed_2.py for tasks to queue
[2026-07-04T13:31:05.843+0000] {logging_mixin.py:190} INFO - [2026-07-04T13:31:05.843+0000] {dagbag.py:588} INFO - Filling up the DagBag from /opt/airflow/dags/exemplos/example_distributed_2.py
[2026-07-04T13:31:05.862+0000] {processor.py:925} INFO - DAG(s) 'example_distributed_celery_fixed_sleep' retrieved from /opt/airflow/dags/exemplos/example_distributed_2.py
[2026-07-04T13:31:05.925+0000] {logging_mixin.py:190} INFO - [2026-07-04T13:31:05.925+0000] {dag.py:3239} INFO - Sync 1 DAGs
[2026-07-04T13:31:05.955+0000] {logging_mixin.py:190} INFO - [2026-07-04T13:31:05.955+0000] {dag.py:4180} INFO - Setting next_dagrun for example_distributed_celery_fixed_sleep to None, run_after=None
[2026-07-04T13:31:05.996+0000] {processor.py:208} INFO - Processing /opt/airflow/dags/exemplos/example_distributed_2.py took 0.169 seconds
[2026-07-04T13:31:36.820+0000] {processor.py:186} INFO - Started process (PID=587) to work on /opt/airflow/dags/exemplos/example_distributed_2.py
[2026-07-04T13:31:36.821+0000] {processor.py:914} INFO - Processing file /opt/airflow/dags/exemplos/example_distributed_2.py for tasks to queue
[2026-07-04T13:31:36.830+0000] {logging_mixin.py:190} INFO - [2026-07-04T13:31:36.827+0000] {dagbag.py:588} INFO - Filling up the DagBag from /opt/airflow/dags/exemplos/example_distributed_2.py
[2026-07-04T13:31:36.860+0000] {processor.py:925} INFO - DAG(s) 'example_distributed_celery_fixed_sleep' retrieved from /opt/airflow/dags/exemplos/example_distributed_2.py
[2026-07-04T13:31:36.952+0000] {logging_mixin.py:190} INFO - [2026-07-04T13:31:36.951+0000] {dag.py:3239} INFO - Sync 1 DAGs
[2026-07-04T13:31:36.980+0000] {logging_mixin.py:190} INFO - [2026-07-04T13:31:36.980+0000] {dag.py:4180} INFO - Setting next_dagrun for example_distributed_celery_fixed_sleep to None, run_after=None
[2026-07-04T13:31:37.014+0000] {processor.py:208} INFO - Processing /opt/airflow/dags/exemplos/example_distributed_2.py took 0.213 seconds
[2026-07-04T13:32:07.410+0000] {processor.py:186} INFO - Started process (PID=597) to work on /opt/airflow/dags/exemplos/example_distributed_2.py
[2026-07-04T13:32:07.411+0000] {processor.py:914} INFO - Processing file /opt/airflow/dags/exemplos/example_distributed_2.py for tasks to queue
[2026-07-04T13:32:07.418+0000] {logging_mixin.py:190} INFO - [2026-07-04T13:32:07.417+0000] {dagbag.py:588} INFO - Filling up the DagBag from /opt/airflow/dags/exemplos/example_distributed_2.py
[2026-07-04T13:32:07.443+0000] {processor.py:925} INFO - DAG(s) 'example_distributed_celery_fixed_sleep' retrieved from /opt/airflow/dags/exemplos/example_distributed_2.py
[2026-07-04T13:32:07.524+0000] {logging_mixin.py:190} INFO - [2026-07-04T13:32:07.523+0000] {dag.py:3239} INFO - Sync 1 DAGs
[2026-07-04T13:32:07.570+0000] {logging_mixin.py:190} INFO - [2026-07-04T13:32:07.569+0000] {dag.py:4180} INFO - Setting next_dagrun for example_distributed_celery_fixed_sleep to None, run_after=None
[2026-07-04T13:32:07.621+0000] {processor.py:208} INFO - Processing /opt/airflow/dags/exemplos/example_distributed_2.py took 0.226 seconds
[2026-07-04T13:32:37.678+0000] {processor.py:186} INFO - Started process (PID=602) to work on /opt/airflow/dags/exemplos/example_distributed_2.py
[2026-07-04T13:32:37.679+0000] {processor.py:914} INFO - Processing file /opt/airflow/dags/exemplos/example_distributed_2.py for tasks to queue
[2026-07-04T13:32:37.686+0000] {logging_mixin.py:190} INFO - [2026-07-04T13:32:37.684+0000] {dagbag.py:588} INFO - Filling up the DagBag from /opt/airflow/dags/exemplos/example_distributed_2.py
[2026-07-04T13:32:37.710+0000] {processor.py:925} INFO - DAG(s) 'example_distributed_celery_fixed_sleep' retrieved from /opt/airflow/dags/exemplos/example_distributed_2.py
[2026-07-04T13:32:37.767+0000] {logging_mixin.py:190} INFO - [2026-07-04T13:32:37.766+0000] {dag.py:3239} INFO - Sync 1 DAGs
[2026-07-04T13:32:37.797+0000] {logging_mixin.py:190} INFO - [2026-07-04T13:32:37.797+0000] {dag.py:4180} INFO - Setting next_dagrun for example_distributed_celery_fixed_sleep to None, run_after=None
[2026-07-04T13:32:37.830+0000] {processor.py:208} INFO - Processing /opt/airflow/dags/exemplos/example_distributed_2.py took 0.165 seconds
[2026-07-04T13:33:08.477+0000] {processor.py:186} INFO - Started process (PID=613) to work on /opt/airflow/dags/exemplos/example_distributed_2.py
[2026-07-04T13:33:08.479+0000] {processor.py:914} INFO - Processing file /opt/airflow/dags/exemplos/example_distributed_2.py for tasks to queue
[2026-07-04T13:33:08.484+0000] {logging_mixin.py:190} INFO - [2026-07-04T13:33:08.483+0000] {dagbag.py:588} INFO - Filling up the DagBag from /opt/airflow/dags/exemplos/example_distributed_2.py
[2026-07-04T13:33:08.512+0000] {processor.py:925} INFO - DAG(s) 'example_distributed_celery_fixed_sleep' retrieved from /opt/airflow/dags/exemplos/example_distributed_2.py
[2026-07-04T13:33:08.595+0000] {logging_mixin.py:190} INFO - [2026-07-04T13:33:08.595+0000] {dag.py:3239} INFO - Sync 1 DAGs
[2026-07-04T13:33:08.647+0000] {logging_mixin.py:190} INFO - [2026-07-04T13:33:08.647+0000] {dag.py:4180} INFO - Setting next_dagrun for example_distributed_celery_fixed_sleep to None, run_after=None
[2026-07-04T13:33:08.725+0000] {processor.py:208} INFO - Processing /opt/airflow/dags/exemplos/example_distributed_2.py took 0.265 seconds
[2026-07-04T13:33:39.478+0000] {processor.py:186} INFO - Started process (PID=624) to work on /opt/airflow/dags/exemplos/example_distributed_2.py
[2026-07-04T13:33:39.480+0000] {processor.py:914} INFO - Processing file /opt/airflow/dags/exemplos/example_distributed_2.py for tasks to queue
[2026-07-04T13:33:39.485+0000] {logging_mixin.py:190} INFO - [2026-07-04T13:33:39.485+0000] {dagbag.py:588} INFO - Filling up the DagBag from /opt/airflow/dags/exemplos/example_distributed_2.py
[2026-07-04T13:33:39.504+0000] {processor.py:925} INFO - DAG(s) 'example_distributed_celery_fixed_sleep' retrieved from /opt/airflow/dags/exemplos/example_distributed_2.py
[2026-07-04T13:33:39.572+0000] {logging_mixin.py:190} INFO - [2026-07-04T13:33:39.572+0000] {dag.py:3239} INFO - Sync 1 DAGs
[2026-07-04T13:33:39.602+0000] {logging_mixin.py:190} INFO - [2026-07-04T13:33:39.601+0000] {dag.py:4180} INFO - Setting next_dagrun for example_distributed_celery_fixed_sleep to None, run_after=None
[2026-07-04T13:33:39.647+0000] {processor.py:208} INFO - Processing /opt/airflow/dags/exemplos/example_distributed_2.py took 0.177 seconds
[2026-07-04T13:34:10.095+0000] {processor.py:186} INFO - Started process (PID=635) to work on /opt/airflow/dags/exemplos/example_distributed_2.py
[2026-07-04T13:34:10.097+0000] {processor.py:914} INFO - Processing file /opt/airflow/dags/exemplos/example_distributed_2.py for tasks to queue
[2026-07-04T13:34:10.101+0000] {logging_mixin.py:190} INFO - [2026-07-04T13:34:10.101+0000] {dagbag.py:588} INFO - Filling up the DagBag from /opt/airflow/dags/exemplos/example_distributed_2.py
[2026-07-04T13:34:10.126+0000] {processor.py:925} INFO - DAG(s) 'example_distributed_celery_fixed_sleep' retrieved from /opt/airflow/dags/exemplos/example_distributed_2.py
[2026-07-04T13:34:10.180+0000] {logging_mixin.py:190} INFO - [2026-07-04T13:34:10.180+0000] {dag.py:3239} INFO - Sync 1 DAGs
[2026-07-04T13:34:10.205+0000] {logging_mixin.py:190} INFO - [2026-07-04T13:34:10.204+0000] {dag.py:4180} INFO - Setting next_dagrun for example_distributed_celery_fixed_sleep to None, run_after=None
[2026-07-04T13:34:10.238+0000] {processor.py:208} INFO - Processing /opt/airflow/dags/exemplos/example_distributed_2.py took 0.153 seconds
[2026-07-04T13:34:40.738+0000] {processor.py:186} INFO - Started process (PID=646) to work on /opt/airflow/dags/exemplos/example_distributed_2.py
[2026-07-04T13:34:40.740+0000] {processor.py:914} INFO - Processing file /opt/airflow/dags/exemplos/example_distributed_2.py for tasks to queue
[2026-07-04T13:34:40.746+0000] {logging_mixin.py:190} INFO - [2026-07-04T13:34:40.745+0000] {dagbag.py:588} INFO - Filling up the DagBag from /opt/airflow/dags/exemplos/example_distributed_2.py
[2026-07-04T13:34:40.770+0000] {processor.py:925} INFO - DAG(s) 'example_distributed_celery_fixed_sleep' retrieved from /opt/airflow/dags/exemplos/example_distributed_2.py
[2026-07-04T13:34:40.834+0000] {logging_mixin.py:190} INFO - [2026-07-04T13:34:40.834+0000] {dag.py:3239} INFO - Sync 1 DAGs
[2026-07-04T13:34:40.864+0000] {logging_mixin.py:190} INFO - [2026-07-04T13:34:40.863+0000] {dag.py:4180} INFO - Setting next_dagrun for example_distributed_celery_fixed_sleep to None, run_after=None
[2026-07-04T13:34:40.898+0000] {processor.py:208} INFO - Processing /opt/airflow/dags/exemplos/example_distributed_2.py took 0.178 seconds
[2026-07-04T13:35:10.968+0000] {processor.py:186} INFO - Started process (PID=657) to work on /opt/airflow/dags/exemplos/example_distributed_2.py
[2026-07-04T13:35:10.970+0000] {processor.py:914} INFO - Processing file /opt/airflow/dags/exemplos/example_distributed_2.py for tasks to queue
[2026-07-04T13:35:10.981+0000] {logging_mixin.py:190} INFO - [2026-07-04T13:35:10.979+0000] {dagbag.py:588} INFO - Filling up the DagBag from /opt/airflow/dags/exemplos/example_distributed_2.py
[2026-07-04T13:35:11.012+0000] {processor.py:925} INFO - DAG(s) 'example_distributed_celery_fixed_sleep' retrieved from /opt/airflow/dags/exemplos/example_distributed_2.py
[2026-07-04T13:35:11.061+0000] {logging_mixin.py:190} INFO - [2026-07-04T13:35:11.061+0000] {dag.py:3239} INFO - Sync 1 DAGs
[2026-07-04T13:35:11.086+0000] {logging_mixin.py:190} INFO - [2026-07-04T13:35:11.086+0000] {dag.py:4180} INFO - Setting next_dagrun for example_distributed_celery_fixed_sleep to None, run_after=None
[2026-07-04T13:35:11.121+0000] {processor.py:208} INFO - Processing /opt/airflow/dags/exemplos/example_distributed_2.py took 0.174 seconds
[2026-07-04T13:35:41.863+0000] {processor.py:186} INFO - Started process (PID=667) to work on /opt/airflow/dags/exemplos/example_distributed_2.py
[2026-07-04T13:35:41.867+0000] {processor.py:914} INFO - Processing file /opt/airflow/dags/exemplos/example_distributed_2.py for tasks to queue
[2026-07-04T13:35:41.879+0000] {logging_mixin.py:190} INFO - [2026-07-04T13:35:41.878+0000] {dagbag.py:588} INFO - Filling up the DagBag from /opt/airflow/dags/exemplos/example_distributed_2.py
[2026-07-04T13:35:41.907+0000] {processor.py:925} INFO - DAG(s) 'example_distributed_celery_fixed_sleep' retrieved from /opt/airflow/dags/exemplos/example_distributed_2.py
[2026-07-04T13:35:41.995+0000] {logging_mixin.py:190} INFO - [2026-07-04T13:35:41.994+0000] {dag.py:3239} INFO - Sync 1 DAGs
[2026-07-04T13:35:42.036+0000] {logging_mixin.py:190} INFO - [2026-07-04T13:35:42.035+0000] {dag.py:4180} INFO - Setting next_dagrun for example_distributed_celery_fixed_sleep to None, run_after=None
[2026-07-04T13:35:42.106+0000] {processor.py:208} INFO - Processing /opt/airflow/dags/exemplos/example_distributed_2.py took 0.270 seconds
[2026-07-04T13:36:12.654+0000] {processor.py:186} INFO - Started process (PID=672) to work on /opt/airflow/dags/exemplos/example_distributed_2.py
[2026-07-04T13:36:12.659+0000] {processor.py:914} INFO - Processing file /opt/airflow/dags/exemplos/example_distributed_2.py for tasks to queue
[2026-07-04T13:36:12.666+0000] {logging_mixin.py:190} INFO - [2026-07-04T13:36:12.665+0000] {dagbag.py:588} INFO - Filling up the DagBag from /opt/airflow/dags/exemplos/example_distributed_2.py
[2026-07-04T13:36:12.711+0000] {processor.py:925} INFO - DAG(s) 'example_distributed_celery_fixed_sleep' retrieved from /opt/airflow/dags/exemplos/example_distributed_2.py
[2026-07-04T13:36:12.808+0000] {logging_mixin.py:190} INFO - [2026-07-04T13:36:12.808+0000] {dag.py:3239} INFO - Sync 1 DAGs
[2026-07-04T13:36:12.880+0000] {logging_mixin.py:190} INFO - [2026-07-04T13:36:12.880+0000] {dag.py:4180} INFO - Setting next_dagrun for example_distributed_celery_fixed_sleep to None, run_after=None
[2026-07-04T13:36:12.933+0000] {processor.py:208} INFO - Processing /opt/airflow/dags/exemplos/example_distributed_2.py took 0.296 seconds
[2026-07-04T13:36:43.552+0000] {processor.py:186} INFO - Started process (PID=683) to work on /opt/airflow/dags/exemplos/example_distributed_2.py
[2026-07-04T13:36:43.558+0000] {processor.py:914} INFO - Processing file /opt/airflow/dags/exemplos/example_distributed_2.py for tasks to queue
[2026-07-04T13:36:43.564+0000] {logging_mixin.py:190} INFO - [2026-07-04T13:36:43.563+0000] {dagbag.py:588} INFO - Filling up the DagBag from /opt/airflow/dags/exemplos/example_distributed_2.py
[2026-07-04T13:36:43.592+0000] {processor.py:925} INFO - DAG(s) 'example_distributed_celery_fixed_sleep' retrieved from /opt/airflow/dags/exemplos/example_distributed_2.py
[2026-07-04T13:36:43.692+0000] {logging_mixin.py:190} INFO - [2026-07-04T13:36:43.692+0000] {dag.py:3239} INFO - Sync 1 DAGs
[2026-07-04T13:36:43.728+0000] {logging_mixin.py:190} INFO - [2026-07-04T13:36:43.728+0000] {dag.py:4180} INFO - Setting next_dagrun for example_distributed_celery_fixed_sleep to None, run_after=None
[2026-07-04T13:36:43.789+0000] {processor.py:208} INFO - Processing /opt/airflow/dags/exemplos/example_distributed_2.py took 0.252 seconds
[2026-07-04T13:37:14.386+0000] {processor.py:186} INFO - Started process (PID=694) to work on /opt/airflow/dags/exemplos/example_distributed_2.py
[2026-07-04T13:37:14.393+0000] {processor.py:914} INFO - Processing file /opt/airflow/dags/exemplos/example_distributed_2.py for tasks to queue
[2026-07-04T13:37:14.409+0000] {logging_mixin.py:190} INFO - [2026-07-04T13:37:14.406+0000] {dagbag.py:588} INFO - Filling up the DagBag from /opt/airflow/dags/exemplos/example_distributed_2.py
[2026-07-04T13:37:14.473+0000] {processor.py:925} INFO - DAG(s) 'example_distributed_celery_fixed_sleep' retrieved from /opt/airflow/dags/exemplos/example_distributed_2.py
[2026-07-04T13:37:14.544+0000] {logging_mixin.py:190} INFO - [2026-07-04T13:37:14.542+0000] {dag.py:3239} INFO - Sync 1 DAGs
[2026-07-04T13:37:14.584+0000] {logging_mixin.py:190} INFO - [2026-07-04T13:37:14.583+0000] {dag.py:4180} INFO - Setting next_dagrun for example_distributed_celery_fixed_sleep to None, run_after=None
[2026-07-04T13:37:14.643+0000] {processor.py:208} INFO - Processing /opt/airflow/dags/exemplos/example_distributed_2.py took 0.302 seconds
[2026-07-04T13:37:45.364+0000] {processor.py:186} INFO - Started process (PID=705) to work on /opt/airflow/dags/exemplos/example_distributed_2.py
[2026-07-04T13:37:45.369+0000] {processor.py:914} INFO - Processing file /opt/airflow/dags/exemplos/example_distributed_2.py for tasks to queue
[2026-07-04T13:37:45.390+0000] {logging_mixin.py:190} INFO - [2026-07-04T13:37:45.388+0000] {dagbag.py:588} INFO - Filling up the DagBag from /opt/airflow/dags/exemplos/example_distributed_2.py
[2026-07-04T13:37:45.444+0000] {processor.py:925} INFO - DAG(s) 'example_distributed_celery_fixed_sleep' retrieved from /opt/airflow/dags/exemplos/example_distributed_2.py
[2026-07-04T13:37:45.536+0000] {logging_mixin.py:190} INFO - [2026-07-04T13:37:45.534+0000] {dag.py:3239} INFO - Sync 1 DAGs
[2026-07-04T13:37:45.571+0000] {logging_mixin.py:190} INFO - [2026-07-04T13:37:45.571+0000] {dag.py:4180} INFO - Setting next_dagrun for example_distributed_celery_fixed_sleep to None, run_after=None
[2026-07-04T13:37:45.630+0000] {processor.py:208} INFO - Processing /opt/airflow/dags/exemplos/example_distributed_2.py took 0.311 seconds
[2026-07-04T13:38:16.319+0000] {processor.py:186} INFO - Started process (PID=716) to work on /opt/airflow/dags/exemplos/example_distributed_2.py
[2026-07-04T13:38:16.353+0000] {processor.py:914} INFO - Processing file /opt/airflow/dags/exemplos/example_distributed_2.py for tasks to queue
[2026-07-04T13:38:16.379+0000] {logging_mixin.py:190} INFO - [2026-07-04T13:38:16.375+0000] {dagbag.py:588} INFO - Filling up the DagBag from /opt/airflow/dags/exemplos/example_distributed_2.py
[2026-07-04T13:38:16.435+0000] {processor.py:925} INFO - DAG(s) 'example_distributed_celery_fixed_sleep' retrieved from /opt/airflow/dags/exemplos/example_distributed_2.py
[2026-07-04T13:38:16.497+0000] {logging_mixin.py:190} INFO - [2026-07-04T13:38:16.496+0000] {dag.py:3239} INFO - Sync 1 DAGs
[2026-07-04T13:38:16.529+0000] {logging_mixin.py:190} INFO - [2026-07-04T13:38:16.529+0000] {dag.py:4180} INFO - Setting next_dagrun for example_distributed_celery_fixed_sleep to None, run_after=None
[2026-07-04T13:38:16.571+0000] {processor.py:208} INFO - Processing /opt/airflow/dags/exemplos/example_distributed_2.py took 0.291 seconds
[2026-07-04T13:38:47.340+0000] {processor.py:186} INFO - Started process (PID=725) to work on /opt/airflow/dags/exemplos/example_distributed_2.py
[2026-07-04T13:38:47.343+0000] {processor.py:914} INFO - Processing file /opt/airflow/dags/exemplos/example_distributed_2.py for tasks to queue
[2026-07-04T13:38:47.349+0000] {logging_mixin.py:190} INFO - [2026-07-04T13:38:47.349+0000] {dagbag.py:588} INFO - Filling up the DagBag from /opt/airflow/dags/exemplos/example_distributed_2.py
[2026-07-04T13:38:47.380+0000] {processor.py:925} INFO - DAG(s) 'example_distributed_celery_fixed_sleep' retrieved from /opt/airflow/dags/exemplos/example_distributed_2.py
[2026-07-04T13:38:47.458+0000] {logging_mixin.py:190} INFO - [2026-07-04T13:38:47.458+0000] {dag.py:3239} INFO - Sync 1 DAGs
[2026-07-04T13:38:47.499+0000] {logging_mixin.py:190} INFO - [2026-07-04T13:38:47.498+0000] {dag.py:4180} INFO - Setting next_dagrun for example_distributed_celery_fixed_sleep to None, run_after=None
[2026-07-04T13:38:47.559+0000] {processor.py:208} INFO - Processing /opt/airflow/dags/exemplos/example_distributed_2.py took 0.234 seconds
[2026-07-04T13:39:18.089+0000] {processor.py:186} INFO - Started process (PID=730) to work on /opt/airflow/dags/exemplos/example_distributed_2.py
[2026-07-04T13:39:18.091+0000] {processor.py:914} INFO - Processing file /opt/airflow/dags/exemplos/example_distributed_2.py for tasks to queue
[2026-07-04T13:39:18.097+0000] {logging_mixin.py:190} INFO - [2026-07-04T13:39:18.096+0000] {dagbag.py:588} INFO - Filling up the DagBag from /opt/airflow/dags/exemplos/example_distributed_2.py
[2026-07-04T13:39:18.125+0000] {processor.py:925} INFO - DAG(s) 'example_distributed_celery_fixed_sleep' retrieved from /opt/airflow/dags/exemplos/example_distributed_2.py
[2026-07-04T13:39:18.218+0000] {logging_mixin.py:190} INFO - [2026-07-04T13:39:18.213+0000] {dag.py:3239} INFO - Sync 1 DAGs
[2026-07-04T13:39:18.270+0000] {logging_mixin.py:190} INFO - [2026-07-04T13:39:18.269+0000] {dag.py:4180} INFO - Setting next_dagrun for example_distributed_celery_fixed_sleep to None, run_after=None
[2026-07-04T13:39:18.333+0000] {processor.py:208} INFO - Processing /opt/airflow/dags/exemplos/example_distributed_2.py took 0.273 seconds
[2026-07-04T13:39:49.126+0000] {processor.py:186} INFO - Started process (PID=741) to work on /opt/airflow/dags/exemplos/example_distributed_2.py
[2026-07-04T13:39:49.132+0000] {processor.py:914} INFO - Processing file /opt/airflow/dags/exemplos/example_distributed_2.py for tasks to queue
[2026-07-04T13:39:49.144+0000] {logging_mixin.py:190} INFO - [2026-07-04T13:39:49.143+0000] {dagbag.py:588} INFO - Filling up the DagBag from /opt/airflow/dags/exemplos/example_distributed_2.py
[2026-07-04T13:39:49.214+0000] {processor.py:925} INFO - DAG(s) 'example_distributed_celery_fixed_sleep' retrieved from /opt/airflow/dags/exemplos/example_distributed_2.py
[2026-07-04T13:39:49.310+0000] {logging_mixin.py:190} INFO - [2026-07-04T13:39:49.309+0000] {dag.py:3239} INFO - Sync 1 DAGs
[2026-07-04T13:39:49.351+0000] {logging_mixin.py:190} INFO - [2026-07-04T13:39:49.350+0000] {dag.py:4180} INFO - Setting next_dagrun for example_distributed_celery_fixed_sleep to None, run_after=None
[2026-07-04T13:39:49.407+0000] {processor.py:208} INFO - Processing /opt/airflow/dags/exemplos/example_distributed_2.py took 0.315 seconds
[2026-07-04T13:40:20.135+0000] {processor.py:186} INFO - Started process (PID=752) to work on /opt/airflow/dags/exemplos/example_distributed_2.py
[2026-07-04T13:40:20.139+0000] {processor.py:914} INFO - Processing file /opt/airflow/dags/exemplos/example_distributed_2.py for tasks to queue
[2026-07-04T13:40:20.144+0000] {logging_mixin.py:190} INFO - [2026-07-04T13:40:20.143+0000] {dagbag.py:588} INFO - Filling up the DagBag from /opt/airflow/dags/exemplos/example_distributed_2.py
[2026-07-04T13:40:20.166+0000] {processor.py:925} INFO - DAG(s) 'example_distributed_celery_fixed_sleep' retrieved from /opt/airflow/dags/exemplos/example_distributed_2.py
[2026-07-04T13:40:20.233+0000] {logging_mixin.py:190} INFO - [2026-07-04T13:40:20.232+0000] {dag.py:3239} INFO - Sync 1 DAGs
[2026-07-04T13:40:20.275+0000] {logging_mixin.py:190} INFO - [2026-07-04T13:40:20.274+0000] {dag.py:4180} INFO - Setting next_dagrun for example_distributed_celery_fixed_sleep to None, run_after=None
[2026-07-04T13:40:20.325+0000] {processor.py:208} INFO - Processing /opt/airflow/dags/exemplos/example_distributed_2.py took 0.204 seconds
[2026-07-04T13:40:50.821+0000] {processor.py:186} INFO - Started process (PID=763) to work on /opt/airflow/dags/exemplos/example_distributed_2.py
[2026-07-04T13:40:50.825+0000] {processor.py:914} INFO - Processing file /opt/airflow/dags/exemplos/example_distributed_2.py for tasks to queue
[2026-07-04T13:40:50.838+0000] {logging_mixin.py:190} INFO - [2026-07-04T13:40:50.836+0000] {dagbag.py:588} INFO - Filling up the DagBag from /opt/airflow/dags/exemplos/example_distributed_2.py
[2026-07-04T13:40:50.913+0000] {processor.py:925} INFO - DAG(s) 'example_distributed_celery_fixed_sleep' retrieved from /opt/airflow/dags/exemplos/example_distributed_2.py
[2026-07-04T13:40:51.042+0000] {logging_mixin.py:190} INFO - [2026-07-04T13:40:51.042+0000] {dag.py:3239} INFO - Sync 1 DAGs
[2026-07-04T13:40:51.067+0000] {logging_mixin.py:190} INFO - [2026-07-04T13:40:51.067+0000] {dag.py:4180} INFO - Setting next_dagrun for example_distributed_celery_fixed_sleep to None, run_after=None
[2026-07-04T13:40:51.187+0000] {processor.py:208} INFO - Processing /opt/airflow/dags/exemplos/example_distributed_2.py took 0.397 seconds
[2026-07-04T13:41:21.776+0000] {processor.py:186} INFO - Started process (PID=774) to work on /opt/airflow/dags/exemplos/example_distributed_2.py
[2026-07-04T13:41:21.778+0000] {processor.py:914} INFO - Processing file /opt/airflow/dags/exemplos/example_distributed_2.py for tasks to queue
[2026-07-04T13:41:21.783+0000] {logging_mixin.py:190} INFO - [2026-07-04T13:41:21.783+0000] {dagbag.py:588} INFO - Filling up the DagBag from /opt/airflow/dags/exemplos/example_distributed_2.py
[2026-07-04T13:41:21.811+0000] {processor.py:925} INFO - DAG(s) 'example_distributed_celery_fixed_sleep' retrieved from /opt/airflow/dags/exemplos/example_distributed_2.py
[2026-07-04T13:41:21.876+0000] {logging_mixin.py:190} INFO - [2026-07-04T13:41:21.875+0000] {dag.py:3239} INFO - Sync 1 DAGs
[2026-07-04T13:41:21.909+0000] {logging_mixin.py:190} INFO - [2026-07-04T13:41:21.908+0000] {dag.py:4180} INFO - Setting next_dagrun for example_distributed_celery_fixed_sleep to None, run_after=None
[2026-07-04T13:41:21.943+0000] {processor.py:208} INFO - Processing /opt/airflow/dags/exemplos/example_distributed_2.py took 0.176 seconds
[2026-07-04T13:41:52.480+0000] {processor.py:186} INFO - Started process (PID=785) to work on /opt/airflow/dags/exemplos/example_distributed_2.py
[2026-07-04T13:41:52.482+0000] {processor.py:914} INFO - Processing file /opt/airflow/dags/exemplos/example_distributed_2.py for tasks to queue
[2026-07-04T13:41:52.485+0000] {logging_mixin.py:190} INFO - [2026-07-04T13:41:52.485+0000] {dagbag.py:588} INFO - Filling up the DagBag from /opt/airflow/dags/exemplos/example_distributed_2.py
[2026-07-04T13:41:52.502+0000] {processor.py:925} INFO - DAG(s) 'example_distributed_celery_fixed_sleep' retrieved from /opt/airflow/dags/exemplos/example_distributed_2.py
[2026-07-04T13:41:52.554+0000] {logging_mixin.py:190} INFO - [2026-07-04T13:41:52.554+0000] {dag.py:3239} INFO - Sync 1 DAGs
[2026-07-04T13:41:52.589+0000] {logging_mixin.py:190} INFO - [2026-07-04T13:41:52.589+0000] {dag.py:4180} INFO - Setting next_dagrun for example_distributed_celery_fixed_sleep to None, run_after=None
[2026-07-04T13:41:52.628+0000] {processor.py:208} INFO - Processing /opt/airflow/dags/exemplos/example_distributed_2.py took 0.160 seconds
[2026-07-04T13:42:23.173+0000] {processor.py:186} INFO - Started process (PID=796) to work on /opt/airflow/dags/exemplos/example_distributed_2.py
[2026-07-04T13:42:23.175+0000] {processor.py:914} INFO - Processing file /opt/airflow/dags/exemplos/example_distributed_2.py for tasks to queue
[2026-07-04T13:42:23.180+0000] {logging_mixin.py:190} INFO - [2026-07-04T13:42:23.179+0000] {dagbag.py:588} INFO - Filling up the DagBag from /opt/airflow/dags/exemplos/example_distributed_2.py
[2026-07-04T13:42:23.246+0000] {processor.py:925} INFO - DAG(s) 'example_distributed_celery_fixed_sleep' retrieved from /opt/airflow/dags/exemplos/example_distributed_2.py
[2026-07-04T13:42:23.330+0000] {logging_mixin.py:190} INFO - [2026-07-04T13:42:23.329+0000] {dag.py:3239} INFO - Sync 1 DAGs
[2026-07-04T13:42:23.364+0000] {logging_mixin.py:190} INFO - [2026-07-04T13:42:23.363+0000] {dag.py:4180} INFO - Setting next_dagrun for example_distributed_celery_fixed_sleep to None, run_after=None
[2026-07-04T13:42:23.409+0000] {processor.py:208} INFO - Processing /opt/airflow/dags/exemplos/example_distributed_2.py took 0.250 seconds
[2026-07-04T13:42:54.274+0000] {processor.py:186} INFO - Started process (PID=806) to work on /opt/airflow/dags/exemplos/example_distributed_2.py
[2026-07-04T13:42:54.275+0000] {processor.py:914} INFO - Processing file /opt/airflow/dags/exemplos/example_distributed_2.py for tasks to queue
[2026-07-04T13:42:54.280+0000] {logging_mixin.py:190} INFO - [2026-07-04T13:42:54.280+0000] {dagbag.py:588} INFO - Filling up the DagBag from /opt/airflow/dags/exemplos/example_distributed_2.py
[2026-07-04T13:42:54.299+0000] {processor.py:925} INFO - DAG(s) 'example_distributed_celery_fixed_sleep' retrieved from /opt/airflow/dags/exemplos/example_distributed_2.py
[2026-07-04T13:42:54.361+0000] {logging_mixin.py:190} INFO - [2026-07-04T13:42:54.361+0000] {dag.py:3239} INFO - Sync 1 DAGs
[2026-07-04T13:42:54.386+0000] {logging_mixin.py:190} INFO - [2026-07-04T13:42:54.385+0000] {dag.py:4180} INFO - Setting next_dagrun for example_distributed_celery_fixed_sleep to None, run_after=None
[2026-07-04T13:42:54.422+0000] {processor.py:208} INFO - Processing /opt/airflow/dags/exemplos/example_distributed_2.py took 0.162 seconds
[2026-07-04T13:43:24.948+0000] {processor.py:186} INFO - Started process (PID=811) to work on /opt/airflow/dags/exemplos/example_distributed_2.py
[2026-07-04T13:43:24.949+0000] {processor.py:914} INFO - Processing file /opt/airflow/dags/exemplos/example_distributed_2.py for tasks to queue
[2026-07-04T13:43:24.954+0000] {logging_mixin.py:190} INFO - [2026-07-04T13:43:24.953+0000] {dagbag.py:588} INFO - Filling up the DagBag from /opt/airflow/dags/exemplos/example_distributed_2.py
[2026-07-04T13:43:24.979+0000] {processor.py:925} INFO - DAG(s) 'example_distributed_celery_fixed_sleep' retrieved from /opt/airflow/dags/exemplos/example_distributed_2.py
[2026-07-04T13:43:25.038+0000] {logging_mixin.py:190} INFO - [2026-07-04T13:43:25.038+0000] {dag.py:3239} INFO - Sync 1 DAGs
[2026-07-04T13:43:25.076+0000] {logging_mixin.py:190} INFO - [2026-07-04T13:43:25.075+0000] {dag.py:4180} INFO - Setting next_dagrun for example_distributed_celery_fixed_sleep to None, run_after=None
[2026-07-04T13:43:25.124+0000] {processor.py:208} INFO - Processing /opt/airflow/dags/exemplos/example_distributed_2.py took 0.185 seconds
[2026-07-04T13:43:55.685+0000] {processor.py:186} INFO - Started process (PID=823) to work on /opt/airflow/dags/exemplos/example_distributed_2.py
[2026-07-04T13:43:55.687+0000] {processor.py:914} INFO - Processing file /opt/airflow/dags/exemplos/example_distributed_2.py for tasks to queue
[2026-07-04T13:43:55.693+0000] {logging_mixin.py:190} INFO - [2026-07-04T13:43:55.693+0000] {dagbag.py:588} INFO - Filling up the DagBag from /opt/airflow/dags/exemplos/example_distributed_2.py
[2026-07-04T13:43:55.732+0000] {processor.py:925} INFO - DAG(s) 'example_distributed_celery_fixed_sleep' retrieved from /opt/airflow/dags/exemplos/example_distributed_2.py
[2026-07-04T13:43:55.828+0000] {logging_mixin.py:190} INFO - [2026-07-04T13:43:55.827+0000] {dag.py:3239} INFO - Sync 1 DAGs
[2026-07-04T13:43:55.880+0000] {logging_mixin.py:190} INFO - [2026-07-04T13:43:55.879+0000] {dag.py:4180} INFO - Setting next_dagrun for example_distributed_celery_fixed_sleep to None, run_after=None
[2026-07-04T13:43:55.925+0000] {processor.py:208} INFO - Processing /opt/airflow/dags/exemplos/example_distributed_2.py took 0.254 seconds
[2026-07-04T13:44:26.503+0000] {processor.py:186} INFO - Started process (PID=833) to work on /opt/airflow/dags/exemplos/example_distributed_2.py
[2026-07-04T13:44:26.505+0000] {processor.py:914} INFO - Processing file /opt/airflow/dags/exemplos/example_distributed_2.py for tasks to queue
[2026-07-04T13:44:26.511+0000] {logging_mixin.py:190} INFO - [2026-07-04T13:44:26.510+0000] {dagbag.py:588} INFO - Filling up the DagBag from /opt/airflow/dags/exemplos/example_distributed_2.py
[2026-07-04T13:44:26.541+0000] {processor.py:925} INFO - DAG(s) 'example_distributed_celery_fixed_sleep' retrieved from /opt/airflow/dags/exemplos/example_distributed_2.py
[2026-07-04T13:44:26.616+0000] {logging_mixin.py:190} INFO - [2026-07-04T13:44:26.615+0000] {dag.py:3239} INFO - Sync 1 DAGs
[2026-07-04T13:44:26.651+0000] {logging_mixin.py:190} INFO - [2026-07-04T13:44:26.650+0000] {dag.py:4180} INFO - Setting next_dagrun for example_distributed_celery_fixed_sleep to None, run_after=None
[2026-07-04T13:44:26.692+0000] {processor.py:208} INFO - Processing /opt/airflow/dags/exemplos/example_distributed_2.py took 0.201 seconds
[2026-07-04T13:44:57.284+0000] {processor.py:186} INFO - Started process (PID=844) to work on /opt/airflow/dags/exemplos/example_distributed_2.py
[2026-07-04T13:44:57.286+0000] {processor.py:914} INFO - Processing file /opt/airflow/dags/exemplos/example_distributed_2.py for tasks to queue
[2026-07-04T13:44:57.291+0000] {logging_mixin.py:190} INFO - [2026-07-04T13:44:57.291+0000] {dagbag.py:588} INFO - Filling up the DagBag from /opt/airflow/dags/exemplos/example_distributed_2.py
[2026-07-04T13:44:57.310+0000] {processor.py:925} INFO - DAG(s) 'example_distributed_celery_fixed_sleep' retrieved from /opt/airflow/dags/exemplos/example_distributed_2.py
[2026-07-04T13:44:57.389+0000] {logging_mixin.py:190} INFO - [2026-07-04T13:44:57.389+0000] {dag.py:3239} INFO - Sync 1 DAGs
[2026-07-04T13:44:57.432+0000] {logging_mixin.py:190} INFO - [2026-07-04T13:44:57.431+0000] {dag.py:4180} INFO - Setting next_dagrun for example_distributed_celery_fixed_sleep to None, run_after=None
[2026-07-04T13:44:57.611+0000] {processor.py:208} INFO - Processing /opt/airflow/dags/exemplos/example_distributed_2.py took 0.342 seconds
[2026-07-04T13:45:27.787+0000] {processor.py:186} INFO - Started process (PID=855) to work on /opt/airflow/dags/exemplos/example_distributed_2.py
[2026-07-04T13:45:27.789+0000] {processor.py:914} INFO - Processing file /opt/airflow/dags/exemplos/example_distributed_2.py for tasks to queue
[2026-07-04T13:45:27.795+0000] {logging_mixin.py:190} INFO - [2026-07-04T13:45:27.795+0000] {dagbag.py:588} INFO - Filling up the DagBag from /opt/airflow/dags/exemplos/example_distributed_2.py
[2026-07-04T13:45:27.814+0000] {processor.py:925} INFO - DAG(s) 'example_distributed_celery_fixed_sleep' retrieved from /opt/airflow/dags/exemplos/example_distributed_2.py
[2026-07-04T13:45:27.873+0000] {logging_mixin.py:190} INFO - [2026-07-04T13:45:27.872+0000] {dag.py:3239} INFO - Sync 1 DAGs
[2026-07-04T13:45:27.904+0000] {logging_mixin.py:190} INFO - [2026-07-04T13:45:27.904+0000] {dag.py:4180} INFO - Setting next_dagrun for example_distributed_celery_fixed_sleep to None, run_after=None
[2026-07-04T13:45:27.943+0000] {processor.py:208} INFO - Processing /opt/airflow/dags/exemplos/example_distributed_2.py took 0.172 seconds
[2026-07-04T13:45:58.222+0000] {processor.py:186} INFO - Started process (PID=866) to work on /opt/airflow/dags/exemplos/example_distributed_2.py
[2026-07-04T13:45:58.224+0000] {processor.py:914} INFO - Processing file /opt/airflow/dags/exemplos/example_distributed_2.py for tasks to queue
[2026-07-04T13:45:58.228+0000] {logging_mixin.py:190} INFO - [2026-07-04T13:45:58.228+0000] {dagbag.py:588} INFO - Filling up the DagBag from /opt/airflow/dags/exemplos/example_distributed_2.py
[2026-07-04T13:45:58.245+0000] {processor.py:925} INFO - DAG(s) 'example_distributed_celery_fixed_sleep' retrieved from /opt/airflow/dags/exemplos/example_distributed_2.py
[2026-07-04T13:45:58.301+0000] {logging_mixin.py:190} INFO - [2026-07-04T13:45:58.300+0000] {dag.py:3239} INFO - Sync 1 DAGs
[2026-07-04T13:45:58.339+0000] {logging_mixin.py:190} INFO - [2026-07-04T13:45:58.339+0000] {dag.py:4180} INFO - Setting next_dagrun for example_distributed_celery_fixed_sleep to None, run_after=None
[2026-07-04T13:45:58.375+0000] {processor.py:208} INFO - Processing /opt/airflow/dags/exemplos/example_distributed_2.py took 0.167 seconds
[2026-07-04T13:46:28.742+0000] {processor.py:186} INFO - Started process (PID=877) to work on /opt/airflow/dags/exemplos/example_distributed_2.py
[2026-07-04T13:46:28.744+0000] {processor.py:914} INFO - Processing file /opt/airflow/dags/exemplos/example_distributed_2.py for tasks to queue
[2026-07-04T13:46:28.749+0000] {logging_mixin.py:190} INFO - [2026-07-04T13:46:28.748+0000] {dagbag.py:588} INFO - Filling up the DagBag from /opt/airflow/dags/exemplos/example_distributed_2.py
[2026-07-04T13:46:28.767+0000] {processor.py:925} INFO - DAG(s) 'example_distributed_celery_fixed_sleep' retrieved from /opt/airflow/dags/exemplos/example_distributed_2.py
[2026-07-04T13:46:28.829+0000] {logging_mixin.py:190} INFO - [2026-07-04T13:46:28.829+0000] {dag.py:3239} INFO - Sync 1 DAGs
[2026-07-04T13:46:28.861+0000] {logging_mixin.py:190} INFO - [2026-07-04T13:46:28.861+0000] {dag.py:4180} INFO - Setting next_dagrun for example_distributed_celery_fixed_sleep to None, run_after=None
[2026-07-04T13:46:28.894+0000] {processor.py:208} INFO - Processing /opt/airflow/dags/exemplos/example_distributed_2.py took 0.167 seconds
[2026-07-04T13:46:59.447+0000] {processor.py:186} INFO - Started process (PID=887) to work on /opt/airflow/dags/exemplos/example_distributed_2.py
[2026-07-04T13:46:59.449+0000] {processor.py:914} INFO - Processing file /opt/airflow/dags/exemplos/example_distributed_2.py for tasks to queue
[2026-07-04T13:46:59.454+0000] {logging_mixin.py:190} INFO - [2026-07-04T13:46:59.453+0000] {dagbag.py:588} INFO - Filling up the DagBag from /opt/airflow/dags/exemplos/example_distributed_2.py
[2026-07-04T13:46:59.472+0000] {processor.py:925} INFO - DAG(s) 'example_distributed_celery_fixed_sleep' retrieved from /opt/airflow/dags/exemplos/example_distributed_2.py
[2026-07-04T13:46:59.526+0000] {logging_mixin.py:190} INFO - [2026-07-04T13:46:59.525+0000] {dag.py:3239} INFO - Sync 1 DAGs
[2026-07-04T13:46:59.560+0000] {logging_mixin.py:190} INFO - [2026-07-04T13:46:59.560+0000] {dag.py:4180} INFO - Setting next_dagrun for example_distributed_celery_fixed_sleep to None, run_after=None
[2026-07-04T13:46:59.597+0000] {processor.py:208} INFO - Processing /opt/airflow/dags/exemplos/example_distributed_2.py took 0.165 seconds
[2026-07-04T13:47:30.004+0000] {processor.py:186} INFO - Started process (PID=892) to work on /opt/airflow/dags/exemplos/example_distributed_2.py
[2026-07-04T13:47:30.228+0000] {processor.py:914} INFO - Processing file /opt/airflow/dags/exemplos/example_distributed_2.py for tasks to queue
[2026-07-04T13:47:30.654+0000] {logging_mixin.py:190} INFO - [2026-07-04T13:47:30.651+0000] {dagbag.py:588} INFO - Filling up the DagBag from /opt/airflow/dags/exemplos/example_distributed_2.py
[2026-07-04T13:47:31.251+0000] {processor.py:925} INFO - DAG(s) 'example_distributed_celery_fixed_sleep' retrieved from /opt/airflow/dags/exemplos/example_distributed_2.py
[2026-07-04T13:47:32.618+0000] {logging_mixin.py:190} INFO - [2026-07-04T13:47:32.615+0000] {dag.py:3239} INFO - Sync 1 DAGs
[2026-07-04T13:47:32.739+0000] {logging_mixin.py:190} INFO - [2026-07-04T13:47:32.739+0000] {dag.py:4180} INFO - Setting next_dagrun for example_distributed_celery_fixed_sleep to None, run_after=None
[2026-07-04T13:47:32.993+0000] {processor.py:208} INFO - Processing /opt/airflow/dags/exemplos/example_distributed_2.py took 3.070 seconds
[2026-07-04T13:48:03.484+0000] {processor.py:186} INFO - Started process (PID=903) to work on /opt/airflow/dags/exemplos/example_distributed_2.py
[2026-07-04T13:48:03.486+0000] {processor.py:914} INFO - Processing file /opt/airflow/dags/exemplos/example_distributed_2.py for tasks to queue
[2026-07-04T13:48:03.490+0000] {logging_mixin.py:190} INFO - [2026-07-04T13:48:03.489+0000] {dagbag.py:588} INFO - Filling up the DagBag from /opt/airflow/dags/exemplos/example_distributed_2.py
[2026-07-04T13:48:03.506+0000] {processor.py:925} INFO - DAG(s) 'example_distributed_celery_fixed_sleep' retrieved from /opt/airflow/dags/exemplos/example_distributed_2.py
[2026-07-04T13:48:03.555+0000] {logging_mixin.py:190} INFO - [2026-07-04T13:48:03.554+0000] {dag.py:3239} INFO - Sync 1 DAGs
[2026-07-04T13:48:03.583+0000] {logging_mixin.py:190} INFO - [2026-07-04T13:48:03.582+0000] {dag.py:4180} INFO - Setting next_dagrun for example_distributed_celery_fixed_sleep to None, run_after=None
[2026-07-04T13:48:03.615+0000] {processor.py:208} INFO - Processing /opt/airflow/dags/exemplos/example_distributed_2.py took 0.140 seconds
[2026-07-04T13:48:34.362+0000] {processor.py:186} INFO - Started process (PID=914) to work on /opt/airflow/dags/exemplos/example_distributed_2.py
[2026-07-04T13:48:34.363+0000] {processor.py:914} INFO - Processing file /opt/airflow/dags/exemplos/example_distributed_2.py for tasks to queue
[2026-07-04T13:48:34.367+0000] {logging_mixin.py:190} INFO - [2026-07-04T13:48:34.367+0000] {dagbag.py:588} INFO - Filling up the DagBag from /opt/airflow/dags/exemplos/example_distributed_2.py
[2026-07-04T13:48:34.384+0000] {processor.py:925} INFO - DAG(s) 'example_distributed_celery_fixed_sleep' retrieved from /opt/airflow/dags/exemplos/example_distributed_2.py
[2026-07-04T13:48:34.438+0000] {logging_mixin.py:190} INFO - [2026-07-04T13:48:34.438+0000] {dag.py:3239} INFO - Sync 1 DAGs
[2026-07-04T13:48:34.463+0000] {logging_mixin.py:190} INFO - [2026-07-04T13:48:34.463+0000] {dag.py:4180} INFO - Setting next_dagrun for example_distributed_celery_fixed_sleep to None, run_after=None
[2026-07-04T13:48:34.495+0000] {processor.py:208} INFO - Processing /opt/airflow/dags/exemplos/example_distributed_2.py took 0.143 seconds
[2026-07-04T13:49:04.849+0000] {processor.py:186} INFO - Started process (PID=925) to work on /opt/airflow/dags/exemplos/example_distributed_2.py
[2026-07-04T13:49:04.850+0000] {processor.py:914} INFO - Processing file /opt/airflow/dags/exemplos/example_distributed_2.py for tasks to queue
[2026-07-04T13:49:04.855+0000] {logging_mixin.py:190} INFO - [2026-07-04T13:49:04.854+0000] {dagbag.py:588} INFO - Filling up the DagBag from /opt/airflow/dags/exemplos/example_distributed_2.py
[2026-07-04T13:49:04.872+0000] {processor.py:925} INFO - DAG(s) 'example_distributed_celery_fixed_sleep' retrieved from /opt/airflow/dags/exemplos/example_distributed_2.py
[2026-07-04T13:49:04.926+0000] {logging_mixin.py:190} INFO - [2026-07-04T13:49:04.926+0000] {dag.py:3239} INFO - Sync 1 DAGs
[2026-07-04T13:49:04.958+0000] {logging_mixin.py:190} INFO - [2026-07-04T13:49:04.957+0000] {dag.py:4180} INFO - Setting next_dagrun for example_distributed_celery_fixed_sleep to None, run_after=None
[2026-07-04T13:49:04.997+0000] {processor.py:208} INFO - Processing /opt/airflow/dags/exemplos/example_distributed_2.py took 0.163 seconds
[2026-07-04T13:49:35.542+0000] {processor.py:186} INFO - Started process (PID=936) to work on /opt/airflow/dags/exemplos/example_distributed_2.py
[2026-07-04T13:49:35.543+0000] {processor.py:914} INFO - Processing file /opt/airflow/dags/exemplos/example_distributed_2.py for tasks to queue
[2026-07-04T13:49:35.549+0000] {logging_mixin.py:190} INFO - [2026-07-04T13:49:35.548+0000] {dagbag.py:588} INFO - Filling up the DagBag from /opt/airflow/dags/exemplos/example_distributed_2.py
[2026-07-04T13:49:35.574+0000] {processor.py:925} INFO - DAG(s) 'example_distributed_celery_fixed_sleep' retrieved from /opt/airflow/dags/exemplos/example_distributed_2.py
[2026-07-04T13:49:35.647+0000] {logging_mixin.py:190} INFO - [2026-07-04T13:49:35.646+0000] {dag.py:3239} INFO - Sync 1 DAGs
[2026-07-04T13:49:35.697+0000] {logging_mixin.py:190} INFO - [2026-07-04T13:49:35.697+0000] {dag.py:4180} INFO - Setting next_dagrun for example_distributed_celery_fixed_sleep to None, run_after=None
[2026-07-04T13:49:35.764+0000] {processor.py:208} INFO - Processing /opt/airflow/dags/exemplos/example_distributed_2.py took 0.231 seconds
[2026-07-04T13:50:06.078+0000] {processor.py:186} INFO - Started process (PID=947) to work on /opt/airflow/dags/exemplos/example_distributed_2.py
[2026-07-04T13:50:06.082+0000] {processor.py:914} INFO - Processing file /opt/airflow/dags/exemplos/example_distributed_2.py for tasks to queue
[2026-07-04T13:50:06.088+0000] {logging_mixin.py:190} INFO - [2026-07-04T13:50:06.087+0000] {dagbag.py:588} INFO - Filling up the DagBag from /opt/airflow/dags/exemplos/example_distributed_2.py
[2026-07-04T13:50:06.114+0000] {processor.py:925} INFO - DAG(s) 'example_distributed_celery_fixed_sleep' retrieved from /opt/airflow/dags/exemplos/example_distributed_2.py
[2026-07-04T13:50:06.185+0000] {logging_mixin.py:190} INFO - [2026-07-04T13:50:06.185+0000] {dag.py:3239} INFO - Sync 1 DAGs
[2026-07-04T13:50:06.219+0000] {logging_mixin.py:190} INFO - [2026-07-04T13:50:06.219+0000] {dag.py:4180} INFO - Setting next_dagrun for example_distributed_celery_fixed_sleep to None, run_after=None
[2026-07-04T13:50:06.270+0000] {processor.py:208} INFO - Processing /opt/airflow/dags/exemplos/example_distributed_2.py took 0.209 seconds
[2026-07-04T13:50:36.845+0000] {processor.py:186} INFO - Started process (PID=958) to work on /opt/airflow/dags/exemplos/example_distributed_2.py
[2026-07-04T13:50:36.853+0000] {processor.py:914} INFO - Processing file /opt/airflow/dags/exemplos/example_distributed_2.py for tasks to queue
[2026-07-04T13:50:36.863+0000] {logging_mixin.py:190} INFO - [2026-07-04T13:50:36.862+0000] {dagbag.py:588} INFO - Filling up the DagBag from /opt/airflow/dags/exemplos/example_distributed_2.py
[2026-07-04T13:50:36.883+0000] {processor.py:925} INFO - DAG(s) 'example_distributed_celery_fixed_sleep' retrieved from /opt/airflow/dags/exemplos/example_distributed_2.py
[2026-07-04T13:50:36.933+0000] {logging_mixin.py:190} INFO - [2026-07-04T13:50:36.932+0000] {dag.py:3239} INFO - Sync 1 DAGs
[2026-07-04T13:50:36.956+0000] {logging_mixin.py:190} INFO - [2026-07-04T13:50:36.956+0000] {dag.py:4180} INFO - Setting next_dagrun for example_distributed_celery_fixed_sleep to None, run_after=None
[2026-07-04T13:50:36.988+0000] {processor.py:208} INFO - Processing /opt/airflow/dags/exemplos/example_distributed_2.py took 0.169 seconds
[2026-07-04T13:51:07.493+0000] {processor.py:186} INFO - Started process (PID=969) to work on /opt/airflow/dags/exemplos/example_distributed_2.py
[2026-07-04T13:51:07.495+0000] {processor.py:914} INFO - Processing file /opt/airflow/dags/exemplos/example_distributed_2.py for tasks to queue
[2026-07-04T13:51:07.501+0000] {logging_mixin.py:190} INFO - [2026-07-04T13:51:07.500+0000] {dagbag.py:588} INFO - Filling up the DagBag from /opt/airflow/dags/exemplos/example_distributed_2.py
[2026-07-04T13:51:07.526+0000] {processor.py:925} INFO - DAG(s) 'example_distributed_celery_fixed_sleep' retrieved from /opt/airflow/dags/exemplos/example_distributed_2.py
[2026-07-04T13:51:07.583+0000] {logging_mixin.py:190} INFO - [2026-07-04T13:51:07.583+0000] {dag.py:3239} INFO - Sync 1 DAGs
[2026-07-04T13:51:07.614+0000] {logging_mixin.py:190} INFO - [2026-07-04T13:51:07.613+0000] {dag.py:4180} INFO - Setting next_dagrun for example_distributed_celery_fixed_sleep to None, run_after=None
[2026-07-04T13:51:07.652+0000] {processor.py:208} INFO - Processing /opt/airflow/dags/exemplos/example_distributed_2.py took 0.173 seconds
[2026-07-04T13:51:38.153+0000] {processor.py:186} INFO - Started process (PID=973) to work on /opt/airflow/dags/exemplos/example_distributed_2.py
[2026-07-04T13:51:38.155+0000] {processor.py:914} INFO - Processing file /opt/airflow/dags/exemplos/example_distributed_2.py for tasks to queue
[2026-07-04T13:51:38.160+0000] {logging_mixin.py:190} INFO - [2026-07-04T13:51:38.159+0000] {dagbag.py:588} INFO - Filling up the DagBag from /opt/airflow/dags/exemplos/example_distributed_2.py
[2026-07-04T13:51:38.177+0000] {processor.py:925} INFO - DAG(s) 'example_distributed_celery_fixed_sleep' retrieved from /opt/airflow/dags/exemplos/example_distributed_2.py
[2026-07-04T13:51:38.237+0000] {logging_mixin.py:190} INFO - [2026-07-04T13:51:38.237+0000] {dag.py:3239} INFO - Sync 1 DAGs
[2026-07-04T13:51:38.271+0000] {logging_mixin.py:190} INFO - [2026-07-04T13:51:38.271+0000] {dag.py:4180} INFO - Setting next_dagrun for example_distributed_celery_fixed_sleep to None, run_after=None
[2026-07-04T13:51:38.308+0000] {processor.py:208} INFO - Processing /opt/airflow/dags/exemplos/example_distributed_2.py took 0.167 seconds
[2026-07-04T13:52:08.651+0000] {processor.py:186} INFO - Started process (PID=984) to work on /opt/airflow/dags/exemplos/example_distributed_2.py
[2026-07-04T13:52:08.653+0000] {processor.py:914} INFO - Processing file /opt/airflow/dags/exemplos/example_distributed_2.py for tasks to queue
[2026-07-04T13:52:08.657+0000] {logging_mixin.py:190} INFO - [2026-07-04T13:52:08.656+0000] {dagbag.py:588} INFO - Filling up the DagBag from /opt/airflow/dags/exemplos/example_distributed_2.py
[2026-07-04T13:52:08.673+0000] {processor.py:925} INFO - DAG(s) 'example_distributed_celery_fixed_sleep' retrieved from /opt/airflow/dags/exemplos/example_distributed_2.py
[2026-07-04T13:52:08.725+0000] {logging_mixin.py:190} INFO - [2026-07-04T13:52:08.724+0000] {dag.py:3239} INFO - Sync 1 DAGs
[2026-07-04T13:52:08.753+0000] {logging_mixin.py:190} INFO - [2026-07-04T13:52:08.752+0000] {dag.py:4180} INFO - Setting next_dagrun for example_distributed_celery_fixed_sleep to None, run_after=None
[2026-07-04T13:52:08.783+0000] {processor.py:208} INFO - Processing /opt/airflow/dags/exemplos/example_distributed_2.py took 0.146 seconds
[2026-07-04T13:52:39.388+0000] {processor.py:186} INFO - Started process (PID=995) to work on /opt/airflow/dags/exemplos/example_distributed_2.py
[2026-07-04T13:52:39.390+0000] {processor.py:914} INFO - Processing file /opt/airflow/dags/exemplos/example_distributed_2.py for tasks to queue
[2026-07-04T13:52:39.394+0000] {logging_mixin.py:190} INFO - [2026-07-04T13:52:39.394+0000] {dagbag.py:588} INFO - Filling up the DagBag from /opt/airflow/dags/exemplos/example_distributed_2.py
[2026-07-04T13:52:39.410+0000] {processor.py:925} INFO - DAG(s) 'example_distributed_celery_fixed_sleep' retrieved from /opt/airflow/dags/exemplos/example_distributed_2.py
[2026-07-04T13:52:39.454+0000] {logging_mixin.py:190} INFO - [2026-07-04T13:52:39.453+0000] {dag.py:3239} INFO - Sync 1 DAGs
[2026-07-04T13:52:39.481+0000] {logging_mixin.py:190} INFO - [2026-07-04T13:52:39.481+0000] {dag.py:4180} INFO - Setting next_dagrun for example_distributed_celery_fixed_sleep to None, run_after=None
[2026-07-04T13:52:39.510+0000] {processor.py:208} INFO - Processing /opt/airflow/dags/exemplos/example_distributed_2.py took 0.132 seconds
[2026-07-04T13:53:10.005+0000] {processor.py:186} INFO - Started process (PID=1006) to work on /opt/airflow/dags/exemplos/example_distributed_2.py
[2026-07-04T13:53:10.006+0000] {processor.py:914} INFO - Processing file /opt/airflow/dags/exemplos/example_distributed_2.py for tasks to queue
[2026-07-04T13:53:10.010+0000] {logging_mixin.py:190} INFO - [2026-07-04T13:53:10.010+0000] {dagbag.py:588} INFO - Filling up the DagBag from /opt/airflow/dags/exemplos/example_distributed_2.py
[2026-07-04T13:53:10.028+0000] {processor.py:925} INFO - DAG(s) 'example_distributed_celery_fixed_sleep' retrieved from /opt/airflow/dags/exemplos/example_distributed_2.py
[2026-07-04T13:53:10.078+0000] {logging_mixin.py:190} INFO - [2026-07-04T13:53:10.078+0000] {dag.py:3239} INFO - Sync 1 DAGs
[2026-07-04T13:53:10.105+0000] {logging_mixin.py:190} INFO - [2026-07-04T13:53:10.104+0000] {dag.py:4180} INFO - Setting next_dagrun for example_distributed_celery_fixed_sleep to None, run_after=None
[2026-07-04T13:53:10.135+0000] {processor.py:208} INFO - Processing /opt/airflow/dags/exemplos/example_distributed_2.py took 0.144 seconds
[2026-07-04T13:53:40.529+0000] {processor.py:186} INFO - Started process (PID=1017) to work on /opt/airflow/dags/exemplos/example_distributed_2.py
[2026-07-04T13:53:40.534+0000] {processor.py:914} INFO - Processing file /opt/airflow/dags/exemplos/example_distributed_2.py for tasks to queue
[2026-07-04T13:53:40.541+0000] {logging_mixin.py:190} INFO - [2026-07-04T13:53:40.539+0000] {dagbag.py:588} INFO - Filling up the DagBag from /opt/airflow/dags/exemplos/example_distributed_2.py
[2026-07-04T13:53:40.563+0000] {processor.py:925} INFO - DAG(s) 'example_distributed_celery_fixed_sleep' retrieved from /opt/airflow/dags/exemplos/example_distributed_2.py
[2026-07-04T13:53:40.631+0000] {logging_mixin.py:190} INFO - [2026-07-04T13:53:40.630+0000] {dag.py:3239} INFO - Sync 1 DAGs
[2026-07-04T13:53:40.665+0000] {logging_mixin.py:190} INFO - [2026-07-04T13:53:40.665+0000] {dag.py:4180} INFO - Setting next_dagrun for example_distributed_celery_fixed_sleep to None, run_after=None
[2026-07-04T13:53:40.718+0000] {processor.py:208} INFO - Processing /opt/airflow/dags/exemplos/example_distributed_2.py took 0.200 seconds
[2026-07-04T13:54:11.352+0000] {processor.py:186} INFO - Started process (PID=1028) to work on /opt/airflow/dags/exemplos/example_distributed_2.py
[2026-07-04T13:54:11.353+0000] {processor.py:914} INFO - Processing file /opt/airflow/dags/exemplos/example_distributed_2.py for tasks to queue
[2026-07-04T13:54:11.358+0000] {logging_mixin.py:190} INFO - [2026-07-04T13:54:11.358+0000] {dagbag.py:588} INFO - Filling up the DagBag from /opt/airflow/dags/exemplos/example_distributed_2.py
[2026-07-04T13:54:11.375+0000] {processor.py:925} INFO - DAG(s) 'example_distributed_celery_fixed_sleep' retrieved from /opt/airflow/dags/exemplos/example_distributed_2.py
[2026-07-04T13:54:11.437+0000] {logging_mixin.py:190} INFO - [2026-07-04T13:54:11.436+0000] {dag.py:3239} INFO - Sync 1 DAGs
[2026-07-04T13:54:11.464+0000] {logging_mixin.py:190} INFO - [2026-07-04T13:54:11.463+0000] {dag.py:4180} INFO - Setting next_dagrun for example_distributed_celery_fixed_sleep to None, run_after=None
[2026-07-04T13:54:11.499+0000] {processor.py:208} INFO - Processing /opt/airflow/dags/exemplos/example_distributed_2.py took 0.173 seconds
[2026-07-04T13:54:41.856+0000] {processor.py:186} INFO - Started process (PID=1039) to work on /opt/airflow/dags/exemplos/example_distributed_2.py
[2026-07-04T13:54:41.857+0000] {processor.py:914} INFO - Processing file /opt/airflow/dags/exemplos/example_distributed_2.py for tasks to queue
[2026-07-04T13:54:41.863+0000] {logging_mixin.py:190} INFO - [2026-07-04T13:54:41.862+0000] {dagbag.py:588} INFO - Filling up the DagBag from /opt/airflow/dags/exemplos/example_distributed_2.py
[2026-07-04T13:54:41.883+0000] {processor.py:925} INFO - DAG(s) 'example_distributed_celery_fixed_sleep' retrieved from /opt/airflow/dags/exemplos/example_distributed_2.py
[2026-07-04T13:54:41.944+0000] {logging_mixin.py:190} INFO - [2026-07-04T13:54:41.944+0000] {dag.py:3239} INFO - Sync 1 DAGs
[2026-07-04T13:54:41.970+0000] {logging_mixin.py:190} INFO - [2026-07-04T13:54:41.969+0000] {dag.py:4180} INFO - Setting next_dagrun for example_distributed_celery_fixed_sleep to None, run_after=None
[2026-07-04T13:54:42.005+0000] {processor.py:208} INFO - Processing /opt/airflow/dags/exemplos/example_distributed_2.py took 0.162 seconds
[2026-07-04T13:55:12.613+0000] {processor.py:186} INFO - Started process (PID=1049) to work on /opt/airflow/dags/exemplos/example_distributed_2.py
[2026-07-04T13:55:12.616+0000] {processor.py:914} INFO - Processing file /opt/airflow/dags/exemplos/example_distributed_2.py for tasks to queue
[2026-07-04T13:55:12.626+0000] {logging_mixin.py:190} INFO - [2026-07-04T13:55:12.623+0000] {dagbag.py:588} INFO - Filling up the DagBag from /opt/airflow/dags/exemplos/example_distributed_2.py
[2026-07-04T13:55:12.654+0000] {processor.py:925} INFO - DAG(s) 'example_distributed_celery_fixed_sleep' retrieved from /opt/airflow/dags/exemplos/example_distributed_2.py
[2026-07-04T13:55:12.879+0000] {logging_mixin.py:190} INFO - [2026-07-04T13:55:12.878+0000] {dag.py:3239} INFO - Sync 1 DAGs
[2026-07-04T13:55:13.135+0000] {logging_mixin.py:190} INFO - [2026-07-04T13:55:13.134+0000] {dag.py:4180} INFO - Setting next_dagrun for example_distributed_celery_fixed_sleep to None, run_after=None
[2026-07-04T13:55:13.220+0000] {processor.py:208} INFO - Processing /opt/airflow/dags/exemplos/example_distributed_2.py took 0.620 seconds
[2026-07-04T13:55:43.449+0000] {processor.py:186} INFO - Started process (PID=1055) to work on /opt/airflow/dags/exemplos/example_distributed_2.py
[2026-07-04T13:55:43.450+0000] {processor.py:914} INFO - Processing file /opt/airflow/dags/exemplos/example_distributed_2.py for tasks to queue
[2026-07-04T13:55:43.455+0000] {logging_mixin.py:190} INFO - [2026-07-04T13:55:43.454+0000] {dagbag.py:588} INFO - Filling up the DagBag from /opt/airflow/dags/exemplos/example_distributed_2.py
[2026-07-04T13:55:43.475+0000] {processor.py:925} INFO - DAG(s) 'example_distributed_celery_fixed_sleep' retrieved from /opt/airflow/dags/exemplos/example_distributed_2.py
[2026-07-04T13:55:43.524+0000] {logging_mixin.py:190} INFO - [2026-07-04T13:55:43.524+0000] {dag.py:3239} INFO - Sync 1 DAGs
[2026-07-04T13:55:43.550+0000] {logging_mixin.py:190} INFO - [2026-07-04T13:55:43.550+0000] {dag.py:4180} INFO - Setting next_dagrun for example_distributed_celery_fixed_sleep to None, run_after=None
[2026-07-04T13:55:43.589+0000] {processor.py:208} INFO - Processing /opt/airflow/dags/exemplos/example_distributed_2.py took 0.150 seconds
[2026-07-04T13:56:14.045+0000] {processor.py:186} INFO - Started process (PID=1065) to work on /opt/airflow/dags/exemplos/example_distributed_2.py
[2026-07-04T13:56:14.048+0000] {processor.py:914} INFO - Processing file /opt/airflow/dags/exemplos/example_distributed_2.py for tasks to queue
[2026-07-04T13:56:14.055+0000] {logging_mixin.py:190} INFO - [2026-07-04T13:56:14.054+0000] {dagbag.py:588} INFO - Filling up the DagBag from /opt/airflow/dags/exemplos/example_distributed_2.py
[2026-07-04T13:56:14.084+0000] {processor.py:925} INFO - DAG(s) 'example_distributed_celery_fixed_sleep' retrieved from /opt/airflow/dags/exemplos/example_distributed_2.py
[2026-07-04T13:56:14.174+0000] {logging_mixin.py:190} INFO - [2026-07-04T13:56:14.174+0000] {dag.py:3239} INFO - Sync 1 DAGs
[2026-07-04T13:56:14.221+0000] {logging_mixin.py:190} INFO - [2026-07-04T13:56:14.221+0000] {dag.py:4180} INFO - Setting next_dagrun for example_distributed_celery_fixed_sleep to None, run_after=None
[2026-07-04T13:56:14.727+0000] {processor.py:208} INFO - Processing /opt/airflow/dags/exemplos/example_distributed_2.py took 0.700 seconds
[2026-07-04T13:56:45.020+0000] {processor.py:186} INFO - Started process (PID=1076) to work on /opt/airflow/dags/exemplos/example_distributed_2.py
[2026-07-04T13:56:45.023+0000] {processor.py:914} INFO - Processing file /opt/airflow/dags/exemplos/example_distributed_2.py for tasks to queue
[2026-07-04T13:56:45.029+0000] {logging_mixin.py:190} INFO - [2026-07-04T13:56:45.028+0000] {dagbag.py:588} INFO - Filling up the DagBag from /opt/airflow/dags/exemplos/example_distributed_2.py
[2026-07-04T13:56:45.073+0000] {processor.py:925} INFO - DAG(s) 'example_distributed_celery_fixed_sleep' retrieved from /opt/airflow/dags/exemplos/example_distributed_2.py
[2026-07-04T13:56:45.192+0000] {logging_mixin.py:190} INFO - [2026-07-04T13:56:45.192+0000] {dag.py:3239} INFO - Sync 1 DAGs
[2026-07-04T13:56:45.241+0000] {logging_mixin.py:190} INFO - [2026-07-04T13:56:45.239+0000] {dag.py:4180} INFO - Setting next_dagrun for example_distributed_celery_fixed_sleep to None, run_after=None
[2026-07-04T13:56:45.304+0000] {processor.py:208} INFO - Processing /opt/airflow/dags/exemplos/example_distributed_2.py took 0.305 seconds
[2026-07-04T13:57:15.805+0000] {processor.py:186} INFO - Started process (PID=1087) to work on /opt/airflow/dags/exemplos/example_distributed_2.py
[2026-07-04T13:57:15.808+0000] {processor.py:914} INFO - Processing file /opt/airflow/dags/exemplos/example_distributed_2.py for tasks to queue
[2026-07-04T13:57:15.817+0000] {logging_mixin.py:190} INFO - [2026-07-04T13:57:15.816+0000] {dagbag.py:588} INFO - Filling up the DagBag from /opt/airflow/dags/exemplos/example_distributed_2.py
[2026-07-04T13:57:15.860+0000] {processor.py:925} INFO - DAG(s) 'example_distributed_celery_fixed_sleep' retrieved from /opt/airflow/dags/exemplos/example_distributed_2.py
[2026-07-04T13:57:15.961+0000] {logging_mixin.py:190} INFO - [2026-07-04T13:57:15.961+0000] {dag.py:3239} INFO - Sync 1 DAGs
[2026-07-04T13:57:16.007+0000] {logging_mixin.py:190} INFO - [2026-07-04T13:57:16.007+0000] {dag.py:4180} INFO - Setting next_dagrun for example_distributed_celery_fixed_sleep to None, run_after=None
[2026-07-04T13:57:16.071+0000] {processor.py:208} INFO - Processing /opt/airflow/dags/exemplos/example_distributed_2.py took 0.281 seconds
[2026-07-04T13:57:46.679+0000] {processor.py:186} INFO - Started process (PID=1098) to work on /opt/airflow/dags/exemplos/example_distributed_2.py
[2026-07-04T13:57:46.681+0000] {processor.py:914} INFO - Processing file /opt/airflow/dags/exemplos/example_distributed_2.py for tasks to queue
[2026-07-04T13:57:46.687+0000] {logging_mixin.py:190} INFO - [2026-07-04T13:57:46.686+0000] {dagbag.py:588} INFO - Filling up the DagBag from /opt/airflow/dags/exemplos/example_distributed_2.py
[2026-07-04T13:57:46.712+0000] {processor.py:925} INFO - DAG(s) 'example_distributed_celery_fixed_sleep' retrieved from /opt/airflow/dags/exemplos/example_distributed_2.py
[2026-07-04T13:57:46.792+0000] {logging_mixin.py:190} INFO - [2026-07-04T13:57:46.791+0000] {dag.py:3239} INFO - Sync 1 DAGs
[2026-07-04T13:57:46.839+0000] {logging_mixin.py:190} INFO - [2026-07-04T13:57:46.838+0000] {dag.py:4180} INFO - Setting next_dagrun for example_distributed_celery_fixed_sleep to None, run_after=None
[2026-07-04T13:57:46.892+0000] {processor.py:208} INFO - Processing /opt/airflow/dags/exemplos/example_distributed_2.py took 0.225 seconds
[2026-07-04T13:58:17.249+0000] {processor.py:186} INFO - Started process (PID=1108) to work on /opt/airflow/dags/exemplos/example_distributed_2.py
[2026-07-04T13:58:17.253+0000] {processor.py:914} INFO - Processing file /opt/airflow/dags/exemplos/example_distributed_2.py for tasks to queue
[2026-07-04T13:58:17.259+0000] {logging_mixin.py:190} INFO - [2026-07-04T13:58:17.258+0000] {dagbag.py:588} INFO - Filling up the DagBag from /opt/airflow/dags/exemplos/example_distributed_2.py
[2026-07-04T13:58:17.307+0000] {processor.py:925} INFO - DAG(s) 'example_distributed_celery_fixed_sleep' retrieved from /opt/airflow/dags/exemplos/example_distributed_2.py
[2026-07-04T13:58:17.422+0000] {logging_mixin.py:190} INFO - [2026-07-04T13:58:17.421+0000] {dag.py:3239} INFO - Sync 1 DAGs
[2026-07-04T13:58:17.481+0000] {logging_mixin.py:190} INFO - [2026-07-04T13:58:17.480+0000] {dag.py:4180} INFO - Setting next_dagrun for example_distributed_celery_fixed_sleep to None, run_after=None
[2026-07-04T13:58:17.576+0000] {processor.py:208} INFO - Processing /opt/airflow/dags/exemplos/example_distributed_2.py took 0.349 seconds
[2026-07-04T13:58:48.111+0000] {processor.py:186} INFO - Started process (PID=1119) to work on /opt/airflow/dags/exemplos/example_distributed_2.py
[2026-07-04T13:58:48.114+0000] {processor.py:914} INFO - Processing file /opt/airflow/dags/exemplos/example_distributed_2.py for tasks to queue
[2026-07-04T13:58:48.122+0000] {logging_mixin.py:190} INFO - [2026-07-04T13:58:48.122+0000] {dagbag.py:588} INFO - Filling up the DagBag from /opt/airflow/dags/exemplos/example_distributed_2.py
[2026-07-04T13:58:48.168+0000] {processor.py:925} INFO - DAG(s) 'example_distributed_celery_fixed_sleep' retrieved from /opt/airflow/dags/exemplos/example_distributed_2.py
[2026-07-04T13:58:48.266+0000] {logging_mixin.py:190} INFO - [2026-07-04T13:58:48.266+0000] {dag.py:3239} INFO - Sync 1 DAGs
[2026-07-04T13:58:48.313+0000] {logging_mixin.py:190} INFO - [2026-07-04T13:58:48.312+0000] {dag.py:4180} INFO - Setting next_dagrun for example_distributed_celery_fixed_sleep to None, run_after=None
[2026-07-04T13:58:48.369+0000] {processor.py:208} INFO - Processing /opt/airflow/dags/exemplos/example_distributed_2.py took 0.277 seconds
[2026-07-04T13:59:18.927+0000] {processor.py:186} INFO - Started process (PID=1124) to work on /opt/airflow/dags/exemplos/example_distributed_2.py
[2026-07-04T13:59:18.929+0000] {processor.py:914} INFO - Processing file /opt/airflow/dags/exemplos/example_distributed_2.py for tasks to queue
[2026-07-04T13:59:18.935+0000] {logging_mixin.py:190} INFO - [2026-07-04T13:59:18.934+0000] {dagbag.py:588} INFO - Filling up the DagBag from /opt/airflow/dags/exemplos/example_distributed_2.py
[2026-07-04T13:59:18.968+0000] {processor.py:925} INFO - DAG(s) 'example_distributed_celery_fixed_sleep' retrieved from /opt/airflow/dags/exemplos/example_distributed_2.py
[2026-07-04T13:59:19.054+0000] {logging_mixin.py:190} INFO - [2026-07-04T13:59:19.054+0000] {dag.py:3239} INFO - Sync 1 DAGs
[2026-07-04T13:59:19.091+0000] {logging_mixin.py:190} INFO - [2026-07-04T13:59:19.091+0000] {dag.py:4180} INFO - Setting next_dagrun for example_distributed_celery_fixed_sleep to None, run_after=None
[2026-07-04T13:59:19.141+0000] {processor.py:208} INFO - Processing /opt/airflow/dags/exemplos/example_distributed_2.py took 0.228 seconds
[2026-07-04T13:59:49.748+0000] {processor.py:186} INFO - Started process (PID=1135) to work on /opt/airflow/dags/exemplos/example_distributed_2.py
[2026-07-04T13:59:49.750+0000] {processor.py:914} INFO - Processing file /opt/airflow/dags/exemplos/example_distributed_2.py for tasks to queue
[2026-07-04T13:59:49.756+0000] {logging_mixin.py:190} INFO - [2026-07-04T13:59:49.756+0000] {dagbag.py:588} INFO - Filling up the DagBag from /opt/airflow/dags/exemplos/example_distributed_2.py
[2026-07-04T13:59:49.782+0000] {processor.py:925} INFO - DAG(s) 'example_distributed_celery_fixed_sleep' retrieved from /opt/airflow/dags/exemplos/example_distributed_2.py
[2026-07-04T13:59:49.864+0000] {logging_mixin.py:190} INFO - [2026-07-04T13:59:49.864+0000] {dag.py:3239} INFO - Sync 1 DAGs
[2026-07-04T13:59:49.897+0000] {logging_mixin.py:190} INFO - [2026-07-04T13:59:49.897+0000] {dag.py:4180} INFO - Setting next_dagrun for example_distributed_celery_fixed_sleep to None, run_after=None
[2026-07-04T13:59:49.946+0000] {processor.py:208} INFO - Processing /opt/airflow/dags/exemplos/example_distributed_2.py took 0.219 seconds
[2026-07-04T14:00:20.494+0000] {processor.py:186} INFO - Started process (PID=1146) to work on /opt/airflow/dags/exemplos/example_distributed_2.py
[2026-07-04T14:00:20.495+0000] {processor.py:914} INFO - Processing file /opt/airflow/dags/exemplos/example_distributed_2.py for tasks to queue
[2026-07-04T14:00:20.500+0000] {logging_mixin.py:190} INFO - [2026-07-04T14:00:20.499+0000] {dagbag.py:588} INFO - Filling up the DagBag from /opt/airflow/dags/exemplos/example_distributed_2.py
[2026-07-04T14:00:20.521+0000] {processor.py:925} INFO - DAG(s) 'example_distributed_celery_fixed_sleep' retrieved from /opt/airflow/dags/exemplos/example_distributed_2.py
[2026-07-04T14:00:20.594+0000] {logging_mixin.py:190} INFO - [2026-07-04T14:00:20.594+0000] {dag.py:3239} INFO - Sync 1 DAGs
[2026-07-04T14:00:20.626+0000] {logging_mixin.py:190} INFO - [2026-07-04T14:00:20.626+0000] {dag.py:4180} INFO - Setting next_dagrun for example_distributed_celery_fixed_sleep to None, run_after=None
[2026-07-04T14:00:20.664+0000] {processor.py:208} INFO - Processing /opt/airflow/dags/exemplos/example_distributed_2.py took 0.179 seconds
[2026-07-04T14:00:51.266+0000] {processor.py:186} INFO - Started process (PID=1157) to work on /opt/airflow/dags/exemplos/example_distributed_2.py
[2026-07-04T14:00:51.267+0000] {processor.py:914} INFO - Processing file /opt/airflow/dags/exemplos/example_distributed_2.py for tasks to queue
[2026-07-04T14:00:51.273+0000] {logging_mixin.py:190} INFO - [2026-07-04T14:00:51.272+0000] {dagbag.py:588} INFO - Filling up the DagBag from /opt/airflow/dags/exemplos/example_distributed_2.py
[2026-07-04T14:00:51.301+0000] {processor.py:925} INFO - DAG(s) 'example_distributed_celery_fixed_sleep' retrieved from /opt/airflow/dags/exemplos/example_distributed_2.py
[2026-07-04T14:00:51.378+0000] {logging_mixin.py:190} INFO - [2026-07-04T14:00:51.377+0000] {dag.py:3239} INFO - Sync 1 DAGs
[2026-07-04T14:00:51.419+0000] {logging_mixin.py:190} INFO - [2026-07-04T14:00:51.418+0000] {dag.py:4180} INFO - Setting next_dagrun for example_distributed_celery_fixed_sleep to None, run_after=None
[2026-07-04T14:00:51.467+0000] {processor.py:208} INFO - Processing /opt/airflow/dags/exemplos/example_distributed_2.py took 0.217 seconds
[2026-07-04T14:01:22.035+0000] {processor.py:186} INFO - Started process (PID=1168) to work on /opt/airflow/dags/exemplos/example_distributed_2.py
[2026-07-04T14:01:22.036+0000] {processor.py:914} INFO - Processing file /opt/airflow/dags/exemplos/example_distributed_2.py for tasks to queue
[2026-07-04T14:01:22.042+0000] {logging_mixin.py:190} INFO - [2026-07-04T14:01:22.041+0000] {dagbag.py:588} INFO - Filling up the DagBag from /opt/airflow/dags/exemplos/example_distributed_2.py
[2026-07-04T14:01:22.074+0000] {processor.py:925} INFO - DAG(s) 'example_distributed_celery_fixed_sleep' retrieved from /opt/airflow/dags/exemplos/example_distributed_2.py
[2026-07-04T14:01:22.158+0000] {logging_mixin.py:190} INFO - [2026-07-04T14:01:22.157+0000] {dag.py:3239} INFO - Sync 1 DAGs
[2026-07-04T14:01:22.201+0000] {logging_mixin.py:190} INFO - [2026-07-04T14:01:22.201+0000] {dag.py:4180} INFO - Setting next_dagrun for example_distributed_celery_fixed_sleep to None, run_after=None
[2026-07-04T14:01:22.272+0000] {processor.py:208} INFO - Processing /opt/airflow/dags/exemplos/example_distributed_2.py took 0.247 seconds
[2026-07-04T14:01:52.821+0000] {processor.py:186} INFO - Started process (PID=1178) to work on /opt/airflow/dags/exemplos/example_distributed_2.py
[2026-07-04T14:01:52.825+0000] {processor.py:914} INFO - Processing file /opt/airflow/dags/exemplos/example_distributed_2.py for tasks to queue
[2026-07-04T14:01:52.831+0000] {logging_mixin.py:190} INFO - [2026-07-04T14:01:52.830+0000] {dagbag.py:588} INFO - Filling up the DagBag from /opt/airflow/dags/exemplos/example_distributed_2.py
[2026-07-04T14:01:52.857+0000] {processor.py:925} INFO - DAG(s) 'example_distributed_celery_fixed_sleep' retrieved from /opt/airflow/dags/exemplos/example_distributed_2.py
[2026-07-04T14:01:52.953+0000] {logging_mixin.py:190} INFO - [2026-07-04T14:01:52.952+0000] {dag.py:3239} INFO - Sync 1 DAGs
[2026-07-04T14:01:53.004+0000] {logging_mixin.py:190} INFO - [2026-07-04T14:01:53.004+0000] {dag.py:4180} INFO - Setting next_dagrun for example_distributed_celery_fixed_sleep to None, run_after=None
[2026-07-04T14:01:53.046+0000] {processor.py:208} INFO - Processing /opt/airflow/dags/exemplos/example_distributed_2.py took 0.241 seconds
[2026-07-04T14:02:23.349+0000] {processor.py:186} INFO - Started process (PID=1188) to work on /opt/airflow/dags/exemplos/example_distributed_2.py
[2026-07-04T14:02:23.351+0000] {processor.py:914} INFO - Processing file /opt/airflow/dags/exemplos/example_distributed_2.py for tasks to queue
[2026-07-04T14:02:23.361+0000] {logging_mixin.py:190} INFO - [2026-07-04T14:02:23.360+0000] {dagbag.py:588} INFO - Filling up the DagBag from /opt/airflow/dags/exemplos/example_distributed_2.py
[2026-07-04T14:02:23.386+0000] {processor.py:925} INFO - DAG(s) 'example_distributed_celery_fixed_sleep' retrieved from /opt/airflow/dags/exemplos/example_distributed_2.py
[2026-07-04T14:02:23.469+0000] {logging_mixin.py:190} INFO - [2026-07-04T14:02:23.468+0000] {dag.py:3239} INFO - Sync 1 DAGs
[2026-07-04T14:02:23.509+0000] {logging_mixin.py:190} INFO - [2026-07-04T14:02:23.509+0000] {dag.py:4180} INFO - Setting next_dagrun for example_distributed_celery_fixed_sleep to None, run_after=None
[2026-07-04T14:02:23.564+0000] {processor.py:208} INFO - Processing /opt/airflow/dags/exemplos/example_distributed_2.py took 0.230 seconds
[2026-07-04T14:02:54.083+0000] {processor.py:186} INFO - Started process (PID=1193) to work on /opt/airflow/dags/exemplos/example_distributed_2.py
[2026-07-04T14:02:54.085+0000] {processor.py:914} INFO - Processing file /opt/airflow/dags/exemplos/example_distributed_2.py for tasks to queue
[2026-07-04T14:02:54.092+0000] {logging_mixin.py:190} INFO - [2026-07-04T14:02:54.091+0000] {dagbag.py:588} INFO - Filling up the DagBag from /opt/airflow/dags/exemplos/example_distributed_2.py
[2026-07-04T14:02:54.112+0000] {processor.py:925} INFO - DAG(s) 'example_distributed_celery_fixed_sleep' retrieved from /opt/airflow/dags/exemplos/example_distributed_2.py
[2026-07-04T14:02:54.171+0000] {logging_mixin.py:190} INFO - [2026-07-04T14:02:54.171+0000] {dag.py:3239} INFO - Sync 1 DAGs
[2026-07-04T14:02:54.201+0000] {logging_mixin.py:190} INFO - [2026-07-04T14:02:54.201+0000] {dag.py:4180} INFO - Setting next_dagrun for example_distributed_celery_fixed_sleep to None, run_after=None
[2026-07-04T14:02:54.235+0000] {processor.py:208} INFO - Processing /opt/airflow/dags/exemplos/example_distributed_2.py took 0.166 seconds
[2026-07-04T14:03:24.741+0000] {processor.py:186} INFO - Started process (PID=1204) to work on /opt/airflow/dags/exemplos/example_distributed_2.py
[2026-07-04T14:03:24.743+0000] {processor.py:914} INFO - Processing file /opt/airflow/dags/exemplos/example_distributed_2.py for tasks to queue
[2026-07-04T14:03:24.749+0000] {logging_mixin.py:190} INFO - [2026-07-04T14:03:24.748+0000] {dagbag.py:588} INFO - Filling up the DagBag from /opt/airflow/dags/exemplos/example_distributed_2.py
[2026-07-04T14:03:24.778+0000] {processor.py:925} INFO - DAG(s) 'example_distributed_celery_fixed_sleep' retrieved from /opt/airflow/dags/exemplos/example_distributed_2.py
[2026-07-04T14:03:24.866+0000] {logging_mixin.py:190} INFO - [2026-07-04T14:03:24.866+0000] {dag.py:3239} INFO - Sync 1 DAGs
[2026-07-04T14:03:24.913+0000] {logging_mixin.py:190} INFO - [2026-07-04T14:03:24.913+0000] {dag.py:4180} INFO - Setting next_dagrun for example_distributed_celery_fixed_sleep to None, run_after=None
[2026-07-04T14:03:24.986+0000] {processor.py:208} INFO - Processing /opt/airflow/dags/exemplos/example_distributed_2.py took 0.261 seconds
[2026-07-04T14:03:55.567+0000] {processor.py:186} INFO - Started process (PID=1215) to work on /opt/airflow/dags/exemplos/example_distributed_2.py
[2026-07-04T14:03:55.569+0000] {processor.py:914} INFO - Processing file /opt/airflow/dags/exemplos/example_distributed_2.py for tasks to queue
[2026-07-04T14:03:55.577+0000] {logging_mixin.py:190} INFO - [2026-07-04T14:03:55.576+0000] {dagbag.py:588} INFO - Filling up the DagBag from /opt/airflow/dags/exemplos/example_distributed_2.py
[2026-07-04T14:03:55.604+0000] {processor.py:925} INFO - DAG(s) 'example_distributed_celery_fixed_sleep' retrieved from /opt/airflow/dags/exemplos/example_distributed_2.py
[2026-07-04T14:03:55.701+0000] {logging_mixin.py:190} INFO - [2026-07-04T14:03:55.701+0000] {dag.py:3239} INFO - Sync 1 DAGs
[2026-07-04T14:03:55.741+0000] {logging_mixin.py:190} INFO - [2026-07-04T14:03:55.740+0000] {dag.py:4180} INFO - Setting next_dagrun for example_distributed_celery_fixed_sleep to None, run_after=None
[2026-07-04T14:03:55.796+0000] {processor.py:208} INFO - Processing /opt/airflow/dags/exemplos/example_distributed_2.py took 0.248 seconds
[2026-07-04T14:04:26.436+0000] {processor.py:186} INFO - Started process (PID=1226) to work on /opt/airflow/dags/exemplos/example_distributed_2.py
[2026-07-04T14:04:26.439+0000] {processor.py:914} INFO - Processing file /opt/airflow/dags/exemplos/example_distributed_2.py for tasks to queue
[2026-07-04T14:04:26.444+0000] {logging_mixin.py:190} INFO - [2026-07-04T14:04:26.444+0000] {dagbag.py:588} INFO - Filling up the DagBag from /opt/airflow/dags/exemplos/example_distributed_2.py
[2026-07-04T14:04:26.473+0000] {processor.py:925} INFO - DAG(s) 'example_distributed_celery_fixed_sleep' retrieved from /opt/airflow/dags/exemplos/example_distributed_2.py
[2026-07-04T14:04:26.570+0000] {logging_mixin.py:190} INFO - [2026-07-04T14:04:26.570+0000] {dag.py:3239} INFO - Sync 1 DAGs
[2026-07-04T14:04:26.615+0000] {logging_mixin.py:190} INFO - [2026-07-04T14:04:26.614+0000] {dag.py:4180} INFO - Setting next_dagrun for example_distributed_celery_fixed_sleep to None, run_after=None
[2026-07-04T14:04:26.674+0000] {processor.py:208} INFO - Processing /opt/airflow/dags/exemplos/example_distributed_2.py took 0.250 seconds
[2026-07-04T14:04:57.278+0000] {processor.py:186} INFO - Started process (PID=1237) to work on /opt/airflow/dags/exemplos/example_distributed_2.py
[2026-07-04T14:04:57.280+0000] {processor.py:914} INFO - Processing file /opt/airflow/dags/exemplos/example_distributed_2.py for tasks to queue
[2026-07-04T14:04:57.289+0000] {logging_mixin.py:190} INFO - [2026-07-04T14:04:57.288+0000] {dagbag.py:588} INFO - Filling up the DagBag from /opt/airflow/dags/exemplos/example_distributed_2.py
[2026-07-04T14:04:57.324+0000] {processor.py:925} INFO - DAG(s) 'example_distributed_celery_fixed_sleep' retrieved from /opt/airflow/dags/exemplos/example_distributed_2.py
[2026-07-04T14:04:57.430+0000] {logging_mixin.py:190} INFO - [2026-07-04T14:04:57.430+0000] {dag.py:3239} INFO - Sync 1 DAGs
[2026-07-04T14:04:57.487+0000] {logging_mixin.py:190} INFO - [2026-07-04T14:04:57.486+0000] {dag.py:4180} INFO - Setting next_dagrun for example_distributed_celery_fixed_sleep to None, run_after=None
[2026-07-04T14:04:57.553+0000] {processor.py:208} INFO - Processing /opt/airflow/dags/exemplos/example_distributed_2.py took 0.294 seconds
[2026-07-04T14:05:28.173+0000] {processor.py:186} INFO - Started process (PID=1248) to work on /opt/airflow/dags/exemplos/example_distributed_2.py
[2026-07-04T14:05:28.175+0000] {processor.py:914} INFO - Processing file /opt/airflow/dags/exemplos/example_distributed_2.py for tasks to queue
[2026-07-04T14:05:28.180+0000] {logging_mixin.py:190} INFO - [2026-07-04T14:05:28.179+0000] {dagbag.py:588} INFO - Filling up the DagBag from /opt/airflow/dags/exemplos/example_distributed_2.py
[2026-07-04T14:05:28.203+0000] {processor.py:925} INFO - DAG(s) 'example_distributed_celery_fixed_sleep' retrieved from /opt/airflow/dags/exemplos/example_distributed_2.py
[2026-07-04T14:05:28.277+0000] {logging_mixin.py:190} INFO - [2026-07-04T14:05:28.276+0000] {dag.py:3239} INFO - Sync 1 DAGs
[2026-07-04T14:05:28.322+0000] {logging_mixin.py:190} INFO - [2026-07-04T14:05:28.322+0000] {dag.py:4180} INFO - Setting next_dagrun for example_distributed_celery_fixed_sleep to None, run_after=None
[2026-07-04T14:05:28.370+0000] {processor.py:208} INFO - Processing /opt/airflow/dags/exemplos/example_distributed_2.py took 0.208 seconds
[2026-07-04T14:05:58.780+0000] {processor.py:186} INFO - Started process (PID=1258) to work on /opt/airflow/dags/exemplos/example_distributed_2.py
[2026-07-04T14:05:58.782+0000] {processor.py:914} INFO - Processing file /opt/airflow/dags/exemplos/example_distributed_2.py for tasks to queue
[2026-07-04T14:05:58.788+0000] {logging_mixin.py:190} INFO - [2026-07-04T14:05:58.788+0000] {dagbag.py:588} INFO - Filling up the DagBag from /opt/airflow/dags/exemplos/example_distributed_2.py
[2026-07-04T14:05:58.815+0000] {processor.py:925} INFO - DAG(s) 'example_distributed_celery_fixed_sleep' retrieved from /opt/airflow/dags/exemplos/example_distributed_2.py
[2026-07-04T14:05:58.888+0000] {logging_mixin.py:190} INFO - [2026-07-04T14:05:58.887+0000] {dag.py:3239} INFO - Sync 1 DAGs
[2026-07-04T14:05:58.938+0000] {logging_mixin.py:190} INFO - [2026-07-04T14:05:58.937+0000] {dag.py:4180} INFO - Setting next_dagrun for example_distributed_celery_fixed_sleep to None, run_after=None
[2026-07-04T14:05:58.995+0000] {processor.py:208} INFO - Processing /opt/airflow/dags/exemplos/example_distributed_2.py took 0.228 seconds
[2026-07-04T14:06:29.811+0000] {processor.py:186} INFO - Started process (PID=1263) to work on /opt/airflow/dags/exemplos/example_distributed_2.py
[2026-07-04T14:06:29.813+0000] {processor.py:914} INFO - Processing file /opt/airflow/dags/exemplos/example_distributed_2.py for tasks to queue
[2026-07-04T14:06:29.822+0000] {logging_mixin.py:190} INFO - [2026-07-04T14:06:29.821+0000] {dagbag.py:588} INFO - Filling up the DagBag from /opt/airflow/dags/exemplos/example_distributed_2.py
[2026-07-04T14:06:29.852+0000] {processor.py:925} INFO - DAG(s) 'example_distributed_celery_fixed_sleep' retrieved from /opt/airflow/dags/exemplos/example_distributed_2.py
[2026-07-04T14:06:29.936+0000] {logging_mixin.py:190} INFO - [2026-07-04T14:06:29.936+0000] {dag.py:3239} INFO - Sync 1 DAGs
[2026-07-04T14:06:29.972+0000] {logging_mixin.py:190} INFO - [2026-07-04T14:06:29.972+0000] {dag.py:4180} INFO - Setting next_dagrun for example_distributed_celery_fixed_sleep to None, run_after=None
[2026-07-04T14:06:30.024+0000] {processor.py:208} INFO - Processing /opt/airflow/dags/exemplos/example_distributed_2.py took 0.227 seconds
[2026-07-04T14:07:00.316+0000] {processor.py:186} INFO - Started process (PID=1273) to work on /opt/airflow/dags/exemplos/example_distributed_2.py
[2026-07-04T14:07:00.319+0000] {processor.py:914} INFO - Processing file /opt/airflow/dags/exemplos/example_distributed_2.py for tasks to queue
[2026-07-04T14:07:00.331+0000] {logging_mixin.py:190} INFO - [2026-07-04T14:07:00.329+0000] {dagbag.py:588} INFO - Filling up the DagBag from /opt/airflow/dags/exemplos/example_distributed_2.py
[2026-07-04T14:07:00.358+0000] {processor.py:925} INFO - DAG(s) 'example_distributed_celery_fixed_sleep' retrieved from /opt/airflow/dags/exemplos/example_distributed_2.py
[2026-07-04T14:07:00.412+0000] {logging_mixin.py:190} INFO - [2026-07-04T14:07:00.411+0000] {dag.py:3239} INFO - Sync 1 DAGs
[2026-07-04T14:07:00.435+0000] {logging_mixin.py:190} INFO - [2026-07-04T14:07:00.434+0000] {dag.py:4180} INFO - Setting next_dagrun for example_distributed_celery_fixed_sleep to None, run_after=None
[2026-07-04T14:07:00.465+0000] {processor.py:208} INFO - Processing /opt/airflow/dags/exemplos/example_distributed_2.py took 0.171 seconds
[2026-07-04T14:07:30.743+0000] {processor.py:186} INFO - Started process (PID=1284) to work on /opt/airflow/dags/exemplos/example_distributed_2.py
[2026-07-04T14:07:30.746+0000] {processor.py:914} INFO - Processing file /opt/airflow/dags/exemplos/example_distributed_2.py for tasks to queue
[2026-07-04T14:07:30.752+0000] {logging_mixin.py:190} INFO - [2026-07-04T14:07:30.751+0000] {dagbag.py:588} INFO - Filling up the DagBag from /opt/airflow/dags/exemplos/example_distributed_2.py
[2026-07-04T14:07:30.780+0000] {processor.py:925} INFO - DAG(s) 'example_distributed_celery_fixed_sleep' retrieved from /opt/airflow/dags/exemplos/example_distributed_2.py
[2026-07-04T14:07:30.860+0000] {logging_mixin.py:190} INFO - [2026-07-04T14:07:30.859+0000] {dag.py:3239} INFO - Sync 1 DAGs
[2026-07-04T14:07:30.891+0000] {logging_mixin.py:190} INFO - [2026-07-04T14:07:30.891+0000] {dag.py:4180} INFO - Setting next_dagrun for example_distributed_celery_fixed_sleep to None, run_after=None
[2026-07-04T14:07:30.932+0000] {processor.py:208} INFO - Processing /opt/airflow/dags/exemplos/example_distributed_2.py took 0.204 seconds
[2026-07-04T14:08:01.463+0000] {processor.py:186} INFO - Started process (PID=1295) to work on /opt/airflow/dags/exemplos/example_distributed_2.py
[2026-07-04T14:08:01.464+0000] {processor.py:914} INFO - Processing file /opt/airflow/dags/exemplos/example_distributed_2.py for tasks to queue
[2026-07-04T14:08:01.469+0000] {logging_mixin.py:190} INFO - [2026-07-04T14:08:01.469+0000] {dagbag.py:588} INFO - Filling up the DagBag from /opt/airflow/dags/exemplos/example_distributed_2.py
[2026-07-04T14:08:01.489+0000] {processor.py:925} INFO - DAG(s) 'example_distributed_celery_fixed_sleep' retrieved from /opt/airflow/dags/exemplos/example_distributed_2.py
[2026-07-04T14:08:01.537+0000] {logging_mixin.py:190} INFO - [2026-07-04T14:08:01.536+0000] {dag.py:3239} INFO - Sync 1 DAGs
[2026-07-04T14:08:01.572+0000] {logging_mixin.py:190} INFO - [2026-07-04T14:08:01.571+0000] {dag.py:4180} INFO - Setting next_dagrun for example_distributed_celery_fixed_sleep to None, run_after=None
[2026-07-04T14:08:01.606+0000] {processor.py:208} INFO - Processing /opt/airflow/dags/exemplos/example_distributed_2.py took 0.153 seconds
[2026-07-04T14:08:31.933+0000] {processor.py:186} INFO - Started process (PID=1306) to work on /opt/airflow/dags/exemplos/example_distributed_2.py
[2026-07-04T14:08:31.934+0000] {processor.py:914} INFO - Processing file /opt/airflow/dags/exemplos/example_distributed_2.py for tasks to queue
[2026-07-04T14:08:31.940+0000] {logging_mixin.py:190} INFO - [2026-07-04T14:08:31.939+0000] {dagbag.py:588} INFO - Filling up the DagBag from /opt/airflow/dags/exemplos/example_distributed_2.py
[2026-07-04T14:08:31.964+0000] {processor.py:925} INFO - DAG(s) 'example_distributed_celery_fixed_sleep' retrieved from /opt/airflow/dags/exemplos/example_distributed_2.py
[2026-07-04T14:08:32.029+0000] {logging_mixin.py:190} INFO - [2026-07-04T14:08:32.029+0000] {dag.py:3239} INFO - Sync 1 DAGs
[2026-07-04T14:08:32.073+0000] {logging_mixin.py:190} INFO - [2026-07-04T14:08:32.072+0000] {dag.py:4180} INFO - Setting next_dagrun for example_distributed_celery_fixed_sleep to None, run_after=None
[2026-07-04T14:08:32.114+0000] {processor.py:208} INFO - Processing /opt/airflow/dags/exemplos/example_distributed_2.py took 0.190 seconds
[2026-07-04T14:09:02.317+0000] {processor.py:186} INFO - Started process (PID=1317) to work on /opt/airflow/dags/exemplos/example_distributed_2.py
[2026-07-04T14:09:02.318+0000] {processor.py:914} INFO - Processing file /opt/airflow/dags/exemplos/example_distributed_2.py for tasks to queue
[2026-07-04T14:09:02.324+0000] {logging_mixin.py:190} INFO - [2026-07-04T14:09:02.323+0000] {dagbag.py:588} INFO - Filling up the DagBag from /opt/airflow/dags/exemplos/example_distributed_2.py
[2026-07-04T14:09:02.343+0000] {processor.py:925} INFO - DAG(s) 'example_distributed_celery_fixed_sleep' retrieved from /opt/airflow/dags/exemplos/example_distributed_2.py
[2026-07-04T14:09:02.402+0000] {logging_mixin.py:190} INFO - [2026-07-04T14:09:02.402+0000] {dag.py:3239} INFO - Sync 1 DAGs
[2026-07-04T14:09:02.435+0000] {logging_mixin.py:190} INFO - [2026-07-04T14:09:02.435+0000] {dag.py:4180} INFO - Setting next_dagrun for example_distributed_celery_fixed_sleep to None, run_after=None
[2026-07-04T14:09:02.468+0000] {processor.py:208} INFO - Processing /opt/airflow/dags/exemplos/example_distributed_2.py took 0.176 seconds
[2026-07-04T14:09:33.147+0000] {processor.py:186} INFO - Started process (PID=1327) to work on /opt/airflow/dags/exemplos/example_distributed_2.py
[2026-07-04T14:09:33.150+0000] {processor.py:914} INFO - Processing file /opt/airflow/dags/exemplos/example_distributed_2.py for tasks to queue
[2026-07-04T14:09:33.161+0000] {logging_mixin.py:190} INFO - [2026-07-04T14:09:33.160+0000] {dagbag.py:588} INFO - Filling up the DagBag from /opt/airflow/dags/exemplos/example_distributed_2.py
[2026-07-04T14:09:33.192+0000] {processor.py:925} INFO - DAG(s) 'example_distributed_celery_fixed_sleep' retrieved from /opt/airflow/dags/exemplos/example_distributed_2.py
[2026-07-04T14:09:33.303+0000] {logging_mixin.py:190} INFO - [2026-07-04T14:09:33.301+0000] {dag.py:3239} INFO - Sync 1 DAGs
[2026-07-04T14:09:33.393+0000] {logging_mixin.py:190} INFO - [2026-07-04T14:09:33.392+0000] {dag.py:4180} INFO - Setting next_dagrun for example_distributed_celery_fixed_sleep to None, run_after=None
[2026-07-04T14:09:33.469+0000] {processor.py:208} INFO - Processing /opt/airflow/dags/exemplos/example_distributed_2.py took 0.351 seconds
[2026-07-04T14:10:04.117+0000] {processor.py:186} INFO - Started process (PID=1332) to work on /opt/airflow/dags/exemplos/example_distributed_2.py
[2026-07-04T14:10:04.119+0000] {processor.py:914} INFO - Processing file /opt/airflow/dags/exemplos/example_distributed_2.py for tasks to queue
[2026-07-04T14:10:04.124+0000] {logging_mixin.py:190} INFO - [2026-07-04T14:10:04.123+0000] {dagbag.py:588} INFO - Filling up the DagBag from /opt/airflow/dags/exemplos/example_distributed_2.py
[2026-07-04T14:10:04.146+0000] {processor.py:925} INFO - DAG(s) 'example_distributed_celery_fixed_sleep' retrieved from /opt/airflow/dags/exemplos/example_distributed_2.py
[2026-07-04T14:10:04.204+0000] {logging_mixin.py:190} INFO - [2026-07-04T14:10:04.204+0000] {dag.py:3239} INFO - Sync 1 DAGs
[2026-07-04T14:10:04.232+0000] {logging_mixin.py:190} INFO - [2026-07-04T14:10:04.231+0000] {dag.py:4180} INFO - Setting next_dagrun for example_distributed_celery_fixed_sleep to None, run_after=None
[2026-07-04T14:10:04.267+0000] {processor.py:208} INFO - Processing /opt/airflow/dags/exemplos/example_distributed_2.py took 0.165 seconds
[2026-07-04T14:10:34.866+0000] {processor.py:186} INFO - Started process (PID=1342) to work on /opt/airflow/dags/exemplos/example_distributed_2.py
[2026-07-04T14:10:34.868+0000] {processor.py:914} INFO - Processing file /opt/airflow/dags/exemplos/example_distributed_2.py for tasks to queue
[2026-07-04T14:10:34.873+0000] {logging_mixin.py:190} INFO - [2026-07-04T14:10:34.873+0000] {dagbag.py:588} INFO - Filling up the DagBag from /opt/airflow/dags/exemplos/example_distributed_2.py
[2026-07-04T14:10:34.897+0000] {processor.py:925} INFO - DAG(s) 'example_distributed_celery_fixed_sleep' retrieved from /opt/airflow/dags/exemplos/example_distributed_2.py
[2026-07-04T14:10:34.958+0000] {logging_mixin.py:190} INFO - [2026-07-04T14:10:34.957+0000] {dag.py:3239} INFO - Sync 1 DAGs
[2026-07-04T14:10:34.987+0000] {logging_mixin.py:190} INFO - [2026-07-04T14:10:34.987+0000] {dag.py:4180} INFO - Setting next_dagrun for example_distributed_celery_fixed_sleep to None, run_after=None
[2026-07-04T14:10:35.022+0000] {processor.py:208} INFO - Processing /opt/airflow/dags/exemplos/example_distributed_2.py took 0.166 seconds
[2026-07-04T14:11:05.713+0000] {processor.py:186} INFO - Started process (PID=1353) to work on /opt/airflow/dags/exemplos/example_distributed_2.py
[2026-07-04T14:11:05.715+0000] {processor.py:914} INFO - Processing file /opt/airflow/dags/exemplos/example_distributed_2.py for tasks to queue
[2026-07-04T14:11:05.722+0000] {logging_mixin.py:190} INFO - [2026-07-04T14:11:05.721+0000] {dagbag.py:588} INFO - Filling up the DagBag from /opt/airflow/dags/exemplos/example_distributed_2.py
[2026-07-04T14:11:05.751+0000] {processor.py:925} INFO - DAG(s) 'example_distributed_celery_fixed_sleep' retrieved from /opt/airflow/dags/exemplos/example_distributed_2.py
[2026-07-04T14:11:05.825+0000] {logging_mixin.py:190} INFO - [2026-07-04T14:11:05.825+0000] {dag.py:3239} INFO - Sync 1 DAGs
[2026-07-04T14:11:05.852+0000] {logging_mixin.py:190} INFO - [2026-07-04T14:11:05.852+0000] {dag.py:4180} INFO - Setting next_dagrun for example_distributed_celery_fixed_sleep to None, run_after=None
[2026-07-04T14:11:05.890+0000] {processor.py:208} INFO - Processing /opt/airflow/dags/exemplos/example_distributed_2.py took 0.194 seconds
[2026-07-04T14:11:36.531+0000] {processor.py:186} INFO - Started process (PID=1364) to work on /opt/airflow/dags/exemplos/example_distributed_2.py
[2026-07-04T14:11:36.534+0000] {processor.py:914} INFO - Processing file /opt/airflow/dags/exemplos/example_distributed_2.py for tasks to queue
[2026-07-04T14:11:36.540+0000] {logging_mixin.py:190} INFO - [2026-07-04T14:11:36.539+0000] {dagbag.py:588} INFO - Filling up the DagBag from /opt/airflow/dags/exemplos/example_distributed_2.py
[2026-07-04T14:11:36.567+0000] {processor.py:925} INFO - DAG(s) 'example_distributed_celery_fixed_sleep' retrieved from /opt/airflow/dags/exemplos/example_distributed_2.py
[2026-07-04T14:11:36.637+0000] {logging_mixin.py:190} INFO - [2026-07-04T14:11:36.637+0000] {dag.py:3239} INFO - Sync 1 DAGs
[2026-07-04T14:11:36.680+0000] {logging_mixin.py:190} INFO - [2026-07-04T14:11:36.678+0000] {dag.py:4180} INFO - Setting next_dagrun for example_distributed_celery_fixed_sleep to None, run_after=None
[2026-07-04T14:11:36.747+0000] {processor.py:208} INFO - Processing /opt/airflow/dags/exemplos/example_distributed_2.py took 0.230 seconds
[2026-07-04T14:12:07.392+0000] {processor.py:186} INFO - Started process (PID=1375) to work on /opt/airflow/dags/exemplos/example_distributed_2.py
[2026-07-04T14:12:07.398+0000] {processor.py:914} INFO - Processing file /opt/airflow/dags/exemplos/example_distributed_2.py for tasks to queue
[2026-07-04T14:12:07.409+0000] {logging_mixin.py:190} INFO - [2026-07-04T14:12:07.408+0000] {dagbag.py:588} INFO - Filling up the DagBag from /opt/airflow/dags/exemplos/example_distributed_2.py
[2026-07-04T14:12:07.436+0000] {processor.py:925} INFO - DAG(s) 'example_distributed_celery_fixed_sleep' retrieved from /opt/airflow/dags/exemplos/example_distributed_2.py
[2026-07-04T14:12:07.520+0000] {logging_mixin.py:190} INFO - [2026-07-04T14:12:07.519+0000] {dag.py:3239} INFO - Sync 1 DAGs
[2026-07-04T14:12:07.560+0000] {logging_mixin.py:190} INFO - [2026-07-04T14:12:07.560+0000] {dag.py:4180} INFO - Setting next_dagrun for example_distributed_celery_fixed_sleep to None, run_after=None
[2026-07-04T14:12:07.611+0000] {processor.py:208} INFO - Processing /opt/airflow/dags/exemplos/example_distributed_2.py took 0.252 seconds
[2026-07-04T14:12:38.522+0000] {processor.py:186} INFO - Started process (PID=1386) to work on /opt/airflow/dags/exemplos/example_distributed_2.py
[2026-07-04T14:12:38.523+0000] {processor.py:914} INFO - Processing file /opt/airflow/dags/exemplos/example_distributed_2.py for tasks to queue
[2026-07-04T14:12:38.527+0000] {logging_mixin.py:190} INFO - [2026-07-04T14:12:38.527+0000] {dagbag.py:588} INFO - Filling up the DagBag from /opt/airflow/dags/exemplos/example_distributed_2.py
[2026-07-04T14:12:38.558+0000] {processor.py:925} INFO - DAG(s) 'example_distributed_celery_fixed_sleep' retrieved from /opt/airflow/dags/exemplos/example_distributed_2.py
[2026-07-04T14:12:38.624+0000] {logging_mixin.py:190} INFO - [2026-07-04T14:12:38.623+0000] {dag.py:3239} INFO - Sync 1 DAGs
[2026-07-04T14:12:38.661+0000] {logging_mixin.py:190} INFO - [2026-07-04T14:12:38.661+0000] {dag.py:4180} INFO - Setting next_dagrun for example_distributed_celery_fixed_sleep to None, run_after=None
[2026-07-04T14:12:38.702+0000] {processor.py:208} INFO - Processing /opt/airflow/dags/exemplos/example_distributed_2.py took 0.191 seconds
[2026-07-04T14:13:09.145+0000] {processor.py:186} INFO - Started process (PID=1396) to work on /opt/airflow/dags/exemplos/example_distributed_2.py
[2026-07-04T14:13:09.147+0000] {processor.py:914} INFO - Processing file /opt/airflow/dags/exemplos/example_distributed_2.py for tasks to queue
[2026-07-04T14:13:09.157+0000] {logging_mixin.py:190} INFO - [2026-07-04T14:13:09.156+0000] {dagbag.py:588} INFO - Filling up the DagBag from /opt/airflow/dags/exemplos/example_distributed_2.py
[2026-07-04T14:13:09.188+0000] {processor.py:925} INFO - DAG(s) 'example_distributed_celery_fixed_sleep' retrieved from /opt/airflow/dags/exemplos/example_distributed_2.py
[2026-07-04T14:13:09.248+0000] {logging_mixin.py:190} INFO - [2026-07-04T14:13:09.247+0000] {dag.py:3239} INFO - Sync 1 DAGs
[2026-07-04T14:13:09.273+0000] {logging_mixin.py:190} INFO - [2026-07-04T14:13:09.273+0000] {dag.py:4180} INFO - Setting next_dagrun for example_distributed_celery_fixed_sleep to None, run_after=None
[2026-07-04T14:13:09.309+0000] {processor.py:208} INFO - Processing /opt/airflow/dags/exemplos/example_distributed_2.py took 0.189 seconds
[2026-07-04T14:13:39.708+0000] {processor.py:186} INFO - Started process (PID=1405) to work on /opt/airflow/dags/exemplos/example_distributed_2.py
[2026-07-04T14:13:39.710+0000] {processor.py:914} INFO - Processing file /opt/airflow/dags/exemplos/example_distributed_2.py for tasks to queue
[2026-07-04T14:13:39.723+0000] {logging_mixin.py:190} INFO - [2026-07-04T14:13:39.722+0000] {dagbag.py:588} INFO - Filling up the DagBag from /opt/airflow/dags/exemplos/example_distributed_2.py
[2026-07-04T14:13:39.756+0000] {processor.py:925} INFO - DAG(s) 'example_distributed_celery_fixed_sleep' retrieved from /opt/airflow/dags/exemplos/example_distributed_2.py
[2026-07-04T14:13:39.848+0000] {logging_mixin.py:190} INFO - [2026-07-04T14:13:39.848+0000] {dag.py:3239} INFO - Sync 1 DAGs
[2026-07-04T14:13:39.904+0000] {logging_mixin.py:190} INFO - [2026-07-04T14:13:39.902+0000] {dag.py:4180} INFO - Setting next_dagrun for example_distributed_celery_fixed_sleep to None, run_after=None
[2026-07-04T14:13:39.956+0000] {processor.py:208} INFO - Processing /opt/airflow/dags/exemplos/example_distributed_2.py took 0.269 seconds
[2026-07-04T14:14:10.480+0000] {processor.py:186} INFO - Started process (PID=1410) to work on /opt/airflow/dags/exemplos/example_distributed_2.py
[2026-07-04T14:14:10.481+0000] {processor.py:914} INFO - Processing file /opt/airflow/dags/exemplos/example_distributed_2.py for tasks to queue
[2026-07-04T14:14:10.486+0000] {logging_mixin.py:190} INFO - [2026-07-04T14:14:10.485+0000] {dagbag.py:588} INFO - Filling up the DagBag from /opt/airflow/dags/exemplos/example_distributed_2.py
[2026-07-04T14:14:10.504+0000] {processor.py:925} INFO - DAG(s) 'example_distributed_celery_fixed_sleep' retrieved from /opt/airflow/dags/exemplos/example_distributed_2.py
[2026-07-04T14:14:10.558+0000] {logging_mixin.py:190} INFO - [2026-07-04T14:14:10.557+0000] {dag.py:3239} INFO - Sync 1 DAGs
[2026-07-04T14:14:10.586+0000] {logging_mixin.py:190} INFO - [2026-07-04T14:14:10.585+0000] {dag.py:4180} INFO - Setting next_dagrun for example_distributed_celery_fixed_sleep to None, run_after=None
[2026-07-04T14:14:10.615+0000] {processor.py:208} INFO - Processing /opt/airflow/dags/exemplos/example_distributed_2.py took 0.145 seconds
[2026-07-04T14:14:41.234+0000] {processor.py:186} INFO - Started process (PID=1422) to work on /opt/airflow/dags/exemplos/example_distributed_2.py
[2026-07-04T14:14:41.237+0000] {processor.py:914} INFO - Processing file /opt/airflow/dags/exemplos/example_distributed_2.py for tasks to queue
[2026-07-04T14:14:41.244+0000] {logging_mixin.py:190} INFO - [2026-07-04T14:14:41.243+0000] {dagbag.py:588} INFO - Filling up the DagBag from /opt/airflow/dags/exemplos/example_distributed_2.py
[2026-07-04T14:14:41.271+0000] {processor.py:925} INFO - DAG(s) 'example_distributed_celery_fixed_sleep' retrieved from /opt/airflow/dags/exemplos/example_distributed_2.py
[2026-07-04T14:14:41.328+0000] {logging_mixin.py:190} INFO - [2026-07-04T14:14:41.327+0000] {dag.py:3239} INFO - Sync 1 DAGs
[2026-07-04T14:14:41.353+0000] {logging_mixin.py:190} INFO - [2026-07-04T14:14:41.353+0000] {dag.py:4180} INFO - Setting next_dagrun for example_distributed_celery_fixed_sleep to None, run_after=None
[2026-07-04T14:14:41.388+0000] {processor.py:208} INFO - Processing /opt/airflow/dags/exemplos/example_distributed_2.py took 0.178 seconds
[2026-07-04T14:15:11.785+0000] {processor.py:186} INFO - Started process (PID=1433) to work on /opt/airflow/dags/exemplos/example_distributed_2.py
[2026-07-04T14:15:11.788+0000] {processor.py:914} INFO - Processing file /opt/airflow/dags/exemplos/example_distributed_2.py for tasks to queue
[2026-07-04T14:15:11.793+0000] {logging_mixin.py:190} INFO - [2026-07-04T14:15:11.793+0000] {dagbag.py:588} INFO - Filling up the DagBag from /opt/airflow/dags/exemplos/example_distributed_2.py
[2026-07-04T14:15:11.811+0000] {processor.py:925} INFO - DAG(s) 'example_distributed_celery_fixed_sleep' retrieved from /opt/airflow/dags/exemplos/example_distributed_2.py
[2026-07-04T14:15:11.862+0000] {logging_mixin.py:190} INFO - [2026-07-04T14:15:11.862+0000] {dag.py:3239} INFO - Sync 1 DAGs
[2026-07-04T14:15:11.896+0000] {logging_mixin.py:190} INFO - [2026-07-04T14:15:11.896+0000] {dag.py:4180} INFO - Setting next_dagrun for example_distributed_celery_fixed_sleep to None, run_after=None
[2026-07-04T14:15:11.930+0000] {processor.py:208} INFO - Processing /opt/airflow/dags/exemplos/example_distributed_2.py took 0.156 seconds
[2026-07-04T14:15:42.460+0000] {processor.py:186} INFO - Started process (PID=1444) to work on /opt/airflow/dags/exemplos/example_distributed_2.py
[2026-07-04T14:15:42.462+0000] {processor.py:914} INFO - Processing file /opt/airflow/dags/exemplos/example_distributed_2.py for tasks to queue
[2026-07-04T14:15:42.466+0000] {logging_mixin.py:190} INFO - [2026-07-04T14:15:42.466+0000] {dagbag.py:588} INFO - Filling up the DagBag from /opt/airflow/dags/exemplos/example_distributed_2.py
[2026-07-04T14:15:42.494+0000] {processor.py:925} INFO - DAG(s) 'example_distributed_celery_fixed_sleep' retrieved from /opt/airflow/dags/exemplos/example_distributed_2.py
[2026-07-04T14:15:42.568+0000] {logging_mixin.py:190} INFO - [2026-07-04T14:15:42.567+0000] {dag.py:3239} INFO - Sync 1 DAGs
[2026-07-04T14:15:42.610+0000] {logging_mixin.py:190} INFO - [2026-07-04T14:15:42.609+0000] {dag.py:4180} INFO - Setting next_dagrun for example_distributed_celery_fixed_sleep to None, run_after=None
[2026-07-04T14:15:42.664+0000] {processor.py:208} INFO - Processing /opt/airflow/dags/exemplos/example_distributed_2.py took 0.219 seconds
[2026-07-04T14:16:12.978+0000] {processor.py:186} INFO - Started process (PID=1455) to work on /opt/airflow/dags/exemplos/example_distributed_2.py
[2026-07-04T14:16:12.985+0000] {processor.py:914} INFO - Processing file /opt/airflow/dags/exemplos/example_distributed_2.py for tasks to queue
[2026-07-04T14:16:12.994+0000] {logging_mixin.py:190} INFO - [2026-07-04T14:16:12.993+0000] {dagbag.py:588} INFO - Filling up the DagBag from /opt/airflow/dags/exemplos/example_distributed_2.py
[2026-07-04T14:16:13.019+0000] {processor.py:925} INFO - DAG(s) 'example_distributed_celery_fixed_sleep' retrieved from /opt/airflow/dags/exemplos/example_distributed_2.py
[2026-07-04T14:16:13.089+0000] {logging_mixin.py:190} INFO - [2026-07-04T14:16:13.087+0000] {dag.py:3239} INFO - Sync 1 DAGs
[2026-07-04T14:16:13.118+0000] {logging_mixin.py:190} INFO - [2026-07-04T14:16:13.117+0000] {dag.py:4180} INFO - Setting next_dagrun for example_distributed_celery_fixed_sleep to None, run_after=None
[2026-07-04T14:16:13.178+0000] {processor.py:208} INFO - Processing /opt/airflow/dags/exemplos/example_distributed_2.py took 0.220 seconds
[2026-07-04T14:16:43.712+0000] {processor.py:186} INFO - Started process (PID=1467) to work on /opt/airflow/dags/exemplos/example_distributed_2.py
[2026-07-04T14:16:43.713+0000] {processor.py:914} INFO - Processing file /opt/airflow/dags/exemplos/example_distributed_2.py for tasks to queue
[2026-07-04T14:16:43.719+0000] {logging_mixin.py:190} INFO - [2026-07-04T14:16:43.718+0000] {dagbag.py:588} INFO - Filling up the DagBag from /opt/airflow/dags/exemplos/example_distributed_2.py
[2026-07-04T14:16:43.753+0000] {processor.py:925} INFO - DAG(s) 'example_distributed_celery_fixed_sleep' retrieved from /opt/airflow/dags/exemplos/example_distributed_2.py
[2026-07-04T14:16:43.833+0000] {logging_mixin.py:190} INFO - [2026-07-04T14:16:43.832+0000] {dag.py:3239} INFO - Sync 1 DAGs
[2026-07-04T14:16:43.878+0000] {logging_mixin.py:190} INFO - [2026-07-04T14:16:43.877+0000] {dag.py:4180} INFO - Setting next_dagrun for example_distributed_celery_fixed_sleep to None, run_after=None
[2026-07-04T14:16:43.922+0000] {processor.py:208} INFO - Processing /opt/airflow/dags/exemplos/example_distributed_2.py took 0.226 seconds
[2026-07-04T14:17:14.434+0000] {processor.py:186} INFO - Started process (PID=1477) to work on /opt/airflow/dags/exemplos/example_distributed_2.py
[2026-07-04T14:17:14.436+0000] {processor.py:914} INFO - Processing file /opt/airflow/dags/exemplos/example_distributed_2.py for tasks to queue
[2026-07-04T14:17:14.443+0000] {logging_mixin.py:190} INFO - [2026-07-04T14:17:14.443+0000] {dagbag.py:588} INFO - Filling up the DagBag from /opt/airflow/dags/exemplos/example_distributed_2.py
[2026-07-04T14:17:14.480+0000] {processor.py:925} INFO - DAG(s) 'example_distributed_celery_fixed_sleep' retrieved from /opt/airflow/dags/exemplos/example_distributed_2.py
[2026-07-04T14:17:14.572+0000] {logging_mixin.py:190} INFO - [2026-07-04T14:17:14.571+0000] {dag.py:3239} INFO - Sync 1 DAGs
[2026-07-04T14:17:14.620+0000] {logging_mixin.py:190} INFO - [2026-07-04T14:17:14.619+0000] {dag.py:4180} INFO - Setting next_dagrun for example_distributed_celery_fixed_sleep to None, run_after=None
[2026-07-04T14:17:14.689+0000] {processor.py:208} INFO - Processing /opt/airflow/dags/exemplos/example_distributed_2.py took 0.270 seconds
[2026-07-04T14:17:44.789+0000] {processor.py:186} INFO - Started process (PID=1482) to work on /opt/airflow/dags/exemplos/example_distributed_2.py
[2026-07-04T14:17:44.790+0000] {processor.py:914} INFO - Processing file /opt/airflow/dags/exemplos/example_distributed_2.py for tasks to queue
[2026-07-04T14:17:44.796+0000] {logging_mixin.py:190} INFO - [2026-07-04T14:17:44.795+0000] {dagbag.py:588} INFO - Filling up the DagBag from /opt/airflow/dags/exemplos/example_distributed_2.py
[2026-07-04T14:17:44.813+0000] {processor.py:925} INFO - DAG(s) 'example_distributed_celery_fixed_sleep' retrieved from /opt/airflow/dags/exemplos/example_distributed_2.py
[2026-07-04T14:17:44.865+0000] {logging_mixin.py:190} INFO - [2026-07-04T14:17:44.865+0000] {dag.py:3239} INFO - Sync 1 DAGs
[2026-07-04T14:17:44.893+0000] {logging_mixin.py:190} INFO - [2026-07-04T14:17:44.892+0000] {dag.py:4180} INFO - Setting next_dagrun for example_distributed_celery_fixed_sleep to None, run_after=None
[2026-07-04T14:17:44.926+0000] {processor.py:208} INFO - Processing /opt/airflow/dags/exemplos/example_distributed_2.py took 0.146 seconds
[2026-07-04T14:18:15.301+0000] {processor.py:186} INFO - Started process (PID=1493) to work on /opt/airflow/dags/exemplos/example_distributed_2.py
[2026-07-04T14:18:15.306+0000] {processor.py:914} INFO - Processing file /opt/airflow/dags/exemplos/example_distributed_2.py for tasks to queue
[2026-07-04T14:18:15.316+0000] {logging_mixin.py:190} INFO - [2026-07-04T14:18:15.315+0000] {dagbag.py:588} INFO - Filling up the DagBag from /opt/airflow/dags/exemplos/example_distributed_2.py
[2026-07-04T14:18:15.343+0000] {processor.py:925} INFO - DAG(s) 'example_distributed_celery_fixed_sleep' retrieved from /opt/airflow/dags/exemplos/example_distributed_2.py
[2026-07-04T14:18:15.400+0000] {logging_mixin.py:190} INFO - [2026-07-04T14:18:15.400+0000] {dag.py:3239} INFO - Sync 1 DAGs
[2026-07-04T14:18:15.440+0000] {logging_mixin.py:190} INFO - [2026-07-04T14:18:15.439+0000] {dag.py:4180} INFO - Setting next_dagrun for example_distributed_celery_fixed_sleep to None, run_after=None
[2026-07-04T14:18:15.474+0000] {processor.py:208} INFO - Processing /opt/airflow/dags/exemplos/example_distributed_2.py took 0.200 seconds
[2026-07-04T14:18:45.844+0000] {processor.py:186} INFO - Started process (PID=1504) to work on /opt/airflow/dags/exemplos/example_distributed_2.py
[2026-07-04T14:18:45.846+0000] {processor.py:914} INFO - Processing file /opt/airflow/dags/exemplos/example_distributed_2.py for tasks to queue
[2026-07-04T14:18:45.850+0000] {logging_mixin.py:190} INFO - [2026-07-04T14:18:45.850+0000] {dagbag.py:588} INFO - Filling up the DagBag from /opt/airflow/dags/exemplos/example_distributed_2.py
[2026-07-04T14:18:45.866+0000] {processor.py:925} INFO - DAG(s) 'example_distributed_celery_fixed_sleep' retrieved from /opt/airflow/dags/exemplos/example_distributed_2.py
[2026-07-04T14:18:45.922+0000] {logging_mixin.py:190} INFO - [2026-07-04T14:18:45.922+0000] {dag.py:3239} INFO - Sync 1 DAGs
[2026-07-04T14:18:45.950+0000] {logging_mixin.py:190} INFO - [2026-07-04T14:18:45.950+0000] {dag.py:4180} INFO - Setting next_dagrun for example_distributed_celery_fixed_sleep to None, run_after=None
[2026-07-04T14:18:45.989+0000] {processor.py:208} INFO - Processing /opt/airflow/dags/exemplos/example_distributed_2.py took 0.160 seconds
[2026-07-04T14:19:16.565+0000] {processor.py:186} INFO - Started process (PID=1515) to work on /opt/airflow/dags/exemplos/example_distributed_2.py
[2026-07-04T14:19:16.567+0000] {processor.py:914} INFO - Processing file /opt/airflow/dags/exemplos/example_distributed_2.py for tasks to queue
[2026-07-04T14:19:16.571+0000] {logging_mixin.py:190} INFO - [2026-07-04T14:19:16.571+0000] {dagbag.py:588} INFO - Filling up the DagBag from /opt/airflow/dags/exemplos/example_distributed_2.py
[2026-07-04T14:19:16.590+0000] {processor.py:925} INFO - DAG(s) 'example_distributed_celery_fixed_sleep' retrieved from /opt/airflow/dags/exemplos/example_distributed_2.py
[2026-07-04T14:19:16.653+0000] {logging_mixin.py:190} INFO - [2026-07-04T14:19:16.653+0000] {dag.py:3239} INFO - Sync 1 DAGs
[2026-07-04T14:19:16.679+0000] {logging_mixin.py:190} INFO - [2026-07-04T14:19:16.679+0000] {dag.py:4180} INFO - Setting next_dagrun for example_distributed_celery_fixed_sleep to None, run_after=None
[2026-07-04T14:19:16.709+0000] {processor.py:208} INFO - Processing /opt/airflow/dags/exemplos/example_distributed_2.py took 0.159 seconds
[2026-07-04T14:19:47.308+0000] {processor.py:186} INFO - Started process (PID=1526) to work on /opt/airflow/dags/exemplos/example_distributed_2.py
[2026-07-04T14:19:47.310+0000] {processor.py:914} INFO - Processing file /opt/airflow/dags/exemplos/example_distributed_2.py for tasks to queue
[2026-07-04T14:19:47.316+0000] {logging_mixin.py:190} INFO - [2026-07-04T14:19:47.315+0000] {dagbag.py:588} INFO - Filling up the DagBag from /opt/airflow/dags/exemplos/example_distributed_2.py
[2026-07-04T14:19:47.338+0000] {processor.py:925} INFO - DAG(s) 'example_distributed_celery_fixed_sleep' retrieved from /opt/airflow/dags/exemplos/example_distributed_2.py
[2026-07-04T14:19:47.401+0000] {logging_mixin.py:190} INFO - [2026-07-04T14:19:47.400+0000] {dag.py:3239} INFO - Sync 1 DAGs
[2026-07-04T14:19:47.441+0000] {logging_mixin.py:190} INFO - [2026-07-04T14:19:47.440+0000] {dag.py:4180} INFO - Setting next_dagrun for example_distributed_celery_fixed_sleep to None, run_after=None
[2026-07-04T14:19:47.488+0000] {processor.py:208} INFO - Processing /opt/airflow/dags/exemplos/example_distributed_2.py took 0.199 seconds
[2026-07-04T14:20:18.277+0000] {processor.py:186} INFO - Started process (PID=1537) to work on /opt/airflow/dags/exemplos/example_distributed_2.py
[2026-07-04T14:20:18.280+0000] {processor.py:914} INFO - Processing file /opt/airflow/dags/exemplos/example_distributed_2.py for tasks to queue
[2026-07-04T14:20:18.287+0000] {logging_mixin.py:190} INFO - [2026-07-04T14:20:18.286+0000] {dagbag.py:588} INFO - Filling up the DagBag from /opt/airflow/dags/exemplos/example_distributed_2.py
[2026-07-04T14:20:18.314+0000] {processor.py:925} INFO - DAG(s) 'example_distributed_celery_fixed_sleep' retrieved from /opt/airflow/dags/exemplos/example_distributed_2.py
[2026-07-04T14:20:18.379+0000] {logging_mixin.py:190} INFO - [2026-07-04T14:20:18.379+0000] {dag.py:3239} INFO - Sync 1 DAGs
[2026-07-04T14:20:18.422+0000] {logging_mixin.py:190} INFO - [2026-07-04T14:20:18.421+0000] {dag.py:4180} INFO - Setting next_dagrun for example_distributed_celery_fixed_sleep to None, run_after=None
[2026-07-04T14:20:18.476+0000] {processor.py:208} INFO - Processing /opt/airflow/dags/exemplos/example_distributed_2.py took 0.212 seconds
[2026-07-04T14:20:49.075+0000] {processor.py:186} INFO - Started process (PID=1547) to work on /opt/airflow/dags/exemplos/example_distributed_2.py
[2026-07-04T14:20:49.077+0000] {processor.py:914} INFO - Processing file /opt/airflow/dags/exemplos/example_distributed_2.py for tasks to queue
[2026-07-04T14:20:49.093+0000] {logging_mixin.py:190} INFO - [2026-07-04T14:20:49.093+0000] {dagbag.py:588} INFO - Filling up the DagBag from /opt/airflow/dags/exemplos/example_distributed_2.py
[2026-07-04T14:20:49.127+0000] {processor.py:925} INFO - DAG(s) 'example_distributed_celery_fixed_sleep' retrieved from /opt/airflow/dags/exemplos/example_distributed_2.py
[2026-07-04T14:20:49.213+0000] {logging_mixin.py:190} INFO - [2026-07-04T14:20:49.213+0000] {dag.py:3239} INFO - Sync 1 DAGs
[2026-07-04T14:20:49.255+0000] {logging_mixin.py:190} INFO - [2026-07-04T14:20:49.254+0000] {dag.py:4180} INFO - Setting next_dagrun for example_distributed_celery_fixed_sleep to None, run_after=None
[2026-07-04T14:20:49.302+0000] {processor.py:208} INFO - Processing /opt/airflow/dags/exemplos/example_distributed_2.py took 0.269 seconds
[2026-07-04T14:21:19.892+0000] {processor.py:186} INFO - Started process (PID=1552) to work on /opt/airflow/dags/exemplos/example_distributed_2.py
[2026-07-04T14:21:19.893+0000] {processor.py:914} INFO - Processing file /opt/airflow/dags/exemplos/example_distributed_2.py for tasks to queue
[2026-07-04T14:21:19.899+0000] {logging_mixin.py:190} INFO - [2026-07-04T14:21:19.898+0000] {dagbag.py:588} INFO - Filling up the DagBag from /opt/airflow/dags/exemplos/example_distributed_2.py
[2026-07-04T14:21:19.916+0000] {processor.py:925} INFO - DAG(s) 'example_distributed_celery_fixed_sleep' retrieved from /opt/airflow/dags/exemplos/example_distributed_2.py
[2026-07-04T14:21:19.977+0000] {logging_mixin.py:190} INFO - [2026-07-04T14:21:19.976+0000] {dag.py:3239} INFO - Sync 1 DAGs
[2026-07-04T14:21:20.001+0000] {logging_mixin.py:190} INFO - [2026-07-04T14:21:20.001+0000] {dag.py:4180} INFO - Setting next_dagrun for example_distributed_celery_fixed_sleep to None, run_after=None
[2026-07-04T14:21:20.035+0000] {processor.py:208} INFO - Processing /opt/airflow/dags/exemplos/example_distributed_2.py took 0.158 seconds
[2026-07-04T14:21:50.577+0000] {processor.py:186} INFO - Started process (PID=1563) to work on /opt/airflow/dags/exemplos/example_distributed_2.py
[2026-07-04T14:21:50.579+0000] {processor.py:914} INFO - Processing file /opt/airflow/dags/exemplos/example_distributed_2.py for tasks to queue
[2026-07-04T14:21:50.585+0000] {logging_mixin.py:190} INFO - [2026-07-04T14:21:50.585+0000] {dagbag.py:588} INFO - Filling up the DagBag from /opt/airflow/dags/exemplos/example_distributed_2.py
[2026-07-04T14:21:50.604+0000] {processor.py:925} INFO - DAG(s) 'example_distributed_celery_fixed_sleep' retrieved from /opt/airflow/dags/exemplos/example_distributed_2.py
[2026-07-04T14:21:50.662+0000] {logging_mixin.py:190} INFO - [2026-07-04T14:21:50.662+0000] {dag.py:3239} INFO - Sync 1 DAGs
[2026-07-04T14:21:50.713+0000] {logging_mixin.py:190} INFO - [2026-07-04T14:21:50.713+0000] {dag.py:4180} INFO - Setting next_dagrun for example_distributed_celery_fixed_sleep to None, run_after=None
[2026-07-04T14:21:50.771+0000] {processor.py:208} INFO - Processing /opt/airflow/dags/exemplos/example_distributed_2.py took 0.208 seconds
[2026-07-04T14:22:21.357+0000] {processor.py:186} INFO - Started process (PID=1574) to work on /opt/airflow/dags/exemplos/example_distributed_2.py
[2026-07-04T14:22:21.358+0000] {processor.py:914} INFO - Processing file /opt/airflow/dags/exemplos/example_distributed_2.py for tasks to queue
[2026-07-04T14:22:21.362+0000] {logging_mixin.py:190} INFO - [2026-07-04T14:22:21.362+0000] {dagbag.py:588} INFO - Filling up the DagBag from /opt/airflow/dags/exemplos/example_distributed_2.py
[2026-07-04T14:22:21.382+0000] {processor.py:925} INFO - DAG(s) 'example_distributed_celery_fixed_sleep' retrieved from /opt/airflow/dags/exemplos/example_distributed_2.py
[2026-07-04T14:22:21.433+0000] {logging_mixin.py:190} INFO - [2026-07-04T14:22:21.432+0000] {dag.py:3239} INFO - Sync 1 DAGs
[2026-07-04T14:22:21.469+0000] {logging_mixin.py:190} INFO - [2026-07-04T14:22:21.468+0000] {dag.py:4180} INFO - Setting next_dagrun for example_distributed_celery_fixed_sleep to None, run_after=None
[2026-07-04T14:22:21.497+0000] {processor.py:208} INFO - Processing /opt/airflow/dags/exemplos/example_distributed_2.py took 0.150 seconds
[2026-07-04T14:22:51.927+0000] {processor.py:186} INFO - Started process (PID=1585) to work on /opt/airflow/dags/exemplos/example_distributed_2.py
[2026-07-04T14:22:51.928+0000] {processor.py:914} INFO - Processing file /opt/airflow/dags/exemplos/example_distributed_2.py for tasks to queue
[2026-07-04T14:22:51.933+0000] {logging_mixin.py:190} INFO - [2026-07-04T14:22:51.932+0000] {dagbag.py:588} INFO - Filling up the DagBag from /opt/airflow/dags/exemplos/example_distributed_2.py
[2026-07-04T14:22:51.953+0000] {processor.py:925} INFO - DAG(s) 'example_distributed_celery_fixed_sleep' retrieved from /opt/airflow/dags/exemplos/example_distributed_2.py
[2026-07-04T14:22:52.009+0000] {logging_mixin.py:190} INFO - [2026-07-04T14:22:52.009+0000] {dag.py:3239} INFO - Sync 1 DAGs
[2026-07-04T14:22:52.038+0000] {logging_mixin.py:190} INFO - [2026-07-04T14:22:52.037+0000] {dag.py:4180} INFO - Setting next_dagrun for example_distributed_celery_fixed_sleep to None, run_after=None
[2026-07-04T14:22:52.069+0000] {processor.py:208} INFO - Processing /opt/airflow/dags/exemplos/example_distributed_2.py took 0.154 seconds
[2026-07-04T14:23:22.757+0000] {processor.py:186} INFO - Started process (PID=1596) to work on /opt/airflow/dags/exemplos/example_distributed_2.py
[2026-07-04T14:23:22.759+0000] {processor.py:914} INFO - Processing file /opt/airflow/dags/exemplos/example_distributed_2.py for tasks to queue
[2026-07-04T14:23:22.763+0000] {logging_mixin.py:190} INFO - [2026-07-04T14:23:22.763+0000] {dagbag.py:588} INFO - Filling up the DagBag from /opt/airflow/dags/exemplos/example_distributed_2.py
[2026-07-04T14:23:22.781+0000] {processor.py:925} INFO - DAG(s) 'example_distributed_celery_fixed_sleep' retrieved from /opt/airflow/dags/exemplos/example_distributed_2.py
[2026-07-04T14:23:22.846+0000] {logging_mixin.py:190} INFO - [2026-07-04T14:23:22.845+0000] {dag.py:3239} INFO - Sync 1 DAGs
[2026-07-04T14:23:22.875+0000] {logging_mixin.py:190} INFO - [2026-07-04T14:23:22.874+0000] {dag.py:4180} INFO - Setting next_dagrun for example_distributed_celery_fixed_sleep to None, run_after=None
[2026-07-04T14:23:22.910+0000] {processor.py:208} INFO - Processing /opt/airflow/dags/exemplos/example_distributed_2.py took 0.169 seconds
[2026-07-04T14:23:53.370+0000] {processor.py:186} INFO - Started process (PID=1609) to work on /opt/airflow/dags/exemplos/example_distributed_2.py
[2026-07-04T14:23:53.372+0000] {processor.py:914} INFO - Processing file /opt/airflow/dags/exemplos/example_distributed_2.py for tasks to queue
[2026-07-04T14:23:53.378+0000] {logging_mixin.py:190} INFO - [2026-07-04T14:23:53.378+0000] {dagbag.py:588} INFO - Filling up the DagBag from /opt/airflow/dags/exemplos/example_distributed_2.py
[2026-07-04T14:23:53.403+0000] {processor.py:925} INFO - DAG(s) 'example_distributed_celery_fixed_sleep' retrieved from /opt/airflow/dags/exemplos/example_distributed_2.py
[2026-07-04T14:23:53.469+0000] {logging_mixin.py:190} INFO - [2026-07-04T14:23:53.469+0000] {dag.py:3239} INFO - Sync 1 DAGs
[2026-07-04T14:23:53.499+0000] {logging_mixin.py:190} INFO - [2026-07-04T14:23:53.498+0000] {dag.py:4180} INFO - Setting next_dagrun for example_distributed_celery_fixed_sleep to None, run_after=None
[2026-07-04T14:23:53.559+0000] {processor.py:208} INFO - Processing /opt/airflow/dags/exemplos/example_distributed_2.py took 0.204 seconds
[2026-07-04T15:07:53.052+0000] {processor.py:186} INFO - Started process (PID=1613) to work on /opt/airflow/dags/exemplos/example_distributed_2.py
[2026-07-04T15:07:53.185+0000] {processor.py:914} INFO - Processing file /opt/airflow/dags/exemplos/example_distributed_2.py for tasks to queue
[2026-07-04T15:07:53.192+0000] {logging_mixin.py:190} INFO - [2026-07-04T15:07:53.191+0000] {dagbag.py:588} INFO - Filling up the DagBag from /opt/airflow/dags/exemplos/example_distributed_2.py
[2026-07-04T15:07:53.217+0000] {processor.py:925} INFO - DAG(s) 'example_distributed_celery_fixed_sleep' retrieved from /opt/airflow/dags/exemplos/example_distributed_2.py
[2026-07-04T15:07:53.454+0000] {logging_mixin.py:190} INFO - [2026-07-04T15:07:53.453+0000] {dag.py:3239} INFO - Sync 1 DAGs
[2026-07-04T15:07:54.182+0000] {logging_mixin.py:190} INFO - [2026-07-04T15:07:54.181+0000] {dag.py:4180} INFO - Setting next_dagrun for example_distributed_celery_fixed_sleep to None, run_after=None
[2026-07-04T15:07:54.573+0000] {processor.py:208} INFO - Processing /opt/airflow/dags/exemplos/example_distributed_2.py took 1.533 seconds
[2026-07-04T15:08:25.129+0000] {processor.py:186} INFO - Started process (PID=1624) to work on /opt/airflow/dags/exemplos/example_distributed_2.py
[2026-07-04T15:08:25.205+0000] {processor.py:914} INFO - Processing file /opt/airflow/dags/exemplos/example_distributed_2.py for tasks to queue
[2026-07-04T15:08:25.210+0000] {logging_mixin.py:190} INFO - [2026-07-04T15:08:25.210+0000] {dagbag.py:588} INFO - Filling up the DagBag from /opt/airflow/dags/exemplos/example_distributed_2.py
[2026-07-04T15:08:25.228+0000] {processor.py:925} INFO - DAG(s) 'example_distributed_celery_fixed_sleep' retrieved from /opt/airflow/dags/exemplos/example_distributed_2.py
[2026-07-04T15:08:25.272+0000] {logging_mixin.py:190} INFO - [2026-07-04T15:08:25.271+0000] {dag.py:3239} INFO - Sync 1 DAGs
[2026-07-04T15:08:25.302+0000] {logging_mixin.py:190} INFO - [2026-07-04T15:08:25.301+0000] {dag.py:4180} INFO - Setting next_dagrun for example_distributed_celery_fixed_sleep to None, run_after=None
[2026-07-04T15:08:25.336+0000] {processor.py:208} INFO - Processing /opt/airflow/dags/exemplos/example_distributed_2.py took 0.232 seconds
[2026-07-04T15:08:55.673+0000] {processor.py:186} INFO - Started process (PID=1635) to work on /opt/airflow/dags/exemplos/example_distributed_2.py
[2026-07-04T15:08:55.674+0000] {processor.py:914} INFO - Processing file /opt/airflow/dags/exemplos/example_distributed_2.py for tasks to queue
[2026-07-04T15:08:55.678+0000] {logging_mixin.py:190} INFO - [2026-07-04T15:08:55.677+0000] {dagbag.py:588} INFO - Filling up the DagBag from /opt/airflow/dags/exemplos/example_distributed_2.py
[2026-07-04T15:08:55.694+0000] {processor.py:925} INFO - DAG(s) 'example_distributed_celery_fixed_sleep' retrieved from /opt/airflow/dags/exemplos/example_distributed_2.py
[2026-07-04T15:08:55.739+0000] {logging_mixin.py:190} INFO - [2026-07-04T15:08:55.738+0000] {dag.py:3239} INFO - Sync 1 DAGs
[2026-07-04T15:08:55.764+0000] {logging_mixin.py:190} INFO - [2026-07-04T15:08:55.763+0000] {dag.py:4180} INFO - Setting next_dagrun for example_distributed_celery_fixed_sleep to None, run_after=None
[2026-07-04T15:08:55.792+0000] {processor.py:208} INFO - Processing /opt/airflow/dags/exemplos/example_distributed_2.py took 0.127 seconds
[2026-07-04T15:09:26.299+0000] {processor.py:186} INFO - Started process (PID=1646) to work on /opt/airflow/dags/exemplos/example_distributed_2.py
[2026-07-04T15:09:26.300+0000] {processor.py:914} INFO - Processing file /opt/airflow/dags/exemplos/example_distributed_2.py for tasks to queue
[2026-07-04T15:09:26.304+0000] {logging_mixin.py:190} INFO - [2026-07-04T15:09:26.303+0000] {dagbag.py:588} INFO - Filling up the DagBag from /opt/airflow/dags/exemplos/example_distributed_2.py
[2026-07-04T15:09:26.320+0000] {processor.py:925} INFO - DAG(s) 'example_distributed_celery_fixed_sleep' retrieved from /opt/airflow/dags/exemplos/example_distributed_2.py
[2026-07-04T15:09:26.363+0000] {logging_mixin.py:190} INFO - [2026-07-04T15:09:26.363+0000] {dag.py:3239} INFO - Sync 1 DAGs
[2026-07-04T15:09:26.389+0000] {logging_mixin.py:190} INFO - [2026-07-04T15:09:26.388+0000] {dag.py:4180} INFO - Setting next_dagrun for example_distributed_celery_fixed_sleep to None, run_after=None
[2026-07-04T15:09:26.416+0000] {processor.py:208} INFO - Processing /opt/airflow/dags/exemplos/example_distributed_2.py took 0.128 seconds
[2026-07-04T15:09:56.923+0000] {processor.py:186} INFO - Started process (PID=1657) to work on /opt/airflow/dags/exemplos/example_distributed_2.py
[2026-07-04T15:09:56.928+0000] {processor.py:914} INFO - Processing file /opt/airflow/dags/exemplos/example_distributed_2.py for tasks to queue
[2026-07-04T15:09:56.933+0000] {logging_mixin.py:190} INFO - [2026-07-04T15:09:56.932+0000] {dagbag.py:588} INFO - Filling up the DagBag from /opt/airflow/dags/exemplos/example_distributed_2.py
[2026-07-04T15:09:56.956+0000] {processor.py:925} INFO - DAG(s) 'example_distributed_celery_fixed_sleep' retrieved from /opt/airflow/dags/exemplos/example_distributed_2.py
[2026-07-04T15:09:57.013+0000] {logging_mixin.py:190} INFO - [2026-07-04T15:09:57.013+0000] {dag.py:3239} INFO - Sync 1 DAGs
[2026-07-04T15:09:57.042+0000] {logging_mixin.py:190} INFO - [2026-07-04T15:09:57.041+0000] {dag.py:4180} INFO - Setting next_dagrun for example_distributed_celery_fixed_sleep to None, run_after=None
[2026-07-04T15:09:57.079+0000] {processor.py:208} INFO - Processing /opt/airflow/dags/exemplos/example_distributed_2.py took 0.166 seconds
[2026-07-04T15:10:27.439+0000] {processor.py:186} INFO - Started process (PID=1667) to work on /opt/airflow/dags/exemplos/example_distributed_2.py
[2026-07-04T15:10:27.441+0000] {processor.py:914} INFO - Processing file /opt/airflow/dags/exemplos/example_distributed_2.py for tasks to queue
[2026-07-04T15:10:27.446+0000] {logging_mixin.py:190} INFO - [2026-07-04T15:10:27.445+0000] {dagbag.py:588} INFO - Filling up the DagBag from /opt/airflow/dags/exemplos/example_distributed_2.py
[2026-07-04T15:10:27.489+0000] {processor.py:925} INFO - DAG(s) 'example_distributed_celery_fixed_sleep' retrieved from /opt/airflow/dags/exemplos/example_distributed_2.py
[2026-07-04T15:10:27.553+0000] {logging_mixin.py:190} INFO - [2026-07-04T15:10:27.552+0000] {dag.py:3239} INFO - Sync 1 DAGs
[2026-07-04T15:10:27.587+0000] {logging_mixin.py:190} INFO - [2026-07-04T15:10:27.586+0000] {dag.py:4180} INFO - Setting next_dagrun for example_distributed_celery_fixed_sleep to None, run_after=None
[2026-07-04T15:10:27.644+0000] {processor.py:208} INFO - Processing /opt/airflow/dags/exemplos/example_distributed_2.py took 0.217 seconds
[2026-07-04T15:10:58.034+0000] {processor.py:186} INFO - Started process (PID=1672) to work on /opt/airflow/dags/exemplos/example_distributed_2.py
[2026-07-04T15:10:58.036+0000] {processor.py:914} INFO - Processing file /opt/airflow/dags/exemplos/example_distributed_2.py for tasks to queue
[2026-07-04T15:10:58.039+0000] {logging_mixin.py:190} INFO - [2026-07-04T15:10:58.038+0000] {dagbag.py:588} INFO - Filling up the DagBag from /opt/airflow/dags/exemplos/example_distributed_2.py
[2026-07-04T15:10:58.055+0000] {processor.py:925} INFO - DAG(s) 'example_distributed_celery_fixed_sleep' retrieved from /opt/airflow/dags/exemplos/example_distributed_2.py
[2026-07-04T15:10:58.101+0000] {logging_mixin.py:190} INFO - [2026-07-04T15:10:58.100+0000] {dag.py:3239} INFO - Sync 1 DAGs
[2026-07-04T15:10:58.126+0000] {logging_mixin.py:190} INFO - [2026-07-04T15:10:58.125+0000] {dag.py:4180} INFO - Setting next_dagrun for example_distributed_celery_fixed_sleep to None, run_after=None
[2026-07-04T15:10:58.157+0000] {processor.py:208} INFO - Processing /opt/airflow/dags/exemplos/example_distributed_2.py took 0.134 seconds
[2026-07-04T15:11:28.473+0000] {processor.py:186} INFO - Started process (PID=1683) to work on /opt/airflow/dags/exemplos/example_distributed_2.py
[2026-07-04T15:11:28.475+0000] {processor.py:914} INFO - Processing file /opt/airflow/dags/exemplos/example_distributed_2.py for tasks to queue
[2026-07-04T15:11:28.480+0000] {logging_mixin.py:190} INFO - [2026-07-04T15:11:28.479+0000] {dagbag.py:588} INFO - Filling up the DagBag from /opt/airflow/dags/exemplos/example_distributed_2.py
[2026-07-04T15:11:28.499+0000] {processor.py:925} INFO - DAG(s) 'example_distributed_celery_fixed_sleep' retrieved from /opt/airflow/dags/exemplos/example_distributed_2.py
[2026-07-04T15:11:28.571+0000] {logging_mixin.py:190} INFO - [2026-07-04T15:11:28.570+0000] {dag.py:3239} INFO - Sync 1 DAGs
[2026-07-04T15:11:28.631+0000] {logging_mixin.py:190} INFO - [2026-07-04T15:11:28.630+0000] {dag.py:4180} INFO - Setting next_dagrun for example_distributed_celery_fixed_sleep to None, run_after=None
[2026-07-04T15:11:28.770+0000] {processor.py:208} INFO - Processing /opt/airflow/dags/exemplos/example_distributed_2.py took 0.307 seconds
[2026-07-04T15:11:59.109+0000] {processor.py:186} INFO - Started process (PID=1694) to work on /opt/airflow/dags/exemplos/example_distributed_2.py
[2026-07-04T15:11:59.110+0000] {processor.py:914} INFO - Processing file /opt/airflow/dags/exemplos/example_distributed_2.py for tasks to queue
[2026-07-04T15:11:59.116+0000] {logging_mixin.py:190} INFO - [2026-07-04T15:11:59.115+0000] {dagbag.py:588} INFO - Filling up the DagBag from /opt/airflow/dags/exemplos/example_distributed_2.py
[2026-07-04T15:11:59.142+0000] {processor.py:925} INFO - DAG(s) 'example_distributed_celery_fixed_sleep' retrieved from /opt/airflow/dags/exemplos/example_distributed_2.py
[2026-07-04T15:11:59.210+0000] {logging_mixin.py:190} INFO - [2026-07-04T15:11:59.209+0000] {dag.py:3239} INFO - Sync 1 DAGs
[2026-07-04T15:11:59.249+0000] {logging_mixin.py:190} INFO - [2026-07-04T15:11:59.249+0000] {dag.py:4180} INFO - Setting next_dagrun for example_distributed_celery_fixed_sleep to None, run_after=None
[2026-07-04T15:11:59.302+0000] {processor.py:208} INFO - Processing /opt/airflow/dags/exemplos/example_distributed_2.py took 0.202 seconds
[2026-07-04T15:12:29.618+0000] {processor.py:186} INFO - Started process (PID=1705) to work on /opt/airflow/dags/exemplos/example_distributed_2.py
[2026-07-04T15:12:29.619+0000] {processor.py:914} INFO - Processing file /opt/airflow/dags/exemplos/example_distributed_2.py for tasks to queue
[2026-07-04T15:12:29.623+0000] {logging_mixin.py:190} INFO - [2026-07-04T15:12:29.623+0000] {dagbag.py:588} INFO - Filling up the DagBag from /opt/airflow/dags/exemplos/example_distributed_2.py
[2026-07-04T15:12:29.639+0000] {processor.py:925} INFO - DAG(s) 'example_distributed_celery_fixed_sleep' retrieved from /opt/airflow/dags/exemplos/example_distributed_2.py
[2026-07-04T15:12:29.693+0000] {logging_mixin.py:190} INFO - [2026-07-04T15:12:29.693+0000] {dag.py:3239} INFO - Sync 1 DAGs
[2026-07-04T15:12:29.719+0000] {logging_mixin.py:190} INFO - [2026-07-04T15:12:29.718+0000] {dag.py:4180} INFO - Setting next_dagrun for example_distributed_celery_fixed_sleep to None, run_after=None
[2026-07-04T15:12:29.752+0000] {processor.py:208} INFO - Processing /opt/airflow/dags/exemplos/example_distributed_2.py took 0.149 seconds
[2026-07-04T15:13:00.428+0000] {processor.py:186} INFO - Started process (PID=1716) to work on /opt/airflow/dags/exemplos/example_distributed_2.py
[2026-07-04T15:13:00.461+0000] {processor.py:914} INFO - Processing file /opt/airflow/dags/exemplos/example_distributed_2.py for tasks to queue
[2026-07-04T15:13:00.471+0000] {logging_mixin.py:190} INFO - [2026-07-04T15:13:00.469+0000] {dagbag.py:588} INFO - Filling up the DagBag from /opt/airflow/dags/exemplos/example_distributed_2.py
[2026-07-04T15:13:00.513+0000] {processor.py:925} INFO - DAG(s) 'example_distributed_celery_fixed_sleep' retrieved from /opt/airflow/dags/exemplos/example_distributed_2.py
[2026-07-04T15:13:00.579+0000] {logging_mixin.py:190} INFO - [2026-07-04T15:13:00.578+0000] {dag.py:3239} INFO - Sync 1 DAGs
[2026-07-04T15:13:00.605+0000] {logging_mixin.py:190} INFO - [2026-07-04T15:13:00.605+0000] {dag.py:4180} INFO - Setting next_dagrun for example_distributed_celery_fixed_sleep to None, run_after=None
[2026-07-04T15:13:00.648+0000] {processor.py:208} INFO - Processing /opt/airflow/dags/exemplos/example_distributed_2.py took 0.232 seconds
[2026-07-04T15:13:30.984+0000] {processor.py:186} INFO - Started process (PID=1727) to work on /opt/airflow/dags/exemplos/example_distributed_2.py
[2026-07-04T15:13:30.985+0000] {processor.py:914} INFO - Processing file /opt/airflow/dags/exemplos/example_distributed_2.py for tasks to queue
[2026-07-04T15:13:30.989+0000] {logging_mixin.py:190} INFO - [2026-07-04T15:13:30.988+0000] {dagbag.py:588} INFO - Filling up the DagBag from /opt/airflow/dags/exemplos/example_distributed_2.py
[2026-07-04T15:13:31.006+0000] {processor.py:925} INFO - DAG(s) 'example_distributed_celery_fixed_sleep' retrieved from /opt/airflow/dags/exemplos/example_distributed_2.py
[2026-07-04T15:13:31.051+0000] {logging_mixin.py:190} INFO - [2026-07-04T15:13:31.051+0000] {dag.py:3239} INFO - Sync 1 DAGs
[2026-07-04T15:13:31.077+0000] {logging_mixin.py:190} INFO - [2026-07-04T15:13:31.077+0000] {dag.py:4180} INFO - Setting next_dagrun for example_distributed_celery_fixed_sleep to None, run_after=None
[2026-07-04T15:13:31.106+0000] {processor.py:208} INFO - Processing /opt/airflow/dags/exemplos/example_distributed_2.py took 0.131 seconds
[2026-07-04T15:14:01.626+0000] {processor.py:186} INFO - Started process (PID=1739) to work on /opt/airflow/dags/exemplos/example_distributed_2.py
[2026-07-04T15:14:01.627+0000] {processor.py:914} INFO - Processing file /opt/airflow/dags/exemplos/example_distributed_2.py for tasks to queue
[2026-07-04T15:14:01.631+0000] {logging_mixin.py:190} INFO - [2026-07-04T15:14:01.631+0000] {dagbag.py:588} INFO - Filling up the DagBag from /opt/airflow/dags/exemplos/example_distributed_2.py
[2026-07-04T15:14:01.647+0000] {processor.py:925} INFO - DAG(s) 'example_distributed_celery_fixed_sleep' retrieved from /opt/airflow/dags/exemplos/example_distributed_2.py
[2026-07-04T15:14:01.693+0000] {logging_mixin.py:190} INFO - [2026-07-04T15:14:01.693+0000] {dag.py:3239} INFO - Sync 1 DAGs
[2026-07-04T15:14:01.723+0000] {logging_mixin.py:190} INFO - [2026-07-04T15:14:01.723+0000] {dag.py:4180} INFO - Setting next_dagrun for example_distributed_celery_fixed_sleep to None, run_after=None
[2026-07-04T15:14:01.758+0000] {processor.py:208} INFO - Processing /opt/airflow/dags/exemplos/example_distributed_2.py took 0.142 seconds
[2026-07-04T15:14:32.348+0000] {processor.py:186} INFO - Started process (PID=1749) to work on /opt/airflow/dags/exemplos/example_distributed_2.py
[2026-07-04T15:14:32.350+0000] {processor.py:914} INFO - Processing file /opt/airflow/dags/exemplos/example_distributed_2.py for tasks to queue
[2026-07-04T15:14:32.355+0000] {logging_mixin.py:190} INFO - [2026-07-04T15:14:32.354+0000] {dagbag.py:588} INFO - Filling up the DagBag from /opt/airflow/dags/exemplos/example_distributed_2.py
[2026-07-04T15:14:32.385+0000] {processor.py:925} INFO - DAG(s) 'example_distributed_celery_fixed_sleep' retrieved from /opt/airflow/dags/exemplos/example_distributed_2.py
[2026-07-04T15:14:32.455+0000] {logging_mixin.py:190} INFO - [2026-07-04T15:14:32.454+0000] {dag.py:3239} INFO - Sync 1 DAGs
[2026-07-04T15:14:32.492+0000] {logging_mixin.py:190} INFO - [2026-07-04T15:14:32.492+0000] {dag.py:4180} INFO - Setting next_dagrun for example_distributed_celery_fixed_sleep to None, run_after=None
[2026-07-04T15:14:32.533+0000] {processor.py:208} INFO - Processing /opt/airflow/dags/exemplos/example_distributed_2.py took 0.193 seconds
[2026-07-04T15:15:03.092+0000] {processor.py:186} INFO - Started process (PID=1754) to work on /opt/airflow/dags/exemplos/example_distributed_2.py
[2026-07-04T15:15:03.096+0000] {processor.py:914} INFO - Processing file /opt/airflow/dags/exemplos/example_distributed_2.py for tasks to queue
[2026-07-04T15:15:03.101+0000] {logging_mixin.py:190} INFO - [2026-07-04T15:15:03.100+0000] {dagbag.py:588} INFO - Filling up the DagBag from /opt/airflow/dags/exemplos/example_distributed_2.py
[2026-07-04T15:15:03.136+0000] {processor.py:925} INFO - DAG(s) 'example_distributed_celery_fixed_sleep' retrieved from /opt/airflow/dags/exemplos/example_distributed_2.py
[2026-07-04T15:15:03.219+0000] {logging_mixin.py:190} INFO - [2026-07-04T15:15:03.218+0000] {dag.py:3239} INFO - Sync 1 DAGs
[2026-07-04T15:15:03.250+0000] {logging_mixin.py:190} INFO - [2026-07-04T15:15:03.250+0000] {dag.py:4180} INFO - Setting next_dagrun for example_distributed_celery_fixed_sleep to None, run_after=None
[2026-07-04T15:15:03.300+0000] {processor.py:208} INFO - Processing /opt/airflow/dags/exemplos/example_distributed_2.py took 0.228 seconds
[2026-07-04T15:15:33.651+0000] {processor.py:186} INFO - Started process (PID=1765) to work on /opt/airflow/dags/exemplos/example_distributed_2.py
[2026-07-04T15:15:33.653+0000] {processor.py:914} INFO - Processing file /opt/airflow/dags/exemplos/example_distributed_2.py for tasks to queue
[2026-07-04T15:15:33.658+0000] {logging_mixin.py:190} INFO - [2026-07-04T15:15:33.657+0000] {dagbag.py:588} INFO - Filling up the DagBag from /opt/airflow/dags/exemplos/example_distributed_2.py
[2026-07-04T15:15:33.678+0000] {processor.py:925} INFO - DAG(s) 'example_distributed_celery_fixed_sleep' retrieved from /opt/airflow/dags/exemplos/example_distributed_2.py
[2026-07-04T15:15:33.738+0000] {logging_mixin.py:190} INFO - [2026-07-04T15:15:33.738+0000] {dag.py:3239} INFO - Sync 1 DAGs
[2026-07-04T15:15:33.766+0000] {logging_mixin.py:190} INFO - [2026-07-04T15:15:33.766+0000] {dag.py:4180} INFO - Setting next_dagrun for example_distributed_celery_fixed_sleep to None, run_after=None
[2026-07-04T15:15:33.800+0000] {processor.py:208} INFO - Processing /opt/airflow/dags/exemplos/example_distributed_2.py took 0.164 seconds
[2026-07-04T15:16:04.340+0000] {processor.py:186} INFO - Started process (PID=1777) to work on /opt/airflow/dags/exemplos/example_distributed_2.py
[2026-07-04T15:16:04.342+0000] {processor.py:914} INFO - Processing file /opt/airflow/dags/exemplos/example_distributed_2.py for tasks to queue
[2026-07-04T15:16:04.348+0000] {logging_mixin.py:190} INFO - [2026-07-04T15:16:04.347+0000] {dagbag.py:588} INFO - Filling up the DagBag from /opt/airflow/dags/exemplos/example_distributed_2.py
[2026-07-04T15:16:04.379+0000] {processor.py:925} INFO - DAG(s) 'example_distributed_celery_fixed_sleep' retrieved from /opt/airflow/dags/exemplos/example_distributed_2.py
[2026-07-04T15:16:04.465+0000] {logging_mixin.py:190} INFO - [2026-07-04T15:16:04.464+0000] {dag.py:3239} INFO - Sync 1 DAGs
[2026-07-04T15:16:04.496+0000] {logging_mixin.py:190} INFO - [2026-07-04T15:16:04.495+0000] {dag.py:4180} INFO - Setting next_dagrun for example_distributed_celery_fixed_sleep to None, run_after=None
[2026-07-04T15:16:04.539+0000] {processor.py:208} INFO - Processing /opt/airflow/dags/exemplos/example_distributed_2.py took 0.212 seconds
[2026-07-04T15:16:35.155+0000] {processor.py:186} INFO - Started process (PID=1789) to work on /opt/airflow/dags/exemplos/example_distributed_2.py
[2026-07-04T15:16:35.156+0000] {processor.py:914} INFO - Processing file /opt/airflow/dags/exemplos/example_distributed_2.py for tasks to queue
[2026-07-04T15:16:35.165+0000] {logging_mixin.py:190} INFO - [2026-07-04T15:16:35.165+0000] {dagbag.py:588} INFO - Filling up the DagBag from /opt/airflow/dags/exemplos/example_distributed_2.py
[2026-07-04T15:16:35.193+0000] {processor.py:925} INFO - DAG(s) 'example_distributed_celery_fixed_sleep' retrieved from /opt/airflow/dags/exemplos/example_distributed_2.py
[2026-07-04T15:16:35.282+0000] {logging_mixin.py:190} INFO - [2026-07-04T15:16:35.281+0000] {dag.py:3239} INFO - Sync 1 DAGs
[2026-07-04T15:16:35.321+0000] {logging_mixin.py:190} INFO - [2026-07-04T15:16:35.321+0000] {dag.py:4180} INFO - Setting next_dagrun for example_distributed_celery_fixed_sleep to None, run_after=None
[2026-07-04T15:16:35.368+0000] {processor.py:208} INFO - Processing /opt/airflow/dags/exemplos/example_distributed_2.py took 0.229 seconds
[2026-07-04T15:17:06.017+0000] {processor.py:186} INFO - Started process (PID=1800) to work on /opt/airflow/dags/exemplos/example_distributed_2.py
[2026-07-04T15:17:06.020+0000] {processor.py:914} INFO - Processing file /opt/airflow/dags/exemplos/example_distributed_2.py for tasks to queue
[2026-07-04T15:17:06.026+0000] {logging_mixin.py:190} INFO - [2026-07-04T15:17:06.025+0000] {dagbag.py:588} INFO - Filling up the DagBag from /opt/airflow/dags/exemplos/example_distributed_2.py
[2026-07-04T15:17:06.064+0000] {processor.py:925} INFO - DAG(s) 'example_distributed_celery_fixed_sleep' retrieved from /opt/airflow/dags/exemplos/example_distributed_2.py
[2026-07-04T15:17:06.124+0000] {logging_mixin.py:190} INFO - [2026-07-04T15:17:06.123+0000] {dag.py:3239} INFO - Sync 1 DAGs
[2026-07-04T15:17:06.152+0000] {logging_mixin.py:190} INFO - [2026-07-04T15:17:06.152+0000] {dag.py:4180} INFO - Setting next_dagrun for example_distributed_celery_fixed_sleep to None, run_after=None
[2026-07-04T15:17:06.244+0000] {processor.py:208} INFO - Processing /opt/airflow/dags/exemplos/example_distributed_2.py took 0.244 seconds
[2026-07-04T15:17:36.773+0000] {processor.py:186} INFO - Started process (PID=1811) to work on /opt/airflow/dags/exemplos/example_distributed_2.py
[2026-07-04T15:17:36.776+0000] {processor.py:914} INFO - Processing file /opt/airflow/dags/exemplos/example_distributed_2.py for tasks to queue
[2026-07-04T15:17:36.789+0000] {logging_mixin.py:190} INFO - [2026-07-04T15:17:36.785+0000] {dagbag.py:588} INFO - Filling up the DagBag from /opt/airflow/dags/exemplos/example_distributed_2.py
[2026-07-04T15:17:36.832+0000] {processor.py:925} INFO - DAG(s) 'example_distributed_celery_fixed_sleep' retrieved from /opt/airflow/dags/exemplos/example_distributed_2.py
[2026-07-04T15:17:36.906+0000] {logging_mixin.py:190} INFO - [2026-07-04T15:17:36.905+0000] {dag.py:3239} INFO - Sync 1 DAGs
[2026-07-04T15:17:36.944+0000] {logging_mixin.py:190} INFO - [2026-07-04T15:17:36.944+0000] {dag.py:4180} INFO - Setting next_dagrun for example_distributed_celery_fixed_sleep to None, run_after=None
[2026-07-04T15:17:36.992+0000] {processor.py:208} INFO - Processing /opt/airflow/dags/exemplos/example_distributed_2.py took 0.238 seconds
[2026-07-04T15:18:07.611+0000] {processor.py:186} INFO - Started process (PID=1822) to work on /opt/airflow/dags/exemplos/example_distributed_2.py
[2026-07-04T15:18:07.613+0000] {processor.py:914} INFO - Processing file /opt/airflow/dags/exemplos/example_distributed_2.py for tasks to queue
[2026-07-04T15:18:07.619+0000] {logging_mixin.py:190} INFO - [2026-07-04T15:18:07.618+0000] {dagbag.py:588} INFO - Filling up the DagBag from /opt/airflow/dags/exemplos/example_distributed_2.py
[2026-07-04T15:18:07.666+0000] {processor.py:925} INFO - DAG(s) 'example_distributed_celery_fixed_sleep' retrieved from /opt/airflow/dags/exemplos/example_distributed_2.py
[2026-07-04T15:18:07.736+0000] {logging_mixin.py:190} INFO - [2026-07-04T15:18:07.736+0000] {dag.py:3239} INFO - Sync 1 DAGs
[2026-07-04T15:18:07.764+0000] {logging_mixin.py:190} INFO - [2026-07-04T15:18:07.764+0000] {dag.py:4180} INFO - Setting next_dagrun for example_distributed_celery_fixed_sleep to None, run_after=None
[2026-07-04T15:18:07.811+0000] {processor.py:208} INFO - Processing /opt/airflow/dags/exemplos/example_distributed_2.py took 0.210 seconds
[2026-07-04T15:18:38.540+0000] {processor.py:186} INFO - Started process (PID=1826) to work on /opt/airflow/dags/exemplos/example_distributed_2.py
[2026-07-04T15:18:38.542+0000] {processor.py:914} INFO - Processing file /opt/airflow/dags/exemplos/example_distributed_2.py for tasks to queue
[2026-07-04T15:18:38.546+0000] {logging_mixin.py:190} INFO - [2026-07-04T15:18:38.546+0000] {dagbag.py:588} INFO - Filling up the DagBag from /opt/airflow/dags/exemplos/example_distributed_2.py
[2026-07-04T15:18:38.575+0000] {processor.py:925} INFO - DAG(s) 'example_distributed_celery_fixed_sleep' retrieved from /opt/airflow/dags/exemplos/example_distributed_2.py
[2026-07-04T15:18:38.677+0000] {logging_mixin.py:190} INFO - [2026-07-04T15:18:38.676+0000] {dag.py:3239} INFO - Sync 1 DAGs
[2026-07-04T15:18:38.717+0000] {logging_mixin.py:190} INFO - [2026-07-04T15:18:38.716+0000] {dag.py:4180} INFO - Setting next_dagrun for example_distributed_celery_fixed_sleep to None, run_after=None
[2026-07-04T15:18:38.762+0000] {processor.py:208} INFO - Processing /opt/airflow/dags/exemplos/example_distributed_2.py took 0.238 seconds
[2026-07-04T15:19:09.510+0000] {processor.py:186} INFO - Started process (PID=1837) to work on /opt/airflow/dags/exemplos/example_distributed_2.py
[2026-07-04T15:19:09.512+0000] {processor.py:914} INFO - Processing file /opt/airflow/dags/exemplos/example_distributed_2.py for tasks to queue
[2026-07-04T15:19:09.519+0000] {logging_mixin.py:190} INFO - [2026-07-04T15:19:09.517+0000] {dagbag.py:588} INFO - Filling up the DagBag from /opt/airflow/dags/exemplos/example_distributed_2.py
[2026-07-04T15:19:09.547+0000] {processor.py:925} INFO - DAG(s) 'example_distributed_celery_fixed_sleep' retrieved from /opt/airflow/dags/exemplos/example_distributed_2.py
[2026-07-04T15:19:09.611+0000] {logging_mixin.py:190} INFO - [2026-07-04T15:19:09.611+0000] {dag.py:3239} INFO - Sync 1 DAGs
[2026-07-04T15:19:09.650+0000] {logging_mixin.py:190} INFO - [2026-07-04T15:19:09.649+0000] {dag.py:4180} INFO - Setting next_dagrun for example_distributed_celery_fixed_sleep to None, run_after=None
[2026-07-04T15:19:09.691+0000] {processor.py:208} INFO - Processing /opt/airflow/dags/exemplos/example_distributed_2.py took 0.190 seconds
[2026-07-04T15:19:40.294+0000] {processor.py:186} INFO - Started process (PID=1847) to work on /opt/airflow/dags/exemplos/example_distributed_2.py
[2026-07-04T15:19:40.295+0000] {processor.py:914} INFO - Processing file /opt/airflow/dags/exemplos/example_distributed_2.py for tasks to queue
[2026-07-04T15:19:40.299+0000] {logging_mixin.py:190} INFO - [2026-07-04T15:19:40.298+0000] {dagbag.py:588} INFO - Filling up the DagBag from /opt/airflow/dags/exemplos/example_distributed_2.py
[2026-07-04T15:19:40.322+0000] {processor.py:925} INFO - DAG(s) 'example_distributed_celery_fixed_sleep' retrieved from /opt/airflow/dags/exemplos/example_distributed_2.py
[2026-07-04T15:19:40.382+0000] {logging_mixin.py:190} INFO - [2026-07-04T15:19:40.382+0000] {dag.py:3239} INFO - Sync 1 DAGs
[2026-07-04T15:19:40.421+0000] {logging_mixin.py:190} INFO - [2026-07-04T15:19:40.421+0000] {dag.py:4180} INFO - Setting next_dagrun for example_distributed_celery_fixed_sleep to None, run_after=None
[2026-07-04T15:19:40.468+0000] {processor.py:208} INFO - Processing /opt/airflow/dags/exemplos/example_distributed_2.py took 0.188 seconds
[2026-07-04T15:20:10.930+0000] {processor.py:186} INFO - Started process (PID=1858) to work on /opt/airflow/dags/exemplos/example_distributed_2.py
[2026-07-04T15:20:10.931+0000] {processor.py:914} INFO - Processing file /opt/airflow/dags/exemplos/example_distributed_2.py for tasks to queue
[2026-07-04T15:20:10.935+0000] {logging_mixin.py:190} INFO - [2026-07-04T15:20:10.934+0000] {dagbag.py:588} INFO - Filling up the DagBag from /opt/airflow/dags/exemplos/example_distributed_2.py
[2026-07-04T15:20:10.954+0000] {processor.py:925} INFO - DAG(s) 'example_distributed_celery_fixed_sleep' retrieved from /opt/airflow/dags/exemplos/example_distributed_2.py
[2026-07-04T15:20:11.013+0000] {logging_mixin.py:190} INFO - [2026-07-04T15:20:11.013+0000] {dag.py:3239} INFO - Sync 1 DAGs
[2026-07-04T15:20:11.038+0000] {logging_mixin.py:190} INFO - [2026-07-04T15:20:11.037+0000] {dag.py:4180} INFO - Setting next_dagrun for example_distributed_celery_fixed_sleep to None, run_after=None
[2026-07-04T15:20:11.071+0000] {processor.py:208} INFO - Processing /opt/airflow/dags/exemplos/example_distributed_2.py took 0.151 seconds
[2026-07-04T15:20:41.514+0000] {processor.py:186} INFO - Started process (PID=1869) to work on /opt/airflow/dags/exemplos/example_distributed_2.py
[2026-07-04T15:20:41.517+0000] {processor.py:914} INFO - Processing file /opt/airflow/dags/exemplos/example_distributed_2.py for tasks to queue
[2026-07-04T15:20:41.523+0000] {logging_mixin.py:190} INFO - [2026-07-04T15:20:41.523+0000] {dagbag.py:588} INFO - Filling up the DagBag from /opt/airflow/dags/exemplos/example_distributed_2.py
[2026-07-04T15:20:41.550+0000] {processor.py:925} INFO - DAG(s) 'example_distributed_celery_fixed_sleep' retrieved from /opt/airflow/dags/exemplos/example_distributed_2.py
[2026-07-04T15:20:41.640+0000] {logging_mixin.py:190} INFO - [2026-07-04T15:20:41.640+0000] {dag.py:3239} INFO - Sync 1 DAGs
[2026-07-04T15:20:41.690+0000] {logging_mixin.py:190} INFO - [2026-07-04T15:20:41.690+0000] {dag.py:4180} INFO - Setting next_dagrun for example_distributed_celery_fixed_sleep to None, run_after=None
[2026-07-04T15:20:41.763+0000] {processor.py:208} INFO - Processing /opt/airflow/dags/exemplos/example_distributed_2.py took 0.264 seconds
[2026-07-04T15:21:12.264+0000] {processor.py:186} INFO - Started process (PID=1881) to work on /opt/airflow/dags/exemplos/example_distributed_2.py
[2026-07-04T15:21:12.265+0000] {processor.py:914} INFO - Processing file /opt/airflow/dags/exemplos/example_distributed_2.py for tasks to queue
[2026-07-04T15:21:12.270+0000] {logging_mixin.py:190} INFO - [2026-07-04T15:21:12.269+0000] {dagbag.py:588} INFO - Filling up the DagBag from /opt/airflow/dags/exemplos/example_distributed_2.py
[2026-07-04T15:21:12.286+0000] {processor.py:925} INFO - DAG(s) 'example_distributed_celery_fixed_sleep' retrieved from /opt/airflow/dags/exemplos/example_distributed_2.py
[2026-07-04T15:21:12.333+0000] {logging_mixin.py:190} INFO - [2026-07-04T15:21:12.333+0000] {dag.py:3239} INFO - Sync 1 DAGs
[2026-07-04T15:21:12.360+0000] {logging_mixin.py:190} INFO - [2026-07-04T15:21:12.359+0000] {dag.py:4180} INFO - Setting next_dagrun for example_distributed_celery_fixed_sleep to None, run_after=None
[2026-07-04T15:21:12.394+0000] {processor.py:208} INFO - Processing /opt/airflow/dags/exemplos/example_distributed_2.py took 0.145 seconds
[2026-07-04T15:21:42.647+0000] {processor.py:186} INFO - Started process (PID=1892) to work on /opt/airflow/dags/exemplos/example_distributed_2.py
[2026-07-04T15:21:42.649+0000] {processor.py:914} INFO - Processing file /opt/airflow/dags/exemplos/example_distributed_2.py for tasks to queue
[2026-07-04T15:21:42.653+0000] {logging_mixin.py:190} INFO - [2026-07-04T15:21:42.652+0000] {dagbag.py:588} INFO - Filling up the DagBag from /opt/airflow/dags/exemplos/example_distributed_2.py
[2026-07-04T15:21:42.670+0000] {processor.py:925} INFO - DAG(s) 'example_distributed_celery_fixed_sleep' retrieved from /opt/airflow/dags/exemplos/example_distributed_2.py
[2026-07-04T15:21:42.733+0000] {logging_mixin.py:190} INFO - [2026-07-04T15:21:42.732+0000] {dag.py:3239} INFO - Sync 1 DAGs
[2026-07-04T15:21:42.771+0000] {logging_mixin.py:190} INFO - [2026-07-04T15:21:42.771+0000] {dag.py:4180} INFO - Setting next_dagrun for example_distributed_celery_fixed_sleep to None, run_after=None
[2026-07-04T15:21:42.813+0000] {processor.py:208} INFO - Processing /opt/airflow/dags/exemplos/example_distributed_2.py took 0.179 seconds
[2026-07-04T15:22:13.333+0000] {processor.py:186} INFO - Started process (PID=1902) to work on /opt/airflow/dags/exemplos/example_distributed_2.py
[2026-07-04T15:22:13.335+0000] {processor.py:914} INFO - Processing file /opt/airflow/dags/exemplos/example_distributed_2.py for tasks to queue
[2026-07-04T15:22:13.340+0000] {logging_mixin.py:190} INFO - [2026-07-04T15:22:13.339+0000] {dagbag.py:588} INFO - Filling up the DagBag from /opt/airflow/dags/exemplos/example_distributed_2.py
[2026-07-04T15:22:13.368+0000] {processor.py:925} INFO - DAG(s) 'example_distributed_celery_fixed_sleep' retrieved from /opt/airflow/dags/exemplos/example_distributed_2.py
[2026-07-04T15:22:13.441+0000] {logging_mixin.py:190} INFO - [2026-07-04T15:22:13.441+0000] {dag.py:3239} INFO - Sync 1 DAGs
[2026-07-04T15:22:13.486+0000] {logging_mixin.py:190} INFO - [2026-07-04T15:22:13.486+0000] {dag.py:4180} INFO - Setting next_dagrun for example_distributed_celery_fixed_sleep to None, run_after=None
[2026-07-04T15:22:13.530+0000] {processor.py:208} INFO - Processing /opt/airflow/dags/exemplos/example_distributed_2.py took 0.206 seconds
[2026-07-04T15:22:44.064+0000] {processor.py:186} INFO - Started process (PID=1907) to work on /opt/airflow/dags/exemplos/example_distributed_2.py
[2026-07-04T15:22:44.066+0000] {processor.py:914} INFO - Processing file /opt/airflow/dags/exemplos/example_distributed_2.py for tasks to queue
[2026-07-04T15:22:44.071+0000] {logging_mixin.py:190} INFO - [2026-07-04T15:22:44.070+0000] {dagbag.py:588} INFO - Filling up the DagBag from /opt/airflow/dags/exemplos/example_distributed_2.py
[2026-07-04T15:22:44.087+0000] {processor.py:925} INFO - DAG(s) 'example_distributed_celery_fixed_sleep' retrieved from /opt/airflow/dags/exemplos/example_distributed_2.py
[2026-07-04T15:22:44.144+0000] {logging_mixin.py:190} INFO - [2026-07-04T15:22:44.143+0000] {dag.py:3239} INFO - Sync 1 DAGs
[2026-07-04T15:22:44.179+0000] {logging_mixin.py:190} INFO - [2026-07-04T15:22:44.179+0000] {dag.py:4180} INFO - Setting next_dagrun for example_distributed_celery_fixed_sleep to None, run_after=None
[2026-07-04T15:22:44.209+0000] {processor.py:208} INFO - Processing /opt/airflow/dags/exemplos/example_distributed_2.py took 0.160 seconds
[2026-07-04T15:23:14.728+0000] {processor.py:186} INFO - Started process (PID=1918) to work on /opt/airflow/dags/exemplos/example_distributed_2.py
[2026-07-04T15:23:14.729+0000] {processor.py:914} INFO - Processing file /opt/airflow/dags/exemplos/example_distributed_2.py for tasks to queue
[2026-07-04T15:23:14.733+0000] {logging_mixin.py:190} INFO - [2026-07-04T15:23:14.732+0000] {dagbag.py:588} INFO - Filling up the DagBag from /opt/airflow/dags/exemplos/example_distributed_2.py
[2026-07-04T15:23:14.754+0000] {processor.py:925} INFO - DAG(s) 'example_distributed_celery_fixed_sleep' retrieved from /opt/airflow/dags/exemplos/example_distributed_2.py
[2026-07-04T15:23:14.801+0000] {logging_mixin.py:190} INFO - [2026-07-04T15:23:14.801+0000] {dag.py:3239} INFO - Sync 1 DAGs
[2026-07-04T15:23:14.827+0000] {logging_mixin.py:190} INFO - [2026-07-04T15:23:14.827+0000] {dag.py:4180} INFO - Setting next_dagrun for example_distributed_celery_fixed_sleep to None, run_after=None
[2026-07-04T15:23:14.859+0000] {processor.py:208} INFO - Processing /opt/airflow/dags/exemplos/example_distributed_2.py took 0.141 seconds
[2026-07-04T15:23:45.365+0000] {processor.py:186} INFO - Started process (PID=1929) to work on /opt/airflow/dags/exemplos/example_distributed_2.py
[2026-07-04T15:23:45.369+0000] {processor.py:914} INFO - Processing file /opt/airflow/dags/exemplos/example_distributed_2.py for tasks to queue
[2026-07-04T15:23:45.373+0000] {logging_mixin.py:190} INFO - [2026-07-04T15:23:45.373+0000] {dagbag.py:588} INFO - Filling up the DagBag from /opt/airflow/dags/exemplos/example_distributed_2.py
[2026-07-04T15:23:45.391+0000] {processor.py:925} INFO - DAG(s) 'example_distributed_celery_fixed_sleep' retrieved from /opt/airflow/dags/exemplos/example_distributed_2.py
[2026-07-04T15:23:45.436+0000] {logging_mixin.py:190} INFO - [2026-07-04T15:23:45.436+0000] {dag.py:3239} INFO - Sync 1 DAGs
[2026-07-04T15:23:45.466+0000] {logging_mixin.py:190} INFO - [2026-07-04T15:23:45.466+0000] {dag.py:4180} INFO - Setting next_dagrun for example_distributed_celery_fixed_sleep to None, run_after=None
[2026-07-04T15:23:45.506+0000] {processor.py:208} INFO - Processing /opt/airflow/dags/exemplos/example_distributed_2.py took 0.172 seconds
[2026-07-04T15:24:16.028+0000] {processor.py:186} INFO - Started process (PID=1940) to work on /opt/airflow/dags/exemplos/example_distributed_2.py
[2026-07-04T15:24:16.030+0000] {processor.py:914} INFO - Processing file /opt/airflow/dags/exemplos/example_distributed_2.py for tasks to queue
[2026-07-04T15:24:16.035+0000] {logging_mixin.py:190} INFO - [2026-07-04T15:24:16.034+0000] {dagbag.py:588} INFO - Filling up the DagBag from /opt/airflow/dags/exemplos/example_distributed_2.py
[2026-07-04T15:24:16.062+0000] {processor.py:925} INFO - DAG(s) 'example_distributed_celery_fixed_sleep' retrieved from /opt/airflow/dags/exemplos/example_distributed_2.py
[2026-07-04T15:24:16.140+0000] {logging_mixin.py:190} INFO - [2026-07-04T15:24:16.139+0000] {dag.py:3239} INFO - Sync 1 DAGs
[2026-07-04T15:24:16.180+0000] {logging_mixin.py:190} INFO - [2026-07-04T15:24:16.180+0000] {dag.py:4180} INFO - Setting next_dagrun for example_distributed_celery_fixed_sleep to None, run_after=None
[2026-07-04T15:24:16.239+0000] {processor.py:208} INFO - Processing /opt/airflow/dags/exemplos/example_distributed_2.py took 0.227 seconds
[2026-07-04T15:24:46.813+0000] {processor.py:186} INFO - Started process (PID=1951) to work on /opt/airflow/dags/exemplos/example_distributed_2.py
[2026-07-04T15:24:46.815+0000] {processor.py:914} INFO - Processing file /opt/airflow/dags/exemplos/example_distributed_2.py for tasks to queue
[2026-07-04T15:24:46.824+0000] {logging_mixin.py:190} INFO - [2026-07-04T15:24:46.823+0000] {dagbag.py:588} INFO - Filling up the DagBag from /opt/airflow/dags/exemplos/example_distributed_2.py
[2026-07-04T15:24:46.848+0000] {processor.py:925} INFO - DAG(s) 'example_distributed_celery_fixed_sleep' retrieved from /opt/airflow/dags/exemplos/example_distributed_2.py
[2026-07-04T15:24:46.924+0000] {logging_mixin.py:190} INFO - [2026-07-04T15:24:46.923+0000] {dag.py:3239} INFO - Sync 1 DAGs
[2026-07-04T15:24:46.960+0000] {logging_mixin.py:190} INFO - [2026-07-04T15:24:46.960+0000] {dag.py:4180} INFO - Setting next_dagrun for example_distributed_celery_fixed_sleep to None, run_after=None
[2026-07-04T15:24:47.011+0000] {processor.py:208} INFO - Processing /opt/airflow/dags/exemplos/example_distributed_2.py took 0.220 seconds
[2026-07-04T15:25:17.593+0000] {processor.py:186} INFO - Started process (PID=1962) to work on /opt/airflow/dags/exemplos/example_distributed_2.py
[2026-07-04T15:25:17.595+0000] {processor.py:914} INFO - Processing file /opt/airflow/dags/exemplos/example_distributed_2.py for tasks to queue
[2026-07-04T15:25:17.600+0000] {logging_mixin.py:190} INFO - [2026-07-04T15:25:17.599+0000] {dagbag.py:588} INFO - Filling up the DagBag from /opt/airflow/dags/exemplos/example_distributed_2.py
[2026-07-04T15:25:17.623+0000] {processor.py:925} INFO - DAG(s) 'example_distributed_celery_fixed_sleep' retrieved from /opt/airflow/dags/exemplos/example_distributed_2.py
[2026-07-04T15:25:17.670+0000] {logging_mixin.py:190} INFO - [2026-07-04T15:25:17.669+0000] {dag.py:3239} INFO - Sync 1 DAGs
[2026-07-04T15:25:17.694+0000] {logging_mixin.py:190} INFO - [2026-07-04T15:25:17.694+0000] {dag.py:4180} INFO - Setting next_dagrun for example_distributed_celery_fixed_sleep to None, run_after=None
[2026-07-04T15:25:17.724+0000] {processor.py:208} INFO - Processing /opt/airflow/dags/exemplos/example_distributed_2.py took 0.148 seconds
[2026-07-04T15:25:48.202+0000] {processor.py:186} INFO - Started process (PID=1973) to work on /opt/airflow/dags/exemplos/example_distributed_2.py
[2026-07-04T15:25:48.205+0000] {processor.py:914} INFO - Processing file /opt/airflow/dags/exemplos/example_distributed_2.py for tasks to queue
[2026-07-04T15:25:48.210+0000] {logging_mixin.py:190} INFO - [2026-07-04T15:25:48.209+0000] {dagbag.py:588} INFO - Filling up the DagBag from /opt/airflow/dags/exemplos/example_distributed_2.py
[2026-07-04T15:25:48.233+0000] {processor.py:925} INFO - DAG(s) 'example_distributed_celery_fixed_sleep' retrieved from /opt/airflow/dags/exemplos/example_distributed_2.py
[2026-07-04T15:25:48.284+0000] {logging_mixin.py:190} INFO - [2026-07-04T15:25:48.284+0000] {dag.py:3239} INFO - Sync 1 DAGs
[2026-07-04T15:25:48.313+0000] {logging_mixin.py:190} INFO - [2026-07-04T15:25:48.313+0000] {dag.py:4180} INFO - Setting next_dagrun for example_distributed_celery_fixed_sleep to None, run_after=None
[2026-07-04T15:25:48.349+0000] {processor.py:208} INFO - Processing /opt/airflow/dags/exemplos/example_distributed_2.py took 0.157 seconds
[2026-07-04T15:26:18.715+0000] {processor.py:186} INFO - Started process (PID=1983) to work on /opt/airflow/dags/exemplos/example_distributed_2.py
[2026-07-04T15:26:18.717+0000] {processor.py:914} INFO - Processing file /opt/airflow/dags/exemplos/example_distributed_2.py for tasks to queue
[2026-07-04T15:26:18.720+0000] {logging_mixin.py:190} INFO - [2026-07-04T15:26:18.720+0000] {dagbag.py:588} INFO - Filling up the DagBag from /opt/airflow/dags/exemplos/example_distributed_2.py
[2026-07-04T15:26:18.749+0000] {processor.py:925} INFO - DAG(s) 'example_distributed_celery_fixed_sleep' retrieved from /opt/airflow/dags/exemplos/example_distributed_2.py
[2026-07-04T15:26:18.818+0000] {logging_mixin.py:190} INFO - [2026-07-04T15:26:18.818+0000] {dag.py:3239} INFO - Sync 1 DAGs
[2026-07-04T15:26:18.854+0000] {logging_mixin.py:190} INFO - [2026-07-04T15:26:18.854+0000] {dag.py:4180} INFO - Setting next_dagrun for example_distributed_celery_fixed_sleep to None, run_after=None
[2026-07-04T15:26:18.894+0000] {processor.py:208} INFO - Processing /opt/airflow/dags/exemplos/example_distributed_2.py took 0.190 seconds
[2026-07-04T15:26:49.433+0000] {processor.py:186} INFO - Started process (PID=1988) to work on /opt/airflow/dags/exemplos/example_distributed_2.py
[2026-07-04T15:26:49.436+0000] {processor.py:914} INFO - Processing file /opt/airflow/dags/exemplos/example_distributed_2.py for tasks to queue
[2026-07-04T15:26:49.444+0000] {logging_mixin.py:190} INFO - [2026-07-04T15:26:49.442+0000] {dagbag.py:588} INFO - Filling up the DagBag from /opt/airflow/dags/exemplos/example_distributed_2.py
[2026-07-04T15:26:49.485+0000] {processor.py:925} INFO - DAG(s) 'example_distributed_celery_fixed_sleep' retrieved from /opt/airflow/dags/exemplos/example_distributed_2.py
[2026-07-04T15:26:49.570+0000] {logging_mixin.py:190} INFO - [2026-07-04T15:26:49.570+0000] {dag.py:3239} INFO - Sync 1 DAGs
[2026-07-04T15:26:49.610+0000] {logging_mixin.py:190} INFO - [2026-07-04T15:26:49.609+0000] {dag.py:4180} INFO - Setting next_dagrun for example_distributed_celery_fixed_sleep to None, run_after=None
[2026-07-04T15:26:49.658+0000] {processor.py:208} INFO - Processing /opt/airflow/dags/exemplos/example_distributed_2.py took 0.244 seconds
[2026-07-04T15:27:19.985+0000] {processor.py:186} INFO - Started process (PID=1999) to work on /opt/airflow/dags/exemplos/example_distributed_2.py
[2026-07-04T15:27:19.986+0000] {processor.py:914} INFO - Processing file /opt/airflow/dags/exemplos/example_distributed_2.py for tasks to queue
[2026-07-04T15:27:19.990+0000] {logging_mixin.py:190} INFO - [2026-07-04T15:27:19.989+0000] {dagbag.py:588} INFO - Filling up the DagBag from /opt/airflow/dags/exemplos/example_distributed_2.py
[2026-07-04T15:27:20.006+0000] {processor.py:925} INFO - DAG(s) 'example_distributed_celery_fixed_sleep' retrieved from /opt/airflow/dags/exemplos/example_distributed_2.py
[2026-07-04T15:27:20.064+0000] {logging_mixin.py:190} INFO - [2026-07-04T15:27:20.063+0000] {dag.py:3239} INFO - Sync 1 DAGs
[2026-07-04T15:27:20.091+0000] {logging_mixin.py:190} INFO - [2026-07-04T15:27:20.091+0000] {dag.py:4180} INFO - Setting next_dagrun for example_distributed_celery_fixed_sleep to None, run_after=None
[2026-07-04T15:27:20.131+0000] {processor.py:208} INFO - Processing /opt/airflow/dags/exemplos/example_distributed_2.py took 0.155 seconds
[2026-07-04T15:27:50.446+0000] {processor.py:186} INFO - Started process (PID=2011) to work on /opt/airflow/dags/exemplos/example_distributed_2.py
[2026-07-04T15:27:50.447+0000] {processor.py:914} INFO - Processing file /opt/airflow/dags/exemplos/example_distributed_2.py for tasks to queue
[2026-07-04T15:27:50.450+0000] {logging_mixin.py:190} INFO - [2026-07-04T15:27:50.450+0000] {dagbag.py:588} INFO - Filling up the DagBag from /opt/airflow/dags/exemplos/example_distributed_2.py
[2026-07-04T15:27:50.470+0000] {processor.py:925} INFO - DAG(s) 'example_distributed_celery_fixed_sleep' retrieved from /opt/airflow/dags/exemplos/example_distributed_2.py
[2026-07-04T15:27:50.535+0000] {logging_mixin.py:190} INFO - [2026-07-04T15:27:50.534+0000] {dag.py:3239} INFO - Sync 1 DAGs
[2026-07-04T15:27:50.568+0000] {logging_mixin.py:190} INFO - [2026-07-04T15:27:50.568+0000] {dag.py:4180} INFO - Setting next_dagrun for example_distributed_celery_fixed_sleep to None, run_after=None
[2026-07-04T15:27:50.611+0000] {processor.py:208} INFO - Processing /opt/airflow/dags/exemplos/example_distributed_2.py took 0.179 seconds
[2026-07-04T15:28:21.180+0000] {processor.py:186} INFO - Started process (PID=2022) to work on /opt/airflow/dags/exemplos/example_distributed_2.py
[2026-07-04T15:28:21.181+0000] {processor.py:914} INFO - Processing file /opt/airflow/dags/exemplos/example_distributed_2.py for tasks to queue
[2026-07-04T15:28:21.185+0000] {logging_mixin.py:190} INFO - [2026-07-04T15:28:21.184+0000] {dagbag.py:588} INFO - Filling up the DagBag from /opt/airflow/dags/exemplos/example_distributed_2.py
[2026-07-04T15:28:21.206+0000] {processor.py:925} INFO - DAG(s) 'example_distributed_celery_fixed_sleep' retrieved from /opt/airflow/dags/exemplos/example_distributed_2.py
[2026-07-04T15:28:21.264+0000] {logging_mixin.py:190} INFO - [2026-07-04T15:28:21.263+0000] {dag.py:3239} INFO - Sync 1 DAGs
[2026-07-04T15:28:21.289+0000] {logging_mixin.py:190} INFO - [2026-07-04T15:28:21.288+0000] {dag.py:4180} INFO - Setting next_dagrun for example_distributed_celery_fixed_sleep to None, run_after=None
[2026-07-04T15:28:21.319+0000] {processor.py:208} INFO - Processing /opt/airflow/dags/exemplos/example_distributed_2.py took 0.152 seconds
[2026-07-04T15:28:51.898+0000] {processor.py:186} INFO - Started process (PID=2033) to work on /opt/airflow/dags/exemplos/example_distributed_2.py
[2026-07-04T15:28:51.901+0000] {processor.py:914} INFO - Processing file /opt/airflow/dags/exemplos/example_distributed_2.py for tasks to queue
[2026-07-04T15:28:51.906+0000] {logging_mixin.py:190} INFO - [2026-07-04T15:28:51.905+0000] {dagbag.py:588} INFO - Filling up the DagBag from /opt/airflow/dags/exemplos/example_distributed_2.py
[2026-07-04T15:28:51.932+0000] {processor.py:925} INFO - DAG(s) 'example_distributed_celery_fixed_sleep' retrieved from /opt/airflow/dags/exemplos/example_distributed_2.py
[2026-07-04T15:28:52.004+0000] {logging_mixin.py:190} INFO - [2026-07-04T15:28:52.003+0000] {dag.py:3239} INFO - Sync 1 DAGs
[2026-07-04T15:28:52.036+0000] {logging_mixin.py:190} INFO - [2026-07-04T15:28:52.036+0000] {dag.py:4180} INFO - Setting next_dagrun for example_distributed_celery_fixed_sleep to None, run_after=None
[2026-07-04T15:28:52.071+0000] {processor.py:208} INFO - Processing /opt/airflow/dags/exemplos/example_distributed_2.py took 0.186 seconds
[2026-07-04T15:29:22.649+0000] {processor.py:186} INFO - Started process (PID=2044) to work on /opt/airflow/dags/exemplos/example_distributed_2.py
[2026-07-04T15:29:22.650+0000] {processor.py:914} INFO - Processing file /opt/airflow/dags/exemplos/example_distributed_2.py for tasks to queue
[2026-07-04T15:29:22.654+0000] {logging_mixin.py:190} INFO - [2026-07-04T15:29:22.654+0000] {dagbag.py:588} INFO - Filling up the DagBag from /opt/airflow/dags/exemplos/example_distributed_2.py
[2026-07-04T15:29:22.672+0000] {processor.py:925} INFO - DAG(s) 'example_distributed_celery_fixed_sleep' retrieved from /opt/airflow/dags/exemplos/example_distributed_2.py
[2026-07-04T15:29:22.719+0000] {logging_mixin.py:190} INFO - [2026-07-04T15:29:22.719+0000] {dag.py:3239} INFO - Sync 1 DAGs
[2026-07-04T15:29:22.749+0000] {logging_mixin.py:190} INFO - [2026-07-04T15:29:22.748+0000] {dag.py:4180} INFO - Setting next_dagrun for example_distributed_celery_fixed_sleep to None, run_after=None
[2026-07-04T15:29:22.783+0000] {processor.py:208} INFO - Processing /opt/airflow/dags/exemplos/example_distributed_2.py took 0.146 seconds
[2026-07-04T15:29:53.374+0000] {processor.py:186} INFO - Started process (PID=2055) to work on /opt/airflow/dags/exemplos/example_distributed_2.py
[2026-07-04T15:29:53.376+0000] {processor.py:914} INFO - Processing file /opt/airflow/dags/exemplos/example_distributed_2.py for tasks to queue
[2026-07-04T15:29:53.380+0000] {logging_mixin.py:190} INFO - [2026-07-04T15:29:53.380+0000] {dagbag.py:588} INFO - Filling up the DagBag from /opt/airflow/dags/exemplos/example_distributed_2.py
[2026-07-04T15:29:53.398+0000] {processor.py:925} INFO - DAG(s) 'example_distributed_celery_fixed_sleep' retrieved from /opt/airflow/dags/exemplos/example_distributed_2.py
[2026-07-04T15:29:53.441+0000] {logging_mixin.py:190} INFO - [2026-07-04T15:29:53.441+0000] {dag.py:3239} INFO - Sync 1 DAGs
[2026-07-04T15:29:53.475+0000] {logging_mixin.py:190} INFO - [2026-07-04T15:29:53.475+0000] {dag.py:4180} INFO - Setting next_dagrun for example_distributed_celery_fixed_sleep to None, run_after=None
[2026-07-04T15:29:53.510+0000] {processor.py:208} INFO - Processing /opt/airflow/dags/exemplos/example_distributed_2.py took 0.152 seconds
[2026-07-04T15:33:27.600+0000] {processor.py:186} INFO - Started process (PID=66) to work on /opt/airflow/dags/exemplos/example_distributed_2.py
[2026-07-04T15:33:27.601+0000] {processor.py:914} INFO - Processing file /opt/airflow/dags/exemplos/example_distributed_2.py for tasks to queue
[2026-07-04T15:33:27.604+0000] {logging_mixin.py:190} INFO - [2026-07-04T15:33:27.604+0000] {dagbag.py:588} INFO - Filling up the DagBag from /opt/airflow/dags/exemplos/example_distributed_2.py
[2026-07-04T15:33:27.622+0000] {processor.py:925} INFO - DAG(s) 'example_distributed_celery_fixed_sleep' retrieved from /opt/airflow/dags/exemplos/example_distributed_2.py
[2026-07-04T15:33:27.676+0000] {logging_mixin.py:190} INFO - [2026-07-04T15:33:27.675+0000] {dag.py:3239} INFO - Sync 1 DAGs
[2026-07-04T15:33:27.698+0000] {logging_mixin.py:190} INFO - [2026-07-04T15:33:27.698+0000] {dag.py:4180} INFO - Setting next_dagrun for example_distributed_celery_fixed_sleep to None, run_after=None
[2026-07-04T15:33:27.728+0000] {processor.py:208} INFO - Processing /opt/airflow/dags/exemplos/example_distributed_2.py took 0.140 seconds
[2026-07-04T15:33:58.293+0000] {processor.py:186} INFO - Started process (PID=76) to work on /opt/airflow/dags/exemplos/example_distributed_2.py
[2026-07-04T15:33:58.294+0000] {processor.py:914} INFO - Processing file /opt/airflow/dags/exemplos/example_distributed_2.py for tasks to queue
[2026-07-04T15:33:58.298+0000] {logging_mixin.py:190} INFO - [2026-07-04T15:33:58.298+0000] {dagbag.py:588} INFO - Filling up the DagBag from /opt/airflow/dags/exemplos/example_distributed_2.py
[2026-07-04T15:33:58.321+0000] {processor.py:925} INFO - DAG(s) 'example_distributed_celery_fixed_sleep' retrieved from /opt/airflow/dags/exemplos/example_distributed_2.py
[2026-07-04T15:33:58.373+0000] {logging_mixin.py:190} INFO - [2026-07-04T15:33:58.373+0000] {dag.py:3239} INFO - Sync 1 DAGs
[2026-07-04T15:33:58.397+0000] {logging_mixin.py:190} INFO - [2026-07-04T15:33:58.396+0000] {dag.py:4180} INFO - Setting next_dagrun for example_distributed_celery_fixed_sleep to None, run_after=None
[2026-07-04T15:33:58.428+0000] {processor.py:208} INFO - Processing /opt/airflow/dags/exemplos/example_distributed_2.py took 0.147 seconds
[2026-07-04T15:34:28.929+0000] {processor.py:186} INFO - Started process (PID=81) to work on /opt/airflow/dags/exemplos/example_distributed_2.py
[2026-07-04T15:34:28.930+0000] {processor.py:914} INFO - Processing file /opt/airflow/dags/exemplos/example_distributed_2.py for tasks to queue
[2026-07-04T15:34:28.933+0000] {logging_mixin.py:190} INFO - [2026-07-04T15:34:28.933+0000] {dagbag.py:588} INFO - Filling up the DagBag from /opt/airflow/dags/exemplos/example_distributed_2.py
[2026-07-04T15:34:28.949+0000] {processor.py:925} INFO - DAG(s) 'example_distributed_celery_fixed_sleep' retrieved from /opt/airflow/dags/exemplos/example_distributed_2.py
[2026-07-04T15:34:28.993+0000] {logging_mixin.py:190} INFO - [2026-07-04T15:34:28.993+0000] {dag.py:3239} INFO - Sync 1 DAGs
[2026-07-04T15:34:29.014+0000] {logging_mixin.py:190} INFO - [2026-07-04T15:34:29.014+0000] {dag.py:4180} INFO - Setting next_dagrun for example_distributed_celery_fixed_sleep to None, run_after=None
[2026-07-04T15:34:29.043+0000] {processor.py:208} INFO - Processing /opt/airflow/dags/exemplos/example_distributed_2.py took 0.124 seconds
[2026-07-04T15:34:59.539+0000] {processor.py:186} INFO - Started process (PID=92) to work on /opt/airflow/dags/exemplos/example_distributed_2.py
[2026-07-04T15:34:59.540+0000] {processor.py:914} INFO - Processing file /opt/airflow/dags/exemplos/example_distributed_2.py for tasks to queue
[2026-07-04T15:34:59.543+0000] {logging_mixin.py:190} INFO - [2026-07-04T15:34:59.543+0000] {dagbag.py:588} INFO - Filling up the DagBag from /opt/airflow/dags/exemplos/example_distributed_2.py
[2026-07-04T15:34:59.561+0000] {processor.py:925} INFO - DAG(s) 'example_distributed_celery_fixed_sleep' retrieved from /opt/airflow/dags/exemplos/example_distributed_2.py
[2026-07-04T15:34:59.603+0000] {logging_mixin.py:190} INFO - [2026-07-04T15:34:59.603+0000] {dag.py:3239} INFO - Sync 1 DAGs
[2026-07-04T15:34:59.625+0000] {logging_mixin.py:190} INFO - [2026-07-04T15:34:59.625+0000] {dag.py:4180} INFO - Setting next_dagrun for example_distributed_celery_fixed_sleep to None, run_after=None
[2026-07-04T15:34:59.653+0000] {processor.py:208} INFO - Processing /opt/airflow/dags/exemplos/example_distributed_2.py took 0.123 seconds
[2026-07-04T15:35:30.178+0000] {processor.py:186} INFO - Started process (PID=103) to work on /opt/airflow/dags/exemplos/example_distributed_2.py
[2026-07-04T15:35:30.179+0000] {processor.py:914} INFO - Processing file /opt/airflow/dags/exemplos/example_distributed_2.py for tasks to queue
[2026-07-04T15:35:30.182+0000] {logging_mixin.py:190} INFO - [2026-07-04T15:35:30.182+0000] {dagbag.py:588} INFO - Filling up the DagBag from /opt/airflow/dags/exemplos/example_distributed_2.py
[2026-07-04T15:35:30.201+0000] {processor.py:925} INFO - DAG(s) 'example_distributed_celery_fixed_sleep' retrieved from /opt/airflow/dags/exemplos/example_distributed_2.py
[2026-07-04T15:35:30.249+0000] {logging_mixin.py:190} INFO - [2026-07-04T15:35:30.249+0000] {dag.py:3239} INFO - Sync 1 DAGs
[2026-07-04T15:35:30.270+0000] {logging_mixin.py:190} INFO - [2026-07-04T15:35:30.270+0000] {dag.py:4180} INFO - Setting next_dagrun for example_distributed_celery_fixed_sleep to None, run_after=None
[2026-07-04T15:35:30.299+0000] {processor.py:208} INFO - Processing /opt/airflow/dags/exemplos/example_distributed_2.py took 0.130 seconds
[2026-07-04T15:36:00.858+0000] {processor.py:186} INFO - Started process (PID=114) to work on /opt/airflow/dags/exemplos/example_distributed_2.py
[2026-07-04T15:36:00.859+0000] {processor.py:914} INFO - Processing file /opt/airflow/dags/exemplos/example_distributed_2.py for tasks to queue
[2026-07-04T15:36:00.864+0000] {logging_mixin.py:190} INFO - [2026-07-04T15:36:00.863+0000] {dagbag.py:588} INFO - Filling up the DagBag from /opt/airflow/dags/exemplos/example_distributed_2.py
[2026-07-04T15:36:00.887+0000] {processor.py:925} INFO - DAG(s) 'example_distributed_celery_fixed_sleep' retrieved from /opt/airflow/dags/exemplos/example_distributed_2.py
[2026-07-04T15:36:00.939+0000] {logging_mixin.py:190} INFO - [2026-07-04T15:36:00.938+0000] {dag.py:3239} INFO - Sync 1 DAGs
[2026-07-04T15:36:00.964+0000] {logging_mixin.py:190} INFO - [2026-07-04T15:36:00.964+0000] {dag.py:4180} INFO - Setting next_dagrun for example_distributed_celery_fixed_sleep to None, run_after=None
[2026-07-04T15:36:00.999+0000] {processor.py:208} INFO - Processing /opt/airflow/dags/exemplos/example_distributed_2.py took 0.151 seconds
[2026-07-04T15:36:31.532+0000] {processor.py:186} INFO - Started process (PID=125) to work on /opt/airflow/dags/exemplos/example_distributed_2.py
[2026-07-04T15:36:31.533+0000] {processor.py:914} INFO - Processing file /opt/airflow/dags/exemplos/example_distributed_2.py for tasks to queue
[2026-07-04T15:36:31.536+0000] {logging_mixin.py:190} INFO - [2026-07-04T15:36:31.536+0000] {dagbag.py:588} INFO - Filling up the DagBag from /opt/airflow/dags/exemplos/example_distributed_2.py
[2026-07-04T15:36:31.553+0000] {processor.py:925} INFO - DAG(s) 'example_distributed_celery_fixed_sleep' retrieved from /opt/airflow/dags/exemplos/example_distributed_2.py
[2026-07-04T15:36:31.606+0000] {logging_mixin.py:190} INFO - [2026-07-04T15:36:31.606+0000] {dag.py:3239} INFO - Sync 1 DAGs
[2026-07-04T15:36:31.627+0000] {logging_mixin.py:190} INFO - [2026-07-04T15:36:31.627+0000] {dag.py:4180} INFO - Setting next_dagrun for example_distributed_celery_fixed_sleep to None, run_after=None
[2026-07-04T15:36:31.654+0000] {processor.py:208} INFO - Processing /opt/airflow/dags/exemplos/example_distributed_2.py took 0.131 seconds
[2026-07-04T15:37:02.423+0000] {processor.py:186} INFO - Started process (PID=136) to work on /opt/airflow/dags/exemplos/example_distributed_2.py
[2026-07-04T15:37:02.424+0000] {processor.py:914} INFO - Processing file /opt/airflow/dags/exemplos/example_distributed_2.py for tasks to queue
[2026-07-04T15:37:02.429+0000] {logging_mixin.py:190} INFO - [2026-07-04T15:37:02.428+0000] {dagbag.py:588} INFO - Filling up the DagBag from /opt/airflow/dags/exemplos/example_distributed_2.py
[2026-07-04T15:37:02.452+0000] {processor.py:925} INFO - DAG(s) 'example_distributed_celery_fixed_sleep' retrieved from /opt/airflow/dags/exemplos/example_distributed_2.py
[2026-07-04T15:37:02.508+0000] {logging_mixin.py:190} INFO - [2026-07-04T15:37:02.508+0000] {dag.py:3239} INFO - Sync 1 DAGs
[2026-07-04T15:37:02.736+0000] {logging_mixin.py:190} INFO - [2026-07-04T15:37:02.736+0000] {dag.py:4180} INFO - Setting next_dagrun for example_distributed_celery_fixed_sleep to None, run_after=None
[2026-07-04T15:37:02.769+0000] {processor.py:208} INFO - Processing /opt/airflow/dags/exemplos/example_distributed_2.py took 0.359 seconds
[2026-07-04T15:37:33.460+0000] {processor.py:186} INFO - Started process (PID=147) to work on /opt/airflow/dags/exemplos/example_distributed_2.py
[2026-07-04T15:37:33.462+0000] {processor.py:914} INFO - Processing file /opt/airflow/dags/exemplos/example_distributed_2.py for tasks to queue
[2026-07-04T15:37:33.465+0000] {logging_mixin.py:190} INFO - [2026-07-04T15:37:33.464+0000] {dagbag.py:588} INFO - Filling up the DagBag from /opt/airflow/dags/exemplos/example_distributed_2.py
[2026-07-04T15:37:33.486+0000] {processor.py:925} INFO - DAG(s) 'example_distributed_celery_fixed_sleep' retrieved from /opt/airflow/dags/exemplos/example_distributed_2.py
[2026-07-04T15:37:33.807+0000] {logging_mixin.py:190} INFO - [2026-07-04T15:37:33.806+0000] {dag.py:3239} INFO - Sync 1 DAGs
[2026-07-04T15:37:33.838+0000] {logging_mixin.py:190} INFO - [2026-07-04T15:37:33.837+0000] {dag.py:4180} INFO - Setting next_dagrun for example_distributed_celery_fixed_sleep to None, run_after=None
[2026-07-04T15:37:33.873+0000] {processor.py:208} INFO - Processing /opt/airflow/dags/exemplos/example_distributed_2.py took 0.422 seconds
[2026-07-04T15:38:04.480+0000] {processor.py:186} INFO - Started process (PID=157) to work on /opt/airflow/dags/exemplos/example_distributed_2.py
[2026-07-04T15:38:04.482+0000] {processor.py:914} INFO - Processing file /opt/airflow/dags/exemplos/example_distributed_2.py for tasks to queue
[2026-07-04T15:38:04.485+0000] {logging_mixin.py:190} INFO - [2026-07-04T15:38:04.484+0000] {dagbag.py:588} INFO - Filling up the DagBag from /opt/airflow/dags/exemplos/example_distributed_2.py
[2026-07-04T15:38:04.502+0000] {processor.py:925} INFO - DAG(s) 'example_distributed_celery_fixed_sleep' retrieved from /opt/airflow/dags/exemplos/example_distributed_2.py
[2026-07-04T15:38:04.553+0000] {logging_mixin.py:190} INFO - [2026-07-04T15:38:04.553+0000] {dag.py:3239} INFO - Sync 1 DAGs
[2026-07-04T15:38:04.578+0000] {logging_mixin.py:190} INFO - [2026-07-04T15:38:04.578+0000] {dag.py:4180} INFO - Setting next_dagrun for example_distributed_celery_fixed_sleep to None, run_after=None
[2026-07-04T15:38:04.606+0000] {processor.py:208} INFO - Processing /opt/airflow/dags/exemplos/example_distributed_2.py took 0.136 seconds
[2026-07-04T15:38:35.130+0000] {processor.py:186} INFO - Started process (PID=162) to work on /opt/airflow/dags/exemplos/example_distributed_2.py
[2026-07-04T15:38:35.131+0000] {processor.py:914} INFO - Processing file /opt/airflow/dags/exemplos/example_distributed_2.py for tasks to queue
[2026-07-04T15:38:35.134+0000] {logging_mixin.py:190} INFO - [2026-07-04T15:38:35.133+0000] {dagbag.py:588} INFO - Filling up the DagBag from /opt/airflow/dags/exemplos/example_distributed_2.py
[2026-07-04T15:38:35.150+0000] {processor.py:925} INFO - DAG(s) 'example_distributed_celery_fixed_sleep' retrieved from /opt/airflow/dags/exemplos/example_distributed_2.py
[2026-07-04T15:38:35.197+0000] {logging_mixin.py:190} INFO - [2026-07-04T15:38:35.197+0000] {dag.py:3239} INFO - Sync 1 DAGs
[2026-07-04T15:38:35.219+0000] {logging_mixin.py:190} INFO - [2026-07-04T15:38:35.218+0000] {dag.py:4180} INFO - Setting next_dagrun for example_distributed_celery_fixed_sleep to None, run_after=None
[2026-07-04T15:38:35.251+0000] {processor.py:208} INFO - Processing /opt/airflow/dags/exemplos/example_distributed_2.py took 0.130 seconds
[2026-07-04T15:39:05.964+0000] {processor.py:186} INFO - Started process (PID=173) to work on /opt/airflow/dags/exemplos/example_distributed_2.py
[2026-07-04T15:39:05.965+0000] {processor.py:914} INFO - Processing file /opt/airflow/dags/exemplos/example_distributed_2.py for tasks to queue
[2026-07-04T15:39:05.968+0000] {logging_mixin.py:190} INFO - [2026-07-04T15:39:05.967+0000] {dagbag.py:588} INFO - Filling up the DagBag from /opt/airflow/dags/exemplos/example_distributed_2.py
[2026-07-04T15:39:05.982+0000] {processor.py:925} INFO - DAG(s) 'example_distributed_celery_fixed_sleep' retrieved from /opt/airflow/dags/exemplos/example_distributed_2.py
[2026-07-04T15:39:06.021+0000] {logging_mixin.py:190} INFO - [2026-07-04T15:39:06.021+0000] {dag.py:3239} INFO - Sync 1 DAGs
[2026-07-04T15:39:06.204+0000] {logging_mixin.py:190} INFO - [2026-07-04T15:39:06.204+0000] {dag.py:4180} INFO - Setting next_dagrun for example_distributed_celery_fixed_sleep to None, run_after=None
[2026-07-04T15:39:06.229+0000] {processor.py:208} INFO - Processing /opt/airflow/dags/exemplos/example_distributed_2.py took 0.273 seconds
[2026-07-04T15:39:37.047+0000] {processor.py:186} INFO - Started process (PID=184) to work on /opt/airflow/dags/exemplos/example_distributed_2.py
[2026-07-04T15:39:37.049+0000] {processor.py:914} INFO - Processing file /opt/airflow/dags/exemplos/example_distributed_2.py for tasks to queue
[2026-07-04T15:39:37.053+0000] {logging_mixin.py:190} INFO - [2026-07-04T15:39:37.052+0000] {dagbag.py:588} INFO - Filling up the DagBag from /opt/airflow/dags/exemplos/example_distributed_2.py
[2026-07-04T15:39:37.075+0000] {processor.py:925} INFO - DAG(s) 'example_distributed_celery_fixed_sleep' retrieved from /opt/airflow/dags/exemplos/example_distributed_2.py
[2026-07-04T15:39:37.325+0000] {logging_mixin.py:190} INFO - [2026-07-04T15:39:37.324+0000] {dag.py:3239} INFO - Sync 1 DAGs
[2026-07-04T15:39:37.347+0000] {logging_mixin.py:190} INFO - [2026-07-04T15:39:37.347+0000] {dag.py:4180} INFO - Setting next_dagrun for example_distributed_celery_fixed_sleep to None, run_after=None
[2026-07-04T15:39:37.382+0000] {processor.py:208} INFO - Processing /opt/airflow/dags/exemplos/example_distributed_2.py took 0.354 seconds
[2026-07-04T15:40:07.892+0000] {processor.py:186} INFO - Started process (PID=195) to work on /opt/airflow/dags/exemplos/example_distributed_2.py
[2026-07-04T15:40:07.895+0000] {processor.py:914} INFO - Processing file /opt/airflow/dags/exemplos/example_distributed_2.py for tasks to queue
[2026-07-04T15:40:07.898+0000] {logging_mixin.py:190} INFO - [2026-07-04T15:40:07.898+0000] {dagbag.py:588} INFO - Filling up the DagBag from /opt/airflow/dags/exemplos/example_distributed_2.py
[2026-07-04T15:40:07.913+0000] {processor.py:925} INFO - DAG(s) 'example_distributed_celery_fixed_sleep' retrieved from /opt/airflow/dags/exemplos/example_distributed_2.py
[2026-07-04T15:40:07.958+0000] {logging_mixin.py:190} INFO - [2026-07-04T15:40:07.957+0000] {dag.py:3239} INFO - Sync 1 DAGs
[2026-07-04T15:40:07.978+0000] {logging_mixin.py:190} INFO - [2026-07-04T15:40:07.978+0000] {dag.py:4180} INFO - Setting next_dagrun for example_distributed_celery_fixed_sleep to None, run_after=None
[2026-07-04T15:40:08.009+0000] {processor.py:208} INFO - Processing /opt/airflow/dags/exemplos/example_distributed_2.py took 0.128 seconds
[2026-07-04T15:40:38.591+0000] {processor.py:186} INFO - Started process (PID=206) to work on /opt/airflow/dags/exemplos/example_distributed_2.py
[2026-07-04T15:40:38.593+0000] {processor.py:914} INFO - Processing file /opt/airflow/dags/exemplos/example_distributed_2.py for tasks to queue
[2026-07-04T15:40:38.597+0000] {logging_mixin.py:190} INFO - [2026-07-04T15:40:38.596+0000] {dagbag.py:588} INFO - Filling up the DagBag from /opt/airflow/dags/exemplos/example_distributed_2.py
[2026-07-04T15:40:38.618+0000] {processor.py:925} INFO - DAG(s) 'example_distributed_celery_fixed_sleep' retrieved from /opt/airflow/dags/exemplos/example_distributed_2.py
[2026-07-04T15:40:38.685+0000] {logging_mixin.py:190} INFO - [2026-07-04T15:40:38.685+0000] {dag.py:3239} INFO - Sync 1 DAGs
[2026-07-04T15:40:38.721+0000] {logging_mixin.py:190} INFO - [2026-07-04T15:40:38.721+0000] {dag.py:4180} INFO - Setting next_dagrun for example_distributed_celery_fixed_sleep to None, run_after=None
[2026-07-04T15:40:38.761+0000] {processor.py:208} INFO - Processing /opt/airflow/dags/exemplos/example_distributed_2.py took 0.180 seconds
[2026-07-04T15:41:09.514+0000] {processor.py:186} INFO - Started process (PID=217) to work on /opt/airflow/dags/exemplos/example_distributed_2.py
[2026-07-04T15:41:09.515+0000] {processor.py:914} INFO - Processing file /opt/airflow/dags/exemplos/example_distributed_2.py for tasks to queue
[2026-07-04T15:41:09.518+0000] {logging_mixin.py:190} INFO - [2026-07-04T15:41:09.518+0000] {dagbag.py:588} INFO - Filling up the DagBag from /opt/airflow/dags/exemplos/example_distributed_2.py
[2026-07-04T15:41:09.537+0000] {processor.py:925} INFO - DAG(s) 'example_distributed_celery_fixed_sleep' retrieved from /opt/airflow/dags/exemplos/example_distributed_2.py
[2026-07-04T15:41:09.588+0000] {logging_mixin.py:190} INFO - [2026-07-04T15:41:09.588+0000] {dag.py:3239} INFO - Sync 1 DAGs
[2026-07-04T15:41:09.812+0000] {logging_mixin.py:190} INFO - [2026-07-04T15:41:09.812+0000] {dag.py:4180} INFO - Setting next_dagrun for example_distributed_celery_fixed_sleep to None, run_after=None
[2026-07-04T15:41:09.843+0000] {processor.py:208} INFO - Processing /opt/airflow/dags/exemplos/example_distributed_2.py took 0.339 seconds
[2026-07-04T15:41:40.551+0000] {processor.py:186} INFO - Started process (PID=228) to work on /opt/airflow/dags/exemplos/example_distributed_2.py
[2026-07-04T15:41:40.553+0000] {processor.py:914} INFO - Processing file /opt/airflow/dags/exemplos/example_distributed_2.py for tasks to queue
[2026-07-04T15:41:40.557+0000] {logging_mixin.py:190} INFO - [2026-07-04T15:41:40.556+0000] {dagbag.py:588} INFO - Filling up the DagBag from /opt/airflow/dags/exemplos/example_distributed_2.py
[2026-07-04T15:41:40.572+0000] {processor.py:925} INFO - DAG(s) 'example_distributed_celery_fixed_sleep' retrieved from /opt/airflow/dags/exemplos/example_distributed_2.py
[2026-07-04T15:41:40.794+0000] {logging_mixin.py:190} INFO - [2026-07-04T15:41:40.794+0000] {dag.py:3239} INFO - Sync 1 DAGs
[2026-07-04T15:41:40.814+0000] {logging_mixin.py:190} INFO - [2026-07-04T15:41:40.814+0000] {dag.py:4180} INFO - Setting next_dagrun for example_distributed_celery_fixed_sleep to None, run_after=None
[2026-07-04T15:41:40.843+0000] {processor.py:208} INFO - Processing /opt/airflow/dags/exemplos/example_distributed_2.py took 0.300 seconds
[2026-07-04T15:42:11.387+0000] {processor.py:186} INFO - Started process (PID=238) to work on /opt/airflow/dags/exemplos/example_distributed_2.py
[2026-07-04T15:42:11.389+0000] {processor.py:914} INFO - Processing file /opt/airflow/dags/exemplos/example_distributed_2.py for tasks to queue
[2026-07-04T15:42:11.395+0000] {logging_mixin.py:190} INFO - [2026-07-04T15:42:11.394+0000] {dagbag.py:588} INFO - Filling up the DagBag from /opt/airflow/dags/exemplos/example_distributed_2.py
[2026-07-04T15:42:11.417+0000] {processor.py:925} INFO - DAG(s) 'example_distributed_celery_fixed_sleep' retrieved from /opt/airflow/dags/exemplos/example_distributed_2.py
[2026-07-04T15:42:11.467+0000] {logging_mixin.py:190} INFO - [2026-07-04T15:42:11.466+0000] {dag.py:3239} INFO - Sync 1 DAGs
[2026-07-04T15:42:11.491+0000] {logging_mixin.py:190} INFO - [2026-07-04T15:42:11.491+0000] {dag.py:4180} INFO - Setting next_dagrun for example_distributed_celery_fixed_sleep to None, run_after=None
[2026-07-04T15:42:11.525+0000] {processor.py:208} INFO - Processing /opt/airflow/dags/exemplos/example_distributed_2.py took 0.151 seconds
[2026-07-04T15:42:42.117+0000] {processor.py:186} INFO - Started process (PID=243) to work on /opt/airflow/dags/exemplos/example_distributed_2.py
[2026-07-04T15:42:42.119+0000] {processor.py:914} INFO - Processing file /opt/airflow/dags/exemplos/example_distributed_2.py for tasks to queue
[2026-07-04T15:42:42.123+0000] {logging_mixin.py:190} INFO - [2026-07-04T15:42:42.123+0000] {dagbag.py:588} INFO - Filling up the DagBag from /opt/airflow/dags/exemplos/example_distributed_2.py
[2026-07-04T15:42:42.142+0000] {processor.py:925} INFO - DAG(s) 'example_distributed_celery_fixed_sleep' retrieved from /opt/airflow/dags/exemplos/example_distributed_2.py
[2026-07-04T15:42:42.194+0000] {logging_mixin.py:190} INFO - [2026-07-04T15:42:42.194+0000] {dag.py:3239} INFO - Sync 1 DAGs
[2026-07-04T15:42:42.220+0000] {logging_mixin.py:190} INFO - [2026-07-04T15:42:42.219+0000] {dag.py:4180} INFO - Setting next_dagrun for example_distributed_celery_fixed_sleep to None, run_after=None
[2026-07-04T15:42:42.252+0000] {processor.py:208} INFO - Processing /opt/airflow/dags/exemplos/example_distributed_2.py took 0.145 seconds
[2026-07-04T15:43:13.023+0000] {processor.py:186} INFO - Started process (PID=254) to work on /opt/airflow/dags/exemplos/example_distributed_2.py
[2026-07-04T15:43:13.025+0000] {processor.py:914} INFO - Processing file /opt/airflow/dags/exemplos/example_distributed_2.py for tasks to queue
[2026-07-04T15:43:13.028+0000] {logging_mixin.py:190} INFO - [2026-07-04T15:43:13.028+0000] {dagbag.py:588} INFO - Filling up the DagBag from /opt/airflow/dags/exemplos/example_distributed_2.py
[2026-07-04T15:43:13.045+0000] {processor.py:925} INFO - DAG(s) 'example_distributed_celery_fixed_sleep' retrieved from /opt/airflow/dags/exemplos/example_distributed_2.py
[2026-07-04T15:43:13.106+0000] {logging_mixin.py:190} INFO - [2026-07-04T15:43:13.105+0000] {dag.py:3239} INFO - Sync 1 DAGs
[2026-07-04T15:43:13.322+0000] {logging_mixin.py:190} INFO - [2026-07-04T15:43:13.322+0000] {dag.py:4180} INFO - Setting next_dagrun for example_distributed_celery_fixed_sleep to None, run_after=None
[2026-07-04T15:43:13.348+0000] {processor.py:208} INFO - Processing /opt/airflow/dags/exemplos/example_distributed_2.py took 0.334 seconds
[2026-07-04T15:43:44.107+0000] {processor.py:186} INFO - Started process (PID=265) to work on /opt/airflow/dags/exemplos/example_distributed_2.py
[2026-07-04T15:43:44.108+0000] {processor.py:914} INFO - Processing file /opt/airflow/dags/exemplos/example_distributed_2.py for tasks to queue
[2026-07-04T15:43:44.111+0000] {logging_mixin.py:190} INFO - [2026-07-04T15:43:44.110+0000] {dagbag.py:588} INFO - Filling up the DagBag from /opt/airflow/dags/exemplos/example_distributed_2.py
[2026-07-04T15:43:44.134+0000] {processor.py:925} INFO - DAG(s) 'example_distributed_celery_fixed_sleep' retrieved from /opt/airflow/dags/exemplos/example_distributed_2.py
[2026-07-04T15:43:44.402+0000] {logging_mixin.py:190} INFO - [2026-07-04T15:43:44.402+0000] {dag.py:3239} INFO - Sync 1 DAGs
[2026-07-04T15:43:44.425+0000] {logging_mixin.py:190} INFO - [2026-07-04T15:43:44.425+0000] {dag.py:4180} INFO - Setting next_dagrun for example_distributed_celery_fixed_sleep to None, run_after=None
[2026-07-04T15:43:44.463+0000] {processor.py:208} INFO - Processing /opt/airflow/dags/exemplos/example_distributed_2.py took 0.364 seconds
[2026-07-04T15:44:15.007+0000] {processor.py:186} INFO - Started process (PID=276) to work on /opt/airflow/dags/exemplos/example_distributed_2.py
[2026-07-04T15:44:15.008+0000] {processor.py:914} INFO - Processing file /opt/airflow/dags/exemplos/example_distributed_2.py for tasks to queue
[2026-07-04T15:44:15.011+0000] {logging_mixin.py:190} INFO - [2026-07-04T15:44:15.011+0000] {dagbag.py:588} INFO - Filling up the DagBag from /opt/airflow/dags/exemplos/example_distributed_2.py
[2026-07-04T15:44:15.025+0000] {processor.py:925} INFO - DAG(s) 'example_distributed_celery_fixed_sleep' retrieved from /opt/airflow/dags/exemplos/example_distributed_2.py
[2026-07-04T15:44:15.067+0000] {logging_mixin.py:190} INFO - [2026-07-04T15:44:15.067+0000] {dag.py:3239} INFO - Sync 1 DAGs
[2026-07-04T15:44:15.088+0000] {logging_mixin.py:190} INFO - [2026-07-04T15:44:15.087+0000] {dag.py:4180} INFO - Setting next_dagrun for example_distributed_celery_fixed_sleep to None, run_after=None
[2026-07-04T15:44:15.118+0000] {processor.py:208} INFO - Processing /opt/airflow/dags/exemplos/example_distributed_2.py took 0.119 seconds
[2026-07-04T15:44:45.694+0000] {processor.py:186} INFO - Started process (PID=287) to work on /opt/airflow/dags/exemplos/example_distributed_2.py
[2026-07-04T15:44:45.695+0000] {processor.py:914} INFO - Processing file /opt/airflow/dags/exemplos/example_distributed_2.py for tasks to queue
[2026-07-04T15:44:45.700+0000] {logging_mixin.py:190} INFO - [2026-07-04T15:44:45.700+0000] {dagbag.py:588} INFO - Filling up the DagBag from /opt/airflow/dags/exemplos/example_distributed_2.py
[2026-07-04T15:44:45.727+0000] {processor.py:925} INFO - DAG(s) 'example_distributed_celery_fixed_sleep' retrieved from /opt/airflow/dags/exemplos/example_distributed_2.py
[2026-07-04T15:44:45.803+0000] {logging_mixin.py:190} INFO - [2026-07-04T15:44:45.802+0000] {dag.py:3239} INFO - Sync 1 DAGs
[2026-07-04T15:44:45.842+0000] {logging_mixin.py:190} INFO - [2026-07-04T15:44:45.841+0000] {dag.py:4180} INFO - Setting next_dagrun for example_distributed_celery_fixed_sleep to None, run_after=None
[2026-07-04T15:44:45.884+0000] {processor.py:208} INFO - Processing /opt/airflow/dags/exemplos/example_distributed_2.py took 0.205 seconds
[2026-07-04T15:45:18.206+0000] {processor.py:186} INFO - Started process (PID=298) to work on /opt/airflow/dags/exemplos/example_distributed_2.py
[2026-07-04T15:45:18.208+0000] {processor.py:914} INFO - Processing file /opt/airflow/dags/exemplos/example_distributed_2.py for tasks to queue
[2026-07-04T15:45:18.212+0000] {logging_mixin.py:190} INFO - [2026-07-04T15:45:18.212+0000] {dagbag.py:588} INFO - Filling up the DagBag from /opt/airflow/dags/exemplos/example_distributed_2.py
[2026-07-04T15:45:18.238+0000] {processor.py:925} INFO - DAG(s) 'example_distributed_celery_fixed_sleep' retrieved from /opt/airflow/dags/exemplos/example_distributed_2.py
[2026-07-04T15:45:18.384+0000] {logging_mixin.py:190} INFO - [2026-07-04T15:45:18.384+0000] {dag.py:3239} INFO - Sync 1 DAGs
[2026-07-04T15:45:19.579+0000] {logging_mixin.py:190} INFO - [2026-07-04T15:45:19.578+0000] {dag.py:4180} INFO - Setting next_dagrun for example_distributed_celery_fixed_sleep to None, run_after=None
[2026-07-04T15:45:19.745+0000] {processor.py:208} INFO - Processing /opt/airflow/dags/exemplos/example_distributed_2.py took 1.551 seconds
[2026-07-04T15:45:50.292+0000] {processor.py:186} INFO - Started process (PID=309) to work on /opt/airflow/dags/exemplos/example_distributed_2.py
[2026-07-04T15:45:50.301+0000] {processor.py:914} INFO - Processing file /opt/airflow/dags/exemplos/example_distributed_2.py for tasks to queue
[2026-07-04T15:45:50.316+0000] {logging_mixin.py:190} INFO - [2026-07-04T15:45:50.316+0000] {dagbag.py:588} INFO - Filling up the DagBag from /opt/airflow/dags/exemplos/example_distributed_2.py
[2026-07-04T15:45:50.359+0000] {processor.py:925} INFO - DAG(s) 'example_distributed_celery_fixed_sleep' retrieved from /opt/airflow/dags/exemplos/example_distributed_2.py
[2026-07-04T15:45:50.771+0000] {logging_mixin.py:190} INFO - [2026-07-04T15:45:50.771+0000] {dag.py:3239} INFO - Sync 1 DAGs
[2026-07-04T15:45:50.827+0000] {logging_mixin.py:190} INFO - [2026-07-04T15:45:50.826+0000] {dag.py:4180} INFO - Setting next_dagrun for example_distributed_celery_fixed_sleep to None, run_after=None
[2026-07-04T15:45:50.888+0000] {processor.py:208} INFO - Processing /opt/airflow/dags/exemplos/example_distributed_2.py took 0.631 seconds
[2026-07-04T15:46:21.275+0000] {processor.py:186} INFO - Started process (PID=319) to work on /opt/airflow/dags/exemplos/example_distributed_2.py
[2026-07-04T15:46:21.276+0000] {processor.py:914} INFO - Processing file /opt/airflow/dags/exemplos/example_distributed_2.py for tasks to queue
[2026-07-04T15:46:21.281+0000] {logging_mixin.py:190} INFO - [2026-07-04T15:46:21.281+0000] {dagbag.py:588} INFO - Filling up the DagBag from /opt/airflow/dags/exemplos/example_distributed_2.py
[2026-07-04T15:46:21.300+0000] {processor.py:925} INFO - DAG(s) 'example_distributed_celery_fixed_sleep' retrieved from /opt/airflow/dags/exemplos/example_distributed_2.py
[2026-07-04T15:46:21.356+0000] {logging_mixin.py:190} INFO - [2026-07-04T15:46:21.355+0000] {dag.py:3239} INFO - Sync 1 DAGs
[2026-07-04T15:46:21.394+0000] {logging_mixin.py:190} INFO - [2026-07-04T15:46:21.393+0000] {dag.py:4180} INFO - Setting next_dagrun for example_distributed_celery_fixed_sleep to None, run_after=None
[2026-07-04T15:46:21.440+0000] {processor.py:208} INFO - Processing /opt/airflow/dags/exemplos/example_distributed_2.py took 0.177 seconds
[2026-07-04T15:46:51.966+0000] {processor.py:186} INFO - Started process (PID=324) to work on /opt/airflow/dags/exemplos/example_distributed_2.py
[2026-07-04T15:46:51.968+0000] {processor.py:914} INFO - Processing file /opt/airflow/dags/exemplos/example_distributed_2.py for tasks to queue
[2026-07-04T15:46:51.972+0000] {logging_mixin.py:190} INFO - [2026-07-04T15:46:51.972+0000] {dagbag.py:588} INFO - Filling up the DagBag from /opt/airflow/dags/exemplos/example_distributed_2.py
[2026-07-04T15:46:51.996+0000] {processor.py:925} INFO - DAG(s) 'example_distributed_celery_fixed_sleep' retrieved from /opt/airflow/dags/exemplos/example_distributed_2.py
[2026-07-04T15:46:52.048+0000] {logging_mixin.py:190} INFO - [2026-07-04T15:46:52.047+0000] {dag.py:3239} INFO - Sync 1 DAGs
[2026-07-04T15:46:52.076+0000] {logging_mixin.py:190} INFO - [2026-07-04T15:46:52.076+0000] {dag.py:4180} INFO - Setting next_dagrun for example_distributed_celery_fixed_sleep to None, run_after=None
[2026-07-04T15:46:52.120+0000] {processor.py:208} INFO - Processing /opt/airflow/dags/exemplos/example_distributed_2.py took 0.164 seconds
[2026-07-04T15:47:22.481+0000] {processor.py:186} INFO - Started process (PID=334) to work on /opt/airflow/dags/exemplos/example_distributed_2.py
[2026-07-04T15:47:22.483+0000] {processor.py:914} INFO - Processing file /opt/airflow/dags/exemplos/example_distributed_2.py for tasks to queue
[2026-07-04T15:47:22.487+0000] {logging_mixin.py:190} INFO - [2026-07-04T15:47:22.487+0000] {dagbag.py:588} INFO - Filling up the DagBag from /opt/airflow/dags/exemplos/example_distributed_2.py
[2026-07-04T15:47:22.510+0000] {processor.py:925} INFO - DAG(s) 'example_distributed_celery_fixed_sleep' retrieved from /opt/airflow/dags/exemplos/example_distributed_2.py
[2026-07-04T15:47:22.554+0000] {logging_mixin.py:190} INFO - [2026-07-04T15:47:22.554+0000] {dag.py:3239} INFO - Sync 1 DAGs
[2026-07-04T15:47:22.861+0000] {logging_mixin.py:190} INFO - [2026-07-04T15:47:22.861+0000] {dag.py:4180} INFO - Setting next_dagrun for example_distributed_celery_fixed_sleep to None, run_after=None
[2026-07-04T15:47:22.902+0000] {processor.py:208} INFO - Processing /opt/airflow/dags/exemplos/example_distributed_2.py took 0.431 seconds
[2026-07-04T15:47:53.756+0000] {processor.py:186} INFO - Started process (PID=345) to work on /opt/airflow/dags/exemplos/example_distributed_2.py
[2026-07-04T15:47:53.757+0000] {processor.py:914} INFO - Processing file /opt/airflow/dags/exemplos/example_distributed_2.py for tasks to queue
[2026-07-04T15:47:53.760+0000] {logging_mixin.py:190} INFO - [2026-07-04T15:47:53.759+0000] {dagbag.py:588} INFO - Filling up the DagBag from /opt/airflow/dags/exemplos/example_distributed_2.py
[2026-07-04T15:47:53.780+0000] {processor.py:925} INFO - DAG(s) 'example_distributed_celery_fixed_sleep' retrieved from /opt/airflow/dags/exemplos/example_distributed_2.py
[2026-07-04T15:47:54.060+0000] {logging_mixin.py:190} INFO - [2026-07-04T15:47:54.059+0000] {dag.py:3239} INFO - Sync 1 DAGs
[2026-07-04T15:47:54.096+0000] {logging_mixin.py:190} INFO - [2026-07-04T15:47:54.095+0000] {dag.py:4180} INFO - Setting next_dagrun for example_distributed_celery_fixed_sleep to None, run_after=None
[2026-07-04T15:47:54.136+0000] {processor.py:208} INFO - Processing /opt/airflow/dags/exemplos/example_distributed_2.py took 0.391 seconds
[2026-07-04T15:48:25.017+0000] {processor.py:186} INFO - Started process (PID=356) to work on /opt/airflow/dags/exemplos/example_distributed_2.py
[2026-07-04T15:48:25.022+0000] {processor.py:914} INFO - Processing file /opt/airflow/dags/exemplos/example_distributed_2.py for tasks to queue
[2026-07-04T15:48:25.031+0000] {logging_mixin.py:190} INFO - [2026-07-04T15:48:25.030+0000] {dagbag.py:588} INFO - Filling up the DagBag from /opt/airflow/dags/exemplos/example_distributed_2.py
[2026-07-04T15:48:25.060+0000] {processor.py:925} INFO - DAG(s) 'example_distributed_celery_fixed_sleep' retrieved from /opt/airflow/dags/exemplos/example_distributed_2.py
[2026-07-04T15:48:25.130+0000] {logging_mixin.py:190} INFO - [2026-07-04T15:48:25.129+0000] {dag.py:3239} INFO - Sync 1 DAGs
[2026-07-04T15:48:25.163+0000] {logging_mixin.py:190} INFO - [2026-07-04T15:48:25.162+0000] {dag.py:4180} INFO - Setting next_dagrun for example_distributed_celery_fixed_sleep to None, run_after=None
[2026-07-04T15:48:25.212+0000] {processor.py:208} INFO - Processing /opt/airflow/dags/exemplos/example_distributed_2.py took 0.210 seconds
[2026-07-04T15:48:56.021+0000] {processor.py:186} INFO - Started process (PID=367) to work on /opt/airflow/dags/exemplos/example_distributed_2.py
[2026-07-04T15:48:56.029+0000] {processor.py:914} INFO - Processing file /opt/airflow/dags/exemplos/example_distributed_2.py for tasks to queue
[2026-07-04T15:48:56.141+0000] {logging_mixin.py:190} INFO - [2026-07-04T15:48:56.108+0000] {dagbag.py:588} INFO - Filling up the DagBag from /opt/airflow/dags/exemplos/example_distributed_2.py
[2026-07-04T15:48:56.279+0000] {processor.py:925} INFO - DAG(s) 'example_distributed_celery_fixed_sleep' retrieved from /opt/airflow/dags/exemplos/example_distributed_2.py
[2026-07-04T15:48:56.564+0000] {logging_mixin.py:190} INFO - [2026-07-04T15:48:56.564+0000] {dag.py:3239} INFO - Sync 1 DAGs
[2026-07-04T15:48:56.912+0000] {logging_mixin.py:190} INFO - [2026-07-04T15:48:56.911+0000] {dag.py:4180} INFO - Setting next_dagrun for example_distributed_celery_fixed_sleep to None, run_after=None
[2026-07-04T15:48:57.277+0000] {processor.py:208} INFO - Processing /opt/airflow/dags/exemplos/example_distributed_2.py took 1.296 seconds
[2026-07-04T15:49:27.503+0000] {processor.py:186} INFO - Started process (PID=379) to work on /opt/airflow/dags/exemplos/example_distributed_2.py
[2026-07-04T15:49:27.504+0000] {processor.py:914} INFO - Processing file /opt/airflow/dags/exemplos/example_distributed_2.py for tasks to queue
[2026-07-04T15:49:27.507+0000] {logging_mixin.py:190} INFO - [2026-07-04T15:49:27.507+0000] {dagbag.py:588} INFO - Filling up the DagBag from /opt/airflow/dags/exemplos/example_distributed_2.py
[2026-07-04T15:49:27.523+0000] {processor.py:925} INFO - DAG(s) 'example_distributed_celery_fixed_sleep' retrieved from /opt/airflow/dags/exemplos/example_distributed_2.py
[2026-07-04T15:49:27.565+0000] {logging_mixin.py:190} INFO - [2026-07-04T15:49:27.565+0000] {dag.py:3239} INFO - Sync 1 DAGs
[2026-07-04T15:49:27.757+0000] {logging_mixin.py:190} INFO - [2026-07-04T15:49:27.757+0000] {dag.py:4180} INFO - Setting next_dagrun for example_distributed_celery_fixed_sleep to None, run_after=None
[2026-07-04T15:49:27.784+0000] {processor.py:208} INFO - Processing /opt/airflow/dags/exemplos/example_distributed_2.py took 0.290 seconds
[2026-07-04T15:49:58.295+0000] {processor.py:186} INFO - Started process (PID=388) to work on /opt/airflow/dags/exemplos/example_distributed_2.py
[2026-07-04T15:49:58.296+0000] {processor.py:914} INFO - Processing file /opt/airflow/dags/exemplos/example_distributed_2.py for tasks to queue
[2026-07-04T15:49:58.302+0000] {logging_mixin.py:190} INFO - [2026-07-04T15:49:58.301+0000] {dagbag.py:588} INFO - Filling up the DagBag from /opt/airflow/dags/exemplos/example_distributed_2.py
[2026-07-04T15:49:58.321+0000] {processor.py:925} INFO - DAG(s) 'example_distributed_celery_fixed_sleep' retrieved from /opt/airflow/dags/exemplos/example_distributed_2.py
[2026-07-04T15:49:58.611+0000] {logging_mixin.py:190} INFO - [2026-07-04T15:49:58.611+0000] {dag.py:3239} INFO - Sync 1 DAGs
[2026-07-04T15:49:58.632+0000] {logging_mixin.py:190} INFO - [2026-07-04T15:49:58.632+0000] {dag.py:4180} INFO - Setting next_dagrun for example_distributed_celery_fixed_sleep to None, run_after=None
[2026-07-04T15:49:58.663+0000] {processor.py:208} INFO - Processing /opt/airflow/dags/exemplos/example_distributed_2.py took 0.378 seconds
[2026-07-04T15:50:29.035+0000] {processor.py:186} INFO - Started process (PID=393) to work on /opt/airflow/dags/exemplos/example_distributed_2.py
[2026-07-04T15:50:29.036+0000] {processor.py:914} INFO - Processing file /opt/airflow/dags/exemplos/example_distributed_2.py for tasks to queue
[2026-07-04T15:50:29.039+0000] {logging_mixin.py:190} INFO - [2026-07-04T15:50:29.039+0000] {dagbag.py:588} INFO - Filling up the DagBag from /opt/airflow/dags/exemplos/example_distributed_2.py
[2026-07-04T15:50:29.057+0000] {processor.py:925} INFO - DAG(s) 'example_distributed_celery_fixed_sleep' retrieved from /opt/airflow/dags/exemplos/example_distributed_2.py
[2026-07-04T15:50:29.117+0000] {logging_mixin.py:190} INFO - [2026-07-04T15:50:29.117+0000] {dag.py:3239} INFO - Sync 1 DAGs
[2026-07-04T15:50:29.144+0000] {logging_mixin.py:190} INFO - [2026-07-04T15:50:29.143+0000] {dag.py:4180} INFO - Setting next_dagrun for example_distributed_celery_fixed_sleep to None, run_after=None
[2026-07-04T15:50:29.178+0000] {processor.py:208} INFO - Processing /opt/airflow/dags/exemplos/example_distributed_2.py took 0.152 seconds
[2026-07-04T15:50:59.542+0000] {processor.py:186} INFO - Started process (PID=404) to work on /opt/airflow/dags/exemplos/example_distributed_2.py
[2026-07-04T15:50:59.544+0000] {processor.py:914} INFO - Processing file /opt/airflow/dags/exemplos/example_distributed_2.py for tasks to queue
[2026-07-04T15:50:59.548+0000] {logging_mixin.py:190} INFO - [2026-07-04T15:50:59.548+0000] {dagbag.py:588} INFO - Filling up the DagBag from /opt/airflow/dags/exemplos/example_distributed_2.py
[2026-07-04T15:50:59.570+0000] {processor.py:925} INFO - DAG(s) 'example_distributed_celery_fixed_sleep' retrieved from /opt/airflow/dags/exemplos/example_distributed_2.py
[2026-07-04T15:50:59.634+0000] {logging_mixin.py:190} INFO - [2026-07-04T15:50:59.634+0000] {dag.py:3239} INFO - Sync 1 DAGs
[2026-07-04T15:50:59.666+0000] {logging_mixin.py:190} INFO - [2026-07-04T15:50:59.665+0000] {dag.py:4180} INFO - Setting next_dagrun for example_distributed_celery_fixed_sleep to None, run_after=None
[2026-07-04T15:50:59.706+0000] {processor.py:208} INFO - Processing /opt/airflow/dags/exemplos/example_distributed_2.py took 0.176 seconds
[2026-07-04T15:51:29.765+0000] {processor.py:186} INFO - Started process (PID=415) to work on /opt/airflow/dags/exemplos/example_distributed_2.py
[2026-07-04T15:51:29.767+0000] {processor.py:914} INFO - Processing file /opt/airflow/dags/exemplos/example_distributed_2.py for tasks to queue
[2026-07-04T15:51:29.773+0000] {logging_mixin.py:190} INFO - [2026-07-04T15:51:29.771+0000] {dagbag.py:588} INFO - Filling up the DagBag from /opt/airflow/dags/exemplos/example_distributed_2.py
[2026-07-04T15:51:29.797+0000] {processor.py:925} INFO - DAG(s) 'example_distributed_celery_fixed_sleep' retrieved from /opt/airflow/dags/exemplos/example_distributed_2.py
[2026-07-04T15:51:29.875+0000] {logging_mixin.py:190} INFO - [2026-07-04T15:51:29.874+0000] {dag.py:3239} INFO - Sync 1 DAGs
[2026-07-04T15:51:30.166+0000] {logging_mixin.py:190} INFO - [2026-07-04T15:51:30.166+0000] {dag.py:4180} INFO - Setting next_dagrun for example_distributed_celery_fixed_sleep to None, run_after=None
[2026-07-04T15:51:30.206+0000] {processor.py:208} INFO - Processing /opt/airflow/dags/exemplos/example_distributed_2.py took 0.454 seconds
[2026-07-04T15:52:00.368+0000] {processor.py:186} INFO - Started process (PID=426) to work on /opt/airflow/dags/exemplos/example_distributed_2.py
[2026-07-04T15:52:00.369+0000] {processor.py:914} INFO - Processing file /opt/airflow/dags/exemplos/example_distributed_2.py for tasks to queue
[2026-07-04T15:52:00.373+0000] {logging_mixin.py:190} INFO - [2026-07-04T15:52:00.372+0000] {dagbag.py:588} INFO - Filling up the DagBag from /opt/airflow/dags/exemplos/example_distributed_2.py
[2026-07-04T15:52:00.388+0000] {processor.py:925} INFO - DAG(s) 'example_distributed_celery_fixed_sleep' retrieved from /opt/airflow/dags/exemplos/example_distributed_2.py
[2026-07-04T15:52:00.655+0000] {logging_mixin.py:190} INFO - [2026-07-04T15:52:00.655+0000] {dag.py:3239} INFO - Sync 1 DAGs
[2026-07-04T15:52:00.686+0000] {logging_mixin.py:190} INFO - [2026-07-04T15:52:00.685+0000] {dag.py:4180} INFO - Setting next_dagrun for example_distributed_celery_fixed_sleep to None, run_after=None
[2026-07-04T15:52:00.727+0000] {processor.py:208} INFO - Processing /opt/airflow/dags/exemplos/example_distributed_2.py took 0.370 seconds
[2026-07-04T15:52:31.491+0000] {processor.py:186} INFO - Started process (PID=437) to work on /opt/airflow/dags/exemplos/example_distributed_2.py
[2026-07-04T15:52:31.493+0000] {processor.py:914} INFO - Processing file /opt/airflow/dags/exemplos/example_distributed_2.py for tasks to queue
[2026-07-04T15:52:31.498+0000] {logging_mixin.py:190} INFO - [2026-07-04T15:52:31.498+0000] {dagbag.py:588} INFO - Filling up the DagBag from /opt/airflow/dags/exemplos/example_distributed_2.py
[2026-07-04T15:52:31.526+0000] {processor.py:925} INFO - DAG(s) 'example_distributed_celery_fixed_sleep' retrieved from /opt/airflow/dags/exemplos/example_distributed_2.py
[2026-07-04T15:52:31.595+0000] {logging_mixin.py:190} INFO - [2026-07-04T15:52:31.595+0000] {dag.py:3239} INFO - Sync 1 DAGs
[2026-07-04T15:52:31.635+0000] {logging_mixin.py:190} INFO - [2026-07-04T15:52:31.635+0000] {dag.py:4180} INFO - Setting next_dagrun for example_distributed_celery_fixed_sleep to None, run_after=None
[2026-07-04T15:52:31.682+0000] {processor.py:208} INFO - Processing /opt/airflow/dags/exemplos/example_distributed_2.py took 0.208 seconds
[2026-07-04T15:53:02.250+0000] {processor.py:186} INFO - Started process (PID=448) to work on /opt/airflow/dags/exemplos/example_distributed_2.py
[2026-07-04T15:53:02.252+0000] {processor.py:914} INFO - Processing file /opt/airflow/dags/exemplos/example_distributed_2.py for tasks to queue
[2026-07-04T15:53:02.255+0000] {logging_mixin.py:190} INFO - [2026-07-04T15:53:02.254+0000] {dagbag.py:588} INFO - Filling up the DagBag from /opt/airflow/dags/exemplos/example_distributed_2.py
[2026-07-04T15:53:02.272+0000] {processor.py:925} INFO - DAG(s) 'example_distributed_celery_fixed_sleep' retrieved from /opt/airflow/dags/exemplos/example_distributed_2.py
[2026-07-04T15:53:02.331+0000] {logging_mixin.py:190} INFO - [2026-07-04T15:53:02.330+0000] {dag.py:3239} INFO - Sync 1 DAGs
[2026-07-04T15:53:02.353+0000] {logging_mixin.py:190} INFO - [2026-07-04T15:53:02.353+0000] {dag.py:4180} INFO - Setting next_dagrun for example_distributed_celery_fixed_sleep to None, run_after=None
[2026-07-04T15:53:02.385+0000] {processor.py:208} INFO - Processing /opt/airflow/dags/exemplos/example_distributed_2.py took 0.146 seconds
[2026-07-04T15:53:33.105+0000] {processor.py:186} INFO - Started process (PID=459) to work on /opt/airflow/dags/exemplos/example_distributed_2.py
[2026-07-04T15:53:33.106+0000] {processor.py:914} INFO - Processing file /opt/airflow/dags/exemplos/example_distributed_2.py for tasks to queue
[2026-07-04T15:53:33.111+0000] {logging_mixin.py:190} INFO - [2026-07-04T15:53:33.109+0000] {dagbag.py:588} INFO - Filling up the DagBag from /opt/airflow/dags/exemplos/example_distributed_2.py
[2026-07-04T15:53:33.129+0000] {processor.py:925} INFO - DAG(s) 'example_distributed_celery_fixed_sleep' retrieved from /opt/airflow/dags/exemplos/example_distributed_2.py
[2026-07-04T15:53:33.197+0000] {logging_mixin.py:190} INFO - [2026-07-04T15:53:33.196+0000] {dag.py:3239} INFO - Sync 1 DAGs
[2026-07-04T15:53:33.463+0000] {logging_mixin.py:190} INFO - [2026-07-04T15:53:33.463+0000] {dag.py:4180} INFO - Setting next_dagrun for example_distributed_celery_fixed_sleep to None, run_after=None
[2026-07-04T15:53:33.491+0000] {processor.py:208} INFO - Processing /opt/airflow/dags/exemplos/example_distributed_2.py took 0.398 seconds
[2026-07-04T15:54:04.287+0000] {processor.py:186} INFO - Started process (PID=469) to work on /opt/airflow/dags/exemplos/example_distributed_2.py
[2026-07-04T15:54:04.289+0000] {processor.py:914} INFO - Processing file /opt/airflow/dags/exemplos/example_distributed_2.py for tasks to queue
[2026-07-04T15:54:04.294+0000] {logging_mixin.py:190} INFO - [2026-07-04T15:54:04.293+0000] {dagbag.py:588} INFO - Filling up the DagBag from /opt/airflow/dags/exemplos/example_distributed_2.py
[2026-07-04T15:54:04.318+0000] {processor.py:925} INFO - DAG(s) 'example_distributed_celery_fixed_sleep' retrieved from /opt/airflow/dags/exemplos/example_distributed_2.py
[2026-07-04T15:54:04.768+0000] {logging_mixin.py:190} INFO - [2026-07-04T15:54:04.768+0000] {dag.py:3239} INFO - Sync 1 DAGs
[2026-07-04T15:54:04.796+0000] {logging_mixin.py:190} INFO - [2026-07-04T15:54:04.795+0000] {dag.py:4180} INFO - Setting next_dagrun for example_distributed_celery_fixed_sleep to None, run_after=None
[2026-07-04T15:54:04.832+0000] {processor.py:208} INFO - Processing /opt/airflow/dags/exemplos/example_distributed_2.py took 0.553 seconds
[2026-07-04T15:54:35.531+0000] {processor.py:186} INFO - Started process (PID=474) to work on /opt/airflow/dags/exemplos/example_distributed_2.py
[2026-07-04T15:54:35.533+0000] {processor.py:914} INFO - Processing file /opt/airflow/dags/exemplos/example_distributed_2.py for tasks to queue
[2026-07-04T15:54:35.536+0000] {logging_mixin.py:190} INFO - [2026-07-04T15:54:35.536+0000] {dagbag.py:588} INFO - Filling up the DagBag from /opt/airflow/dags/exemplos/example_distributed_2.py
[2026-07-04T15:54:35.554+0000] {processor.py:925} INFO - DAG(s) 'example_distributed_celery_fixed_sleep' retrieved from /opt/airflow/dags/exemplos/example_distributed_2.py
[2026-07-04T15:54:35.604+0000] {logging_mixin.py:190} INFO - [2026-07-04T15:54:35.604+0000] {dag.py:3239} INFO - Sync 1 DAGs
[2026-07-04T15:54:35.630+0000] {logging_mixin.py:190} INFO - [2026-07-04T15:54:35.629+0000] {dag.py:4180} INFO - Setting next_dagrun for example_distributed_celery_fixed_sleep to None, run_after=None
[2026-07-04T15:54:35.661+0000] {processor.py:208} INFO - Processing /opt/airflow/dags/exemplos/example_distributed_2.py took 0.139 seconds
[2026-07-04T15:55:06.092+0000] {processor.py:186} INFO - Started process (PID=485) to work on /opt/airflow/dags/exemplos/example_distributed_2.py
[2026-07-04T15:55:06.093+0000] {processor.py:914} INFO - Processing file /opt/airflow/dags/exemplos/example_distributed_2.py for tasks to queue
[2026-07-04T15:55:06.097+0000] {logging_mixin.py:190} INFO - [2026-07-04T15:55:06.097+0000] {dagbag.py:588} INFO - Filling up the DagBag from /opt/airflow/dags/exemplos/example_distributed_2.py
[2026-07-04T15:55:06.114+0000] {processor.py:925} INFO - DAG(s) 'example_distributed_celery_fixed_sleep' retrieved from /opt/airflow/dags/exemplos/example_distributed_2.py
[2026-07-04T15:55:06.176+0000] {logging_mixin.py:190} INFO - [2026-07-04T15:55:06.176+0000] {dag.py:3239} INFO - Sync 1 DAGs
[2026-07-04T15:55:06.200+0000] {logging_mixin.py:190} INFO - [2026-07-04T15:55:06.200+0000] {dag.py:4180} INFO - Setting next_dagrun for example_distributed_celery_fixed_sleep to None, run_after=None
[2026-07-04T15:55:06.232+0000] {processor.py:208} INFO - Processing /opt/airflow/dags/exemplos/example_distributed_2.py took 0.149 seconds
[2026-07-04T15:55:36.800+0000] {processor.py:186} INFO - Started process (PID=496) to work on /opt/airflow/dags/exemplos/example_distributed_2.py
[2026-07-04T15:55:36.802+0000] {processor.py:914} INFO - Processing file /opt/airflow/dags/exemplos/example_distributed_2.py for tasks to queue
[2026-07-04T15:55:36.807+0000] {logging_mixin.py:190} INFO - [2026-07-04T15:55:36.806+0000] {dagbag.py:588} INFO - Filling up the DagBag from /opt/airflow/dags/exemplos/example_distributed_2.py
[2026-07-04T15:55:36.832+0000] {processor.py:925} INFO - DAG(s) 'example_distributed_celery_fixed_sleep' retrieved from /opt/airflow/dags/exemplos/example_distributed_2.py
[2026-07-04T15:55:36.906+0000] {logging_mixin.py:190} INFO - [2026-07-04T15:55:36.906+0000] {dag.py:3239} INFO - Sync 1 DAGs
[2026-07-04T15:55:36.948+0000] {logging_mixin.py:190} INFO - [2026-07-04T15:55:36.947+0000] {dag.py:4180} INFO - Setting next_dagrun for example_distributed_celery_fixed_sleep to None, run_after=None
[2026-07-04T15:55:36.996+0000] {processor.py:208} INFO - Processing /opt/airflow/dags/exemplos/example_distributed_2.py took 0.209 seconds
[2026-07-04T15:56:07.300+0000] {processor.py:186} INFO - Started process (PID=506) to work on /opt/airflow/dags/exemplos/example_distributed_2.py
[2026-07-04T15:56:07.302+0000] {processor.py:914} INFO - Processing file /opt/airflow/dags/exemplos/example_distributed_2.py for tasks to queue
[2026-07-04T15:56:07.306+0000] {logging_mixin.py:190} INFO - [2026-07-04T15:56:07.305+0000] {dagbag.py:588} INFO - Filling up the DagBag from /opt/airflow/dags/exemplos/example_distributed_2.py
[2026-07-04T15:56:07.332+0000] {processor.py:925} INFO - DAG(s) 'example_distributed_celery_fixed_sleep' retrieved from /opt/airflow/dags/exemplos/example_distributed_2.py
[2026-07-04T15:56:07.401+0000] {logging_mixin.py:190} INFO - [2026-07-04T15:56:07.401+0000] {dag.py:3239} INFO - Sync 1 DAGs
[2026-07-04T15:56:07.439+0000] {logging_mixin.py:190} INFO - [2026-07-04T15:56:07.439+0000] {dag.py:4180} INFO - Setting next_dagrun for example_distributed_celery_fixed_sleep to None, run_after=None
[2026-07-04T15:56:07.483+0000] {processor.py:208} INFO - Processing /opt/airflow/dags/exemplos/example_distributed_2.py took 0.197 seconds
[2026-07-04T15:56:37.826+0000] {processor.py:186} INFO - Started process (PID=517) to work on /opt/airflow/dags/exemplos/example_distributed_2.py
[2026-07-04T15:56:37.827+0000] {processor.py:914} INFO - Processing file /opt/airflow/dags/exemplos/example_distributed_2.py for tasks to queue
[2026-07-04T15:56:37.830+0000] {logging_mixin.py:190} INFO - [2026-07-04T15:56:37.830+0000] {dagbag.py:588} INFO - Filling up the DagBag from /opt/airflow/dags/exemplos/example_distributed_2.py
[2026-07-04T15:56:37.847+0000] {processor.py:925} INFO - DAG(s) 'example_distributed_celery_fixed_sleep' retrieved from /opt/airflow/dags/exemplos/example_distributed_2.py
[2026-07-04T15:56:37.909+0000] {logging_mixin.py:190} INFO - [2026-07-04T15:56:37.909+0000] {dag.py:3239} INFO - Sync 1 DAGs
[2026-07-04T15:56:37.936+0000] {logging_mixin.py:190} INFO - [2026-07-04T15:56:37.935+0000] {dag.py:4180} INFO - Setting next_dagrun for example_distributed_celery_fixed_sleep to None, run_after=None
[2026-07-04T15:56:37.986+0000] {processor.py:208} INFO - Processing /opt/airflow/dags/exemplos/example_distributed_2.py took 0.171 seconds
[2026-07-04T15:57:08.498+0000] {processor.py:186} INFO - Started process (PID=528) to work on /opt/airflow/dags/exemplos/example_distributed_2.py
[2026-07-04T15:57:08.501+0000] {processor.py:914} INFO - Processing file /opt/airflow/dags/exemplos/example_distributed_2.py for tasks to queue
[2026-07-04T15:57:08.507+0000] {logging_mixin.py:190} INFO - [2026-07-04T15:57:08.507+0000] {dagbag.py:588} INFO - Filling up the DagBag from /opt/airflow/dags/exemplos/example_distributed_2.py
[2026-07-04T15:57:08.530+0000] {processor.py:925} INFO - DAG(s) 'example_distributed_celery_fixed_sleep' retrieved from /opt/airflow/dags/exemplos/example_distributed_2.py
[2026-07-04T15:57:08.606+0000] {logging_mixin.py:190} INFO - [2026-07-04T15:57:08.605+0000] {dag.py:3239} INFO - Sync 1 DAGs
[2026-07-04T15:57:08.632+0000] {logging_mixin.py:190} INFO - [2026-07-04T15:57:08.632+0000] {dag.py:4180} INFO - Setting next_dagrun for example_distributed_celery_fixed_sleep to None, run_after=None
[2026-07-04T15:57:08.664+0000] {processor.py:208} INFO - Processing /opt/airflow/dags/exemplos/example_distributed_2.py took 0.183 seconds
[2026-07-04T15:57:39.094+0000] {processor.py:186} INFO - Started process (PID=539) to work on /opt/airflow/dags/exemplos/example_distributed_2.py
[2026-07-04T15:57:39.096+0000] {processor.py:914} INFO - Processing file /opt/airflow/dags/exemplos/example_distributed_2.py for tasks to queue
[2026-07-04T15:57:39.100+0000] {logging_mixin.py:190} INFO - [2026-07-04T15:57:39.099+0000] {dagbag.py:588} INFO - Filling up the DagBag from /opt/airflow/dags/exemplos/example_distributed_2.py
[2026-07-04T15:57:39.120+0000] {processor.py:925} INFO - DAG(s) 'example_distributed_celery_fixed_sleep' retrieved from /opt/airflow/dags/exemplos/example_distributed_2.py
[2026-07-04T15:57:39.179+0000] {logging_mixin.py:190} INFO - [2026-07-04T15:57:39.178+0000] {dag.py:3239} INFO - Sync 1 DAGs
[2026-07-04T15:57:39.212+0000] {logging_mixin.py:190} INFO - [2026-07-04T15:57:39.212+0000] {dag.py:4180} INFO - Setting next_dagrun for example_distributed_celery_fixed_sleep to None, run_after=None
[2026-07-04T15:57:39.250+0000] {processor.py:208} INFO - Processing /opt/airflow/dags/exemplos/example_distributed_2.py took 0.178 seconds
[2026-07-04T15:58:09.714+0000] {processor.py:186} INFO - Started process (PID=550) to work on /opt/airflow/dags/exemplos/example_distributed_2.py
[2026-07-04T15:58:09.716+0000] {processor.py:914} INFO - Processing file /opt/airflow/dags/exemplos/example_distributed_2.py for tasks to queue
[2026-07-04T15:58:09.721+0000] {logging_mixin.py:190} INFO - [2026-07-04T15:58:09.721+0000] {dagbag.py:588} INFO - Filling up the DagBag from /opt/airflow/dags/exemplos/example_distributed_2.py
[2026-07-04T15:58:09.741+0000] {processor.py:925} INFO - DAG(s) 'example_distributed_celery_fixed_sleep' retrieved from /opt/airflow/dags/exemplos/example_distributed_2.py
[2026-07-04T15:58:09.807+0000] {logging_mixin.py:190} INFO - [2026-07-04T15:58:09.806+0000] {dag.py:3239} INFO - Sync 1 DAGs
[2026-07-04T15:58:09.839+0000] {logging_mixin.py:190} INFO - [2026-07-04T15:58:09.839+0000] {dag.py:4180} INFO - Setting next_dagrun for example_distributed_celery_fixed_sleep to None, run_after=None
[2026-07-04T15:58:09.877+0000] {processor.py:208} INFO - Processing /opt/airflow/dags/exemplos/example_distributed_2.py took 0.180 seconds
[2026-07-04T15:58:40.578+0000] {processor.py:186} INFO - Started process (PID=560) to work on /opt/airflow/dags/exemplos/example_distributed_2.py
[2026-07-04T15:58:40.580+0000] {processor.py:914} INFO - Processing file /opt/airflow/dags/exemplos/example_distributed_2.py for tasks to queue
[2026-07-04T15:58:40.585+0000] {logging_mixin.py:190} INFO - [2026-07-04T15:58:40.585+0000] {dagbag.py:588} INFO - Filling up the DagBag from /opt/airflow/dags/exemplos/example_distributed_2.py
[2026-07-04T15:58:40.606+0000] {processor.py:925} INFO - DAG(s) 'example_distributed_celery_fixed_sleep' retrieved from /opt/airflow/dags/exemplos/example_distributed_2.py
[2026-07-04T15:58:40.673+0000] {logging_mixin.py:190} INFO - [2026-07-04T15:58:40.673+0000] {dag.py:3239} INFO - Sync 1 DAGs
[2026-07-04T15:58:40.707+0000] {logging_mixin.py:190} INFO - [2026-07-04T15:58:40.706+0000] {dag.py:4180} INFO - Setting next_dagrun for example_distributed_celery_fixed_sleep to None, run_after=None
[2026-07-04T15:58:40.748+0000] {processor.py:208} INFO - Processing /opt/airflow/dags/exemplos/example_distributed_2.py took 0.182 seconds
[2026-07-04T15:59:11.498+0000] {processor.py:186} INFO - Started process (PID=565) to work on /opt/airflow/dags/exemplos/example_distributed_2.py
[2026-07-04T15:59:11.499+0000] {processor.py:914} INFO - Processing file /opt/airflow/dags/exemplos/example_distributed_2.py for tasks to queue
[2026-07-04T15:59:11.502+0000] {logging_mixin.py:190} INFO - [2026-07-04T15:59:11.502+0000] {dagbag.py:588} INFO - Filling up the DagBag from /opt/airflow/dags/exemplos/example_distributed_2.py
[2026-07-04T15:59:11.519+0000] {processor.py:925} INFO - DAG(s) 'example_distributed_celery_fixed_sleep' retrieved from /opt/airflow/dags/exemplos/example_distributed_2.py
[2026-07-04T15:59:11.574+0000] {logging_mixin.py:190} INFO - [2026-07-04T15:59:11.574+0000] {dag.py:3239} INFO - Sync 1 DAGs
[2026-07-04T15:59:11.607+0000] {logging_mixin.py:190} INFO - [2026-07-04T15:59:11.606+0000] {dag.py:4180} INFO - Setting next_dagrun for example_distributed_celery_fixed_sleep to None, run_after=None
[2026-07-04T15:59:11.641+0000] {processor.py:208} INFO - Processing /opt/airflow/dags/exemplos/example_distributed_2.py took 0.153 seconds
[2026-07-04T15:59:42.506+0000] {processor.py:186} INFO - Started process (PID=576) to work on /opt/airflow/dags/exemplos/example_distributed_2.py
[2026-07-04T15:59:42.507+0000] {processor.py:914} INFO - Processing file /opt/airflow/dags/exemplos/example_distributed_2.py for tasks to queue
[2026-07-04T15:59:42.512+0000] {logging_mixin.py:190} INFO - [2026-07-04T15:59:42.511+0000] {dagbag.py:588} INFO - Filling up the DagBag from /opt/airflow/dags/exemplos/example_distributed_2.py
[2026-07-04T15:59:42.537+0000] {processor.py:925} INFO - DAG(s) 'example_distributed_celery_fixed_sleep' retrieved from /opt/airflow/dags/exemplos/example_distributed_2.py
[2026-07-04T15:59:42.611+0000] {logging_mixin.py:190} INFO - [2026-07-04T15:59:42.610+0000] {dag.py:3239} INFO - Sync 1 DAGs
[2026-07-04T15:59:42.650+0000] {logging_mixin.py:190} INFO - [2026-07-04T15:59:42.650+0000] {dag.py:4180} INFO - Setting next_dagrun for example_distributed_celery_fixed_sleep to None, run_after=None
[2026-07-04T15:59:42.695+0000] {processor.py:208} INFO - Processing /opt/airflow/dags/exemplos/example_distributed_2.py took 0.206 seconds
[2026-07-04T16:00:13.146+0000] {processor.py:186} INFO - Started process (PID=587) to work on /opt/airflow/dags/exemplos/example_distributed_2.py
[2026-07-04T16:00:13.148+0000] {processor.py:914} INFO - Processing file /opt/airflow/dags/exemplos/example_distributed_2.py for tasks to queue
[2026-07-04T16:00:13.151+0000] {logging_mixin.py:190} INFO - [2026-07-04T16:00:13.150+0000] {dagbag.py:588} INFO - Filling up the DagBag from /opt/airflow/dags/exemplos/example_distributed_2.py
[2026-07-04T16:00:13.167+0000] {processor.py:925} INFO - DAG(s) 'example_distributed_celery_fixed_sleep' retrieved from /opt/airflow/dags/exemplos/example_distributed_2.py
[2026-07-04T16:00:13.215+0000] {logging_mixin.py:190} INFO - [2026-07-04T16:00:13.215+0000] {dag.py:3239} INFO - Sync 1 DAGs
[2026-07-04T16:00:13.242+0000] {logging_mixin.py:190} INFO - [2026-07-04T16:00:13.241+0000] {dag.py:4180} INFO - Setting next_dagrun for example_distributed_celery_fixed_sleep to None, run_after=None
[2026-07-04T16:00:13.271+0000] {processor.py:208} INFO - Processing /opt/airflow/dags/exemplos/example_distributed_2.py took 0.135 seconds
[2026-07-04T16:00:43.794+0000] {processor.py:186} INFO - Started process (PID=599) to work on /opt/airflow/dags/exemplos/example_distributed_2.py
[2026-07-04T16:00:43.796+0000] {processor.py:914} INFO - Processing file /opt/airflow/dags/exemplos/example_distributed_2.py for tasks to queue
[2026-07-04T16:00:43.800+0000] {logging_mixin.py:190} INFO - [2026-07-04T16:00:43.800+0000] {dagbag.py:588} INFO - Filling up the DagBag from /opt/airflow/dags/exemplos/example_distributed_2.py
[2026-07-04T16:00:43.830+0000] {processor.py:925} INFO - DAG(s) 'example_distributed_celery_fixed_sleep' retrieved from /opt/airflow/dags/exemplos/example_distributed_2.py
[2026-07-04T16:00:43.896+0000] {logging_mixin.py:190} INFO - [2026-07-04T16:00:43.895+0000] {dag.py:3239} INFO - Sync 1 DAGs
[2026-07-04T16:00:43.919+0000] {logging_mixin.py:190} INFO - [2026-07-04T16:00:43.918+0000] {dag.py:4180} INFO - Setting next_dagrun for example_distributed_celery_fixed_sleep to None, run_after=None
[2026-07-04T16:00:43.950+0000] {processor.py:208} INFO - Processing /opt/airflow/dags/exemplos/example_distributed_2.py took 0.171 seconds
[2026-07-04T16:01:14.470+0000] {processor.py:186} INFO - Started process (PID=610) to work on /opt/airflow/dags/exemplos/example_distributed_2.py
[2026-07-04T16:01:14.472+0000] {processor.py:914} INFO - Processing file /opt/airflow/dags/exemplos/example_distributed_2.py for tasks to queue
[2026-07-04T16:01:14.477+0000] {logging_mixin.py:190} INFO - [2026-07-04T16:01:14.476+0000] {dagbag.py:588} INFO - Filling up the DagBag from /opt/airflow/dags/exemplos/example_distributed_2.py
[2026-07-04T16:01:14.497+0000] {processor.py:925} INFO - DAG(s) 'example_distributed_celery_fixed_sleep' retrieved from /opt/airflow/dags/exemplos/example_distributed_2.py
[2026-07-04T16:01:14.540+0000] {logging_mixin.py:190} INFO - [2026-07-04T16:01:14.540+0000] {dag.py:3239} INFO - Sync 1 DAGs
[2026-07-04T16:01:14.565+0000] {logging_mixin.py:190} INFO - [2026-07-04T16:01:14.565+0000] {dag.py:4180} INFO - Setting next_dagrun for example_distributed_celery_fixed_sleep to None, run_after=None
[2026-07-04T16:01:14.599+0000] {processor.py:208} INFO - Processing /opt/airflow/dags/exemplos/example_distributed_2.py took 0.144 seconds
[2026-07-04T16:01:44.997+0000] {processor.py:186} INFO - Started process (PID=621) to work on /opt/airflow/dags/exemplos/example_distributed_2.py
[2026-07-04T16:01:44.999+0000] {processor.py:914} INFO - Processing file /opt/airflow/dags/exemplos/example_distributed_2.py for tasks to queue
[2026-07-04T16:01:45.002+0000] {logging_mixin.py:190} INFO - [2026-07-04T16:01:45.002+0000] {dagbag.py:588} INFO - Filling up the DagBag from /opt/airflow/dags/exemplos/example_distributed_2.py
[2026-07-04T16:01:45.020+0000] {processor.py:925} INFO - DAG(s) 'example_distributed_celery_fixed_sleep' retrieved from /opt/airflow/dags/exemplos/example_distributed_2.py
[2026-07-04T16:01:45.066+0000] {logging_mixin.py:190} INFO - [2026-07-04T16:01:45.065+0000] {dag.py:3239} INFO - Sync 1 DAGs
[2026-07-04T16:01:45.091+0000] {logging_mixin.py:190} INFO - [2026-07-04T16:01:45.091+0000] {dag.py:4180} INFO - Setting next_dagrun for example_distributed_celery_fixed_sleep to None, run_after=None
[2026-07-04T16:01:45.121+0000] {processor.py:208} INFO - Processing /opt/airflow/dags/exemplos/example_distributed_2.py took 0.134 seconds
[2026-07-04T16:02:15.532+0000] {processor.py:186} INFO - Started process (PID=632) to work on /opt/airflow/dags/exemplos/example_distributed_2.py
[2026-07-04T16:02:15.533+0000] {processor.py:914} INFO - Processing file /opt/airflow/dags/exemplos/example_distributed_2.py for tasks to queue
[2026-07-04T16:02:15.537+0000] {logging_mixin.py:190} INFO - [2026-07-04T16:02:15.536+0000] {dagbag.py:588} INFO - Filling up the DagBag from /opt/airflow/dags/exemplos/example_distributed_2.py
[2026-07-04T16:02:15.553+0000] {processor.py:925} INFO - DAG(s) 'example_distributed_celery_fixed_sleep' retrieved from /opt/airflow/dags/exemplos/example_distributed_2.py
[2026-07-04T16:02:15.612+0000] {logging_mixin.py:190} INFO - [2026-07-04T16:02:15.610+0000] {dag.py:3239} INFO - Sync 1 DAGs
[2026-07-04T16:02:15.636+0000] {logging_mixin.py:190} INFO - [2026-07-04T16:02:15.635+0000] {dag.py:4180} INFO - Setting next_dagrun for example_distributed_celery_fixed_sleep to None, run_after=None
[2026-07-04T16:02:15.679+0000] {processor.py:208} INFO - Processing /opt/airflow/dags/exemplos/example_distributed_2.py took 0.158 seconds
[2026-07-04T16:02:46.195+0000] {processor.py:186} INFO - Started process (PID=641) to work on /opt/airflow/dags/exemplos/example_distributed_2.py
[2026-07-04T16:02:46.197+0000] {processor.py:914} INFO - Processing file /opt/airflow/dags/exemplos/example_distributed_2.py for tasks to queue
[2026-07-04T16:02:46.202+0000] {logging_mixin.py:190} INFO - [2026-07-04T16:02:46.201+0000] {dagbag.py:588} INFO - Filling up the DagBag from /opt/airflow/dags/exemplos/example_distributed_2.py
[2026-07-04T16:02:46.219+0000] {processor.py:925} INFO - DAG(s) 'example_distributed_celery_fixed_sleep' retrieved from /opt/airflow/dags/exemplos/example_distributed_2.py
[2026-07-04T16:02:46.280+0000] {logging_mixin.py:190} INFO - [2026-07-04T16:02:46.280+0000] {dag.py:3239} INFO - Sync 1 DAGs
[2026-07-04T16:02:46.315+0000] {logging_mixin.py:190} INFO - [2026-07-04T16:02:46.315+0000] {dag.py:4180} INFO - Setting next_dagrun for example_distributed_celery_fixed_sleep to None, run_after=None
[2026-07-04T16:02:46.356+0000] {processor.py:208} INFO - Processing /opt/airflow/dags/exemplos/example_distributed_2.py took 0.183 seconds
[2026-07-04T16:03:17.044+0000] {processor.py:186} INFO - Started process (PID=646) to work on /opt/airflow/dags/exemplos/example_distributed_2.py
[2026-07-04T16:03:17.046+0000] {processor.py:914} INFO - Processing file /opt/airflow/dags/exemplos/example_distributed_2.py for tasks to queue
[2026-07-04T16:03:17.051+0000] {logging_mixin.py:190} INFO - [2026-07-04T16:03:17.050+0000] {dagbag.py:588} INFO - Filling up the DagBag from /opt/airflow/dags/exemplos/example_distributed_2.py
[2026-07-04T16:03:17.087+0000] {processor.py:925} INFO - DAG(s) 'example_distributed_celery_fixed_sleep' retrieved from /opt/airflow/dags/exemplos/example_distributed_2.py
[2026-07-04T16:03:17.155+0000] {logging_mixin.py:190} INFO - [2026-07-04T16:03:17.154+0000] {dag.py:3239} INFO - Sync 1 DAGs
[2026-07-04T16:03:17.191+0000] {logging_mixin.py:190} INFO - [2026-07-04T16:03:17.190+0000] {dag.py:4180} INFO - Setting next_dagrun for example_distributed_celery_fixed_sleep to None, run_after=None
[2026-07-04T16:03:17.239+0000] {processor.py:208} INFO - Processing /opt/airflow/dags/exemplos/example_distributed_2.py took 0.223 seconds
[2026-07-04T16:03:47.969+0000] {processor.py:186} INFO - Started process (PID=673) to work on /opt/airflow/dags/exemplos/example_distributed_2.py
[2026-07-04T16:03:47.973+0000] {processor.py:914} INFO - Processing file /opt/airflow/dags/exemplos/example_distributed_2.py for tasks to queue
[2026-07-04T16:03:47.980+0000] {logging_mixin.py:190} INFO - [2026-07-04T16:03:47.980+0000] {dagbag.py:588} INFO - Filling up the DagBag from /opt/airflow/dags/exemplos/example_distributed_2.py
[2026-07-04T16:03:48.054+0000] {processor.py:925} INFO - DAG(s) 'example_distributed_celery_fixed_sleep' retrieved from /opt/airflow/dags/exemplos/example_distributed_2.py
[2026-07-04T16:03:48.208+0000] {logging_mixin.py:190} INFO - [2026-07-04T16:03:48.208+0000] {dag.py:3239} INFO - Sync 1 DAGs
[2026-07-04T16:03:48.258+0000] {logging_mixin.py:190} INFO - [2026-07-04T16:03:48.255+0000] {dag.py:4180} INFO - Setting next_dagrun for example_distributed_celery_fixed_sleep to None, run_after=None
[2026-07-04T16:03:48.345+0000] {processor.py:208} INFO - Processing /opt/airflow/dags/exemplos/example_distributed_2.py took 0.394 seconds
[2026-07-04T16:04:18.888+0000] {processor.py:186} INFO - Started process (PID=684) to work on /opt/airflow/dags/exemplos/example_distributed_2.py
[2026-07-04T16:04:18.889+0000] {processor.py:914} INFO - Processing file /opt/airflow/dags/exemplos/example_distributed_2.py for tasks to queue
[2026-07-04T16:04:18.894+0000] {logging_mixin.py:190} INFO - [2026-07-04T16:04:18.894+0000] {dagbag.py:588} INFO - Filling up the DagBag from /opt/airflow/dags/exemplos/example_distributed_2.py
[2026-07-04T16:04:18.918+0000] {processor.py:925} INFO - DAG(s) 'example_distributed_celery_fixed_sleep' retrieved from /opt/airflow/dags/exemplos/example_distributed_2.py
[2026-07-04T16:04:18.975+0000] {logging_mixin.py:190} INFO - [2026-07-04T16:04:18.975+0000] {dag.py:3239} INFO - Sync 1 DAGs
[2026-07-04T16:04:18.997+0000] {logging_mixin.py:190} INFO - [2026-07-04T16:04:18.996+0000] {dag.py:4180} INFO - Setting next_dagrun for example_distributed_celery_fixed_sleep to None, run_after=None
[2026-07-04T16:04:19.026+0000] {processor.py:208} INFO - Processing /opt/airflow/dags/exemplos/example_distributed_2.py took 0.149 seconds
[2026-07-04T16:04:49.450+0000] {processor.py:186} INFO - Started process (PID=695) to work on /opt/airflow/dags/exemplos/example_distributed_2.py
[2026-07-04T16:04:49.452+0000] {processor.py:914} INFO - Processing file /opt/airflow/dags/exemplos/example_distributed_2.py for tasks to queue
[2026-07-04T16:04:49.457+0000] {logging_mixin.py:190} INFO - [2026-07-04T16:04:49.456+0000] {dagbag.py:588} INFO - Filling up the DagBag from /opt/airflow/dags/exemplos/example_distributed_2.py
[2026-07-04T16:04:49.478+0000] {processor.py:925} INFO - DAG(s) 'example_distributed_celery_fixed_sleep' retrieved from /opt/airflow/dags/exemplos/example_distributed_2.py
[2026-07-04T16:04:49.552+0000] {logging_mixin.py:190} INFO - [2026-07-04T16:04:49.552+0000] {dag.py:3239} INFO - Sync 1 DAGs
[2026-07-04T16:04:49.592+0000] {logging_mixin.py:190} INFO - [2026-07-04T16:04:49.592+0000] {dag.py:4180} INFO - Setting next_dagrun for example_distributed_celery_fixed_sleep to None, run_after=None
[2026-07-04T16:04:49.635+0000] {processor.py:208} INFO - Processing /opt/airflow/dags/exemplos/example_distributed_2.py took 0.200 seconds
[2026-07-04T16:05:20.125+0000] {processor.py:186} INFO - Started process (PID=706) to work on /opt/airflow/dags/exemplos/example_distributed_2.py
[2026-07-04T16:05:20.128+0000] {processor.py:914} INFO - Processing file /opt/airflow/dags/exemplos/example_distributed_2.py for tasks to queue
[2026-07-04T16:05:20.132+0000] {logging_mixin.py:190} INFO - [2026-07-04T16:05:20.132+0000] {dagbag.py:588} INFO - Filling up the DagBag from /opt/airflow/dags/exemplos/example_distributed_2.py
[2026-07-04T16:05:20.156+0000] {processor.py:925} INFO - DAG(s) 'example_distributed_celery_fixed_sleep' retrieved from /opt/airflow/dags/exemplos/example_distributed_2.py
[2026-07-04T16:05:20.220+0000] {logging_mixin.py:190} INFO - [2026-07-04T16:05:20.220+0000] {dag.py:3239} INFO - Sync 1 DAGs
[2026-07-04T16:05:20.243+0000] {logging_mixin.py:190} INFO - [2026-07-04T16:05:20.242+0000] {dag.py:4180} INFO - Setting next_dagrun for example_distributed_celery_fixed_sleep to None, run_after=None
[2026-07-04T16:05:20.279+0000] {processor.py:208} INFO - Processing /opt/airflow/dags/exemplos/example_distributed_2.py took 0.162 seconds
[2026-07-04T16:05:50.816+0000] {processor.py:186} INFO - Started process (PID=717) to work on /opt/airflow/dags/exemplos/example_distributed_2.py
[2026-07-04T16:05:50.817+0000] {processor.py:914} INFO - Processing file /opt/airflow/dags/exemplos/example_distributed_2.py for tasks to queue
[2026-07-04T16:05:50.821+0000] {logging_mixin.py:190} INFO - [2026-07-04T16:05:50.820+0000] {dagbag.py:588} INFO - Filling up the DagBag from /opt/airflow/dags/exemplos/example_distributed_2.py
[2026-07-04T16:05:50.838+0000] {processor.py:925} INFO - DAG(s) 'example_distributed_celery_fixed_sleep' retrieved from /opt/airflow/dags/exemplos/example_distributed_2.py
[2026-07-04T16:05:50.886+0000] {logging_mixin.py:190} INFO - [2026-07-04T16:05:50.886+0000] {dag.py:3239} INFO - Sync 1 DAGs
[2026-07-04T16:05:50.915+0000] {logging_mixin.py:190} INFO - [2026-07-04T16:05:50.914+0000] {dag.py:4180} INFO - Setting next_dagrun for example_distributed_celery_fixed_sleep to None, run_after=None
[2026-07-04T16:05:50.949+0000] {processor.py:208} INFO - Processing /opt/airflow/dags/exemplos/example_distributed_2.py took 0.146 seconds
[2026-07-04T16:06:21.485+0000] {processor.py:186} INFO - Started process (PID=729) to work on /opt/airflow/dags/exemplos/example_distributed_2.py
[2026-07-04T16:06:21.487+0000] {processor.py:914} INFO - Processing file /opt/airflow/dags/exemplos/example_distributed_2.py for tasks to queue
[2026-07-04T16:06:21.492+0000] {logging_mixin.py:190} INFO - [2026-07-04T16:06:21.491+0000] {dagbag.py:588} INFO - Filling up the DagBag from /opt/airflow/dags/exemplos/example_distributed_2.py
[2026-07-04T16:06:21.517+0000] {processor.py:925} INFO - DAG(s) 'example_distributed_celery_fixed_sleep' retrieved from /opt/airflow/dags/exemplos/example_distributed_2.py
[2026-07-04T16:06:21.564+0000] {logging_mixin.py:190} INFO - [2026-07-04T16:06:21.563+0000] {dag.py:3239} INFO - Sync 1 DAGs
[2026-07-04T16:06:21.593+0000] {logging_mixin.py:190} INFO - [2026-07-04T16:06:21.593+0000] {dag.py:4180} INFO - Setting next_dagrun for example_distributed_celery_fixed_sleep to None, run_after=None
[2026-07-04T16:06:21.624+0000] {processor.py:208} INFO - Processing /opt/airflow/dags/exemplos/example_distributed_2.py took 0.151 seconds
[2026-07-04T16:06:51.899+0000] {processor.py:186} INFO - Started process (PID=739) to work on /opt/airflow/dags/exemplos/example_distributed_2.py
[2026-07-04T16:06:51.901+0000] {processor.py:914} INFO - Processing file /opt/airflow/dags/exemplos/example_distributed_2.py for tasks to queue
[2026-07-04T16:06:51.905+0000] {logging_mixin.py:190} INFO - [2026-07-04T16:06:51.905+0000] {dagbag.py:588} INFO - Filling up the DagBag from /opt/airflow/dags/exemplos/example_distributed_2.py
[2026-07-04T16:06:51.933+0000] {processor.py:925} INFO - DAG(s) 'example_distributed_celery_fixed_sleep' retrieved from /opt/airflow/dags/exemplos/example_distributed_2.py
[2026-07-04T16:06:52.009+0000] {logging_mixin.py:190} INFO - [2026-07-04T16:06:52.008+0000] {dag.py:3239} INFO - Sync 1 DAGs
[2026-07-04T16:06:52.045+0000] {logging_mixin.py:190} INFO - [2026-07-04T16:06:52.045+0000] {dag.py:4180} INFO - Setting next_dagrun for example_distributed_celery_fixed_sleep to None, run_after=None
[2026-07-04T16:06:52.082+0000] {processor.py:208} INFO - Processing /opt/airflow/dags/exemplos/example_distributed_2.py took 0.198 seconds
[2026-07-04T16:07:22.705+0000] {processor.py:186} INFO - Started process (PID=744) to work on /opt/airflow/dags/exemplos/example_distributed_2.py
[2026-07-04T16:07:22.707+0000] {processor.py:914} INFO - Processing file /opt/airflow/dags/exemplos/example_distributed_2.py for tasks to queue
[2026-07-04T16:07:22.711+0000] {logging_mixin.py:190} INFO - [2026-07-04T16:07:22.710+0000] {dagbag.py:588} INFO - Filling up the DagBag from /opt/airflow/dags/exemplos/example_distributed_2.py
[2026-07-04T16:07:22.735+0000] {processor.py:925} INFO - DAG(s) 'example_distributed_celery_fixed_sleep' retrieved from /opt/airflow/dags/exemplos/example_distributed_2.py
[2026-07-04T16:07:22.782+0000] {logging_mixin.py:190} INFO - [2026-07-04T16:07:22.781+0000] {dag.py:3239} INFO - Sync 1 DAGs
[2026-07-04T16:07:22.807+0000] {logging_mixin.py:190} INFO - [2026-07-04T16:07:22.806+0000] {dag.py:4180} INFO - Setting next_dagrun for example_distributed_celery_fixed_sleep to None, run_after=None
[2026-07-04T16:07:22.836+0000] {processor.py:208} INFO - Processing /opt/airflow/dags/exemplos/example_distributed_2.py took 0.145 seconds
[2026-07-04T16:07:53.288+0000] {processor.py:186} INFO - Started process (PID=755) to work on /opt/airflow/dags/exemplos/example_distributed_2.py
[2026-07-04T16:07:53.290+0000] {processor.py:914} INFO - Processing file /opt/airflow/dags/exemplos/example_distributed_2.py for tasks to queue
[2026-07-04T16:07:53.296+0000] {logging_mixin.py:190} INFO - [2026-07-04T16:07:53.295+0000] {dagbag.py:588} INFO - Filling up the DagBag from /opt/airflow/dags/exemplos/example_distributed_2.py
[2026-07-04T16:07:53.321+0000] {processor.py:925} INFO - DAG(s) 'example_distributed_celery_fixed_sleep' retrieved from /opt/airflow/dags/exemplos/example_distributed_2.py
[2026-07-04T16:07:53.392+0000] {logging_mixin.py:190} INFO - [2026-07-04T16:07:53.391+0000] {dag.py:3239} INFO - Sync 1 DAGs
[2026-07-04T16:07:53.428+0000] {logging_mixin.py:190} INFO - [2026-07-04T16:07:53.427+0000] {dag.py:4180} INFO - Setting next_dagrun for example_distributed_celery_fixed_sleep to None, run_after=None
[2026-07-04T16:07:53.470+0000] {processor.py:208} INFO - Processing /opt/airflow/dags/exemplos/example_distributed_2.py took 0.196 seconds
[2026-07-04T16:08:24.010+0000] {processor.py:186} INFO - Started process (PID=766) to work on /opt/airflow/dags/exemplos/example_distributed_2.py
[2026-07-04T16:08:24.012+0000] {processor.py:914} INFO - Processing file /opt/airflow/dags/exemplos/example_distributed_2.py for tasks to queue
[2026-07-04T16:08:24.017+0000] {logging_mixin.py:190} INFO - [2026-07-04T16:08:24.016+0000] {dagbag.py:588} INFO - Filling up the DagBag from /opt/airflow/dags/exemplos/example_distributed_2.py
[2026-07-04T16:08:24.033+0000] {processor.py:925} INFO - DAG(s) 'example_distributed_celery_fixed_sleep' retrieved from /opt/airflow/dags/exemplos/example_distributed_2.py
[2026-07-04T16:08:24.074+0000] {logging_mixin.py:190} INFO - [2026-07-04T16:08:24.074+0000] {dag.py:3239} INFO - Sync 1 DAGs
[2026-07-04T16:08:24.099+0000] {logging_mixin.py:190} INFO - [2026-07-04T16:08:24.099+0000] {dag.py:4180} INFO - Setting next_dagrun for example_distributed_celery_fixed_sleep to None, run_after=None
[2026-07-04T16:08:24.132+0000] {processor.py:208} INFO - Processing /opt/airflow/dags/exemplos/example_distributed_2.py took 0.143 seconds
[2026-07-04T16:08:54.553+0000] {processor.py:186} INFO - Started process (PID=777) to work on /opt/airflow/dags/exemplos/example_distributed_2.py
[2026-07-04T16:08:54.555+0000] {processor.py:914} INFO - Processing file /opt/airflow/dags/exemplos/example_distributed_2.py for tasks to queue
[2026-07-04T16:08:54.558+0000] {logging_mixin.py:190} INFO - [2026-07-04T16:08:54.558+0000] {dagbag.py:588} INFO - Filling up the DagBag from /opt/airflow/dags/exemplos/example_distributed_2.py
[2026-07-04T16:08:54.574+0000] {processor.py:925} INFO - DAG(s) 'example_distributed_celery_fixed_sleep' retrieved from /opt/airflow/dags/exemplos/example_distributed_2.py
[2026-07-04T16:08:54.623+0000] {logging_mixin.py:190} INFO - [2026-07-04T16:08:54.623+0000] {dag.py:3239} INFO - Sync 1 DAGs
[2026-07-04T16:08:54.652+0000] {logging_mixin.py:190} INFO - [2026-07-04T16:08:54.651+0000] {dag.py:4180} INFO - Setting next_dagrun for example_distributed_celery_fixed_sleep to None, run_after=None
[2026-07-04T16:08:54.682+0000] {processor.py:208} INFO - Processing /opt/airflow/dags/exemplos/example_distributed_2.py took 0.137 seconds
[2026-07-04T16:09:25.289+0000] {processor.py:186} INFO - Started process (PID=788) to work on /opt/airflow/dags/exemplos/example_distributed_2.py
[2026-07-04T16:09:25.291+0000] {processor.py:914} INFO - Processing file /opt/airflow/dags/exemplos/example_distributed_2.py for tasks to queue
[2026-07-04T16:09:25.297+0000] {logging_mixin.py:190} INFO - [2026-07-04T16:09:25.296+0000] {dagbag.py:588} INFO - Filling up the DagBag from /opt/airflow/dags/exemplos/example_distributed_2.py
[2026-07-04T16:09:25.325+0000] {processor.py:925} INFO - DAG(s) 'example_distributed_celery_fixed_sleep' retrieved from /opt/airflow/dags/exemplos/example_distributed_2.py
[2026-07-04T16:09:25.390+0000] {logging_mixin.py:190} INFO - [2026-07-04T16:09:25.389+0000] {dag.py:3239} INFO - Sync 1 DAGs
[2026-07-04T16:09:25.419+0000] {logging_mixin.py:190} INFO - [2026-07-04T16:09:25.419+0000] {dag.py:4180} INFO - Setting next_dagrun for example_distributed_celery_fixed_sleep to None, run_after=None
[2026-07-04T16:09:25.451+0000] {processor.py:208} INFO - Processing /opt/airflow/dags/exemplos/example_distributed_2.py took 0.180 seconds
[2026-07-04T16:09:55.793+0000] {processor.py:186} INFO - Started process (PID=799) to work on /opt/airflow/dags/exemplos/example_distributed_2.py
[2026-07-04T16:09:55.794+0000] {processor.py:914} INFO - Processing file /opt/airflow/dags/exemplos/example_distributed_2.py for tasks to queue
[2026-07-04T16:09:55.798+0000] {logging_mixin.py:190} INFO - [2026-07-04T16:09:55.798+0000] {dagbag.py:588} INFO - Filling up the DagBag from /opt/airflow/dags/exemplos/example_distributed_2.py
[2026-07-04T16:09:55.814+0000] {processor.py:925} INFO - DAG(s) 'example_distributed_celery_fixed_sleep' retrieved from /opt/airflow/dags/exemplos/example_distributed_2.py
[2026-07-04T16:09:55.866+0000] {logging_mixin.py:190} INFO - [2026-07-04T16:09:55.866+0000] {dag.py:3239} INFO - Sync 1 DAGs
[2026-07-04T16:09:55.901+0000] {logging_mixin.py:190} INFO - [2026-07-04T16:09:55.901+0000] {dag.py:4180} INFO - Setting next_dagrun for example_distributed_celery_fixed_sleep to None, run_after=None
[2026-07-04T16:09:55.943+0000] {processor.py:208} INFO - Processing /opt/airflow/dags/exemplos/example_distributed_2.py took 0.160 seconds
[2026-07-04T16:10:26.455+0000] {processor.py:186} INFO - Started process (PID=810) to work on /opt/airflow/dags/exemplos/example_distributed_2.py
[2026-07-04T16:10:26.456+0000] {processor.py:914} INFO - Processing file /opt/airflow/dags/exemplos/example_distributed_2.py for tasks to queue
[2026-07-04T16:10:26.462+0000] {logging_mixin.py:190} INFO - [2026-07-04T16:10:26.461+0000] {dagbag.py:588} INFO - Filling up the DagBag from /opt/airflow/dags/exemplos/example_distributed_2.py
[2026-07-04T16:10:26.489+0000] {processor.py:925} INFO - DAG(s) 'example_distributed_celery_fixed_sleep' retrieved from /opt/airflow/dags/exemplos/example_distributed_2.py
[2026-07-04T16:10:26.545+0000] {logging_mixin.py:190} INFO - [2026-07-04T16:10:26.545+0000] {dag.py:3239} INFO - Sync 1 DAGs
[2026-07-04T16:10:26.569+0000] {logging_mixin.py:190} INFO - [2026-07-04T16:10:26.569+0000] {dag.py:4180} INFO - Setting next_dagrun for example_distributed_celery_fixed_sleep to None, run_after=None
[2026-07-04T16:10:26.603+0000] {processor.py:208} INFO - Processing /opt/airflow/dags/exemplos/example_distributed_2.py took 0.159 seconds
[2026-07-04T16:10:57.168+0000] {processor.py:186} INFO - Started process (PID=820) to work on /opt/airflow/dags/exemplos/example_distributed_2.py
[2026-07-04T16:10:57.170+0000] {processor.py:914} INFO - Processing file /opt/airflow/dags/exemplos/example_distributed_2.py for tasks to queue
[2026-07-04T16:10:57.175+0000] {logging_mixin.py:190} INFO - [2026-07-04T16:10:57.174+0000] {dagbag.py:588} INFO - Filling up the DagBag from /opt/airflow/dags/exemplos/example_distributed_2.py
[2026-07-04T16:10:57.206+0000] {processor.py:925} INFO - DAG(s) 'example_distributed_celery_fixed_sleep' retrieved from /opt/airflow/dags/exemplos/example_distributed_2.py
[2026-07-04T16:10:57.271+0000] {logging_mixin.py:190} INFO - [2026-07-04T16:10:57.271+0000] {dag.py:3239} INFO - Sync 1 DAGs
[2026-07-04T16:10:57.294+0000] {logging_mixin.py:190} INFO - [2026-07-04T16:10:57.294+0000] {dag.py:4180} INFO - Setting next_dagrun for example_distributed_celery_fixed_sleep to None, run_after=None
[2026-07-04T16:10:57.325+0000] {processor.py:208} INFO - Processing /opt/airflow/dags/exemplos/example_distributed_2.py took 0.170 seconds
[2026-07-04T16:11:27.919+0000] {processor.py:186} INFO - Started process (PID=825) to work on /opt/airflow/dags/exemplos/example_distributed_2.py
[2026-07-04T16:11:27.922+0000] {processor.py:914} INFO - Processing file /opt/airflow/dags/exemplos/example_distributed_2.py for tasks to queue
[2026-07-04T16:11:27.928+0000] {logging_mixin.py:190} INFO - [2026-07-04T16:11:27.927+0000] {dagbag.py:588} INFO - Filling up the DagBag from /opt/airflow/dags/exemplos/example_distributed_2.py
[2026-07-04T16:11:27.959+0000] {processor.py:925} INFO - DAG(s) 'example_distributed_celery_fixed_sleep' retrieved from /opt/airflow/dags/exemplos/example_distributed_2.py
[2026-07-04T16:11:28.028+0000] {logging_mixin.py:190} INFO - [2026-07-04T16:11:28.028+0000] {dag.py:3239} INFO - Sync 1 DAGs
[2026-07-04T16:11:28.052+0000] {logging_mixin.py:190} INFO - [2026-07-04T16:11:28.051+0000] {dag.py:4180} INFO - Setting next_dagrun for example_distributed_celery_fixed_sleep to None, run_after=None
[2026-07-04T16:11:28.083+0000] {processor.py:208} INFO - Processing /opt/airflow/dags/exemplos/example_distributed_2.py took 0.179 seconds
[2026-07-04T16:11:58.502+0000] {processor.py:186} INFO - Started process (PID=836) to work on /opt/airflow/dags/exemplos/example_distributed_2.py
[2026-07-04T16:11:58.504+0000] {processor.py:914} INFO - Processing file /opt/airflow/dags/exemplos/example_distributed_2.py for tasks to queue
[2026-07-04T16:11:58.509+0000] {logging_mixin.py:190} INFO - [2026-07-04T16:11:58.508+0000] {dagbag.py:588} INFO - Filling up the DagBag from /opt/airflow/dags/exemplos/example_distributed_2.py
[2026-07-04T16:11:58.536+0000] {processor.py:925} INFO - DAG(s) 'example_distributed_celery_fixed_sleep' retrieved from /opt/airflow/dags/exemplos/example_distributed_2.py
[2026-07-04T16:11:58.611+0000] {logging_mixin.py:190} INFO - [2026-07-04T16:11:58.610+0000] {dag.py:3239} INFO - Sync 1 DAGs
[2026-07-04T16:11:58.657+0000] {logging_mixin.py:190} INFO - [2026-07-04T16:11:58.657+0000] {dag.py:4180} INFO - Setting next_dagrun for example_distributed_celery_fixed_sleep to None, run_after=None
[2026-07-04T16:11:58.699+0000] {processor.py:208} INFO - Processing /opt/airflow/dags/exemplos/example_distributed_2.py took 0.212 seconds
[2026-07-04T16:12:28.963+0000] {processor.py:186} INFO - Started process (PID=846) to work on /opt/airflow/dags/exemplos/example_distributed_2.py
[2026-07-04T16:12:28.978+0000] {processor.py:914} INFO - Processing file /opt/airflow/dags/exemplos/example_distributed_2.py for tasks to queue
[2026-07-04T16:12:28.994+0000] {logging_mixin.py:190} INFO - [2026-07-04T16:12:28.993+0000] {dagbag.py:588} INFO - Filling up the DagBag from /opt/airflow/dags/exemplos/example_distributed_2.py
[2026-07-04T16:12:29.075+0000] {processor.py:925} INFO - DAG(s) 'example_distributed_celery_fixed_sleep' retrieved from /opt/airflow/dags/exemplos/example_distributed_2.py
[2026-07-04T16:12:29.574+0000] {logging_mixin.py:190} INFO - [2026-07-04T16:12:29.574+0000] {dag.py:3239} INFO - Sync 1 DAGs
[2026-07-04T16:12:29.876+0000] {logging_mixin.py:190} INFO - [2026-07-04T16:12:29.875+0000] {dag.py:4180} INFO - Setting next_dagrun for example_distributed_celery_fixed_sleep to None, run_after=None
[2026-07-04T16:12:30.216+0000] {processor.py:208} INFO - Processing /opt/airflow/dags/exemplos/example_distributed_2.py took 1.322 seconds
[2026-07-04T16:13:02.172+0000] {processor.py:186} INFO - Started process (PID=856) to work on /opt/airflow/dags/exemplos/example_distributed_2.py
[2026-07-04T16:13:02.199+0000] {processor.py:914} INFO - Processing file /opt/airflow/dags/exemplos/example_distributed_2.py for tasks to queue
[2026-07-04T16:13:02.227+0000] {logging_mixin.py:190} INFO - [2026-07-04T16:13:02.217+0000] {dagbag.py:588} INFO - Filling up the DagBag from /opt/airflow/dags/exemplos/example_distributed_2.py
[2026-07-04T16:13:02.350+0000] {processor.py:925} INFO - DAG(s) 'example_distributed_celery_fixed_sleep' retrieved from /opt/airflow/dags/exemplos/example_distributed_2.py
[2026-07-04T16:13:02.593+0000] {logging_mixin.py:190} INFO - [2026-07-04T16:13:02.593+0000] {dag.py:3239} INFO - Sync 1 DAGs
[2026-07-04T16:13:02.756+0000] {logging_mixin.py:190} INFO - [2026-07-04T16:13:02.755+0000] {dag.py:4180} INFO - Setting next_dagrun for example_distributed_celery_fixed_sleep to None, run_after=None
[2026-07-04T16:13:02.914+0000] {processor.py:208} INFO - Processing /opt/airflow/dags/exemplos/example_distributed_2.py took 0.811 seconds
[2026-07-04T16:13:34.330+0000] {processor.py:186} INFO - Started process (PID=866) to work on /opt/airflow/dags/exemplos/example_distributed_2.py
[2026-07-04T16:13:34.336+0000] {processor.py:914} INFO - Processing file /opt/airflow/dags/exemplos/example_distributed_2.py for tasks to queue
[2026-07-04T16:13:34.376+0000] {logging_mixin.py:190} INFO - [2026-07-04T16:13:34.375+0000] {dagbag.py:588} INFO - Filling up the DagBag from /opt/airflow/dags/exemplos/example_distributed_2.py
[2026-07-04T16:13:34.627+0000] {processor.py:925} INFO - DAG(s) 'example_distributed_celery_fixed_sleep' retrieved from /opt/airflow/dags/exemplos/example_distributed_2.py
[2026-07-04T16:13:34.927+0000] {logging_mixin.py:190} INFO - [2026-07-04T16:13:34.926+0000] {dag.py:3239} INFO - Sync 1 DAGs
[2026-07-04T16:13:35.058+0000] {logging_mixin.py:190} INFO - [2026-07-04T16:13:35.058+0000] {dag.py:4180} INFO - Setting next_dagrun for example_distributed_celery_fixed_sleep to None, run_after=None
[2026-07-04T16:13:35.214+0000] {processor.py:208} INFO - Processing /opt/airflow/dags/exemplos/example_distributed_2.py took 0.987 seconds
[2026-07-04T16:14:07.115+0000] {processor.py:186} INFO - Started process (PID=877) to work on /opt/airflow/dags/exemplos/example_distributed_2.py
[2026-07-04T16:14:07.130+0000] {processor.py:914} INFO - Processing file /opt/airflow/dags/exemplos/example_distributed_2.py for tasks to queue
[2026-07-04T16:14:07.194+0000] {logging_mixin.py:190} INFO - [2026-07-04T16:14:07.162+0000] {dagbag.py:588} INFO - Filling up the DagBag from /opt/airflow/dags/exemplos/example_distributed_2.py
[2026-07-04T16:14:07.501+0000] {processor.py:925} INFO - DAG(s) 'example_distributed_celery_fixed_sleep' retrieved from /opt/airflow/dags/exemplos/example_distributed_2.py
[2026-07-04T16:14:07.718+0000] {logging_mixin.py:190} INFO - [2026-07-04T16:14:07.717+0000] {dag.py:3239} INFO - Sync 1 DAGs
[2026-07-04T16:14:07.769+0000] {logging_mixin.py:190} INFO - [2026-07-04T16:14:07.768+0000] {dag.py:4180} INFO - Setting next_dagrun for example_distributed_celery_fixed_sleep to None, run_after=None
[2026-07-04T16:14:07.852+0000] {processor.py:208} INFO - Processing /opt/airflow/dags/exemplos/example_distributed_2.py took 0.778 seconds
[2026-07-04T16:14:37.978+0000] {processor.py:186} INFO - Started process (PID=880) to work on /opt/airflow/dags/exemplos/example_distributed_2.py
[2026-07-04T16:14:37.980+0000] {processor.py:914} INFO - Processing file /opt/airflow/dags/exemplos/example_distributed_2.py for tasks to queue
[2026-07-04T16:14:37.985+0000] {logging_mixin.py:190} INFO - [2026-07-04T16:14:37.984+0000] {dagbag.py:588} INFO - Filling up the DagBag from /opt/airflow/dags/exemplos/example_distributed_2.py
[2026-07-04T16:14:38.011+0000] {processor.py:925} INFO - DAG(s) 'example_distributed_celery_fixed_sleep' retrieved from /opt/airflow/dags/exemplos/example_distributed_2.py
[2026-07-04T16:14:38.100+0000] {logging_mixin.py:190} INFO - [2026-07-04T16:14:38.099+0000] {dag.py:3239} INFO - Sync 1 DAGs
[2026-07-04T16:14:38.132+0000] {logging_mixin.py:190} INFO - [2026-07-04T16:14:38.132+0000] {dag.py:4180} INFO - Setting next_dagrun for example_distributed_celery_fixed_sleep to None, run_after=None
[2026-07-04T16:14:38.182+0000] {processor.py:208} INFO - Processing /opt/airflow/dags/exemplos/example_distributed_2.py took 0.216 seconds
[2026-07-04T16:15:08.819+0000] {processor.py:186} INFO - Started process (PID=892) to work on /opt/airflow/dags/exemplos/example_distributed_2.py
[2026-07-04T16:15:08.820+0000] {processor.py:914} INFO - Processing file /opt/airflow/dags/exemplos/example_distributed_2.py for tasks to queue
[2026-07-04T16:15:08.826+0000] {logging_mixin.py:190} INFO - [2026-07-04T16:15:08.825+0000] {dagbag.py:588} INFO - Filling up the DagBag from /opt/airflow/dags/exemplos/example_distributed_2.py
[2026-07-04T16:15:08.851+0000] {processor.py:925} INFO - DAG(s) 'example_distributed_celery_fixed_sleep' retrieved from /opt/airflow/dags/exemplos/example_distributed_2.py
[2026-07-04T16:15:08.902+0000] {logging_mixin.py:190} INFO - [2026-07-04T16:15:08.901+0000] {dag.py:3239} INFO - Sync 1 DAGs
[2026-07-04T16:15:08.928+0000] {logging_mixin.py:190} INFO - [2026-07-04T16:15:08.928+0000] {dag.py:4180} INFO - Setting next_dagrun for example_distributed_celery_fixed_sleep to None, run_after=None
[2026-07-04T16:15:08.964+0000] {processor.py:208} INFO - Processing /opt/airflow/dags/exemplos/example_distributed_2.py took 0.158 seconds
[2026-07-04T16:15:40.193+0000] {processor.py:186} INFO - Started process (PID=902) to work on /opt/airflow/dags/exemplos/example_distributed_2.py
[2026-07-04T16:15:40.195+0000] {processor.py:914} INFO - Processing file /opt/airflow/dags/exemplos/example_distributed_2.py for tasks to queue
[2026-07-04T16:15:40.200+0000] {logging_mixin.py:190} INFO - [2026-07-04T16:15:40.200+0000] {dagbag.py:588} INFO - Filling up the DagBag from /opt/airflow/dags/exemplos/example_distributed_2.py
[2026-07-04T16:15:40.268+0000] {processor.py:925} INFO - DAG(s) 'example_distributed_celery_fixed_sleep' retrieved from /opt/airflow/dags/exemplos/example_distributed_2.py
[2026-07-04T16:15:40.490+0000] {logging_mixin.py:190} INFO - [2026-07-04T16:15:40.489+0000] {dag.py:3239} INFO - Sync 1 DAGs
[2026-07-04T16:15:40.564+0000] {logging_mixin.py:190} INFO - [2026-07-04T16:15:40.564+0000] {dag.py:4180} INFO - Setting next_dagrun for example_distributed_celery_fixed_sleep to None, run_after=None
[2026-07-04T16:15:40.635+0000] {processor.py:208} INFO - Processing /opt/airflow/dags/exemplos/example_distributed_2.py took 0.479 seconds
[2026-07-04T16:16:10.919+0000] {processor.py:186} INFO - Started process (PID=912) to work on /opt/airflow/dags/exemplos/example_distributed_2.py
[2026-07-04T16:16:10.921+0000] {processor.py:914} INFO - Processing file /opt/airflow/dags/exemplos/example_distributed_2.py for tasks to queue
[2026-07-04T16:16:10.925+0000] {logging_mixin.py:190} INFO - [2026-07-04T16:16:10.925+0000] {dagbag.py:588} INFO - Filling up the DagBag from /opt/airflow/dags/exemplos/example_distributed_2.py
[2026-07-04T16:16:10.953+0000] {processor.py:925} INFO - DAG(s) 'example_distributed_celery_fixed_sleep' retrieved from /opt/airflow/dags/exemplos/example_distributed_2.py
[2026-07-04T16:16:11.065+0000] {logging_mixin.py:190} INFO - [2026-07-04T16:16:11.065+0000] {dag.py:3239} INFO - Sync 1 DAGs
[2026-07-04T16:16:11.224+0000] {logging_mixin.py:190} INFO - [2026-07-04T16:16:11.208+0000] {dag.py:4180} INFO - Setting next_dagrun for example_distributed_celery_fixed_sleep to None, run_after=None
[2026-07-04T16:16:11.306+0000] {processor.py:208} INFO - Processing /opt/airflow/dags/exemplos/example_distributed_2.py took 0.403 seconds
[2026-07-04T16:16:41.667+0000] {processor.py:186} INFO - Started process (PID=917) to work on /opt/airflow/dags/exemplos/example_distributed_2.py
[2026-07-04T16:16:41.669+0000] {processor.py:914} INFO - Processing file /opt/airflow/dags/exemplos/example_distributed_2.py for tasks to queue
[2026-07-04T16:16:41.673+0000] {logging_mixin.py:190} INFO - [2026-07-04T16:16:41.672+0000] {dagbag.py:588} INFO - Filling up the DagBag from /opt/airflow/dags/exemplos/example_distributed_2.py
[2026-07-04T16:16:41.698+0000] {processor.py:925} INFO - DAG(s) 'example_distributed_celery_fixed_sleep' retrieved from /opt/airflow/dags/exemplos/example_distributed_2.py
[2026-07-04T16:16:41.774+0000] {logging_mixin.py:190} INFO - [2026-07-04T16:16:41.774+0000] {dag.py:3239} INFO - Sync 1 DAGs
[2026-07-04T16:16:41.808+0000] {logging_mixin.py:190} INFO - [2026-07-04T16:16:41.808+0000] {dag.py:4180} INFO - Setting next_dagrun for example_distributed_celery_fixed_sleep to None, run_after=None
[2026-07-04T16:16:41.846+0000] {processor.py:208} INFO - Processing /opt/airflow/dags/exemplos/example_distributed_2.py took 0.193 seconds
[2026-07-04T16:17:12.404+0000] {processor.py:186} INFO - Started process (PID=928) to work on /opt/airflow/dags/exemplos/example_distributed_2.py
[2026-07-04T16:17:12.405+0000] {processor.py:914} INFO - Processing file /opt/airflow/dags/exemplos/example_distributed_2.py for tasks to queue
[2026-07-04T16:17:12.409+0000] {logging_mixin.py:190} INFO - [2026-07-04T16:17:12.409+0000] {dagbag.py:588} INFO - Filling up the DagBag from /opt/airflow/dags/exemplos/example_distributed_2.py
[2026-07-04T16:17:12.425+0000] {processor.py:925} INFO - DAG(s) 'example_distributed_celery_fixed_sleep' retrieved from /opt/airflow/dags/exemplos/example_distributed_2.py
[2026-07-04T16:17:12.481+0000] {logging_mixin.py:190} INFO - [2026-07-04T16:17:12.480+0000] {dag.py:3239} INFO - Sync 1 DAGs
[2026-07-04T16:17:12.508+0000] {logging_mixin.py:190} INFO - [2026-07-04T16:17:12.507+0000] {dag.py:4180} INFO - Setting next_dagrun for example_distributed_celery_fixed_sleep to None, run_after=None
[2026-07-04T16:17:12.536+0000] {processor.py:208} INFO - Processing /opt/airflow/dags/exemplos/example_distributed_2.py took 0.142 seconds
[2026-07-04T16:17:43.055+0000] {processor.py:186} INFO - Started process (PID=938) to work on /opt/airflow/dags/exemplos/example_distributed_2.py
[2026-07-04T16:17:43.057+0000] {processor.py:914} INFO - Processing file /opt/airflow/dags/exemplos/example_distributed_2.py for tasks to queue
[2026-07-04T16:17:43.060+0000] {logging_mixin.py:190} INFO - [2026-07-04T16:17:43.059+0000] {dagbag.py:588} INFO - Filling up the DagBag from /opt/airflow/dags/exemplos/example_distributed_2.py
[2026-07-04T16:17:43.076+0000] {processor.py:925} INFO - DAG(s) 'example_distributed_celery_fixed_sleep' retrieved from /opt/airflow/dags/exemplos/example_distributed_2.py
[2026-07-04T16:17:43.136+0000] {logging_mixin.py:190} INFO - [2026-07-04T16:17:43.136+0000] {dag.py:3239} INFO - Sync 1 DAGs
[2026-07-04T16:17:43.160+0000] {logging_mixin.py:190} INFO - [2026-07-04T16:17:43.159+0000] {dag.py:4180} INFO - Setting next_dagrun for example_distributed_celery_fixed_sleep to None, run_after=None
[2026-07-04T16:17:43.188+0000] {processor.py:208} INFO - Processing /opt/airflow/dags/exemplos/example_distributed_2.py took 0.142 seconds
[2026-07-04T16:18:13.666+0000] {processor.py:186} INFO - Started process (PID=949) to work on /opt/airflow/dags/exemplos/example_distributed_2.py
[2026-07-04T16:18:13.667+0000] {processor.py:914} INFO - Processing file /opt/airflow/dags/exemplos/example_distributed_2.py for tasks to queue
[2026-07-04T16:18:13.670+0000] {logging_mixin.py:190} INFO - [2026-07-04T16:18:13.670+0000] {dagbag.py:588} INFO - Filling up the DagBag from /opt/airflow/dags/exemplos/example_distributed_2.py
[2026-07-04T16:18:13.689+0000] {processor.py:925} INFO - DAG(s) 'example_distributed_celery_fixed_sleep' retrieved from /opt/airflow/dags/exemplos/example_distributed_2.py
[2026-07-04T16:18:13.738+0000] {logging_mixin.py:190} INFO - [2026-07-04T16:18:13.738+0000] {dag.py:3239} INFO - Sync 1 DAGs
[2026-07-04T16:18:13.763+0000] {logging_mixin.py:190} INFO - [2026-07-04T16:18:13.763+0000] {dag.py:4180} INFO - Setting next_dagrun for example_distributed_celery_fixed_sleep to None, run_after=None
[2026-07-04T16:18:13.796+0000] {processor.py:208} INFO - Processing /opt/airflow/dags/exemplos/example_distributed_2.py took 0.141 seconds
[2026-07-04T16:18:44.373+0000] {processor.py:186} INFO - Started process (PID=959) to work on /opt/airflow/dags/exemplos/example_distributed_2.py
[2026-07-04T16:18:44.386+0000] {processor.py:914} INFO - Processing file /opt/airflow/dags/exemplos/example_distributed_2.py for tasks to queue
[2026-07-04T16:18:44.410+0000] {logging_mixin.py:190} INFO - [2026-07-04T16:18:44.403+0000] {dagbag.py:588} INFO - Filling up the DagBag from /opt/airflow/dags/exemplos/example_distributed_2.py
[2026-07-04T16:18:44.468+0000] {processor.py:925} INFO - DAG(s) 'example_distributed_celery_fixed_sleep' retrieved from /opt/airflow/dags/exemplos/example_distributed_2.py
[2026-07-04T16:18:44.614+0000] {logging_mixin.py:190} INFO - [2026-07-04T16:18:44.611+0000] {dag.py:3239} INFO - Sync 1 DAGs
[2026-07-04T16:18:44.687+0000] {logging_mixin.py:190} INFO - [2026-07-04T16:18:44.683+0000] {dag.py:4180} INFO - Setting next_dagrun for example_distributed_celery_fixed_sleep to None, run_after=None
[2026-07-04T16:18:44.775+0000] {processor.py:208} INFO - Processing /opt/airflow/dags/exemplos/example_distributed_2.py took 0.459 seconds
[2026-07-04T16:19:15.227+0000] {processor.py:186} INFO - Started process (PID=964) to work on /opt/airflow/dags/exemplos/example_distributed_2.py
[2026-07-04T16:19:15.229+0000] {processor.py:914} INFO - Processing file /opt/airflow/dags/exemplos/example_distributed_2.py for tasks to queue
[2026-07-04T16:19:15.233+0000] {logging_mixin.py:190} INFO - [2026-07-04T16:19:15.233+0000] {dagbag.py:588} INFO - Filling up the DagBag from /opt/airflow/dags/exemplos/example_distributed_2.py
[2026-07-04T16:19:15.259+0000] {processor.py:925} INFO - DAG(s) 'example_distributed_celery_fixed_sleep' retrieved from /opt/airflow/dags/exemplos/example_distributed_2.py
[2026-07-04T16:19:15.324+0000] {logging_mixin.py:190} INFO - [2026-07-04T16:19:15.323+0000] {dag.py:3239} INFO - Sync 1 DAGs
[2026-07-04T16:19:15.359+0000] {logging_mixin.py:190} INFO - [2026-07-04T16:19:15.359+0000] {dag.py:4180} INFO - Setting next_dagrun for example_distributed_celery_fixed_sleep to None, run_after=None
[2026-07-04T16:19:15.402+0000] {processor.py:208} INFO - Processing /opt/airflow/dags/exemplos/example_distributed_2.py took 0.188 seconds
[2026-07-04T16:19:45.882+0000] {processor.py:186} INFO - Started process (PID=975) to work on /opt/airflow/dags/exemplos/example_distributed_2.py
[2026-07-04T16:19:45.884+0000] {processor.py:914} INFO - Processing file /opt/airflow/dags/exemplos/example_distributed_2.py for tasks to queue
[2026-07-04T16:19:45.888+0000] {logging_mixin.py:190} INFO - [2026-07-04T16:19:45.888+0000] {dagbag.py:588} INFO - Filling up the DagBag from /opt/airflow/dags/exemplos/example_distributed_2.py
[2026-07-04T16:19:45.917+0000] {processor.py:925} INFO - DAG(s) 'example_distributed_celery_fixed_sleep' retrieved from /opt/airflow/dags/exemplos/example_distributed_2.py
[2026-07-04T16:19:45.977+0000] {logging_mixin.py:190} INFO - [2026-07-04T16:19:45.977+0000] {dag.py:3239} INFO - Sync 1 DAGs
[2026-07-04T16:19:46.006+0000] {logging_mixin.py:190} INFO - [2026-07-04T16:19:46.005+0000] {dag.py:4180} INFO - Setting next_dagrun for example_distributed_celery_fixed_sleep to None, run_after=None
[2026-07-04T16:19:46.053+0000] {processor.py:208} INFO - Processing /opt/airflow/dags/exemplos/example_distributed_2.py took 0.185 seconds
[2026-07-04T16:20:16.602+0000] {processor.py:186} INFO - Started process (PID=985) to work on /opt/airflow/dags/exemplos/example_distributed_2.py
[2026-07-04T16:20:16.604+0000] {processor.py:914} INFO - Processing file /opt/airflow/dags/exemplos/example_distributed_2.py for tasks to queue
[2026-07-04T16:20:16.608+0000] {logging_mixin.py:190} INFO - [2026-07-04T16:20:16.607+0000] {dagbag.py:588} INFO - Filling up the DagBag from /opt/airflow/dags/exemplos/example_distributed_2.py
[2026-07-04T16:20:16.650+0000] {processor.py:925} INFO - DAG(s) 'example_distributed_celery_fixed_sleep' retrieved from /opt/airflow/dags/exemplos/example_distributed_2.py
[2026-07-04T16:20:16.708+0000] {logging_mixin.py:190} INFO - [2026-07-04T16:20:16.707+0000] {dag.py:3239} INFO - Sync 1 DAGs
[2026-07-04T16:20:16.734+0000] {logging_mixin.py:190} INFO - [2026-07-04T16:20:16.733+0000] {dag.py:4180} INFO - Setting next_dagrun for example_distributed_celery_fixed_sleep to None, run_after=None
[2026-07-04T16:20:16.772+0000] {processor.py:208} INFO - Processing /opt/airflow/dags/exemplos/example_distributed_2.py took 0.186 seconds
[2026-07-04T16:20:46.880+0000] {processor.py:186} INFO - Started process (PID=996) to work on /opt/airflow/dags/exemplos/example_distributed_2.py
[2026-07-04T16:20:46.882+0000] {processor.py:914} INFO - Processing file /opt/airflow/dags/exemplos/example_distributed_2.py for tasks to queue
[2026-07-04T16:20:46.900+0000] {logging_mixin.py:190} INFO - [2026-07-04T16:20:46.892+0000] {dagbag.py:588} INFO - Filling up the DagBag from /opt/airflow/dags/exemplos/example_distributed_2.py
[2026-07-04T16:20:46.957+0000] {processor.py:925} INFO - DAG(s) 'example_distributed_celery_fixed_sleep' retrieved from /opt/airflow/dags/exemplos/example_distributed_2.py
[2026-07-04T16:20:47.195+0000] {logging_mixin.py:190} INFO - [2026-07-04T16:20:47.195+0000] {dag.py:3239} INFO - Sync 1 DAGs
[2026-07-04T16:20:47.390+0000] {logging_mixin.py:190} INFO - [2026-07-04T16:20:47.390+0000] {dag.py:4180} INFO - Setting next_dagrun for example_distributed_celery_fixed_sleep to None, run_after=None
[2026-07-04T16:20:47.657+0000] {processor.py:208} INFO - Processing /opt/airflow/dags/exemplos/example_distributed_2.py took 0.791 seconds
[2026-07-04T16:21:17.917+0000] {processor.py:186} INFO - Started process (PID=1005) to work on /opt/airflow/dags/exemplos/example_distributed_2.py
[2026-07-04T16:21:17.971+0000] {processor.py:914} INFO - Processing file /opt/airflow/dags/exemplos/example_distributed_2.py for tasks to queue
[2026-07-04T16:21:17.991+0000] {logging_mixin.py:190} INFO - [2026-07-04T16:21:17.991+0000] {dagbag.py:588} INFO - Filling up the DagBag from /opt/airflow/dags/exemplos/example_distributed_2.py
[2026-07-04T16:21:18.150+0000] {processor.py:925} INFO - DAG(s) 'example_distributed_celery_fixed_sleep' retrieved from /opt/airflow/dags/exemplos/example_distributed_2.py
[2026-07-04T16:21:18.372+0000] {logging_mixin.py:190} INFO - [2026-07-04T16:21:18.371+0000] {dag.py:3239} INFO - Sync 1 DAGs
[2026-07-04T16:21:18.414+0000] {logging_mixin.py:190} INFO - [2026-07-04T16:21:18.414+0000] {dag.py:4180} INFO - Setting next_dagrun for example_distributed_celery_fixed_sleep to None, run_after=None
[2026-07-04T16:21:18.485+0000] {processor.py:208} INFO - Processing /opt/airflow/dags/exemplos/example_distributed_2.py took 0.605 seconds
[2026-07-04T16:21:48.842+0000] {processor.py:186} INFO - Started process (PID=1015) to work on /opt/airflow/dags/exemplos/example_distributed_2.py
[2026-07-04T16:21:48.864+0000] {processor.py:914} INFO - Processing file /opt/airflow/dags/exemplos/example_distributed_2.py for tasks to queue
[2026-07-04T16:21:48.880+0000] {logging_mixin.py:190} INFO - [2026-07-04T16:21:48.880+0000] {dagbag.py:588} INFO - Filling up the DagBag from /opt/airflow/dags/exemplos/example_distributed_2.py
[2026-07-04T16:21:48.974+0000] {processor.py:925} INFO - DAG(s) 'example_distributed_celery_fixed_sleep' retrieved from /opt/airflow/dags/exemplos/example_distributed_2.py
[2026-07-04T16:21:49.238+0000] {logging_mixin.py:190} INFO - [2026-07-04T16:21:49.238+0000] {dag.py:3239} INFO - Sync 1 DAGs
[2026-07-04T16:21:49.358+0000] {logging_mixin.py:190} INFO - [2026-07-04T16:21:49.352+0000] {dag.py:4180} INFO - Setting next_dagrun for example_distributed_celery_fixed_sleep to None, run_after=None
[2026-07-04T16:21:49.467+0000] {processor.py:208} INFO - Processing /opt/airflow/dags/exemplos/example_distributed_2.py took 0.687 seconds
[2026-07-04T16:22:19.979+0000] {processor.py:186} INFO - Started process (PID=1019) to work on /opt/airflow/dags/exemplos/example_distributed_2.py
[2026-07-04T16:22:19.984+0000] {processor.py:914} INFO - Processing file /opt/airflow/dags/exemplos/example_distributed_2.py for tasks to queue
[2026-07-04T16:22:19.994+0000] {logging_mixin.py:190} INFO - [2026-07-04T16:22:19.993+0000] {dagbag.py:588} INFO - Filling up the DagBag from /opt/airflow/dags/exemplos/example_distributed_2.py
[2026-07-04T16:22:20.052+0000] {processor.py:925} INFO - DAG(s) 'example_distributed_celery_fixed_sleep' retrieved from /opt/airflow/dags/exemplos/example_distributed_2.py
[2026-07-04T16:22:20.196+0000] {logging_mixin.py:190} INFO - [2026-07-04T16:22:20.196+0000] {dag.py:3239} INFO - Sync 1 DAGs
[2026-07-04T16:22:20.266+0000] {logging_mixin.py:190} INFO - [2026-07-04T16:22:20.265+0000] {dag.py:4180} INFO - Setting next_dagrun for example_distributed_celery_fixed_sleep to None, run_after=None
[2026-07-04T16:22:20.332+0000] {processor.py:208} INFO - Processing /opt/airflow/dags/exemplos/example_distributed_2.py took 0.399 seconds
[2026-07-04T16:22:50.796+0000] {processor.py:186} INFO - Started process (PID=1029) to work on /opt/airflow/dags/exemplos/example_distributed_2.py
[2026-07-04T16:22:50.799+0000] {processor.py:914} INFO - Processing file /opt/airflow/dags/exemplos/example_distributed_2.py for tasks to queue
[2026-07-04T16:22:50.808+0000] {logging_mixin.py:190} INFO - [2026-07-04T16:22:50.803+0000] {dagbag.py:588} INFO - Filling up the DagBag from /opt/airflow/dags/exemplos/example_distributed_2.py
[2026-07-04T16:22:50.841+0000] {processor.py:925} INFO - DAG(s) 'example_distributed_celery_fixed_sleep' retrieved from /opt/airflow/dags/exemplos/example_distributed_2.py
[2026-07-04T16:22:50.927+0000] {logging_mixin.py:190} INFO - [2026-07-04T16:22:50.926+0000] {dag.py:3239} INFO - Sync 1 DAGs
[2026-07-04T16:22:50.964+0000] {logging_mixin.py:190} INFO - [2026-07-04T16:22:50.964+0000] {dag.py:4180} INFO - Setting next_dagrun for example_distributed_celery_fixed_sleep to None, run_after=None
[2026-07-04T16:22:51.014+0000] {processor.py:208} INFO - Processing /opt/airflow/dags/exemplos/example_distributed_2.py took 0.238 seconds
[2026-07-04T16:23:21.387+0000] {processor.py:186} INFO - Started process (PID=1040) to work on /opt/airflow/dags/exemplos/example_distributed_2.py
[2026-07-04T16:23:21.389+0000] {processor.py:914} INFO - Processing file /opt/airflow/dags/exemplos/example_distributed_2.py for tasks to queue
[2026-07-04T16:23:21.406+0000] {logging_mixin.py:190} INFO - [2026-07-04T16:23:21.400+0000] {dagbag.py:588} INFO - Filling up the DagBag from /opt/airflow/dags/exemplos/example_distributed_2.py
[2026-07-04T16:23:21.494+0000] {processor.py:925} INFO - DAG(s) 'example_distributed_celery_fixed_sleep' retrieved from /opt/airflow/dags/exemplos/example_distributed_2.py
[2026-07-04T16:23:21.617+0000] {logging_mixin.py:190} INFO - [2026-07-04T16:23:21.616+0000] {dag.py:3239} INFO - Sync 1 DAGs
[2026-07-04T16:23:21.654+0000] {logging_mixin.py:190} INFO - [2026-07-04T16:23:21.653+0000] {dag.py:4180} INFO - Setting next_dagrun for example_distributed_celery_fixed_sleep to None, run_after=None
[2026-07-04T16:23:21.694+0000] {processor.py:208} INFO - Processing /opt/airflow/dags/exemplos/example_distributed_2.py took 0.328 seconds
[2026-07-04T16:23:51.836+0000] {processor.py:186} INFO - Started process (PID=1051) to work on /opt/airflow/dags/exemplos/example_distributed_2.py
[2026-07-04T16:23:51.837+0000] {processor.py:914} INFO - Processing file /opt/airflow/dags/exemplos/example_distributed_2.py for tasks to queue
[2026-07-04T16:23:51.841+0000] {logging_mixin.py:190} INFO - [2026-07-04T16:23:51.840+0000] {dagbag.py:588} INFO - Filling up the DagBag from /opt/airflow/dags/exemplos/example_distributed_2.py
[2026-07-04T16:23:51.859+0000] {processor.py:925} INFO - DAG(s) 'example_distributed_celery_fixed_sleep' retrieved from /opt/airflow/dags/exemplos/example_distributed_2.py
[2026-07-04T16:23:51.902+0000] {logging_mixin.py:190} INFO - [2026-07-04T16:23:51.901+0000] {dag.py:3239} INFO - Sync 1 DAGs
[2026-07-04T16:23:51.928+0000] {logging_mixin.py:190} INFO - [2026-07-04T16:23:51.927+0000] {dag.py:4180} INFO - Setting next_dagrun for example_distributed_celery_fixed_sleep to None, run_after=None
[2026-07-04T16:23:51.958+0000] {processor.py:208} INFO - Processing /opt/airflow/dags/exemplos/example_distributed_2.py took 0.131 seconds
[2026-07-04T16:24:22.452+0000] {processor.py:186} INFO - Started process (PID=1062) to work on /opt/airflow/dags/exemplos/example_distributed_2.py
[2026-07-04T16:24:22.453+0000] {processor.py:914} INFO - Processing file /opt/airflow/dags/exemplos/example_distributed_2.py for tasks to queue
[2026-07-04T16:24:22.456+0000] {logging_mixin.py:190} INFO - [2026-07-04T16:24:22.455+0000] {dagbag.py:588} INFO - Filling up the DagBag from /opt/airflow/dags/exemplos/example_distributed_2.py
[2026-07-04T16:24:22.472+0000] {processor.py:925} INFO - DAG(s) 'example_distributed_celery_fixed_sleep' retrieved from /opt/airflow/dags/exemplos/example_distributed_2.py
[2026-07-04T16:24:22.513+0000] {logging_mixin.py:190} INFO - [2026-07-04T16:24:22.512+0000] {dag.py:3239} INFO - Sync 1 DAGs
[2026-07-04T16:24:22.538+0000] {logging_mixin.py:190} INFO - [2026-07-04T16:24:22.537+0000] {dag.py:4180} INFO - Setting next_dagrun for example_distributed_celery_fixed_sleep to None, run_after=None
[2026-07-04T16:24:22.570+0000] {processor.py:208} INFO - Processing /opt/airflow/dags/exemplos/example_distributed_2.py took 0.131 seconds
[2026-07-04T16:24:53.178+0000] {processor.py:186} INFO - Started process (PID=1072) to work on /opt/airflow/dags/exemplos/example_distributed_2.py
[2026-07-04T16:24:53.180+0000] {processor.py:914} INFO - Processing file /opt/airflow/dags/exemplos/example_distributed_2.py for tasks to queue
[2026-07-04T16:24:53.184+0000] {logging_mixin.py:190} INFO - [2026-07-04T16:24:53.183+0000] {dagbag.py:588} INFO - Filling up the DagBag from /opt/airflow/dags/exemplos/example_distributed_2.py
[2026-07-04T16:24:53.208+0000] {processor.py:925} INFO - DAG(s) 'example_distributed_celery_fixed_sleep' retrieved from /opt/airflow/dags/exemplos/example_distributed_2.py
[2026-07-04T16:24:53.277+0000] {logging_mixin.py:190} INFO - [2026-07-04T16:24:53.277+0000] {dag.py:3239} INFO - Sync 1 DAGs
[2026-07-04T16:24:53.314+0000] {logging_mixin.py:190} INFO - [2026-07-04T16:24:53.314+0000] {dag.py:4180} INFO - Setting next_dagrun for example_distributed_celery_fixed_sleep to None, run_after=None
[2026-07-04T16:24:53.361+0000] {processor.py:208} INFO - Processing /opt/airflow/dags/exemplos/example_distributed_2.py took 0.195 seconds
[2026-07-04T16:25:23.874+0000] {processor.py:186} INFO - Started process (PID=1077) to work on /opt/airflow/dags/exemplos/example_distributed_2.py
[2026-07-04T16:25:23.876+0000] {processor.py:914} INFO - Processing file /opt/airflow/dags/exemplos/example_distributed_2.py for tasks to queue
[2026-07-04T16:25:23.880+0000] {logging_mixin.py:190} INFO - [2026-07-04T16:25:23.879+0000] {dagbag.py:588} INFO - Filling up the DagBag from /opt/airflow/dags/exemplos/example_distributed_2.py
[2026-07-04T16:25:23.908+0000] {processor.py:925} INFO - DAG(s) 'example_distributed_celery_fixed_sleep' retrieved from /opt/airflow/dags/exemplos/example_distributed_2.py
[2026-07-04T16:25:24.001+0000] {logging_mixin.py:190} INFO - [2026-07-04T16:25:24.000+0000] {dag.py:3239} INFO - Sync 1 DAGs
[2026-07-04T16:25:24.053+0000] {logging_mixin.py:190} INFO - [2026-07-04T16:25:24.053+0000] {dag.py:4180} INFO - Setting next_dagrun for example_distributed_celery_fixed_sleep to None, run_after=None
[2026-07-04T16:25:24.109+0000] {processor.py:208} INFO - Processing /opt/airflow/dags/exemplos/example_distributed_2.py took 0.253 seconds
[2026-07-04T16:25:54.398+0000] {processor.py:186} INFO - Started process (PID=1088) to work on /opt/airflow/dags/exemplos/example_distributed_2.py
[2026-07-04T16:25:54.400+0000] {processor.py:914} INFO - Processing file /opt/airflow/dags/exemplos/example_distributed_2.py for tasks to queue
[2026-07-04T16:25:54.404+0000] {logging_mixin.py:190} INFO - [2026-07-04T16:25:54.403+0000] {dagbag.py:588} INFO - Filling up the DagBag from /opt/airflow/dags/exemplos/example_distributed_2.py
[2026-07-04T16:25:54.429+0000] {processor.py:925} INFO - DAG(s) 'example_distributed_celery_fixed_sleep' retrieved from /opt/airflow/dags/exemplos/example_distributed_2.py
[2026-07-04T16:25:54.502+0000] {logging_mixin.py:190} INFO - [2026-07-04T16:25:54.502+0000] {dag.py:3239} INFO - Sync 1 DAGs
[2026-07-04T16:25:54.540+0000] {logging_mixin.py:190} INFO - [2026-07-04T16:25:54.540+0000] {dag.py:4180} INFO - Setting next_dagrun for example_distributed_celery_fixed_sleep to None, run_after=None
[2026-07-04T16:25:54.588+0000] {processor.py:208} INFO - Processing /opt/airflow/dags/exemplos/example_distributed_2.py took 0.202 seconds
[2026-07-04T16:26:25.451+0000] {processor.py:186} INFO - Started process (PID=1106) to work on /opt/airflow/dags/exemplos/example_distributed_2.py
[2026-07-04T16:26:25.453+0000] {processor.py:914} INFO - Processing file /opt/airflow/dags/exemplos/example_distributed_2.py for tasks to queue
[2026-07-04T16:26:25.458+0000] {logging_mixin.py:190} INFO - [2026-07-04T16:26:25.457+0000] {dagbag.py:588} INFO - Filling up the DagBag from /opt/airflow/dags/exemplos/example_distributed_2.py
[2026-07-04T16:26:25.484+0000] {processor.py:925} INFO - DAG(s) 'example_distributed_celery_fixed_sleep' retrieved from /opt/airflow/dags/exemplos/example_distributed_2.py
[2026-07-04T16:26:25.567+0000] {logging_mixin.py:190} INFO - [2026-07-04T16:26:25.567+0000] {dag.py:3239} INFO - Sync 1 DAGs
[2026-07-04T16:26:25.610+0000] {logging_mixin.py:190} INFO - [2026-07-04T16:26:25.609+0000] {dag.py:4180} INFO - Setting next_dagrun for example_distributed_celery_fixed_sleep to None, run_after=None
[2026-07-04T16:26:25.663+0000] {processor.py:208} INFO - Processing /opt/airflow/dags/exemplos/example_distributed_2.py took 0.227 seconds
[2026-07-04T16:26:56.211+0000] {processor.py:186} INFO - Started process (PID=1117) to work on /opt/airflow/dags/exemplos/example_distributed_2.py
[2026-07-04T16:26:56.213+0000] {processor.py:914} INFO - Processing file /opt/airflow/dags/exemplos/example_distributed_2.py for tasks to queue
[2026-07-04T16:26:56.218+0000] {logging_mixin.py:190} INFO - [2026-07-04T16:26:56.218+0000] {dagbag.py:588} INFO - Filling up the DagBag from /opt/airflow/dags/exemplos/example_distributed_2.py
[2026-07-04T16:26:56.244+0000] {processor.py:925} INFO - DAG(s) 'example_distributed_celery_fixed_sleep' retrieved from /opt/airflow/dags/exemplos/example_distributed_2.py
[2026-07-04T16:26:56.307+0000] {logging_mixin.py:190} INFO - [2026-07-04T16:26:56.307+0000] {dag.py:3239} INFO - Sync 1 DAGs
[2026-07-04T16:26:56.332+0000] {logging_mixin.py:190} INFO - [2026-07-04T16:26:56.332+0000] {dag.py:4180} INFO - Setting next_dagrun for example_distributed_celery_fixed_sleep to None, run_after=None
[2026-07-04T16:26:56.364+0000] {processor.py:208} INFO - Processing /opt/airflow/dags/exemplos/example_distributed_2.py took 0.167 seconds
[2026-07-04T16:27:26.939+0000] {processor.py:186} INFO - Started process (PID=1129) to work on /opt/airflow/dags/exemplos/example_distributed_2.py
[2026-07-04T16:27:26.940+0000] {processor.py:914} INFO - Processing file /opt/airflow/dags/exemplos/example_distributed_2.py for tasks to queue
[2026-07-04T16:27:26.943+0000] {logging_mixin.py:190} INFO - [2026-07-04T16:27:26.942+0000] {dagbag.py:588} INFO - Filling up the DagBag from /opt/airflow/dags/exemplos/example_distributed_2.py
[2026-07-04T16:27:26.960+0000] {processor.py:925} INFO - DAG(s) 'example_distributed_celery_fixed_sleep' retrieved from /opt/airflow/dags/exemplos/example_distributed_2.py
[2026-07-04T16:27:27.004+0000] {logging_mixin.py:190} INFO - [2026-07-04T16:27:27.003+0000] {dag.py:3239} INFO - Sync 1 DAGs
[2026-07-04T16:27:27.034+0000] {logging_mixin.py:190} INFO - [2026-07-04T16:27:27.033+0000] {dag.py:4180} INFO - Setting next_dagrun for example_distributed_celery_fixed_sleep to None, run_after=None
[2026-07-04T16:27:27.067+0000] {processor.py:208} INFO - Processing /opt/airflow/dags/exemplos/example_distributed_2.py took 0.138 seconds
[2026-07-04T16:27:57.743+0000] {processor.py:186} INFO - Started process (PID=1140) to work on /opt/airflow/dags/exemplos/example_distributed_2.py
[2026-07-04T16:27:57.744+0000] {processor.py:914} INFO - Processing file /opt/airflow/dags/exemplos/example_distributed_2.py for tasks to queue
[2026-07-04T16:27:57.748+0000] {logging_mixin.py:190} INFO - [2026-07-04T16:27:57.748+0000] {dagbag.py:588} INFO - Filling up the DagBag from /opt/airflow/dags/exemplos/example_distributed_2.py
[2026-07-04T16:27:57.765+0000] {processor.py:925} INFO - DAG(s) 'example_distributed_celery_fixed_sleep' retrieved from /opt/airflow/dags/exemplos/example_distributed_2.py
[2026-07-04T16:27:57.808+0000] {logging_mixin.py:190} INFO - [2026-07-04T16:27:57.807+0000] {dag.py:3239} INFO - Sync 1 DAGs
[2026-07-04T16:27:57.839+0000] {logging_mixin.py:190} INFO - [2026-07-04T16:27:57.839+0000] {dag.py:4180} INFO - Setting next_dagrun for example_distributed_celery_fixed_sleep to None, run_after=None
[2026-07-04T16:27:57.875+0000] {processor.py:208} INFO - Processing /opt/airflow/dags/exemplos/example_distributed_2.py took 0.144 seconds
[2026-07-04T16:28:28.193+0000] {processor.py:186} INFO - Started process (PID=1149) to work on /opt/airflow/dags/exemplos/example_distributed_2.py
[2026-07-04T16:28:28.194+0000] {processor.py:914} INFO - Processing file /opt/airflow/dags/exemplos/example_distributed_2.py for tasks to queue
[2026-07-04T16:28:28.198+0000] {logging_mixin.py:190} INFO - [2026-07-04T16:28:28.197+0000] {dagbag.py:588} INFO - Filling up the DagBag from /opt/airflow/dags/exemplos/example_distributed_2.py
[2026-07-04T16:28:28.218+0000] {processor.py:925} INFO - DAG(s) 'example_distributed_celery_fixed_sleep' retrieved from /opt/airflow/dags/exemplos/example_distributed_2.py
[2026-07-04T16:28:28.275+0000] {logging_mixin.py:190} INFO - [2026-07-04T16:28:28.275+0000] {dag.py:3239} INFO - Sync 1 DAGs
[2026-07-04T16:28:28.298+0000] {logging_mixin.py:190} INFO - [2026-07-04T16:28:28.298+0000] {dag.py:4180} INFO - Setting next_dagrun for example_distributed_celery_fixed_sleep to None, run_after=None
[2026-07-04T16:28:28.327+0000] {processor.py:208} INFO - Processing /opt/airflow/dags/exemplos/example_distributed_2.py took 0.150 seconds
[2026-07-04T16:28:58.858+0000] {processor.py:186} INFO - Started process (PID=1154) to work on /opt/airflow/dags/exemplos/example_distributed_2.py
[2026-07-04T16:28:58.861+0000] {processor.py:914} INFO - Processing file /opt/airflow/dags/exemplos/example_distributed_2.py for tasks to queue
[2026-07-04T16:28:58.867+0000] {logging_mixin.py:190} INFO - [2026-07-04T16:28:58.866+0000] {dagbag.py:588} INFO - Filling up the DagBag from /opt/airflow/dags/exemplos/example_distributed_2.py
[2026-07-04T16:28:58.895+0000] {processor.py:925} INFO - DAG(s) 'example_distributed_celery_fixed_sleep' retrieved from /opt/airflow/dags/exemplos/example_distributed_2.py
[2026-07-04T16:28:58.962+0000] {logging_mixin.py:190} INFO - [2026-07-04T16:28:58.962+0000] {dag.py:3239} INFO - Sync 1 DAGs
[2026-07-04T16:28:58.996+0000] {logging_mixin.py:190} INFO - [2026-07-04T16:28:58.995+0000] {dag.py:4180} INFO - Setting next_dagrun for example_distributed_celery_fixed_sleep to None, run_after=None
[2026-07-04T16:28:59.044+0000] {processor.py:208} INFO - Processing /opt/airflow/dags/exemplos/example_distributed_2.py took 0.212 seconds
[2026-07-04T16:29:29.429+0000] {processor.py:186} INFO - Started process (PID=1165) to work on /opt/airflow/dags/exemplos/example_distributed_2.py
[2026-07-04T16:29:29.430+0000] {processor.py:914} INFO - Processing file /opt/airflow/dags/exemplos/example_distributed_2.py for tasks to queue
[2026-07-04T16:29:29.434+0000] {logging_mixin.py:190} INFO - [2026-07-04T16:29:29.434+0000] {dagbag.py:588} INFO - Filling up the DagBag from /opt/airflow/dags/exemplos/example_distributed_2.py
[2026-07-04T16:29:29.458+0000] {processor.py:925} INFO - DAG(s) 'example_distributed_celery_fixed_sleep' retrieved from /opt/airflow/dags/exemplos/example_distributed_2.py
[2026-07-04T16:29:29.528+0000] {logging_mixin.py:190} INFO - [2026-07-04T16:29:29.527+0000] {dag.py:3239} INFO - Sync 1 DAGs
[2026-07-04T16:29:29.565+0000] {logging_mixin.py:190} INFO - [2026-07-04T16:29:29.564+0000] {dag.py:4180} INFO - Setting next_dagrun for example_distributed_celery_fixed_sleep to None, run_after=None
[2026-07-04T16:29:29.604+0000] {processor.py:208} INFO - Processing /opt/airflow/dags/exemplos/example_distributed_2.py took 0.187 seconds
[2026-07-04T16:30:00.263+0000] {processor.py:186} INFO - Started process (PID=1175) to work on /opt/airflow/dags/exemplos/example_distributed_2.py
[2026-07-04T16:30:00.264+0000] {processor.py:914} INFO - Processing file /opt/airflow/dags/exemplos/example_distributed_2.py for tasks to queue
[2026-07-04T16:30:00.267+0000] {logging_mixin.py:190} INFO - [2026-07-04T16:30:00.267+0000] {dagbag.py:588} INFO - Filling up the DagBag from /opt/airflow/dags/exemplos/example_distributed_2.py
[2026-07-04T16:30:00.284+0000] {processor.py:925} INFO - DAG(s) 'example_distributed_celery_fixed_sleep' retrieved from /opt/airflow/dags/exemplos/example_distributed_2.py
[2026-07-04T16:30:00.350+0000] {logging_mixin.py:190} INFO - [2026-07-04T16:30:00.349+0000] {dag.py:3239} INFO - Sync 1 DAGs
[2026-07-04T16:30:00.374+0000] {logging_mixin.py:190} INFO - [2026-07-04T16:30:00.374+0000] {dag.py:4180} INFO - Setting next_dagrun for example_distributed_celery_fixed_sleep to None, run_after=None
[2026-07-04T16:30:00.408+0000] {processor.py:208} INFO - Processing /opt/airflow/dags/exemplos/example_distributed_2.py took 0.158 seconds
[2026-07-04T16:30:30.906+0000] {processor.py:186} INFO - Started process (PID=1186) to work on /opt/airflow/dags/exemplos/example_distributed_2.py
[2026-07-04T16:30:30.908+0000] {processor.py:914} INFO - Processing file /opt/airflow/dags/exemplos/example_distributed_2.py for tasks to queue
[2026-07-04T16:30:30.915+0000] {logging_mixin.py:190} INFO - [2026-07-04T16:30:30.913+0000] {dagbag.py:588} INFO - Filling up the DagBag from /opt/airflow/dags/exemplos/example_distributed_2.py
[2026-07-04T16:30:30.963+0000] {processor.py:925} INFO - DAG(s) 'example_distributed_celery_fixed_sleep' retrieved from /opt/airflow/dags/exemplos/example_distributed_2.py
[2026-07-04T16:30:31.044+0000] {logging_mixin.py:190} INFO - [2026-07-04T16:30:31.043+0000] {dag.py:3239} INFO - Sync 1 DAGs
[2026-07-04T16:30:31.101+0000] {logging_mixin.py:190} INFO - [2026-07-04T16:30:31.100+0000] {dag.py:4180} INFO - Setting next_dagrun for example_distributed_celery_fixed_sleep to None, run_after=None
[2026-07-04T16:30:31.149+0000] {processor.py:208} INFO - Processing /opt/airflow/dags/exemplos/example_distributed_2.py took 0.263 seconds
[2026-07-04T16:31:01.639+0000] {processor.py:186} INFO - Started process (PID=1196) to work on /opt/airflow/dags/exemplos/example_distributed_2.py
[2026-07-04T16:31:01.640+0000] {processor.py:914} INFO - Processing file /opt/airflow/dags/exemplos/example_distributed_2.py for tasks to queue
[2026-07-04T16:31:01.643+0000] {logging_mixin.py:190} INFO - [2026-07-04T16:31:01.642+0000] {dagbag.py:588} INFO - Filling up the DagBag from /opt/airflow/dags/exemplos/example_distributed_2.py
[2026-07-04T16:31:01.658+0000] {processor.py:925} INFO - DAG(s) 'example_distributed_celery_fixed_sleep' retrieved from /opt/airflow/dags/exemplos/example_distributed_2.py
[2026-07-04T16:31:01.715+0000] {logging_mixin.py:190} INFO - [2026-07-04T16:31:01.714+0000] {dag.py:3239} INFO - Sync 1 DAGs
[2026-07-04T16:31:01.737+0000] {logging_mixin.py:190} INFO - [2026-07-04T16:31:01.737+0000] {dag.py:4180} INFO - Setting next_dagrun for example_distributed_celery_fixed_sleep to None, run_after=None
[2026-07-04T16:31:01.770+0000] {processor.py:208} INFO - Processing /opt/airflow/dags/exemplos/example_distributed_2.py took 0.143 seconds
[2026-07-04T16:31:32.350+0000] {processor.py:186} INFO - Started process (PID=1207) to work on /opt/airflow/dags/exemplos/example_distributed_2.py
[2026-07-04T16:31:32.352+0000] {processor.py:914} INFO - Processing file /opt/airflow/dags/exemplos/example_distributed_2.py for tasks to queue
[2026-07-04T16:31:32.356+0000] {logging_mixin.py:190} INFO - [2026-07-04T16:31:32.355+0000] {dagbag.py:588} INFO - Filling up the DagBag from /opt/airflow/dags/exemplos/example_distributed_2.py
[2026-07-04T16:31:32.380+0000] {processor.py:925} INFO - DAG(s) 'example_distributed_celery_fixed_sleep' retrieved from /opt/airflow/dags/exemplos/example_distributed_2.py
[2026-07-04T16:31:32.448+0000] {logging_mixin.py:190} INFO - [2026-07-04T16:31:32.447+0000] {dag.py:3239} INFO - Sync 1 DAGs
[2026-07-04T16:31:32.485+0000] {logging_mixin.py:190} INFO - [2026-07-04T16:31:32.484+0000] {dag.py:4180} INFO - Setting next_dagrun for example_distributed_celery_fixed_sleep to None, run_after=None
[2026-07-04T16:31:32.528+0000] {processor.py:208} INFO - Processing /opt/airflow/dags/exemplos/example_distributed_2.py took 0.191 seconds
[2026-07-04T16:32:02.894+0000] {processor.py:186} INFO - Started process (PID=1218) to work on /opt/airflow/dags/exemplos/example_distributed_2.py
[2026-07-04T16:32:02.896+0000] {processor.py:914} INFO - Processing file /opt/airflow/dags/exemplos/example_distributed_2.py for tasks to queue
[2026-07-04T16:32:02.899+0000] {logging_mixin.py:190} INFO - [2026-07-04T16:32:02.898+0000] {dagbag.py:588} INFO - Filling up the DagBag from /opt/airflow/dags/exemplos/example_distributed_2.py
[2026-07-04T16:32:02.916+0000] {processor.py:925} INFO - DAG(s) 'example_distributed_celery_fixed_sleep' retrieved from /opt/airflow/dags/exemplos/example_distributed_2.py
[2026-07-04T16:32:02.962+0000] {logging_mixin.py:190} INFO - [2026-07-04T16:32:02.961+0000] {dag.py:3239} INFO - Sync 1 DAGs
[2026-07-04T16:32:02.988+0000] {logging_mixin.py:190} INFO - [2026-07-04T16:32:02.987+0000] {dag.py:4180} INFO - Setting next_dagrun for example_distributed_celery_fixed_sleep to None, run_after=None
[2026-07-04T16:32:03.021+0000] {processor.py:208} INFO - Processing /opt/airflow/dags/exemplos/example_distributed_2.py took 0.137 seconds
[2026-07-04T16:32:33.532+0000] {processor.py:186} INFO - Started process (PID=1228) to work on /opt/airflow/dags/exemplos/example_distributed_2.py
[2026-07-04T16:32:33.534+0000] {processor.py:914} INFO - Processing file /opt/airflow/dags/exemplos/example_distributed_2.py for tasks to queue
[2026-07-04T16:32:33.539+0000] {logging_mixin.py:190} INFO - [2026-07-04T16:32:33.538+0000] {dagbag.py:588} INFO - Filling up the DagBag from /opt/airflow/dags/exemplos/example_distributed_2.py
[2026-07-04T16:32:33.567+0000] {processor.py:925} INFO - DAG(s) 'example_distributed_celery_fixed_sleep' retrieved from /opt/airflow/dags/exemplos/example_distributed_2.py
[2026-07-04T16:32:33.642+0000] {logging_mixin.py:190} INFO - [2026-07-04T16:32:33.641+0000] {dag.py:3239} INFO - Sync 1 DAGs
[2026-07-04T16:32:33.671+0000] {logging_mixin.py:190} INFO - [2026-07-04T16:32:33.671+0000] {dag.py:4180} INFO - Setting next_dagrun for example_distributed_celery_fixed_sleep to None, run_after=None
[2026-07-04T16:32:33.708+0000] {processor.py:208} INFO - Processing /opt/airflow/dags/exemplos/example_distributed_2.py took 0.190 seconds
[2026-07-04T16:33:04.262+0000] {processor.py:186} INFO - Started process (PID=1233) to work on /opt/airflow/dags/exemplos/example_distributed_2.py
[2026-07-04T16:33:04.263+0000] {processor.py:914} INFO - Processing file /opt/airflow/dags/exemplos/example_distributed_2.py for tasks to queue
[2026-07-04T16:33:04.266+0000] {logging_mixin.py:190} INFO - [2026-07-04T16:33:04.266+0000] {dagbag.py:588} INFO - Filling up the DagBag from /opt/airflow/dags/exemplos/example_distributed_2.py
[2026-07-04T16:33:04.282+0000] {processor.py:925} INFO - DAG(s) 'example_distributed_celery_fixed_sleep' retrieved from /opt/airflow/dags/exemplos/example_distributed_2.py
[2026-07-04T16:33:04.327+0000] {logging_mixin.py:190} INFO - [2026-07-04T16:33:04.327+0000] {dag.py:3239} INFO - Sync 1 DAGs
[2026-07-04T16:33:04.351+0000] {logging_mixin.py:190} INFO - [2026-07-04T16:33:04.351+0000] {dag.py:4180} INFO - Setting next_dagrun for example_distributed_celery_fixed_sleep to None, run_after=None
[2026-07-04T16:33:04.387+0000] {processor.py:208} INFO - Processing /opt/airflow/dags/exemplos/example_distributed_2.py took 0.134 seconds
[2026-07-04T16:33:34.978+0000] {processor.py:186} INFO - Started process (PID=1244) to work on /opt/airflow/dags/exemplos/example_distributed_2.py
[2026-07-04T16:33:34.979+0000] {processor.py:914} INFO - Processing file /opt/airflow/dags/exemplos/example_distributed_2.py for tasks to queue
[2026-07-04T16:33:34.982+0000] {logging_mixin.py:190} INFO - [2026-07-04T16:33:34.982+0000] {dagbag.py:588} INFO - Filling up the DagBag from /opt/airflow/dags/exemplos/example_distributed_2.py
[2026-07-04T16:33:35.001+0000] {processor.py:925} INFO - DAG(s) 'example_distributed_celery_fixed_sleep' retrieved from /opt/airflow/dags/exemplos/example_distributed_2.py
[2026-07-04T16:33:35.046+0000] {logging_mixin.py:190} INFO - [2026-07-04T16:33:35.046+0000] {dag.py:3239} INFO - Sync 1 DAGs
[2026-07-04T16:33:35.089+0000] {logging_mixin.py:190} INFO - [2026-07-04T16:33:35.089+0000] {dag.py:4180} INFO - Setting next_dagrun for example_distributed_celery_fixed_sleep to None, run_after=None
[2026-07-04T16:33:35.134+0000] {processor.py:208} INFO - Processing /opt/airflow/dags/exemplos/example_distributed_2.py took 0.165 seconds
[2026-07-04T16:34:05.473+0000] {processor.py:186} INFO - Started process (PID=1255) to work on /opt/airflow/dags/exemplos/example_distributed_2.py
[2026-07-04T16:34:05.474+0000] {processor.py:914} INFO - Processing file /opt/airflow/dags/exemplos/example_distributed_2.py for tasks to queue
[2026-07-04T16:34:05.480+0000] {logging_mixin.py:190} INFO - [2026-07-04T16:34:05.479+0000] {dagbag.py:588} INFO - Filling up the DagBag from /opt/airflow/dags/exemplos/example_distributed_2.py
[2026-07-04T16:34:05.514+0000] {processor.py:925} INFO - DAG(s) 'example_distributed_celery_fixed_sleep' retrieved from /opt/airflow/dags/exemplos/example_distributed_2.py
[2026-07-04T16:34:05.603+0000] {logging_mixin.py:190} INFO - [2026-07-04T16:34:05.603+0000] {dag.py:3239} INFO - Sync 1 DAGs
[2026-07-04T16:34:05.652+0000] {logging_mixin.py:190} INFO - [2026-07-04T16:34:05.652+0000] {dag.py:4180} INFO - Setting next_dagrun for example_distributed_celery_fixed_sleep to None, run_after=None
[2026-07-04T16:34:05.701+0000] {processor.py:208} INFO - Processing /opt/airflow/dags/exemplos/example_distributed_2.py took 0.245 seconds
[2026-07-04T16:34:36.091+0000] {processor.py:186} INFO - Started process (PID=1266) to work on /opt/airflow/dags/exemplos/example_distributed_2.py
[2026-07-04T16:34:36.093+0000] {processor.py:914} INFO - Processing file /opt/airflow/dags/exemplos/example_distributed_2.py for tasks to queue
[2026-07-04T16:34:36.099+0000] {logging_mixin.py:190} INFO - [2026-07-04T16:34:36.098+0000] {dagbag.py:588} INFO - Filling up the DagBag from /opt/airflow/dags/exemplos/example_distributed_2.py
[2026-07-04T16:34:36.122+0000] {processor.py:925} INFO - DAG(s) 'example_distributed_celery_fixed_sleep' retrieved from /opt/airflow/dags/exemplos/example_distributed_2.py
[2026-07-04T16:34:36.174+0000] {logging_mixin.py:190} INFO - [2026-07-04T16:34:36.174+0000] {dag.py:3239} INFO - Sync 1 DAGs
[2026-07-04T16:34:36.200+0000] {logging_mixin.py:190} INFO - [2026-07-04T16:34:36.200+0000] {dag.py:4180} INFO - Setting next_dagrun for example_distributed_celery_fixed_sleep to None, run_after=None
[2026-07-04T16:34:36.231+0000] {processor.py:208} INFO - Processing /opt/airflow/dags/exemplos/example_distributed_2.py took 0.176 seconds
[2026-07-04T16:35:06.708+0000] {processor.py:186} INFO - Started process (PID=1277) to work on /opt/airflow/dags/exemplos/example_distributed_2.py
[2026-07-04T16:35:06.709+0000] {processor.py:914} INFO - Processing file /opt/airflow/dags/exemplos/example_distributed_2.py for tasks to queue
[2026-07-04T16:35:06.712+0000] {logging_mixin.py:190} INFO - [2026-07-04T16:35:06.712+0000] {dagbag.py:588} INFO - Filling up the DagBag from /opt/airflow/dags/exemplos/example_distributed_2.py
[2026-07-04T16:35:06.734+0000] {processor.py:925} INFO - DAG(s) 'example_distributed_celery_fixed_sleep' retrieved from /opt/airflow/dags/exemplos/example_distributed_2.py
[2026-07-04T16:35:06.782+0000] {logging_mixin.py:190} INFO - [2026-07-04T16:35:06.782+0000] {dag.py:3239} INFO - Sync 1 DAGs
[2026-07-04T16:35:06.804+0000] {logging_mixin.py:190} INFO - [2026-07-04T16:35:06.804+0000] {dag.py:4180} INFO - Setting next_dagrun for example_distributed_celery_fixed_sleep to None, run_after=None
[2026-07-04T16:35:06.834+0000] {processor.py:208} INFO - Processing /opt/airflow/dags/exemplos/example_distributed_2.py took 0.136 seconds
[2026-07-04T16:35:37.337+0000] {processor.py:186} INFO - Started process (PID=1287) to work on /opt/airflow/dags/exemplos/example_distributed_2.py
[2026-07-04T16:35:37.339+0000] {processor.py:914} INFO - Processing file /opt/airflow/dags/exemplos/example_distributed_2.py for tasks to queue
[2026-07-04T16:35:37.344+0000] {logging_mixin.py:190} INFO - [2026-07-04T16:35:37.343+0000] {dagbag.py:588} INFO - Filling up the DagBag from /opt/airflow/dags/exemplos/example_distributed_2.py
[2026-07-04T16:35:37.369+0000] {processor.py:925} INFO - DAG(s) 'example_distributed_celery_fixed_sleep' retrieved from /opt/airflow/dags/exemplos/example_distributed_2.py
[2026-07-04T16:35:37.421+0000] {logging_mixin.py:190} INFO - [2026-07-04T16:35:37.421+0000] {dag.py:3239} INFO - Sync 1 DAGs
[2026-07-04T16:35:37.461+0000] {logging_mixin.py:190} INFO - [2026-07-04T16:35:37.461+0000] {dag.py:4180} INFO - Setting next_dagrun for example_distributed_celery_fixed_sleep to None, run_after=None
[2026-07-04T16:35:37.507+0000] {processor.py:208} INFO - Processing /opt/airflow/dags/exemplos/example_distributed_2.py took 0.183 seconds
[2026-07-04T16:36:07.998+0000] {processor.py:186} INFO - Started process (PID=1298) to work on /opt/airflow/dags/exemplos/example_distributed_2.py
[2026-07-04T16:36:07.999+0000] {processor.py:914} INFO - Processing file /opt/airflow/dags/exemplos/example_distributed_2.py for tasks to queue
[2026-07-04T16:36:08.002+0000] {logging_mixin.py:190} INFO - [2026-07-04T16:36:08.002+0000] {dagbag.py:588} INFO - Filling up the DagBag from /opt/airflow/dags/exemplos/example_distributed_2.py
[2026-07-04T16:36:08.020+0000] {processor.py:925} INFO - DAG(s) 'example_distributed_celery_fixed_sleep' retrieved from /opt/airflow/dags/exemplos/example_distributed_2.py
[2026-07-04T16:36:08.080+0000] {logging_mixin.py:190} INFO - [2026-07-04T16:36:08.080+0000] {dag.py:3239} INFO - Sync 1 DAGs
[2026-07-04T16:36:08.106+0000] {logging_mixin.py:190} INFO - [2026-07-04T16:36:08.105+0000] {dag.py:4180} INFO - Setting next_dagrun for example_distributed_celery_fixed_sleep to None, run_after=None
[2026-07-04T16:36:08.141+0000] {processor.py:208} INFO - Processing /opt/airflow/dags/exemplos/example_distributed_2.py took 0.155 seconds
