[2026-07-04T03:07:25.595+0000] {manager.py:483} INFO - Processing files using up to 2 processes at a time 
[2026-07-04T03:07:25.596+0000] {manager.py:484} INFO - Process each file at most once every 30 seconds
[2026-07-04T03:07:25.596+0000] {manager.py:485} INFO - Checking for new files in /opt/airflow/dags every 300 seconds
[2026-07-04T03:07:25.598+0000] {manager.py:821} INFO - Searching for files in /opt/airflow/dags
[2026-07-04T03:07:25.602+0000] {manager.py:824} INFO - There are 1 files in /opt/airflow/dags
[2026-07-04T03:07:26.210+0000] {manager.py:997} INFO - 
================================================================================
DAG File Processing Stats

File Path                                   PID  Runtime      # DAGs    # Errors  Last Runtime    Last Run      Last # of DB Queries
----------------------------------------  -----  ---------  --------  ----------  --------------  ----------  ----------------------
/opt/airflow/dags/example_distributed.py     41  0.13s             0           0                                                   0
================================================================================
[2026-07-04T03:07:56.322+0000] {manager.py:997} INFO - 
================================================================================
DAG File Processing Stats

File Path                                 PID    Runtime      # DAGs    # Errors  Last Runtime    Last Run               Last # of DB Queries
----------------------------------------  -----  ---------  --------  ----------  --------------  -------------------  ----------------------
/opt/airflow/dags/example_distributed.py                           1           0  2.13s           2026-07-04T03:07:28                      43
================================================================================
[2026-07-04T03:08:26.551+0000] {manager.py:997} INFO - 
================================================================================
DAG File Processing Stats

File Path                                 PID    Runtime      # DAGs    # Errors  Last Runtime    Last Run               Last # of DB Queries
----------------------------------------  -----  ---------  --------  ----------  --------------  -------------------  ----------------------
/opt/airflow/dags/example_distributed.py                           1           0  5.16s           2026-07-04T03:08:04                      10
================================================================================
[2026-07-04T03:08:57.381+0000] {manager.py:997} INFO - 
================================================================================
DAG File Processing Stats

File Path                                 PID    Runtime      # DAGs    # Errors  Last Runtime    Last Run               Last # of DB Queries
----------------------------------------  -----  ---------  --------  ----------  --------------  -------------------  ----------------------
/opt/airflow/dags/example_distributed.py                           1           0  0.47s           2026-07-04T03:08:35                      10
================================================================================
[2026-07-04T03:09:27.824+0000] {manager.py:997} INFO - 
================================================================================
DAG File Processing Stats

File Path                                 PID    Runtime      # DAGs    # Errors  Last Runtime    Last Run               Last # of DB Queries
----------------------------------------  -----  ---------  --------  ----------  --------------  -------------------  ----------------------
/opt/airflow/dags/example_distributed.py                           1           0  0.37s           2026-07-04T03:09:05                      10
================================================================================
[2026-07-04T03:09:57.890+0000] {manager.py:997} INFO - 
================================================================================
DAG File Processing Stats

File Path                                 PID    Runtime      # DAGs    # Errors  Last Runtime    Last Run               Last # of DB Queries
----------------------------------------  -----  ---------  --------  ----------  --------------  -------------------  ----------------------
/opt/airflow/dags/example_distributed.py                           1           0  0.46s           2026-07-04T03:09:36                      10
================================================================================
[2026-07-04T03:10:28.401+0000] {manager.py:997} INFO - 
================================================================================
DAG File Processing Stats

File Path                                 PID    Runtime      # DAGs    # Errors  Last Runtime    Last Run               Last # of DB Queries
----------------------------------------  -----  ---------  --------  ----------  --------------  -------------------  ----------------------
/opt/airflow/dags/example_distributed.py                           1           0  0.30s           2026-07-04T03:10:07                      10
================================================================================
[2026-07-04T03:10:58.891+0000] {manager.py:997} INFO - 
================================================================================
DAG File Processing Stats

File Path                                 PID    Runtime      # DAGs    # Errors  Last Runtime    Last Run               Last # of DB Queries
----------------------------------------  -----  ---------  --------  ----------  --------------  -------------------  ----------------------
/opt/airflow/dags/example_distributed.py                           1           0  0.20s           2026-07-04T03:10:37                      10
================================================================================
[2026-07-04T03:11:29.422+0000] {manager.py:997} INFO - 
================================================================================
DAG File Processing Stats

File Path                                 PID    Runtime      # DAGs    # Errors  Last Runtime    Last Run               Last # of DB Queries
----------------------------------------  -----  ---------  --------  ----------  --------------  -------------------  ----------------------
/opt/airflow/dags/example_distributed.py                           1           0  0.28s           2026-07-04T03:11:08                      10
================================================================================
[2026-07-04T03:11:59.902+0000] {manager.py:997} INFO - 
================================================================================
DAG File Processing Stats

File Path                                 PID    Runtime      # DAGs    # Errors  Last Runtime    Last Run               Last # of DB Queries
----------------------------------------  -----  ---------  --------  ----------  --------------  -------------------  ----------------------
/opt/airflow/dags/example_distributed.py                           1           0  0.28s           2026-07-04T03:11:38                      10
================================================================================
[2026-07-04T03:12:26.441+0000] {manager.py:821} INFO - Searching for files in /opt/airflow/dags
[2026-07-04T03:12:26.446+0000] {manager.py:824} INFO - There are 1 files in /opt/airflow/dags
[2026-07-04T03:12:30.556+0000] {manager.py:997} INFO - 
================================================================================
DAG File Processing Stats

File Path                                 PID    Runtime      # DAGs    # Errors  Last Runtime    Last Run               Last # of DB Queries
----------------------------------------  -----  ---------  --------  ----------  --------------  -------------------  ----------------------
/opt/airflow/dags/example_distributed.py                           1           0  0.36s           2026-07-04T03:12:09                      10
================================================================================
[2026-07-04T03:13:00.831+0000] {manager.py:997} INFO - 
================================================================================
DAG File Processing Stats

File Path                                 PID    Runtime      # DAGs    # Errors  Last Runtime    Last Run               Last # of DB Queries
----------------------------------------  -----  ---------  --------  ----------  --------------  -------------------  ----------------------
/opt/airflow/dags/example_distributed.py                           1           0  1.02s           2026-07-04T03:12:40                      10
================================================================================
[2026-07-04T03:13:31.814+0000] {manager.py:997} INFO - 
================================================================================
DAG File Processing Stats

File Path                                 PID    Runtime      # DAGs    # Errors  Last Runtime    Last Run               Last # of DB Queries
----------------------------------------  -----  ---------  --------  ----------  --------------  -------------------  ----------------------
/opt/airflow/dags/example_distributed.py                           1           0  0.35s           2026-07-04T03:13:11                      10
================================================================================
[2026-07-04T03:14:02.396+0000] {manager.py:997} INFO - 
================================================================================
DAG File Processing Stats

File Path                                 PID    Runtime      # DAGs    # Errors  Last Runtime    Last Run               Last # of DB Queries
----------------------------------------  -----  ---------  --------  ----------  --------------  -------------------  ----------------------
/opt/airflow/dags/example_distributed.py                           1           0  0.35s           2026-07-04T03:13:42                      10
================================================================================
[2026-07-04T03:14:32.504+0000] {manager.py:997} INFO - 
================================================================================
DAG File Processing Stats

File Path                                 PID    Runtime      # DAGs    # Errors  Last Runtime    Last Run               Last # of DB Queries
----------------------------------------  -----  ---------  --------  ----------  --------------  -------------------  ----------------------
/opt/airflow/dags/example_distributed.py                           1           0  0.22s           2026-07-04T03:14:12                      10
================================================================================
[2026-07-04T03:15:02.765+0000] {manager.py:997} INFO - 
================================================================================
DAG File Processing Stats

File Path                                 PID    Runtime      # DAGs    # Errors  Last Runtime    Last Run               Last # of DB Queries
----------------------------------------  -----  ---------  --------  ----------  --------------  -------------------  ----------------------
/opt/airflow/dags/example_distributed.py                           1           0  0.20s           2026-07-04T03:14:42                      10
================================================================================
[2026-07-04T03:15:32.817+0000] {manager.py:997} INFO - 
================================================================================
DAG File Processing Stats

File Path                                 PID    Runtime      # DAGs    # Errors  Last Runtime    Last Run               Last # of DB Queries
----------------------------------------  -----  ---------  --------  ----------  --------------  -------------------  ----------------------
/opt/airflow/dags/example_distributed.py                           1           0  1.28s           2026-07-04T03:15:14                      10
================================================================================
[2026-07-04T03:16:03.112+0000] {manager.py:997} INFO - 
================================================================================
DAG File Processing Stats

File Path                                 PID    Runtime      # DAGs    # Errors  Last Runtime    Last Run               Last # of DB Queries
----------------------------------------  -----  ---------  --------  ----------  --------------  -------------------  ----------------------
/opt/airflow/dags/example_distributed.py                           1           0  0.47s           2026-07-04T03:15:45                      10
================================================================================
[2026-07-04T03:16:33.120+0000] {manager.py:997} INFO - 
================================================================================
DAG File Processing Stats

File Path                                 PID    Runtime      # DAGs    # Errors  Last Runtime    Last Run               Last # of DB Queries
----------------------------------------  -----  ---------  --------  ----------  --------------  -------------------  ----------------------
/opt/airflow/dags/example_distributed.py                           1           0  0.21s           2026-07-04T03:16:15                      10
================================================================================
[2026-07-04T03:17:03.911+0000] {manager.py:997} INFO - 
================================================================================
DAG File Processing Stats

File Path                                 PID    Runtime      # DAGs    # Errors  Last Runtime    Last Run               Last # of DB Queries
----------------------------------------  -----  ---------  --------  ----------  --------------  -------------------  ----------------------
/opt/airflow/dags/example_distributed.py                           1           0  0.15s           2026-07-04T03:16:45                      10
================================================================================
[2026-07-04T03:17:27.207+0000] {manager.py:821} INFO - Searching for files in /opt/airflow/dags
[2026-07-04T03:17:27.211+0000] {manager.py:824} INFO - There are 1 files in /opt/airflow/dags
[2026-07-04T03:17:34.277+0000] {manager.py:997} INFO - 
================================================================================
DAG File Processing Stats

File Path                                 PID    Runtime      # DAGs    # Errors  Last Runtime    Last Run               Last # of DB Queries
----------------------------------------  -----  ---------  --------  ----------  --------------  -------------------  ----------------------
/opt/airflow/dags/example_distributed.py                           1           0  0.15s           2026-07-04T03:17:16                      10
================================================================================
[2026-07-04T03:18:04.321+0000] {manager.py:997} INFO - 
================================================================================
DAG File Processing Stats

File Path                                 PID    Runtime      # DAGs    # Errors  Last Runtime    Last Run               Last # of DB Queries
----------------------------------------  -----  ---------  --------  ----------  --------------  -------------------  ----------------------
/opt/airflow/dags/example_distributed.py                           1           0  0.72s           2026-07-04T03:17:47                      10
================================================================================
[2026-07-04T03:18:34.456+0000] {manager.py:997} INFO - 
================================================================================
DAG File Processing Stats

File Path                                 PID    Runtime      # DAGs    # Errors  Last Runtime    Last Run               Last # of DB Queries
----------------------------------------  -----  ---------  --------  ----------  --------------  -------------------  ----------------------
/opt/airflow/dags/example_distributed.py                           1           0  0.37s           2026-07-04T03:18:17                      10
================================================================================
[2026-07-04T03:19:04.620+0000] {manager.py:997} INFO - 
================================================================================
DAG File Processing Stats

File Path                                 PID    Runtime      # DAGs    # Errors  Last Runtime    Last Run               Last # of DB Queries
----------------------------------------  -----  ---------  --------  ----------  --------------  -------------------  ----------------------
/opt/airflow/dags/example_distributed.py                           1           0  4.88s           2026-07-04T03:18:52                      10
================================================================================
[2026-07-04T03:19:34.700+0000] {manager.py:997} INFO - 
================================================================================
DAG File Processing Stats

File Path                                 PID    Runtime      # DAGs    # Errors  Last Runtime    Last Run               Last # of DB Queries
----------------------------------------  -----  ---------  --------  ----------  --------------  -------------------  ----------------------
/opt/airflow/dags/example_distributed.py                           1           0  5.77s           2026-07-04T03:19:29                      10
================================================================================
[2026-07-04T03:20:05.508+0000] {manager.py:997} INFO - 
================================================================================
DAG File Processing Stats

File Path                                 PID    Runtime      # DAGs    # Errors  Last Runtime    Last Run               Last # of DB Queries
----------------------------------------  -----  ---------  --------  ----------  --------------  -------------------  ----------------------
/opt/airflow/dags/example_distributed.py                           1           0  4.45s           2026-07-04T03:20:04                      10
================================================================================
[2026-07-04T03:20:35.777+0000] {manager.py:997} INFO - 
================================================================================
DAG File Processing Stats

File Path                                   PID  Runtime      # DAGs    # Errors  Last Runtime    Last Run               Last # of DB Queries
----------------------------------------  -----  ---------  --------  ----------  --------------  -------------------  ----------------------
/opt/airflow/dags/example_distributed.py    212  1.11s             1           0  4.45s           2026-07-04T03:20:04                      10
================================================================================
[2026-07-04T03:21:05.873+0000] {manager.py:997} INFO - 
================================================================================
DAG File Processing Stats

File Path                                 PID    Runtime      # DAGs    # Errors  Last Runtime    Last Run               Last # of DB Queries
----------------------------------------  -----  ---------  --------  ----------  --------------  -------------------  ----------------------
/opt/airflow/dags/example_distributed.py                           1           0  1.59s           2026-07-04T03:20:36                      10
================================================================================
[2026-07-04T03:21:35.892+0000] {manager.py:997} INFO - 
================================================================================
DAG File Processing Stats

File Path                                 PID    Runtime      # DAGs    # Errors  Last Runtime    Last Run               Last # of DB Queries
----------------------------------------  -----  ---------  --------  ----------  --------------  -------------------  ----------------------
/opt/airflow/dags/example_distributed.py                           1           0  0.45s           2026-07-04T03:21:06                      10
================================================================================
[2026-07-04T03:22:06.109+0000] {manager.py:997} INFO - 
================================================================================
DAG File Processing Stats

File Path                                 PID    Runtime      # DAGs    # Errors  Last Runtime    Last Run               Last # of DB Queries
----------------------------------------  -----  ---------  --------  ----------  --------------  -------------------  ----------------------
/opt/airflow/dags/example_distributed.py                           1           0  0.14s           2026-07-04T03:21:37                      10
================================================================================
[2026-07-04T03:22:27.352+0000] {manager.py:821} INFO - Searching for files in /opt/airflow/dags
[2026-07-04T03:22:27.355+0000] {manager.py:824} INFO - There are 1 files in /opt/airflow/dags
[2026-07-04T03:22:36.458+0000] {manager.py:997} INFO - 
================================================================================
DAG File Processing Stats

File Path                                 PID    Runtime      # DAGs    # Errors  Last Runtime    Last Run               Last # of DB Queries
----------------------------------------  -----  ---------  --------  ----------  --------------  -------------------  ----------------------
/opt/airflow/dags/example_distributed.py                           1           0  0.21s           2026-07-04T03:22:07                      10
================================================================================
[2026-07-04T03:23:06.707+0000] {manager.py:997} INFO - 
================================================================================
DAG File Processing Stats

File Path                                 PID    Runtime      # DAGs    # Errors  Last Runtime    Last Run               Last # of DB Queries
----------------------------------------  -----  ---------  --------  ----------  --------------  -------------------  ----------------------
/opt/airflow/dags/example_distributed.py                           1           0  0.20s           2026-07-04T03:22:37                      10
================================================================================
[2026-07-04T03:23:36.796+0000] {manager.py:997} INFO - 
================================================================================
DAG File Processing Stats

File Path                                 PID    Runtime      # DAGs    # Errors  Last Runtime    Last Run               Last # of DB Queries
----------------------------------------  -----  ---------  --------  ----------  --------------  -------------------  ----------------------
/opt/airflow/dags/example_distributed.py                           1           0  0.14s           2026-07-04T03:23:07                      10
================================================================================
[2026-07-04T03:24:06.900+0000] {manager.py:997} INFO - 
================================================================================
DAG File Processing Stats

File Path                                 PID    Runtime      # DAGs    # Errors  Last Runtime    Last Run               Last # of DB Queries
----------------------------------------  -----  ---------  --------  ----------  --------------  -------------------  ----------------------
/opt/airflow/dags/example_distributed.py                           1           0  0.14s           2026-07-04T03:23:38                      10
================================================================================
[2026-07-04T03:24:37.802+0000] {manager.py:997} INFO - 
================================================================================
DAG File Processing Stats

File Path                                 PID    Runtime      # DAGs    # Errors  Last Runtime    Last Run               Last # of DB Queries
----------------------------------------  -----  ---------  --------  ----------  --------------  -------------------  ----------------------
/opt/airflow/dags/example_distributed.py                           1           0  0.16s           2026-07-04T03:24:10                      10
================================================================================
[2026-07-04T03:25:08.423+0000] {manager.py:997} INFO - 
================================================================================
DAG File Processing Stats

File Path                                 PID    Runtime      # DAGs    # Errors  Last Runtime    Last Run               Last # of DB Queries
----------------------------------------  -----  ---------  --------  ----------  --------------  -------------------  ----------------------
/opt/airflow/dags/example_distributed.py                           1           0  0.17s           2026-07-04T03:24:40                      10
================================================================================
[2026-07-04T03:25:38.781+0000] {manager.py:997} INFO - 
================================================================================
DAG File Processing Stats

File Path                                 PID    Runtime      # DAGs    # Errors  Last Runtime    Last Run               Last # of DB Queries
----------------------------------------  -----  ---------  --------  ----------  --------------  -------------------  ----------------------
/opt/airflow/dags/example_distributed.py                           1           0  0.13s           2026-07-04T03:25:11                      10
================================================================================
[2026-07-04T03:26:09.095+0000] {manager.py:997} INFO - 
================================================================================
DAG File Processing Stats

File Path                                 PID    Runtime      # DAGs    # Errors  Last Runtime    Last Run               Last # of DB Queries
----------------------------------------  -----  ---------  --------  ----------  --------------  -------------------  ----------------------
/opt/airflow/dags/example_distributed.py                           1           0  0.18s           2026-07-04T03:25:41                      10
================================================================================
[2026-07-04T03:26:39.317+0000] {manager.py:997} INFO - 
================================================================================
DAG File Processing Stats

File Path                                 PID    Runtime      # DAGs    # Errors  Last Runtime    Last Run               Last # of DB Queries
----------------------------------------  -----  ---------  --------  ----------  --------------  -------------------  ----------------------
/opt/airflow/dags/example_distributed.py                           1           0  0.15s           2026-07-04T03:26:12                      10
================================================================================
[2026-07-04T03:27:09.613+0000] {manager.py:997} INFO - 
================================================================================
DAG File Processing Stats

File Path                                 PID    Runtime      # DAGs    # Errors  Last Runtime    Last Run               Last # of DB Queries
----------------------------------------  -----  ---------  --------  ----------  --------------  -------------------  ----------------------
/opt/airflow/dags/example_distributed.py                           1           0  0.28s           2026-07-04T03:26:42                      10
================================================================================
[2026-07-04T03:27:28.302+0000] {manager.py:821} INFO - Searching for files in /opt/airflow/dags
[2026-07-04T03:27:28.303+0000] {manager.py:824} INFO - There are 1 files in /opt/airflow/dags
[2026-07-04T03:27:40.409+0000] {manager.py:997} INFO - 
================================================================================
DAG File Processing Stats

File Path                                 PID    Runtime      # DAGs    # Errors  Last Runtime    Last Run               Last # of DB Queries
----------------------------------------  -----  ---------  --------  ----------  --------------  -------------------  ----------------------
/opt/airflow/dags/example_distributed.py                           1           0  0.14s           2026-07-04T03:27:12                      10
================================================================================
[2026-07-04T03:28:10.755+0000] {manager.py:997} INFO - 
================================================================================
DAG File Processing Stats

File Path                                 PID    Runtime      # DAGs    # Errors  Last Runtime    Last Run               Last # of DB Queries
----------------------------------------  -----  ---------  --------  ----------  --------------  -------------------  ----------------------
/opt/airflow/dags/example_distributed.py                           1           0  0.23s           2026-07-04T03:27:43                      10
================================================================================
[2026-07-04T03:28:41.245+0000] {manager.py:997} INFO - 
================================================================================
DAG File Processing Stats

File Path                                 PID    Runtime      # DAGs    # Errors  Last Runtime    Last Run               Last # of DB Queries
----------------------------------------  -----  ---------  --------  ----------  --------------  -------------------  ----------------------
/opt/airflow/dags/example_distributed.py                           1           0  0.17s           2026-07-04T03:28:14                      10
================================================================================
[2026-07-04T03:29:11.661+0000] {manager.py:997} INFO - 
================================================================================
DAG File Processing Stats

File Path                                 PID    Runtime      # DAGs    # Errors  Last Runtime    Last Run               Last # of DB Queries
----------------------------------------  -----  ---------  --------  ----------  --------------  -------------------  ----------------------
/opt/airflow/dags/example_distributed.py                           1           0  0.17s           2026-07-04T03:28:45                      10
================================================================================
[2026-07-04T03:29:42.354+0000] {manager.py:997} INFO - 
================================================================================
DAG File Processing Stats

File Path                                 PID    Runtime      # DAGs    # Errors  Last Runtime    Last Run               Last # of DB Queries
----------------------------------------  -----  ---------  --------  ----------  --------------  -------------------  ----------------------
/opt/airflow/dags/example_distributed.py                           1           0  0.14s           2026-07-04T03:29:15                      10
================================================================================
[2026-07-04T03:30:12.802+0000] {manager.py:997} INFO - 
================================================================================
DAG File Processing Stats

File Path                                 PID    Runtime      # DAGs    # Errors  Last Runtime    Last Run               Last # of DB Queries
----------------------------------------  -----  ---------  --------  ----------  --------------  -------------------  ----------------------
/opt/airflow/dags/example_distributed.py                           1           0  0.13s           2026-07-04T03:29:46                      10
================================================================================
[2026-07-04T03:30:43.534+0000] {manager.py:997} INFO - 
================================================================================
DAG File Processing Stats

File Path                                 PID    Runtime      # DAGs    # Errors  Last Runtime    Last Run               Last # of DB Queries
----------------------------------------  -----  ---------  --------  ----------  --------------  -------------------  ----------------------
/opt/airflow/dags/example_distributed.py                           1           0  0.16s           2026-07-04T03:30:16                      10
================================================================================
[2026-07-04T03:31:13.773+0000] {manager.py:997} INFO - 
================================================================================
DAG File Processing Stats

File Path                                 PID    Runtime      # DAGs    # Errors  Last Runtime    Last Run               Last # of DB Queries
----------------------------------------  -----  ---------  --------  ----------  --------------  -------------------  ----------------------
/opt/airflow/dags/example_distributed.py                           1           0  0.15s           2026-07-04T03:30:47                      10
================================================================================
[2026-07-04T03:31:44.617+0000] {manager.py:997} INFO - 
================================================================================
DAG File Processing Stats

File Path                                 PID    Runtime      # DAGs    # Errors  Last Runtime    Last Run               Last # of DB Queries
----------------------------------------  -----  ---------  --------  ----------  --------------  -------------------  ----------------------
/opt/airflow/dags/example_distributed.py                           1           0  0.14s           2026-07-04T03:31:17                      10
================================================================================
[2026-07-04T03:32:14.623+0000] {manager.py:997} INFO - 
================================================================================
DAG File Processing Stats

File Path                                 PID    Runtime      # DAGs    # Errors  Last Runtime    Last Run               Last # of DB Queries
----------------------------------------  -----  ---------  --------  ----------  --------------  -------------------  ----------------------
/opt/airflow/dags/example_distributed.py                           1           0  0.28s           2026-07-04T03:31:48                      10
================================================================================
[2026-07-04T03:32:29.104+0000] {manager.py:821} INFO - Searching for files in /opt/airflow/dags
[2026-07-04T03:32:29.105+0000] {manager.py:824} INFO - There are 1 files in /opt/airflow/dags
[2026-07-04T03:32:45.225+0000] {manager.py:997} INFO - 
================================================================================
DAG File Processing Stats

File Path                                 PID    Runtime      # DAGs    # Errors  Last Runtime    Last Run               Last # of DB Queries
----------------------------------------  -----  ---------  --------  ----------  --------------  -------------------  ----------------------
/opt/airflow/dags/example_distributed.py                           1           0  0.22s           2026-07-04T03:32:19                      10
================================================================================
[2026-07-04T03:33:15.783+0000] {manager.py:997} INFO - 
================================================================================
DAG File Processing Stats

File Path                                 PID    Runtime      # DAGs    # Errors  Last Runtime    Last Run               Last # of DB Queries
----------------------------------------  -----  ---------  --------  ----------  --------------  -------------------  ----------------------
/opt/airflow/dags/example_distributed.py                           1           0  0.20s           2026-07-04T03:32:49                      10
================================================================================
[2026-07-04T03:33:45.864+0000] {manager.py:997} INFO - 
================================================================================
DAG File Processing Stats

File Path                                 PID    Runtime      # DAGs    # Errors  Last Runtime    Last Run               Last # of DB Queries
----------------------------------------  -----  ---------  --------  ----------  --------------  -------------------  ----------------------
/opt/airflow/dags/example_distributed.py                           1           0  0.16s           2026-07-04T03:33:19                      10
================================================================================
[2026-07-04T03:34:16.717+0000] {manager.py:997} INFO - 
================================================================================
DAG File Processing Stats

File Path                                 PID    Runtime      # DAGs    # Errors  Last Runtime    Last Run               Last # of DB Queries
----------------------------------------  -----  ---------  --------  ----------  --------------  -------------------  ----------------------
/opt/airflow/dags/example_distributed.py                           1           0  0.30s           2026-07-04T03:33:50                      10
================================================================================
[2026-07-04T03:34:47.558+0000] {manager.py:997} INFO - 
================================================================================
DAG File Processing Stats

File Path                                 PID    Runtime      # DAGs    # Errors  Last Runtime    Last Run               Last # of DB Queries
----------------------------------------  -----  ---------  --------  ----------  --------------  -------------------  ----------------------
/opt/airflow/dags/example_distributed.py                           1           0  0.14s           2026-07-04T03:34:20                      10
================================================================================
[2026-07-04T03:35:18.123+0000] {manager.py:997} INFO - 
================================================================================
DAG File Processing Stats

File Path                                 PID    Runtime      # DAGs    # Errors  Last Runtime    Last Run               Last # of DB Queries
----------------------------------------  -----  ---------  --------  ----------  --------------  -------------------  ----------------------
/opt/airflow/dags/example_distributed.py                           1           0  0.13s           2026-07-04T03:34:51                      10
================================================================================
[2026-07-04T03:35:48.810+0000] {manager.py:997} INFO - 
================================================================================
DAG File Processing Stats

File Path                                 PID    Runtime      # DAGs    # Errors  Last Runtime    Last Run               Last # of DB Queries
----------------------------------------  -----  ---------  --------  ----------  --------------  -------------------  ----------------------
/opt/airflow/dags/example_distributed.py                           1           0  0.14s           2026-07-04T03:35:22                      10
================================================================================
[2026-07-04T03:36:19.724+0000] {manager.py:997} INFO - 
================================================================================
DAG File Processing Stats

File Path                                 PID    Runtime      # DAGs    # Errors  Last Runtime    Last Run               Last # of DB Queries
----------------------------------------  -----  ---------  --------  ----------  --------------  -------------------  ----------------------
/opt/airflow/dags/example_distributed.py                           1           0  0.14s           2026-07-04T03:35:52                      10
================================================================================
[2026-07-04T03:36:49.731+0000] {manager.py:997} INFO - 
================================================================================
DAG File Processing Stats

File Path                                 PID    Runtime      # DAGs    # Errors  Last Runtime    Last Run               Last # of DB Queries
----------------------------------------  -----  ---------  --------  ----------  --------------  -------------------  ----------------------
/opt/airflow/dags/example_distributed.py                           1           0  0.17s           2026-07-04T03:36:23                      10
================================================================================
[2026-07-04T03:37:20.663+0000] {manager.py:997} INFO - 
================================================================================
DAG File Processing Stats

File Path                                 PID    Runtime      # DAGs    # Errors  Last Runtime    Last Run               Last # of DB Queries
----------------------------------------  -----  ---------  --------  ----------  --------------  -------------------  ----------------------
/opt/airflow/dags/example_distributed.py                           1           0  0.22s           2026-07-04T03:36:54                      10
================================================================================
[2026-07-04T03:37:29.880+0000] {manager.py:821} INFO - Searching for files in /opt/airflow/dags
[2026-07-04T03:37:29.883+0000] {manager.py:824} INFO - There are 1 files in /opt/airflow/dags
[2026-07-04T03:37:51.382+0000] {manager.py:997} INFO - 
================================================================================
DAG File Processing Stats

File Path                                 PID    Runtime      # DAGs    # Errors  Last Runtime    Last Run               Last # of DB Queries
----------------------------------------  -----  ---------  --------  ----------  --------------  -------------------  ----------------------
/opt/airflow/dags/example_distributed.py                           1           0  0.14s           2026-07-04T03:37:25                      10
================================================================================
[2026-07-04T03:38:21.934+0000] {manager.py:997} INFO - 
================================================================================
DAG File Processing Stats

File Path                                 PID    Runtime      # DAGs    # Errors  Last Runtime    Last Run               Last # of DB Queries
----------------------------------------  -----  ---------  --------  ----------  --------------  -------------------  ----------------------
/opt/airflow/dags/example_distributed.py                           1           0  0.20s           2026-07-04T03:37:56                      10
================================================================================
[2026-07-04T03:38:52.612+0000] {manager.py:997} INFO - 
================================================================================
DAG File Processing Stats

File Path                                 PID    Runtime      # DAGs    # Errors  Last Runtime    Last Run               Last # of DB Queries
----------------------------------------  -----  ---------  --------  ----------  --------------  -------------------  ----------------------
/opt/airflow/dags/example_distributed.py                           1           0  0.18s           2026-07-04T03:38:27                      10
================================================================================
[2026-07-04T03:39:22.826+0000] {manager.py:997} INFO - 
================================================================================
DAG File Processing Stats

File Path                                 PID    Runtime      # DAGs    # Errors  Last Runtime    Last Run               Last # of DB Queries
----------------------------------------  -----  ---------  --------  ----------  --------------  -------------------  ----------------------
/opt/airflow/dags/example_distributed.py                           1           0  0.19s           2026-07-04T03:38:57                      10
================================================================================
[2026-07-04T03:39:53.434+0000] {manager.py:997} INFO - 
================================================================================
DAG File Processing Stats

File Path                                 PID    Runtime      # DAGs    # Errors  Last Runtime    Last Run               Last # of DB Queries
----------------------------------------  -----  ---------  --------  ----------  --------------  -------------------  ----------------------
/opt/airflow/dags/example_distributed.py                           1           0  0.16s           2026-07-04T03:39:28                      10
================================================================================
[2026-07-04T03:40:23.478+0000] {manager.py:997} INFO - 
================================================================================
DAG File Processing Stats

File Path                                 PID    Runtime      # DAGs    # Errors  Last Runtime    Last Run               Last # of DB Queries
----------------------------------------  -----  ---------  --------  ----------  --------------  -------------------  ----------------------
/opt/airflow/dags/example_distributed.py                           1           0  0.91s           2026-07-04T03:39:59                      10
================================================================================
[2026-07-04T03:40:54.430+0000] {manager.py:997} INFO - 
================================================================================
DAG File Processing Stats

File Path                                 PID    Runtime      # DAGs    # Errors  Last Runtime    Last Run               Last # of DB Queries
----------------------------------------  -----  ---------  --------  ----------  --------------  -------------------  ----------------------
/opt/airflow/dags/example_distributed.py                           1           0  0.24s           2026-07-04T03:40:29                      10
================================================================================
[2026-07-04T03:41:24.779+0000] {manager.py:997} INFO - 
================================================================================
DAG File Processing Stats

File Path                                 PID    Runtime      # DAGs    # Errors  Last Runtime    Last Run               Last # of DB Queries
----------------------------------------  -----  ---------  --------  ----------  --------------  -------------------  ----------------------
/opt/airflow/dags/example_distributed.py                           1           0  4.46s           2026-07-04T03:41:05                      10
================================================================================
[2026-07-04T03:41:55.463+0000] {manager.py:997} INFO - 
================================================================================
DAG File Processing Stats

File Path                                 PID    Runtime      # DAGs    # Errors  Last Runtime    Last Run               Last # of DB Queries
----------------------------------------  -----  ---------  --------  ----------  --------------  -------------------  ----------------------
/opt/airflow/dags/example_distributed.py                           1           0  0.64s           2026-07-04T03:41:35                      10
================================================================================
[2026-07-04T03:42:25.807+0000] {manager.py:997} INFO - 
================================================================================
DAG File Processing Stats

File Path                                 PID    Runtime      # DAGs    # Errors  Last Runtime    Last Run               Last # of DB Queries
----------------------------------------  -----  ---------  --------  ----------  --------------  -------------------  ----------------------
/opt/airflow/dags/example_distributed.py                           1           0  6.64s           2026-07-04T03:42:14                      10
================================================================================
[2026-07-04T03:42:29.910+0000] {manager.py:821} INFO - Searching for files in /opt/airflow/dags
[2026-07-04T03:42:29.913+0000] {manager.py:824} INFO - There are 1 files in /opt/airflow/dags
[2026-07-04T03:42:55.821+0000] {manager.py:997} INFO - 
================================================================================
DAG File Processing Stats

File Path                                 PID    Runtime      # DAGs    # Errors  Last Runtime    Last Run               Last # of DB Queries
----------------------------------------  -----  ---------  --------  ----------  --------------  -------------------  ----------------------
/opt/airflow/dags/example_distributed.py                           1           0  0.38s           2026-07-04T03:42:45                      10
================================================================================
[2026-07-04T03:43:26.510+0000] {manager.py:997} INFO - 
================================================================================
DAG File Processing Stats

File Path                                 PID    Runtime      # DAGs    # Errors  Last Runtime    Last Run               Last # of DB Queries
----------------------------------------  -----  ---------  --------  ----------  --------------  -------------------  ----------------------
/opt/airflow/dags/example_distributed.py                           1           0  0.33s           2026-07-04T03:43:16                      10
================================================================================
[2026-07-04T03:43:56.687+0000] {manager.py:997} INFO - 
================================================================================
DAG File Processing Stats

File Path                                 PID    Runtime      # DAGs    # Errors  Last Runtime    Last Run               Last # of DB Queries
----------------------------------------  -----  ---------  --------  ----------  --------------  -------------------  ----------------------
/opt/airflow/dags/example_distributed.py                           1           0  0.15s           2026-07-04T03:43:46                      10
================================================================================
[2026-07-04T03:44:27.243+0000] {manager.py:997} INFO - 
================================================================================
DAG File Processing Stats

File Path                                 PID    Runtime      # DAGs    # Errors  Last Runtime    Last Run               Last # of DB Queries
----------------------------------------  -----  ---------  --------  ----------  --------------  -------------------  ----------------------
/opt/airflow/dags/example_distributed.py                           1           0  0.30s           2026-07-04T03:44:17                      10
================================================================================
[2026-07-04T03:44:57.415+0000] {manager.py:997} INFO - 
================================================================================
DAG File Processing Stats

File Path                                 PID    Runtime      # DAGs    # Errors  Last Runtime    Last Run               Last # of DB Queries
----------------------------------------  -----  ---------  --------  ----------  --------------  -------------------  ----------------------
/opt/airflow/dags/example_distributed.py                           1           0  0.37s           2026-07-04T03:44:47                      10
================================================================================
[2026-07-04T03:45:27.660+0000] {manager.py:997} INFO - 
================================================================================
DAG File Processing Stats

File Path                                 PID    Runtime      # DAGs    # Errors  Last Runtime    Last Run               Last # of DB Queries
----------------------------------------  -----  ---------  --------  ----------  --------------  -------------------  ----------------------
/opt/airflow/dags/example_distributed.py                           1           0  0.42s           2026-07-04T03:45:18                      10
================================================================================
[2026-07-04T03:45:58.046+0000] {manager.py:997} INFO - 
================================================================================
DAG File Processing Stats

File Path                                 PID    Runtime      # DAGs    # Errors  Last Runtime    Last Run               Last # of DB Queries
----------------------------------------  -----  ---------  --------  ----------  --------------  -------------------  ----------------------
/opt/airflow/dags/example_distributed.py                           1           0  0.25s           2026-07-04T03:45:49                      10
================================================================================
[2026-07-04T03:46:28.090+0000] {manager.py:997} INFO - 
================================================================================
DAG File Processing Stats

File Path                                 PID    Runtime      # DAGs    # Errors  Last Runtime    Last Run               Last # of DB Queries
----------------------------------------  -----  ---------  --------  ----------  --------------  -------------------  ----------------------
/opt/airflow/dags/example_distributed.py                           1           0  0.22s           2026-07-04T03:46:20                      10
================================================================================
[2026-07-04T03:46:58.456+0000] {manager.py:997} INFO - 
================================================================================
DAG File Processing Stats

File Path                                 PID    Runtime      # DAGs    # Errors  Last Runtime    Last Run               Last # of DB Queries
----------------------------------------  -----  ---------  --------  ----------  --------------  -------------------  ----------------------
/opt/airflow/dags/example_distributed.py                           1           0  0.23s           2026-07-04T03:46:50                      10
================================================================================
[2026-07-04T03:47:28.805+0000] {manager.py:997} INFO - 
================================================================================
DAG File Processing Stats

File Path                                 PID    Runtime      # DAGs    # Errors  Last Runtime    Last Run               Last # of DB Queries
----------------------------------------  -----  ---------  --------  ----------  --------------  -------------------  ----------------------
/opt/airflow/dags/example_distributed.py                           1           0  0.25s           2026-07-04T03:47:20                      10
================================================================================
[2026-07-04T03:47:30.025+0000] {manager.py:821} INFO - Searching for files in /opt/airflow/dags
[2026-07-04T03:47:30.029+0000] {manager.py:824} INFO - There are 1 files in /opt/airflow/dags
[2026-07-04T03:47:59.404+0000] {manager.py:997} INFO - 
================================================================================
DAG File Processing Stats

File Path                                 PID    Runtime      # DAGs    # Errors  Last Runtime    Last Run               Last # of DB Queries
----------------------------------------  -----  ---------  --------  ----------  --------------  -------------------  ----------------------
/opt/airflow/dags/example_distributed.py                           1           0  0.33s           2026-07-04T03:47:51                      10
================================================================================
[2026-07-04T03:48:29.769+0000] {manager.py:997} INFO - 
================================================================================
DAG File Processing Stats

File Path                                 PID    Runtime      # DAGs    # Errors  Last Runtime    Last Run               Last # of DB Queries
----------------------------------------  -----  ---------  --------  ----------  --------------  -------------------  ----------------------
/opt/airflow/dags/example_distributed.py                           1           0  0.30s           2026-07-04T03:48:22                      10
================================================================================
[2026-07-04T03:48:59.820+0000] {manager.py:997} INFO - 
================================================================================
DAG File Processing Stats

File Path                                 PID    Runtime      # DAGs    # Errors  Last Runtime    Last Run               Last # of DB Queries
----------------------------------------  -----  ---------  --------  ----------  --------------  -------------------  ----------------------
/opt/airflow/dags/example_distributed.py                           1           0  0.30s           2026-07-04T03:48:52                      10
================================================================================
[2026-07-04T03:49:29.838+0000] {manager.py:997} INFO - 
================================================================================
DAG File Processing Stats

File Path                                 PID    Runtime      # DAGs    # Errors  Last Runtime    Last Run               Last # of DB Queries
----------------------------------------  -----  ---------  --------  ----------  --------------  -------------------  ----------------------
/opt/airflow/dags/example_distributed.py                           1           0  0.40s           2026-07-04T03:49:23                      10
================================================================================
[2026-07-04T03:49:59.997+0000] {manager.py:997} INFO - 
================================================================================
DAG File Processing Stats

File Path                                 PID    Runtime      # DAGs    # Errors  Last Runtime    Last Run               Last # of DB Queries
----------------------------------------  -----  ---------  --------  ----------  --------------  -------------------  ----------------------
/opt/airflow/dags/example_distributed.py                           1           0  0.26s           2026-07-04T03:49:54                      10
================================================================================
[2026-07-04T03:50:30.833+0000] {manager.py:997} INFO - 
================================================================================
DAG File Processing Stats

File Path                                 PID    Runtime      # DAGs    # Errors  Last Runtime    Last Run               Last # of DB Queries
----------------------------------------  -----  ---------  --------  ----------  --------------  -------------------  ----------------------
/opt/airflow/dags/example_distributed.py                           1           0  1.25s           2026-07-04T03:50:25                      10
================================================================================
[2026-07-04T03:51:01.702+0000] {manager.py:997} INFO - 
================================================================================
DAG File Processing Stats

File Path                                 PID    Runtime      # DAGs    # Errors  Last Runtime    Last Run               Last # of DB Queries
----------------------------------------  -----  ---------  --------  ----------  --------------  -------------------  ----------------------
/opt/airflow/dags/example_distributed.py                           1           0  0.26s           2026-07-04T03:50:56                      10
================================================================================
[2026-07-04T03:51:32.900+0000] {manager.py:997} INFO - 
================================================================================
DAG File Processing Stats

File Path                                 PID    Runtime      # DAGs    # Errors  Last Runtime    Last Run               Last # of DB Queries
----------------------------------------  -----  ---------  --------  ----------  --------------  -------------------  ----------------------
/opt/airflow/dags/example_distributed.py                           1           0  0.40s           2026-07-04T03:51:27                      10
================================================================================
[2026-07-04T03:52:03.211+0000] {manager.py:997} INFO - 
================================================================================
DAG File Processing Stats

File Path                                 PID    Runtime      # DAGs    # Errors  Last Runtime    Last Run               Last # of DB Queries
----------------------------------------  -----  ---------  --------  ----------  --------------  -------------------  ----------------------
/opt/airflow/dags/example_distributed.py                           1           0  0.21s           2026-07-04T03:51:58                      10
================================================================================
[2026-07-04T03:52:30.471+0000] {manager.py:821} INFO - Searching for files in /opt/airflow/dags
[2026-07-04T03:52:30.475+0000] {manager.py:824} INFO - There are 1 files in /opt/airflow/dags
[2026-07-04T03:52:33.552+0000] {manager.py:997} INFO - 
================================================================================
DAG File Processing Stats

File Path                                 PID    Runtime      # DAGs    # Errors  Last Runtime    Last Run               Last # of DB Queries
----------------------------------------  -----  ---------  --------  ----------  --------------  -------------------  ----------------------
/opt/airflow/dags/example_distributed.py                           1           0  0.33s           2026-07-04T03:52:28                      10
================================================================================
[2026-07-04T03:53:04.046+0000] {manager.py:997} INFO - 
================================================================================
DAG File Processing Stats

File Path                                 PID    Runtime      # DAGs    # Errors  Last Runtime    Last Run               Last # of DB Queries
----------------------------------------  -----  ---------  --------  ----------  --------------  -------------------  ----------------------
/opt/airflow/dags/example_distributed.py                           1           0  0.28s           2026-07-04T03:52:59                      10
================================================================================
[2026-07-04T03:53:34.631+0000] {manager.py:997} INFO - 
================================================================================
DAG File Processing Stats

File Path                                 PID    Runtime      # DAGs    # Errors  Last Runtime    Last Run               Last # of DB Queries
----------------------------------------  -----  ---------  --------  ----------  --------------  -------------------  ----------------------
/opt/airflow/dags/example_distributed.py                           1           0  0.55s           2026-07-04T03:53:30                      10
================================================================================
[2026-07-04T03:54:04.918+0000] {manager.py:997} INFO - 
================================================================================
DAG File Processing Stats

File Path                                 PID    Runtime      # DAGs    # Errors  Last Runtime    Last Run               Last # of DB Queries
----------------------------------------  -----  ---------  --------  ----------  --------------  -------------------  ----------------------
/opt/airflow/dags/example_distributed.py                           1           0  0.32s           2026-07-04T03:54:01                      10
================================================================================
[2026-07-04T03:54:35.320+0000] {manager.py:997} INFO - 
================================================================================
DAG File Processing Stats

File Path                                 PID    Runtime      # DAGs    # Errors  Last Runtime    Last Run               Last # of DB Queries
----------------------------------------  -----  ---------  --------  ----------  --------------  -------------------  ----------------------
/opt/airflow/dags/example_distributed.py                           1           0  0.33s           2026-07-04T03:54:32                      10
================================================================================
[2026-07-04T03:55:05.880+0000] {manager.py:997} INFO - 
================================================================================
DAG File Processing Stats

File Path                                 PID    Runtime      # DAGs    # Errors  Last Runtime    Last Run               Last # of DB Queries
----------------------------------------  -----  ---------  --------  ----------  --------------  -------------------  ----------------------
/opt/airflow/dags/example_distributed.py                           1           0  0.41s           2026-07-04T03:55:03                      10
================================================================================
[2026-07-04T03:55:35.950+0000] {manager.py:997} INFO - 
================================================================================
DAG File Processing Stats

File Path                                 PID    Runtime      # DAGs    # Errors  Last Runtime    Last Run               Last # of DB Queries
----------------------------------------  -----  ---------  --------  ----------  --------------  -------------------  ----------------------
/opt/airflow/dags/example_distributed.py                           1           0  0.31s           2026-07-04T03:55:34                      10
================================================================================
[2026-07-04T03:56:06.297+0000] {manager.py:997} INFO - 
================================================================================
DAG File Processing Stats

File Path                                 PID    Runtime      # DAGs    # Errors  Last Runtime    Last Run               Last # of DB Queries
----------------------------------------  -----  ---------  --------  ----------  --------------  -------------------  ----------------------
/opt/airflow/dags/example_distributed.py                           1           0  0.35s           2026-07-04T03:56:05                      10
================================================================================
[2026-07-04T03:56:36.468+0000] {manager.py:997} INFO - 
================================================================================
DAG File Processing Stats

File Path                                 PID    Runtime      # DAGs    # Errors  Last Runtime    Last Run               Last # of DB Queries
----------------------------------------  -----  ---------  --------  ----------  --------------  -------------------  ----------------------
/opt/airflow/dags/example_distributed.py                           1           0  0.94s           2026-07-04T03:56:36                      10
================================================================================
[2026-07-04T03:57:07.068+0000] {manager.py:997} INFO - 
================================================================================
DAG File Processing Stats

File Path                                   PID  Runtime      # DAGs    # Errors  Last Runtime    Last Run               Last # of DB Queries
----------------------------------------  -----  ---------  --------  ----------  --------------  -------------------  ----------------------
/opt/airflow/dags/example_distributed.py    714  0.01s             1           0  0.94s           2026-07-04T03:56:36                      10
================================================================================
[2026-07-04T03:57:30.971+0000] {manager.py:821} INFO - Searching for files in /opt/airflow/dags
[2026-07-04T03:57:30.975+0000] {manager.py:824} INFO - There are 1 files in /opt/airflow/dags
[2026-07-04T03:57:38.039+0000] {manager.py:997} INFO - 
================================================================================
DAG File Processing Stats

File Path                                   PID  Runtime      # DAGs    # Errors  Last Runtime    Last Run               Last # of DB Queries
----------------------------------------  -----  ---------  --------  ----------  --------------  -------------------  ----------------------
/opt/airflow/dags/example_distributed.py    722  0.01s             1           0  0.40s           2026-07-04T03:57:07                      10
================================================================================
[2026-07-04T03:58:08.426+0000] {manager.py:997} INFO - 
================================================================================
DAG File Processing Stats

File Path                                   PID  Runtime      # DAGs    # Errors  Last Runtime    Last Run               Last # of DB Queries
----------------------------------------  -----  ---------  --------  ----------  --------------  -------------------  ----------------------
/opt/airflow/dags/example_distributed.py    730  0.00s             1           0  0.19s           2026-07-04T03:57:38                      10
================================================================================
[2026-07-04T03:58:38.513+0000] {manager.py:997} INFO - 
================================================================================
DAG File Processing Stats

File Path                                 PID    Runtime      # DAGs    # Errors  Last Runtime    Last Run               Last # of DB Queries
----------------------------------------  -----  ---------  --------  ----------  --------------  -------------------  ----------------------
/opt/airflow/dags/example_distributed.py                           1           0  0.14s           2026-07-04T03:58:08                      10
================================================================================
[2026-07-04T03:59:09.002+0000] {manager.py:997} INFO - 
================================================================================
DAG File Processing Stats

File Path                                 PID    Runtime      # DAGs    # Errors  Last Runtime    Last Run               Last # of DB Queries
----------------------------------------  -----  ---------  --------  ----------  --------------  -------------------  ----------------------
/opt/airflow/dags/example_distributed.py                           1           0  0.38s           2026-07-04T03:58:39                      10
================================================================================
[2026-07-04T03:59:39.292+0000] {manager.py:997} INFO - 
================================================================================
DAG File Processing Stats

File Path                                 PID    Runtime      # DAGs    # Errors  Last Runtime    Last Run               Last # of DB Queries
----------------------------------------  -----  ---------  --------  ----------  --------------  -------------------  ----------------------
/opt/airflow/dags/example_distributed.py                           1           0  0.48s           2026-07-04T03:59:10                      10
================================================================================
[2026-07-04T04:00:10.064+0000] {manager.py:997} INFO - 
================================================================================
DAG File Processing Stats

File Path                                 PID    Runtime      # DAGs    # Errors  Last Runtime    Last Run               Last # of DB Queries
----------------------------------------  -----  ---------  --------  ----------  --------------  -------------------  ----------------------
/opt/airflow/dags/example_distributed.py                           1           0  0.32s           2026-07-04T03:59:41                      10
================================================================================
[2026-07-04T04:00:40.190+0000] {manager.py:997} INFO - 
================================================================================
DAG File Processing Stats

File Path                                 PID    Runtime      # DAGs    # Errors  Last Runtime    Last Run               Last # of DB Queries
----------------------------------------  -----  ---------  --------  ----------  --------------  -------------------  ----------------------
/opt/airflow/dags/example_distributed.py                           1           0  0.42s           2026-07-04T04:00:12                      10
================================================================================
[2026-07-04T04:01:10.648+0000] {manager.py:997} INFO - 
================================================================================
DAG File Processing Stats

File Path                                 PID    Runtime      # DAGs    # Errors  Last Runtime    Last Run               Last # of DB Queries
----------------------------------------  -----  ---------  --------  ----------  --------------  -------------------  ----------------------
/opt/airflow/dags/example_distributed.py                           1           0  6.22s           2026-07-04T04:00:48                      10
================================================================================
[2026-07-04T04:01:40.904+0000] {manager.py:997} INFO - 
================================================================================
DAG File Processing Stats

File Path                                 PID    Runtime      # DAGs    # Errors  Last Runtime    Last Run               Last # of DB Queries
----------------------------------------  -----  ---------  --------  ----------  --------------  -------------------  ----------------------
/opt/airflow/dags/example_distributed.py                           1           0  0.13s           2026-07-04T04:01:19                      10
================================================================================
[2026-07-04T04:02:11.436+0000] {manager.py:997} INFO - 
================================================================================
DAG File Processing Stats

File Path                                 PID    Runtime      # DAGs    # Errors  Last Runtime    Last Run               Last # of DB Queries
----------------------------------------  -----  ---------  --------  ----------  --------------  -------------------  ----------------------
/opt/airflow/dags/example_distributed.py                           1           0  0.17s           2026-07-04T04:01:49                      10
================================================================================
[2026-07-04T04:02:31.715+0000] {manager.py:821} INFO - Searching for files in /opt/airflow/dags
[2026-07-04T04:02:31.717+0000] {manager.py:824} INFO - There are 2 files in /opt/airflow/dags
[2026-07-04T04:02:42.020+0000] {manager.py:997} INFO - 
================================================================================
DAG File Processing Stats

File Path                                   PID    Runtime      # DAGs    # Errors  Last Runtime    Last Run               Last # of DB Queries
------------------------------------------  -----  ---------  --------  ----------  --------------  -------------------  ----------------------
/opt/airflow/dags/example_distributed_3.py                           1           0  3.26s           2026-07-04T04:02:34                      43
/opt/airflow/dags/example_distributed.py                             1           0  0.20s           2026-07-04T04:02:19                      10
================================================================================
[2026-07-04T04:03:12.360+0000] {manager.py:997} INFO - 
================================================================================
DAG File Processing Stats

File Path                                   PID    Runtime      # DAGs    # Errors  Last Runtime    Last Run               Last # of DB Queries
------------------------------------------  -----  ---------  --------  ----------  --------------  -------------------  ----------------------
/opt/airflow/dags/example_distributed_3.py                           1           0  0.37s           2026-07-04T04:03:05                      10
/opt/airflow/dags/example_distributed.py                             1           0  0.29s           2026-07-04T04:02:50                      10
================================================================================
[2026-07-04T04:03:42.800+0000] {manager.py:997} INFO - 
================================================================================
DAG File Processing Stats

File Path                                   PID    Runtime      # DAGs    # Errors  Last Runtime    Last Run               Last # of DB Queries
------------------------------------------  -----  ---------  --------  ----------  --------------  -------------------  ----------------------
/opt/airflow/dags/example_distributed.py                             1           0  0.53s           2026-07-04T04:03:21                      10
/opt/airflow/dags/example_distributed_3.py                           1           0  0.45s           2026-07-04T04:03:36                      10
================================================================================
[2026-07-04T04:04:12.991+0000] {manager.py:997} INFO - 
================================================================================
DAG File Processing Stats

File Path                                   PID    Runtime      # DAGs    # Errors  Last Runtime    Last Run               Last # of DB Queries
------------------------------------------  -----  ---------  --------  ----------  --------------  -------------------  ----------------------
/opt/airflow/dags/example_distributed_3.py                           1           0  0.74s           2026-07-04T04:04:07                      10
/opt/airflow/dags/example_distributed.py                             1           0  0.31s           2026-07-04T04:03:52                      10
================================================================================
[2026-07-04T04:04:43.943+0000] {manager.py:997} INFO - 
================================================================================
DAG File Processing Stats

File Path                                   PID    Runtime      # DAGs    # Errors  Last Runtime    Last Run               Last # of DB Queries
------------------------------------------  -----  ---------  --------  ----------  --------------  -------------------  ----------------------
/opt/airflow/dags/example_distributed_3.py                           1           0  1.32s           2026-07-04T04:04:39                      10
/opt/airflow/dags/example_distributed.py                             1           0  0.33s           2026-07-04T04:04:22                      10
================================================================================
[2026-07-04T04:05:14.367+0000] {manager.py:997} INFO - 
================================================================================
DAG File Processing Stats

File Path                                   PID    Runtime      # DAGs    # Errors  Last Runtime    Last Run               Last # of DB Queries
------------------------------------------  -----  ---------  --------  ----------  --------------  -------------------  ----------------------
/opt/airflow/dags/example_distributed.py                             1           0  0.53s           2026-07-04T04:04:53                      10
/opt/airflow/dags/example_distributed_3.py                           1           0  0.50s           2026-07-04T04:05:10                      10
================================================================================
[2026-07-04T04:05:44.884+0000] {manager.py:997} INFO - 
================================================================================
DAG File Processing Stats

File Path                                   PID    Runtime      # DAGs    # Errors  Last Runtime    Last Run               Last # of DB Queries
------------------------------------------  -----  ---------  --------  ----------  --------------  -------------------  ----------------------
/opt/airflow/dags/example_distributed_3.py                           1           0  0.79s           2026-07-04T04:05:41                      10
/opt/airflow/dags/example_distributed.py                             1           0  0.50s           2026-07-04T04:05:24                      10
================================================================================
[2026-07-04T04:06:15.205+0000] {manager.py:997} INFO - 
================================================================================
DAG File Processing Stats

File Path                                   PID    Runtime      # DAGs    # Errors  Last Runtime    Last Run               Last # of DB Queries
------------------------------------------  -----  ---------  --------  ----------  --------------  -------------------  ----------------------
/opt/airflow/dags/example_distributed_3.py                           1           0  0.49s           2026-07-04T04:06:12                      10
/opt/airflow/dags/example_distributed.py                             1           0  0.34s           2026-07-04T04:05:55                      10
================================================================================
[2026-07-04T04:06:46.045+0000] {manager.py:997} INFO - 
================================================================================
DAG File Processing Stats

File Path                                   PID    Runtime      # DAGs    # Errors  Last Runtime    Last Run               Last # of DB Queries
------------------------------------------  -----  ---------  --------  ----------  --------------  -------------------  ----------------------
/opt/airflow/dags/example_distributed.py                             1           0  0.51s           2026-07-04T04:06:26                      10
/opt/airflow/dags/example_distributed_3.py                           1           0  0.27s           2026-07-04T04:06:42                      10
================================================================================
[2026-07-04T04:07:16.215+0000] {manager.py:997} INFO - 
================================================================================
DAG File Processing Stats

File Path                                   PID    Runtime      # DAGs    # Errors  Last Runtime    Last Run               Last # of DB Queries
------------------------------------------  -----  ---------  --------  ----------  --------------  -------------------  ----------------------
/opt/airflow/dags/example_distributed.py                             1           0  0.30s           2026-07-04T04:06:57                      10
/opt/airflow/dags/example_distributed_3.py                           1           0  0.29s           2026-07-04T04:07:13                      10
================================================================================
[2026-07-04T04:07:31.755+0000] {manager.py:821} INFO - Searching for files in /opt/airflow/dags
[2026-07-04T04:07:31.763+0000] {manager.py:824} INFO - There are 3 files in /opt/airflow/dags
[2026-07-04T04:07:46.672+0000] {manager.py:997} INFO - 
================================================================================
DAG File Processing Stats

File Path                                   PID    Runtime      # DAGs    # Errors  Last Runtime    Last Run               Last # of DB Queries
------------------------------------------  -----  ---------  --------  ----------  --------------  -------------------  ----------------------
/opt/airflow/dags/example_distributed_2.py                           1           0  0.93s           2026-07-04T04:07:32                      43
/opt/airflow/dags/example_distributed.py                             1           0  0.41s           2026-07-04T04:07:28                      10
/opt/airflow/dags/example_distributed_3.py                           1           0  0.39s           2026-07-04T04:07:43                      10
================================================================================
[2026-07-04T04:08:17.088+0000] {manager.py:997} INFO - 
================================================================================
DAG File Processing Stats

File Path                                   PID    Runtime      # DAGs    # Errors  Last Runtime    Last Run               Last # of DB Queries
------------------------------------------  -----  ---------  --------  ----------  --------------  -------------------  ----------------------
/opt/airflow/dags/example_distributed.py                             1           0  0.56s           2026-07-04T04:07:58                      10
/opt/airflow/dags/example_distributed_3.py                           1           0  0.41s           2026-07-04T04:08:14                      10
/opt/airflow/dags/example_distributed_2.py                           1           0  0.35s           2026-07-04T04:08:03                      10
================================================================================
[2026-07-04T04:08:47.162+0000] {manager.py:997} INFO - 
================================================================================
DAG File Processing Stats

File Path                                   PID    Runtime      # DAGs    # Errors  Last Runtime    Last Run               Last # of DB Queries
------------------------------------------  -----  ---------  --------  ----------  --------------  -------------------  ----------------------
/opt/airflow/dags/example_distributed.py                             1           0  1.01s           2026-07-04T04:08:30                      10
/opt/airflow/dags/example_distributed_3.py                           1           0  0.42s           2026-07-04T04:08:45                      10
/opt/airflow/dags/example_distributed_2.py                           1           0  0.36s           2026-07-04T04:08:34                      10
================================================================================
[2026-07-04T04:09:17.247+0000] {manager.py:997} INFO - 
================================================================================
DAG File Processing Stats

File Path                                   PID    Runtime      # DAGs    # Errors  Last Runtime    Last Run               Last # of DB Queries
------------------------------------------  -----  ---------  --------  ----------  --------------  -------------------  ----------------------
/opt/airflow/dags/example_distributed.py                             1           0  0.30s           2026-07-04T04:09:01                      10
/opt/airflow/dags/example_distributed_3.py                           1           0  0.28s           2026-07-04T04:09:17                      10
/opt/airflow/dags/example_distributed_2.py                           1           0  0.27s           2026-07-04T04:09:05                      10
================================================================================
[2026-07-04T04:09:47.827+0000] {manager.py:997} INFO - 
================================================================================
DAG File Processing Stats

File Path                                     PID  Runtime      # DAGs    # Errors  Last Runtime    Last Run               Last # of DB Queries
------------------------------------------  -----  ---------  --------  ----------  --------------  -------------------  ----------------------
/opt/airflow/dags/example_distributed.py                             1           0  0.33s           2026-07-04T04:09:32                      10
/opt/airflow/dags/example_distributed_2.py                           1           0  0.30s           2026-07-04T04:09:35                      10
/opt/airflow/dags/example_distributed_3.py    898  0.01s             1           0  0.28s           2026-07-04T04:09:17                      10
================================================================================
[2026-07-04T04:10:18.022+0000] {manager.py:997} INFO - 
================================================================================
DAG File Processing Stats

File Path                                   PID    Runtime      # DAGs    # Errors  Last Runtime    Last Run               Last # of DB Queries
------------------------------------------  -----  ---------  --------  ----------  --------------  -------------------  ----------------------
/opt/airflow/dags/example_distributed_3.py                           1           0  0.38s           2026-07-04T04:09:48                      10
/opt/airflow/dags/example_distributed_2.py                           1           0  0.16s           2026-07-04T04:10:05                      10
/opt/airflow/dags/example_distributed.py                             1           0  0.15s           2026-07-04T04:10:02                      10
================================================================================
[2026-07-04T04:10:48.085+0000] {manager.py:997} INFO - 
================================================================================
DAG File Processing Stats

File Path                                   PID    Runtime      # DAGs    # Errors  Last Runtime    Last Run               Last # of DB Queries
------------------------------------------  -----  ---------  --------  ----------  --------------  -------------------  ----------------------
/opt/airflow/dags/example_distributed_3.py                           1           0  0.35s           2026-07-04T04:10:19                      10
/opt/airflow/dags/example_distributed_2.py                           1           0  0.33s           2026-07-04T04:10:36                      10
/opt/airflow/dags/example_distributed.py                             1           0  0.30s           2026-07-04T04:10:33                      10
================================================================================
[2026-07-04T04:11:18.251+0000] {manager.py:997} INFO - 
================================================================================
DAG File Processing Stats

File Path                                   PID    Runtime      # DAGs    # Errors  Last Runtime    Last Run               Last # of DB Queries
------------------------------------------  -----  ---------  --------  ----------  --------------  -------------------  ----------------------
/opt/airflow/dags/example_distributed_2.py                           1           0  0.30s           2026-07-04T04:11:07                      10
/opt/airflow/dags/example_distributed.py                             1           0  0.16s           2026-07-04T04:11:04                      10
/opt/airflow/dags/example_distributed_3.py                           1           0  0.13s           2026-07-04T04:10:50                      10
================================================================================
[2026-07-04T04:11:49.464+0000] {manager.py:997} INFO - 
================================================================================
DAG File Processing Stats

File Path                                   PID    Runtime      # DAGs    # Errors  Last Runtime    Last Run               Last # of DB Queries
------------------------------------------  -----  ---------  --------  ----------  --------------  -------------------  ----------------------
/opt/airflow/dags/example_distributed.py                             1           0  9.39s           2026-07-04T04:11:44                      10
/opt/airflow/dags/example_distributed_2.py                           1           0  6.18s           2026-07-04T04:11:44                      10
/opt/airflow/dags/example_distributed_3.py                           1           0  0.34s           2026-07-04T04:11:20                      10
================================================================================
[2026-07-04T04:12:20.217+0000] {manager.py:997} INFO - 
================================================================================
DAG File Processing Stats

File Path                                   PID    Runtime      # DAGs    # Errors  Last Runtime    Last Run               Last # of DB Queries
------------------------------------------  -----  ---------  --------  ----------  --------------  -------------------  ----------------------
/opt/airflow/dags/example_distributed_3.py                           1           0  11.90s          2026-07-04T04:12:03                      10
/opt/airflow/dags/example_distributed_2.py                           1           0  0.69s           2026-07-04T04:12:15                      10
/opt/airflow/dags/example_distributed.py                             1           0  0.63s           2026-07-04T04:12:15                      10
================================================================================
[2026-07-04T04:12:32.391+0000] {manager.py:821} INFO - Searching for files in /opt/airflow/dags
[2026-07-04T04:12:32.395+0000] {manager.py:824} INFO - There are 3 files in /opt/airflow/dags
[2026-07-04T04:12:50.768+0000] {manager.py:997} INFO - 
================================================================================
DAG File Processing Stats

File Path                                   PID    Runtime      # DAGs    # Errors  Last Runtime    Last Run               Last # of DB Queries
------------------------------------------  -----  ---------  --------  ----------  --------------  -------------------  ----------------------
/opt/airflow/dags/example_distributed_3.py                           1           0  0.74s           2026-07-04T04:12:34                      10
/opt/airflow/dags/example_distributed.py                             1           0  0.51s           2026-07-04T04:12:45                      10
/opt/airflow/dags/example_distributed_2.py                           1           0  0.39s           2026-07-04T04:12:45                      10
================================================================================
[2026-07-04T04:13:21.200+0000] {manager.py:997} INFO - 
================================================================================
DAG File Processing Stats

File Path                                   PID    Runtime      # DAGs    # Errors  Last Runtime    Last Run               Last # of DB Queries
------------------------------------------  -----  ---------  --------  ----------  --------------  -------------------  ----------------------
/opt/airflow/dags/example_distributed_2.py                           1           0  0.98s           2026-07-04T04:13:17                      10
/opt/airflow/dags/example_distributed.py                             1           0  0.87s           2026-07-04T04:13:17                      10
/opt/airflow/dags/example_distributed_3.py                           1           0  0.52s           2026-07-04T04:13:05                      10
================================================================================
[2026-07-04T04:13:51.660+0000] {manager.py:997} INFO - 
================================================================================
DAG File Processing Stats

File Path                                   PID    Runtime      # DAGs    # Errors  Last Runtime    Last Run               Last # of DB Queries
------------------------------------------  -----  ---------  --------  ----------  --------------  -------------------  ----------------------
/opt/airflow/dags/example_distributed.py                             1           0  0.33s           2026-07-04T04:13:47                      10
/opt/airflow/dags/example_distributed_2.py                           1           0  0.32s           2026-07-04T04:13:47                      10
/opt/airflow/dags/example_distributed_3.py                           1           0  0.22s           2026-07-04T04:13:36                      10
================================================================================
[2026-07-04T04:14:22.124+0000] {manager.py:997} INFO - 
================================================================================
DAG File Processing Stats

File Path                                   PID    Runtime      # DAGs    # Errors  Last Runtime    Last Run               Last # of DB Queries
------------------------------------------  -----  ---------  --------  ----------  --------------  -------------------  ----------------------
/opt/airflow/dags/example_distributed_3.py                           1           0  0.34s           2026-07-04T04:14:07                      10
/opt/airflow/dags/example_distributed.py                             1           0  0.29s           2026-07-04T04:14:18                      10
/opt/airflow/dags/example_distributed_2.py                           1           0  0.17s           2026-07-04T04:14:18                      10
================================================================================
[2026-07-04T04:14:52.812+0000] {manager.py:997} INFO - 
================================================================================
DAG File Processing Stats

File Path                                   PID    Runtime      # DAGs    # Errors  Last Runtime    Last Run               Last # of DB Queries
------------------------------------------  -----  ---------  --------  ----------  --------------  -------------------  ----------------------
/opt/airflow/dags/example_distributed.py                             1           0  0.52s           2026-07-04T04:14:49                      10
/opt/airflow/dags/example_distributed_2.py                           1           0  0.44s           2026-07-04T04:14:49                      10
/opt/airflow/dags/example_distributed_3.py                           1           0  0.22s           2026-07-04T04:14:37                      10
================================================================================
[2026-07-04T04:15:23.089+0000] {manager.py:997} INFO - 
================================================================================
DAG File Processing Stats

File Path                                   PID    Runtime      # DAGs    # Errors  Last Runtime    Last Run               Last # of DB Queries
------------------------------------------  -----  ---------  --------  ----------  --------------  -------------------  ----------------------
/opt/airflow/dags/example_distributed.py                             1           0  3.26s           2026-07-04T04:15:22                      10
/opt/airflow/dags/example_distributed_2.py                           1           0  2.87s           2026-07-04T04:15:22                      10
/opt/airflow/dags/example_distributed_3.py                           1           0  0.37s           2026-07-04T04:15:08                      10
================================================================================
[2026-07-04T04:15:53.154+0000] {manager.py:997} INFO - 
================================================================================
DAG File Processing Stats

File Path                                     PID  Runtime      # DAGs    # Errors  Last Runtime    Last Run               Last # of DB Queries
------------------------------------------  -----  ---------  --------  ----------  --------------  -------------------  ----------------------
/opt/airflow/dags/example_distributed.py     1005  0.01s             1           0  3.26s           2026-07-04T04:15:22                      10
/opt/airflow/dags/example_distributed_2.py   1004  0.03s             1           0  2.87s           2026-07-04T04:15:22                      10
/opt/airflow/dags/example_distributed_3.py                           1           0  0.37s           2026-07-04T04:15:39                      10
================================================================================
[2026-07-04T04:16:23.631+0000] {manager.py:997} INFO - 
================================================================================
DAG File Processing Stats

File Path                                   PID    Runtime      # DAGs    # Errors  Last Runtime    Last Run               Last # of DB Queries
------------------------------------------  -----  ---------  --------  ----------  --------------  -------------------  ----------------------
/opt/airflow/dags/example_distributed_2.py                           1           0  0.77s           2026-07-04T04:15:53                      10
/opt/airflow/dags/example_distributed.py                             1           0  0.69s           2026-07-04T04:15:53                      10
/opt/airflow/dags/example_distributed_3.py                           1           0  0.37s           2026-07-04T04:16:10                      10
================================================================================
[2026-07-04T04:16:53.815+0000] {manager.py:997} INFO - 
================================================================================
DAG File Processing Stats

File Path                                   PID    Runtime      # DAGs    # Errors  Last Runtime    Last Run               Last # of DB Queries
------------------------------------------  -----  ---------  --------  ----------  --------------  -------------------  ----------------------
/opt/airflow/dags/example_distributed_2.py                           1           0  0.31s           2026-07-04T04:16:24                      10
/opt/airflow/dags/example_distributed_3.py                           1           0  0.29s           2026-07-04T04:16:41                      10
/opt/airflow/dags/example_distributed.py                             1           0  0.27s           2026-07-04T04:16:24                      10
================================================================================
[2026-07-04T04:17:24.694+0000] {manager.py:997} INFO - 
================================================================================
DAG File Processing Stats

File Path                                   PID    Runtime      # DAGs    # Errors  Last Runtime    Last Run               Last # of DB Queries
------------------------------------------  -----  ---------  --------  ----------  --------------  -------------------  ----------------------
/opt/airflow/dags/example_distributed.py                             1           0  0.31s           2026-07-04T04:16:55                      10
/opt/airflow/dags/example_distributed_2.py                           1           0  0.28s           2026-07-04T04:16:55                      10
/opt/airflow/dags/example_distributed_3.py                           1           0  0.23s           2026-07-04T04:17:13                      10
================================================================================
[2026-07-04T04:17:32.882+0000] {manager.py:821} INFO - Searching for files in /opt/airflow/dags
[2026-07-04T04:17:32.888+0000] {manager.py:824} INFO - There are 3 files in /opt/airflow/dags
[2026-07-04T04:17:55.181+0000] {manager.py:997} INFO - 
================================================================================
DAG File Processing Stats

File Path                                   PID    Runtime      # DAGs    # Errors  Last Runtime    Last Run               Last # of DB Queries
------------------------------------------  -----  ---------  --------  ----------  --------------  -------------------  ----------------------
/opt/airflow/dags/example_distributed_3.py                           1           0  0.47s           2026-07-04T04:17:44                      10
/opt/airflow/dags/example_distributed_2.py                           1           0  0.40s           2026-07-04T04:17:26                      10
/opt/airflow/dags/example_distributed.py                             1           0  0.36s           2026-07-04T04:17:26                      10
================================================================================
[2026-07-04T04:18:26.069+0000] {manager.py:997} INFO - 
================================================================================
DAG File Processing Stats

File Path                                   PID    Runtime      # DAGs    # Errors  Last Runtime    Last Run               Last # of DB Queries
------------------------------------------  -----  ---------  --------  ----------  --------------  -------------------  ----------------------
/opt/airflow/dags/example_distributed_2.py                           1           0  0.26s           2026-07-04T04:17:56                      10
/opt/airflow/dags/example_distributed_3.py                           1           0  0.19s           2026-07-04T04:18:15                      10
/opt/airflow/dags/example_distributed.py                             1           0  0.18s           2026-07-04T04:17:56                      10
================================================================================
[2026-07-04T04:18:56.549+0000] {manager.py:997} INFO - 
================================================================================
DAG File Processing Stats

File Path                                   PID    Runtime      # DAGs    # Errors  Last Runtime    Last Run               Last # of DB Queries
------------------------------------------  -----  ---------  --------  ----------  --------------  -------------------  ----------------------
/opt/airflow/dags/example_distributed_3.py                           1           0  0.17s           2026-07-04T04:18:46                      10
/opt/airflow/dags/example_distributed.py                             1           0  0.16s           2026-07-04T04:18:27                      10
/opt/airflow/dags/example_distributed_2.py                           1           0  0.15s           2026-07-04T04:18:27                      10
================================================================================
[2026-07-04T04:19:27.109+0000] {manager.py:997} INFO - 
================================================================================
DAG File Processing Stats

File Path                                   PID    Runtime      # DAGs    # Errors  Last Runtime    Last Run               Last # of DB Queries
------------------------------------------  -----  ---------  --------  ----------  --------------  -------------------  ----------------------
/opt/airflow/dags/example_distributed.py                             1           0  0.32s           2026-07-04T04:18:57                      10
/opt/airflow/dags/example_distributed_2.py                           1           0  0.24s           2026-07-04T04:18:57                      10
/opt/airflow/dags/example_distributed_3.py                           1           0  0.16s           2026-07-04T04:19:17                      10
================================================================================
[2026-07-04T04:19:57.447+0000] {manager.py:997} INFO - 
================================================================================
DAG File Processing Stats

File Path                                   PID    Runtime      # DAGs    # Errors  Last Runtime    Last Run               Last # of DB Queries
------------------------------------------  -----  ---------  --------  ----------  --------------  -------------------  ----------------------
/opt/airflow/dags/example_distributed.py                             1           0  0.20s           2026-07-04T04:19:28                      10
/opt/airflow/dags/example_distributed_2.py                           1           0  0.20s           2026-07-04T04:19:28                      10
/opt/airflow/dags/example_distributed_3.py                           1           0  0.18s           2026-07-04T04:19:47                      10
================================================================================
[2026-07-04T04:20:27.658+0000] {manager.py:997} INFO - 
================================================================================
DAG File Processing Stats

File Path                                   PID    Runtime      # DAGs    # Errors  Last Runtime    Last Run               Last # of DB Queries
------------------------------------------  -----  ---------  --------  ----------  --------------  -------------------  ----------------------
/opt/airflow/dags/example_distributed_3.py                           1           0  0.22s           2026-07-04T04:20:18                      10
/opt/airflow/dags/example_distributed_2.py                           1           0  0.17s           2026-07-04T04:19:58                      10
/opt/airflow/dags/example_distributed.py                             1           0  0.15s           2026-07-04T04:19:58                      10
================================================================================
[2026-07-04T04:20:57.711+0000] {manager.py:997} INFO - 
================================================================================
DAG File Processing Stats

File Path                                   PID    Runtime      # DAGs    # Errors  Last Runtime    Last Run               Last # of DB Queries
------------------------------------------  -----  ---------  --------  ----------  --------------  -------------------  ----------------------
/opt/airflow/dags/example_distributed_2.py                           1           0  0.21s           2026-07-04T04:20:28                      10
/opt/airflow/dags/example_distributed.py                             1           0  0.21s           2026-07-04T04:20:28                      10
/opt/airflow/dags/example_distributed_3.py                           1           0  0.16s           2026-07-04T04:20:49                      10
================================================================================
[2026-07-04T04:21:28.009+0000] {manager.py:997} INFO - 
================================================================================
DAG File Processing Stats

File Path                                   PID    Runtime      # DAGs    # Errors  Last Runtime    Last Run               Last # of DB Queries
------------------------------------------  -----  ---------  --------  ----------  --------------  -------------------  ----------------------
/opt/airflow/dags/example_distributed_3.py                           1           0  0.22s           2026-07-04T04:21:20                      10
/opt/airflow/dags/example_distributed.py                             1           0  0.20s           2026-07-04T04:20:59                      10
/opt/airflow/dags/example_distributed_2.py                           1           0  0.17s           2026-07-04T04:20:59                      10
================================================================================
[2026-07-04T04:21:58.315+0000] {manager.py:997} INFO - 
================================================================================
DAG File Processing Stats

File Path                                   PID    Runtime      # DAGs    # Errors  Last Runtime    Last Run               Last # of DB Queries
------------------------------------------  -----  ---------  --------  ----------  --------------  -------------------  ----------------------
/opt/airflow/dags/example_distributed_2.py                           1           0  0.82s           2026-07-04T04:21:30                      10
/opt/airflow/dags/example_distributed_3.py                           1           0  0.47s           2026-07-04T04:21:50                      10
/opt/airflow/dags/example_distributed.py                             1           0  0.20s           2026-07-04T04:21:30                      10
================================================================================
[2026-07-04T04:22:29.042+0000] {manager.py:997} INFO - 
================================================================================
DAG File Processing Stats

File Path                                   PID    Runtime      # DAGs    # Errors  Last Runtime    Last Run               Last # of DB Queries
------------------------------------------  -----  ---------  --------  ----------  --------------  -------------------  ----------------------
/opt/airflow/dags/example_distributed_3.py                           1           0  1.10s           2026-07-04T04:22:21                      10
/opt/airflow/dags/example_distributed_2.py                           1           0  0.37s           2026-07-04T04:22:00                      10
/opt/airflow/dags/example_distributed.py                             1           0  0.29s           2026-07-04T04:22:00                      10
================================================================================
[2026-07-04T04:22:33.678+0000] {manager.py:821} INFO - Searching for files in /opt/airflow/dags
[2026-07-04T04:22:33.680+0000] {manager.py:824} INFO - There are 3 files in /opt/airflow/dags
[2026-07-04T04:22:59.233+0000] {manager.py:997} INFO - 
================================================================================
DAG File Processing Stats

File Path                                   PID    Runtime      # DAGs    # Errors  Last Runtime    Last Run               Last # of DB Queries
------------------------------------------  -----  ---------  --------  ----------  --------------  -------------------  ----------------------
/opt/airflow/dags/example_distributed.py                             1           0  1.49s           2026-07-04T04:22:32                      10
/opt/airflow/dags/example_distributed_2.py                           1           0  1.18s           2026-07-04T04:22:32                      10
/opt/airflow/dags/example_distributed_3.py                           1           0  0.34s           2026-07-04T04:22:52                      10
================================================================================
[2026-07-04T04:23:29.316+0000] {manager.py:997} INFO - 
================================================================================
DAG File Processing Stats

File Path                                   PID    Runtime      # DAGs    # Errors  Last Runtime    Last Run               Last # of DB Queries
------------------------------------------  -----  ---------  --------  ----------  --------------  -------------------  ----------------------
/opt/airflow/dags/example_distributed_3.py                           1           0  0.47s           2026-07-04T04:23:23                      10
/opt/airflow/dags/example_distributed_2.py                           1           0  0.39s           2026-07-04T04:23:02                      10
/opt/airflow/dags/example_distributed.py                             1           0  0.34s           2026-07-04T04:23:03                      10
================================================================================
[2026-07-04T04:23:59.468+0000] {manager.py:997} INFO - 
================================================================================
DAG File Processing Stats

File Path                                   PID    Runtime      # DAGs    # Errors  Last Runtime    Last Run               Last # of DB Queries
------------------------------------------  -----  ---------  --------  ----------  --------------  -------------------  ----------------------
/opt/airflow/dags/example_distributed.py                             1           0  0.33s           2026-07-04T04:23:33                      10
/opt/airflow/dags/example_distributed_3.py                           1           0  0.30s           2026-07-04T04:23:54                      10
/opt/airflow/dags/example_distributed_2.py                           1           0  0.29s           2026-07-04T04:23:33                      10
================================================================================
[2026-07-04T04:24:29.730+0000] {manager.py:997} INFO - 
================================================================================
DAG File Processing Stats

File Path                                   PID    Runtime      # DAGs    # Errors  Last Runtime    Last Run               Last # of DB Queries
------------------------------------------  -----  ---------  --------  ----------  --------------  -------------------  ----------------------
/opt/airflow/dags/example_distributed.py                             1           0  0.31s           2026-07-04T04:24:04                      10
/opt/airflow/dags/example_distributed_2.py                           1           0  0.30s           2026-07-04T04:24:04                      10
/opt/airflow/dags/example_distributed_3.py                           1           0  0.27s           2026-07-04T04:24:25                      10
================================================================================
[2026-07-04T04:24:59.962+0000] {manager.py:997} INFO - 
================================================================================
DAG File Processing Stats

File Path                                   PID    Runtime      # DAGs    # Errors  Last Runtime    Last Run               Last # of DB Queries
------------------------------------------  -----  ---------  --------  ----------  --------------  -------------------  ----------------------
/opt/airflow/dags/example_distributed.py                             1           0  0.36s           2026-07-04T04:24:35                      10
/opt/airflow/dags/example_distributed_3.py                           1           0  0.35s           2026-07-04T04:24:55                      10
/opt/airflow/dags/example_distributed_2.py                           1           0  0.27s           2026-07-04T04:24:35                      10
================================================================================
[2026-07-04T04:25:30.249+0000] {manager.py:997} INFO - 
================================================================================
DAG File Processing Stats

File Path                                   PID    Runtime      # DAGs    # Errors  Last Runtime    Last Run               Last # of DB Queries
------------------------------------------  -----  ---------  --------  ----------  --------------  -------------------  ----------------------
/opt/airflow/dags/example_distributed_2.py                           1           0  0.36s           2026-07-04T04:25:06                      10
/opt/airflow/dags/example_distributed.py                             1           0  0.36s           2026-07-04T04:25:06                      10
/opt/airflow/dags/example_distributed_3.py                           1           0  0.35s           2026-07-04T04:25:26                      10
================================================================================
[2026-07-04T04:26:00.379+0000] {manager.py:997} INFO - 
================================================================================
DAG File Processing Stats

File Path                                   PID    Runtime      # DAGs    # Errors  Last Runtime    Last Run               Last # of DB Queries
------------------------------------------  -----  ---------  --------  ----------  --------------  -------------------  ----------------------
/opt/airflow/dags/example_distributed.py                             1           0  0.46s           2026-07-04T04:25:36                      10
/opt/airflow/dags/example_distributed_2.py                           1           0  0.40s           2026-07-04T04:25:36                      10
/opt/airflow/dags/example_distributed_3.py                           1           0  0.36s           2026-07-04T04:25:57                      10
================================================================================
[2026-07-04T04:26:31.126+0000] {manager.py:997} INFO - 
================================================================================
DAG File Processing Stats

File Path                                   PID    Runtime      # DAGs    # Errors  Last Runtime    Last Run               Last # of DB Queries
------------------------------------------  -----  ---------  --------  ----------  --------------  -------------------  ----------------------
/opt/airflow/dags/example_distributed.py                             1           0  0.74s           2026-07-04T04:26:08                      10
/opt/airflow/dags/example_distributed_2.py                           1           0  0.69s           2026-07-04T04:26:08                      10
/opt/airflow/dags/example_distributed_3.py                           1           0  0.35s           2026-07-04T04:26:28                      10
================================================================================
[2026-07-04T04:27:01.389+0000] {manager.py:997} INFO - 
================================================================================
DAG File Processing Stats

File Path                                   PID    Runtime      # DAGs    # Errors  Last Runtime    Last Run               Last # of DB Queries
------------------------------------------  -----  ---------  --------  ----------  --------------  -------------------  ----------------------
/opt/airflow/dags/example_distributed_3.py                           1           0  0.36s           2026-07-04T04:26:59                      10
/opt/airflow/dags/example_distributed.py                             1           0  0.35s           2026-07-04T04:26:38                      10
/opt/airflow/dags/example_distributed_2.py                           1           0  0.33s           2026-07-04T04:26:38                      10
================================================================================
[2026-07-04T04:27:31.873+0000] {manager.py:997} INFO - 
================================================================================
DAG File Processing Stats

File Path                                   PID    Runtime      # DAGs    # Errors  Last Runtime    Last Run               Last # of DB Queries
------------------------------------------  -----  ---------  --------  ----------  --------------  -------------------  ----------------------
/opt/airflow/dags/example_distributed.py                             1           0  0.41s           2026-07-04T04:27:09                      10
/opt/airflow/dags/example_distributed_2.py                           1           0  0.34s           2026-07-04T04:27:09                      10
/opt/airflow/dags/example_distributed_3.py                           1           0  0.34s           2026-07-04T04:27:30                      10
================================================================================
[2026-07-04T04:27:34.137+0000] {manager.py:821} INFO - Searching for files in /opt/airflow/dags
[2026-07-04T04:27:34.140+0000] {manager.py:824} INFO - There are 3 files in /opt/airflow/dags
[2026-07-04T04:28:02.365+0000] {manager.py:997} INFO - 
================================================================================
DAG File Processing Stats

File Path                                   PID    Runtime      # DAGs    # Errors  Last Runtime    Last Run               Last # of DB Queries
------------------------------------------  -----  ---------  --------  ----------  --------------  -------------------  ----------------------
/opt/airflow/dags/example_distributed_2.py                           1           0  0.35s           2026-07-04T04:27:40                      10
/opt/airflow/dags/example_distributed_3.py                           1           0  0.34s           2026-07-04T04:28:00                      10
/opt/airflow/dags/example_distributed.py                             1           0  0.32s           2026-07-04T04:27:40                      10
================================================================================
[2026-07-04T04:28:32.755+0000] {manager.py:997} INFO - 
================================================================================
DAG File Processing Stats

File Path                                   PID    Runtime      # DAGs    # Errors  Last Runtime    Last Run               Last # of DB Queries
------------------------------------------  -----  ---------  --------  ----------  --------------  -------------------  ----------------------
/opt/airflow/dags/example_distributed_2.py                           1           0  0.53s           2026-07-04T04:28:12                      10
/opt/airflow/dags/example_distributed.py                             1           0  0.50s           2026-07-04T04:28:12                      10
/opt/airflow/dags/example_distributed_3.py                           1           0  0.28s           2026-07-04T04:28:30                      10
================================================================================
[2026-07-04T04:29:02.914+0000] {manager.py:997} INFO - 
================================================================================
DAG File Processing Stats

File Path                                   PID    Runtime      # DAGs    # Errors  Last Runtime    Last Run               Last # of DB Queries
------------------------------------------  -----  ---------  --------  ----------  --------------  -------------------  ----------------------
/opt/airflow/dags/example_distributed_2.py                           1           0  0.36s           2026-07-04T04:28:42                      10
/opt/airflow/dags/example_distributed.py                             1           0  0.32s           2026-07-04T04:28:42                      10
/opt/airflow/dags/example_distributed_3.py                           1           0  0.31s           2026-07-04T04:29:01                      10
================================================================================
[2026-07-04T04:29:33.591+0000] {manager.py:997} INFO - 
================================================================================
DAG File Processing Stats

File Path                                   PID    Runtime      # DAGs    # Errors  Last Runtime    Last Run               Last # of DB Queries
------------------------------------------  -----  ---------  --------  ----------  --------------  -------------------  ----------------------
/opt/airflow/dags/example_distributed_3.py                           1           0  0.30s           2026-07-04T04:29:32                      10
/opt/airflow/dags/example_distributed_2.py                           1           0  0.26s           2026-07-04T04:29:13                      10
/opt/airflow/dags/example_distributed.py                             1           0  0.26s           2026-07-04T04:29:13                      10
================================================================================
[2026-07-04T04:30:04.124+0000] {manager.py:997} INFO - 
================================================================================
DAG File Processing Stats

File Path                                   PID    Runtime      # DAGs    # Errors  Last Runtime    Last Run               Last # of DB Queries
------------------------------------------  -----  ---------  --------  ----------  --------------  -------------------  ----------------------
/opt/airflow/dags/example_distributed_3.py                           1           0  0.30s           2026-07-04T04:30:03                      10
/opt/airflow/dags/example_distributed.py                             1           0  0.29s           2026-07-04T04:29:43                      10
/opt/airflow/dags/example_distributed_2.py                           1           0  0.28s           2026-07-04T04:29:43                      10
================================================================================
[2026-07-04T04:30:34.465+0000] {manager.py:997} INFO - 
================================================================================
DAG File Processing Stats

File Path                                   PID    Runtime      # DAGs    # Errors  Last Runtime    Last Run               Last # of DB Queries
------------------------------------------  -----  ---------  --------  ----------  --------------  -------------------  ----------------------
/opt/airflow/dags/example_distributed_3.py                           1           0  0.27s           2026-07-04T04:30:33                      10
/opt/airflow/dags/example_distributed.py                             1           0  0.26s           2026-07-04T04:30:15                      10
/opt/airflow/dags/example_distributed_2.py                           1           0  0.25s           2026-07-04T04:30:15                      10
================================================================================
[2026-07-04T04:31:05.248+0000] {manager.py:997} INFO - 
================================================================================
DAG File Processing Stats

File Path                                   PID    Runtime      # DAGs    # Errors  Last Runtime    Last Run               Last # of DB Queries
------------------------------------------  -----  ---------  --------  ----------  --------------  -------------------  ----------------------
/opt/airflow/dags/example_distributed.py                             1           0  0.25s           2026-07-04T04:30:45                      10
/opt/airflow/dags/example_distributed_2.py                           1           0  0.25s           2026-07-04T04:30:45                      10
/opt/airflow/dags/example_distributed_3.py                           1           0  0.23s           2026-07-04T04:31:04                      10
================================================================================
[2026-07-04T04:31:35.992+0000] {manager.py:997} INFO - 
================================================================================
DAG File Processing Stats

File Path                                   PID    Runtime      # DAGs    # Errors  Last Runtime    Last Run               Last # of DB Queries
------------------------------------------  -----  ---------  --------  ----------  --------------  -------------------  ----------------------
/opt/airflow/dags/example_distributed_3.py                           1           0  0.31s           2026-07-04T04:31:34                      10
/opt/airflow/dags/example_distributed_2.py                           1           0  0.15s           2026-07-04T04:31:16                      10
/opt/airflow/dags/example_distributed.py                             1           0  0.15s           2026-07-04T04:31:16                      10
================================================================================
[2026-07-04T04:32:06.364+0000] {manager.py:997} INFO - 
================================================================================
DAG File Processing Stats

File Path                                   PID    Runtime      # DAGs    # Errors  Last Runtime    Last Run               Last # of DB Queries
------------------------------------------  -----  ---------  --------  ----------  --------------  -------------------  ----------------------
/opt/airflow/dags/example_distributed.py                             1           0  0.43s           2026-07-04T04:31:47                      10
/opt/airflow/dags/example_distributed_2.py                           1           0  0.35s           2026-07-04T04:31:47                      10
/opt/airflow/dags/example_distributed_3.py                           1           0  0.29s           2026-07-04T04:32:05                      10
================================================================================
[2026-07-04T04:32:34.326+0000] {manager.py:821} INFO - Searching for files in /opt/airflow/dags
[2026-07-04T04:32:34.331+0000] {manager.py:824} INFO - There are 3 files in /opt/airflow/dags
[2026-07-04T04:32:36.593+0000] {manager.py:997} INFO - 
================================================================================
DAG File Processing Stats

File Path                                   PID    Runtime      # DAGs    # Errors  Last Runtime    Last Run               Last # of DB Queries
------------------------------------------  -----  ---------  --------  ----------  --------------  -------------------  ----------------------
/opt/airflow/dags/example_distributed_3.py                           1           0  0.40s           2026-07-04T04:32:36                      10
/opt/airflow/dags/example_distributed_2.py                           1           0  0.31s           2026-07-04T04:32:18                      10
/opt/airflow/dags/example_distributed.py                             1           0  0.31s           2026-07-04T04:32:18                      10
================================================================================
[2026-07-04T04:33:07.008+0000] {manager.py:997} INFO - 
================================================================================
DAG File Processing Stats

File Path                                     PID  Runtime      # DAGs    # Errors  Last Runtime    Last Run               Last # of DB Queries
------------------------------------------  -----  ---------  --------  ----------  --------------  -------------------  ----------------------
/opt/airflow/dags/example_distributed_3.py   1307  0.00s             1           0  0.40s           2026-07-04T04:32:36                      10
/opt/airflow/dags/example_distributed_2.py                           1           0  0.31s           2026-07-04T04:32:48                      10
/opt/airflow/dags/example_distributed.py                             1           0  0.29s           2026-07-04T04:32:48                      10
================================================================================
[2026-07-04T04:33:37.149+0000] {manager.py:997} INFO - 
================================================================================
DAG File Processing Stats

File Path                                   PID    Runtime      # DAGs    # Errors  Last Runtime    Last Run               Last # of DB Queries
------------------------------------------  -----  ---------  --------  ----------  --------------  -------------------  ----------------------
/opt/airflow/dags/example_distributed_3.py                           1           0  0.30s           2026-07-04T04:33:07                      10
/opt/airflow/dags/example_distributed_2.py                           1           0  0.26s           2026-07-04T04:33:19                      10
/opt/airflow/dags/example_distributed.py                             1           0  0.25s           2026-07-04T04:33:19                      10
================================================================================
[2026-07-04T04:34:07.213+0000] {manager.py:997} INFO - 
================================================================================
DAG File Processing Stats

File Path                                   PID    Runtime      # DAGs    # Errors  Last Runtime    Last Run               Last # of DB Queries
------------------------------------------  -----  ---------  --------  ----------  --------------  -------------------  ----------------------
/opt/airflow/dags/example_distributed_3.py                           1           0  0.53s           2026-07-04T04:33:38                      10
/opt/airflow/dags/example_distributed.py                             1           0  0.31s           2026-07-04T04:33:51                      10
/opt/airflow/dags/example_distributed_2.py                           1           0  0.30s           2026-07-04T04:33:51                      10
================================================================================
[2026-07-04T04:34:37.703+0000] {manager.py:997} INFO - 
================================================================================
DAG File Processing Stats

File Path                                   PID    Runtime      # DAGs    # Errors  Last Runtime    Last Run               Last # of DB Queries
------------------------------------------  -----  ---------  --------  ----------  --------------  -------------------  ----------------------
/opt/airflow/dags/example_distributed.py                             1           0  0.36s           2026-07-04T04:34:21                      10
/opt/airflow/dags/example_distributed_2.py                           1           0  0.35s           2026-07-04T04:34:21                      10
/opt/airflow/dags/example_distributed_3.py                           1           0  0.31s           2026-07-04T04:34:09                      10
================================================================================
[2026-07-04T04:35:08.002+0000] {manager.py:997} INFO - 
================================================================================
DAG File Processing Stats

File Path                                   PID    Runtime      # DAGs    # Errors  Last Runtime    Last Run               Last # of DB Queries
------------------------------------------  -----  ---------  --------  ----------  --------------  -------------------  ----------------------
/opt/airflow/dags/example_distributed_3.py                           1           0  0.56s           2026-07-04T04:34:40                      10
/opt/airflow/dags/example_distributed.py                             1           0  0.37s           2026-07-04T04:34:52                      10
/opt/airflow/dags/example_distributed_2.py                           1           0  0.30s           2026-07-04T04:34:52                      10
================================================================================
[2026-07-04T04:35:38.512+0000] {manager.py:997} INFO - 
================================================================================
DAG File Processing Stats

File Path                                   PID    Runtime      # DAGs    # Errors  Last Runtime    Last Run               Last # of DB Queries
------------------------------------------  -----  ---------  --------  ----------  --------------  -------------------  ----------------------
/opt/airflow/dags/example_distributed_3.py                           1           0  0.32s           2026-07-04T04:35:11                      10
/opt/airflow/dags/example_distributed.py                             1           0  0.31s           2026-07-04T04:35:22                      10
/opt/airflow/dags/example_distributed_2.py                           1           0  0.30s           2026-07-04T04:35:22                      10
================================================================================
[2026-07-04T04:36:09.194+0000] {manager.py:997} INFO - 
================================================================================
DAG File Processing Stats

File Path                                   PID    Runtime      # DAGs    # Errors  Last Runtime    Last Run               Last # of DB Queries
------------------------------------------  -----  ---------  --------  ----------  --------------  -------------------  ----------------------
/opt/airflow/dags/example_distributed.py                             1           0  0.28s           2026-07-04T04:35:53                      10
/opt/airflow/dags/example_distributed_2.py                           1           0  0.27s           2026-07-04T04:35:53                      10
/opt/airflow/dags/example_distributed_3.py                           1           0  0.24s           2026-07-04T04:35:41                      10
================================================================================
[2026-07-04T04:36:39.697+0000] {manager.py:997} INFO - 
================================================================================
DAG File Processing Stats

File Path                                   PID    Runtime      # DAGs    # Errors  Last Runtime    Last Run               Last # of DB Queries
------------------------------------------  -----  ---------  --------  ----------  --------------  -------------------  ----------------------
/opt/airflow/dags/example_distributed_3.py                           1           0  0.31s           2026-07-04T04:36:13                      10
/opt/airflow/dags/example_distributed_2.py                           1           0  0.25s           2026-07-04T04:36:23                      10
/opt/airflow/dags/example_distributed.py                             1           0  0.24s           2026-07-04T04:36:23                      10
================================================================================
[2026-07-04T04:37:10.151+0000] {manager.py:997} INFO - 
================================================================================
DAG File Processing Stats

File Path                                   PID    Runtime      # DAGs    # Errors  Last Runtime    Last Run               Last # of DB Queries
------------------------------------------  -----  ---------  --------  ----------  --------------  -------------------  ----------------------
/opt/airflow/dags/example_distributed_3.py                           1           0  0.37s           2026-07-04T04:36:43                      10
/opt/airflow/dags/example_distributed_2.py                           1           0  0.27s           2026-07-04T04:36:53                      10
/opt/airflow/dags/example_distributed.py                             1           0  0.24s           2026-07-04T04:36:54                      10
================================================================================
[2026-07-04T04:37:34.813+0000] {manager.py:821} INFO - Searching for files in /opt/airflow/dags
[2026-07-04T04:37:34.819+0000] {manager.py:824} INFO - There are 3 files in /opt/airflow/dags
[2026-07-04T04:37:40.898+0000] {manager.py:997} INFO - 
================================================================================
DAG File Processing Stats

File Path                                   PID    Runtime      # DAGs    # Errors  Last Runtime    Last Run               Last # of DB Queries
------------------------------------------  -----  ---------  --------  ----------  --------------  -------------------  ----------------------
/opt/airflow/dags/example_distributed_3.py                           1           0  1.03s           2026-07-04T04:37:15                      10
/opt/airflow/dags/example_distributed.py                             1           0  0.24s           2026-07-04T04:37:24                      10
/opt/airflow/dags/example_distributed_2.py                           1           0  0.23s           2026-07-04T04:37:24                      10
================================================================================
[2026-07-04T04:38:11.754+0000] {manager.py:997} INFO - 
================================================================================
DAG File Processing Stats

File Path                                   PID    Runtime      # DAGs    # Errors  Last Runtime    Last Run               Last # of DB Queries
------------------------------------------  -----  ---------  --------  ----------  --------------  -------------------  ----------------------
/opt/airflow/dags/example_distributed_2.py                           1           0  0.32s           2026-07-04T04:37:54                      10
/opt/airflow/dags/example_distributed.py                             1           0  0.25s           2026-07-04T04:37:54                      10
/opt/airflow/dags/example_distributed_3.py                           1           0  0.22s           2026-07-04T04:37:46                      10
================================================================================
[2026-07-04T04:38:42.233+0000] {manager.py:997} INFO - 
================================================================================
DAG File Processing Stats

File Path                                   PID    Runtime      # DAGs    # Errors  Last Runtime    Last Run               Last # of DB Queries
------------------------------------------  -----  ---------  --------  ----------  --------------  -------------------  ----------------------
/opt/airflow/dags/example_distributed_2.py                           1           0  0.32s           2026-07-04T04:38:25                      10
/opt/airflow/dags/example_distributed_3.py                           1           0  0.31s           2026-07-04T04:38:17                      10
/opt/airflow/dags/example_distributed.py                             1           0  0.27s           2026-07-04T04:38:25                      10
================================================================================
[2026-07-04T04:39:13.154+0000] {manager.py:997} INFO - 
================================================================================
DAG File Processing Stats

File Path                                   PID    Runtime      # DAGs    # Errors  Last Runtime    Last Run               Last # of DB Queries
------------------------------------------  -----  ---------  --------  ----------  --------------  -------------------  ----------------------
/opt/airflow/dags/example_distributed_3.py                           1           0  0.29s           2026-07-04T04:38:47                      10
/opt/airflow/dags/example_distributed.py                             1           0  0.24s           2026-07-04T04:38:56                      10
/opt/airflow/dags/example_distributed_2.py                           1           0  0.21s           2026-07-04T04:38:56                      10
================================================================================
[2026-07-04T04:39:43.861+0000] {manager.py:997} INFO - 
================================================================================
DAG File Processing Stats

File Path                                   PID    Runtime      # DAGs    # Errors  Last Runtime    Last Run               Last # of DB Queries
------------------------------------------  -----  ---------  --------  ----------  --------------  -------------------  ----------------------
/opt/airflow/dags/example_distributed_2.py                           1           0  0.28s           2026-07-04T04:39:26                      10
/opt/airflow/dags/example_distributed_3.py                           1           0  0.27s           2026-07-04T04:39:18                      10
/opt/airflow/dags/example_distributed.py                             1           0  0.25s           2026-07-04T04:39:26                      10
================================================================================
[2026-07-04T04:40:15.197+0000] {manager.py:997} INFO - 
================================================================================
DAG File Processing Stats

File Path                                   PID    Runtime      # DAGs    # Errors  Last Runtime    Last Run               Last # of DB Queries
------------------------------------------  -----  ---------  --------  ----------  --------------  -------------------  ----------------------
/opt/airflow/dags/example_distributed_2.py                           1           0  0.33s           2026-07-04T04:39:57                      10
/opt/airflow/dags/example_distributed.py                             1           0  0.32s           2026-07-04T04:39:57                      10
/opt/airflow/dags/example_distributed_3.py                           1           0  0.31s           2026-07-04T04:39:49                      10
================================================================================
[2026-07-04T04:40:46.209+0000] {manager.py:997} INFO - 
================================================================================
DAG File Processing Stats

File Path                                   PID    Runtime      # DAGs    # Errors  Last Runtime    Last Run               Last # of DB Queries
------------------------------------------  -----  ---------  --------  ----------  --------------  -------------------  ----------------------
/opt/airflow/dags/example_distributed_3.py                           1           0  0.25s           2026-07-04T04:40:19                      10
/opt/airflow/dags/example_distributed_2.py                           1           0  0.23s           2026-07-04T04:40:28                      10
/opt/airflow/dags/example_distributed.py                             1           0  0.21s           2026-07-04T04:40:28                      10
================================================================================
[2026-07-04T04:41:16.940+0000] {manager.py:997} INFO - 
================================================================================
DAG File Processing Stats

File Path                                   PID    Runtime      # DAGs    # Errors  Last Runtime    Last Run               Last # of DB Queries
------------------------------------------  -----  ---------  --------  ----------  --------------  -------------------  ----------------------
/opt/airflow/dags/example_distributed_2.py                           1           0  0.34s           2026-07-04T04:40:58                      10
/opt/airflow/dags/example_distributed_3.py                           1           0  0.27s           2026-07-04T04:40:51                      10
/opt/airflow/dags/example_distributed.py                             1           0  0.26s           2026-07-04T04:40:58                      10
================================================================================
[2026-07-04T04:41:47.040+0000] {manager.py:997} INFO - 
================================================================================
DAG File Processing Stats

File Path                                   PID    Runtime      # DAGs    # Errors  Last Runtime    Last Run               Last # of DB Queries
------------------------------------------  -----  ---------  --------  ----------  --------------  -------------------  ----------------------
/opt/airflow/dags/example_distributed_3.py                           1           0  0.29s           2026-07-04T04:41:21                      10
/opt/airflow/dags/example_distributed_2.py                           1           0  0.27s           2026-07-04T04:41:29                      10
/opt/airflow/dags/example_distributed.py                             1           0  0.26s           2026-07-04T04:41:29                      10
================================================================================
[2026-07-04T04:42:17.773+0000] {manager.py:997} INFO - 
================================================================================
DAG File Processing Stats

File Path                                   PID    Runtime      # DAGs    # Errors  Last Runtime    Last Run               Last # of DB Queries
------------------------------------------  -----  ---------  --------  ----------  --------------  -------------------  ----------------------
/opt/airflow/dags/example_distributed_3.py                           1           0  0.24s           2026-07-04T04:41:52                      10
/opt/airflow/dags/example_distributed_2.py                           1           0  0.23s           2026-07-04T04:42:00                      10
/opt/airflow/dags/example_distributed.py                             1           0  0.21s           2026-07-04T04:42:00                      10
================================================================================
[2026-07-04T04:42:36.073+0000] {manager.py:821} INFO - Searching for files in /opt/airflow/dags
[2026-07-04T04:42:36.076+0000] {manager.py:824} INFO - There are 3 files in /opt/airflow/dags
[2026-07-04T04:42:48.361+0000] {manager.py:997} INFO - 
================================================================================
DAG File Processing Stats

File Path                                   PID    Runtime      # DAGs    # Errors  Last Runtime    Last Run               Last # of DB Queries
------------------------------------------  -----  ---------  --------  ----------  --------------  -------------------  ----------------------
/opt/airflow/dags/example_distributed_3.py                           1           0  0.33s           2026-07-04T04:42:23                      10
/opt/airflow/dags/example_distributed_2.py                           1           0  0.22s           2026-07-04T04:42:31                      10
/opt/airflow/dags/example_distributed.py                             1           0  0.21s           2026-07-04T04:42:31                      10
================================================================================
[2026-07-04T04:43:19.311+0000] {manager.py:997} INFO - 
================================================================================
DAG File Processing Stats

File Path                                   PID    Runtime      # DAGs    # Errors  Last Runtime    Last Run               Last # of DB Queries
------------------------------------------  -----  ---------  --------  ----------  --------------  -------------------  ----------------------
/opt/airflow/dags/example_distributed.py                             1           0  0.23s           2026-07-04T04:43:01                      10
/opt/airflow/dags/example_distributed_3.py                           1           0  0.23s           2026-07-04T04:42:53                      10
/opt/airflow/dags/example_distributed_2.py                           1           0  0.21s           2026-07-04T04:43:01                      10
================================================================================
[2026-07-04T04:43:49.381+0000] {manager.py:997} INFO - 
================================================================================
DAG File Processing Stats

File Path                                   PID    Runtime      # DAGs    # Errors  Last Runtime    Last Run               Last # of DB Queries
------------------------------------------  -----  ---------  --------  ----------  --------------  -------------------  ----------------------
/opt/airflow/dags/example_distributed_3.py                           1           0  0.33s           2026-07-04T04:43:24                      10
/opt/airflow/dags/example_distributed.py                             1           0  0.27s           2026-07-04T04:43:32                      10
/opt/airflow/dags/example_distributed_2.py                           1           0  0.27s           2026-07-04T04:43:32                      10
================================================================================
[2026-07-04T04:44:19.761+0000] {manager.py:997} INFO - 
================================================================================
DAG File Processing Stats

File Path                                   PID    Runtime      # DAGs    # Errors  Last Runtime    Last Run               Last # of DB Queries
------------------------------------------  -----  ---------  --------  ----------  --------------  -------------------  ----------------------
/opt/airflow/dags/example_distributed.py                             1           0  0.29s           2026-07-04T04:44:03                      10
/opt/airflow/dags/example_distributed_2.py                           1           0  0.26s           2026-07-04T04:44:03                      10
/opt/airflow/dags/example_distributed_3.py                           1           0  0.25s           2026-07-04T04:43:55                      10
================================================================================
[2026-07-04T04:44:50.217+0000] {manager.py:997} INFO - 
================================================================================
DAG File Processing Stats

File Path                                   PID    Runtime      # DAGs    # Errors  Last Runtime    Last Run               Last # of DB Queries
------------------------------------------  -----  ---------  --------  ----------  --------------  -------------------  ----------------------
/opt/airflow/dags/example_distributed_2.py                           1           0  0.43s           2026-07-04T04:44:34                      10
/opt/airflow/dags/example_distributed.py                             1           0  0.39s           2026-07-04T04:44:34                      10
/opt/airflow/dags/example_distributed_3.py                           1           0  0.33s           2026-07-04T04:44:25                      10
================================================================================
[2026-07-04T04:45:20.666+0000] {manager.py:997} INFO - 
================================================================================
DAG File Processing Stats

File Path                                   PID    Runtime      # DAGs    # Errors  Last Runtime    Last Run               Last # of DB Queries
------------------------------------------  -----  ---------  --------  ----------  --------------  -------------------  ----------------------
/opt/airflow/dags/example_distributed_2.py                           1           0  0.36s           2026-07-04T04:45:04                      10
/opt/airflow/dags/example_distributed.py                             1           0  0.36s           2026-07-04T04:45:04                      10
/opt/airflow/dags/example_distributed_3.py                           1           0  0.33s           2026-07-04T04:44:56                      10
================================================================================
[2026-07-04T04:45:51.018+0000] {manager.py:997} INFO - 
================================================================================
DAG File Processing Stats

File Path                                   PID    Runtime      # DAGs    # Errors  Last Runtime    Last Run               Last # of DB Queries
------------------------------------------  -----  ---------  --------  ----------  --------------  -------------------  ----------------------
/opt/airflow/dags/example_distributed.py                             1           0  0.35s           2026-07-04T04:45:35                      10
/opt/airflow/dags/example_distributed_2.py                           1           0  0.32s           2026-07-04T04:45:35                      10
/opt/airflow/dags/example_distributed_3.py                           1           0  0.28s           2026-07-04T04:45:26                      10
================================================================================
[2026-07-04T04:46:21.432+0000] {manager.py:997} INFO - 
================================================================================
DAG File Processing Stats

File Path                                   PID    Runtime      # DAGs    # Errors  Last Runtime    Last Run               Last # of DB Queries
------------------------------------------  -----  ---------  --------  ----------  --------------  -------------------  ----------------------
/opt/airflow/dags/example_distributed_2.py                           1           0  0.42s           2026-07-04T04:46:06                      10
/opt/airflow/dags/example_distributed.py                             1           0  0.39s           2026-07-04T04:46:06                      10
/opt/airflow/dags/example_distributed_3.py                           1           0  0.28s           2026-07-04T04:45:57                      10
================================================================================
[2026-07-04T04:46:51.997+0000] {manager.py:997} INFO - 
================================================================================
DAG File Processing Stats

File Path                                   PID    Runtime      # DAGs    # Errors  Last Runtime    Last Run               Last # of DB Queries
------------------------------------------  -----  ---------  --------  ----------  --------------  -------------------  ----------------------
/opt/airflow/dags/example_distributed_3.py                           1           0  0.37s           2026-07-04T04:46:27                      10
/opt/airflow/dags/example_distributed.py                             1           0  0.34s           2026-07-04T04:46:37                      10
/opt/airflow/dags/example_distributed_2.py                           1           0  0.31s           2026-07-04T04:46:37                      10
================================================================================
[2026-07-04T04:47:22.255+0000] {manager.py:997} INFO - 
================================================================================
DAG File Processing Stats

File Path                                   PID    Runtime      # DAGs    # Errors  Last Runtime    Last Run               Last # of DB Queries
------------------------------------------  -----  ---------  --------  ----------  --------------  -------------------  ----------------------
/opt/airflow/dags/example_distributed_2.py                           1           0  4.54s           2026-07-04T04:47:11                      10
/opt/airflow/dags/example_distributed.py                             1           0  3.97s           2026-07-04T04:47:11                      10
/opt/airflow/dags/example_distributed_3.py                           1           0  0.36s           2026-07-04T04:46:58                      10
================================================================================
[2026-07-04T04:47:36.463+0000] {manager.py:821} INFO - Searching for files in /opt/airflow/dags
[2026-07-04T04:47:36.469+0000] {manager.py:824} INFO - There are 3 files in /opt/airflow/dags
[2026-07-04T04:47:52.801+0000] {manager.py:997} INFO - 
================================================================================
DAG File Processing Stats

File Path                                   PID    Runtime      # DAGs    # Errors  Last Runtime    Last Run               Last # of DB Queries
------------------------------------------  -----  ---------  --------  ----------  --------------  -------------------  ----------------------
/opt/airflow/dags/example_distributed.py                             1           0  0.34s           2026-07-04T04:47:42                      10
/opt/airflow/dags/example_distributed_2.py                           1           0  0.33s           2026-07-04T04:47:42                      10
/opt/airflow/dags/example_distributed_3.py                           1           0  0.31s           2026-07-04T04:47:29                      10
================================================================================
[2026-07-04T04:48:22.938+0000] {manager.py:997} INFO - 
================================================================================
DAG File Processing Stats

File Path                                   PID    Runtime      # DAGs    # Errors  Last Runtime    Last Run               Last # of DB Queries
------------------------------------------  -----  ---------  --------  ----------  --------------  -------------------  ----------------------
/opt/airflow/dags/example_distributed.py                             1           0  0.33s           2026-07-04T04:48:13                      10
/opt/airflow/dags/example_distributed_2.py                           1           0  0.31s           2026-07-04T04:48:13                      10
/opt/airflow/dags/example_distributed_3.py                           1           0  0.30s           2026-07-04T04:48:00                      10
================================================================================
[2026-07-04T04:48:53.746+0000] {manager.py:997} INFO - 
================================================================================
DAG File Processing Stats

File Path                                   PID    Runtime      # DAGs    # Errors  Last Runtime    Last Run               Last # of DB Queries
------------------------------------------  -----  ---------  --------  ----------  --------------  -------------------  ----------------------
/opt/airflow/dags/example_distributed.py                             1           0  0.38s           2026-07-04T04:48:44                      10
/opt/airflow/dags/example_distributed_2.py                           1           0  0.34s           2026-07-04T04:48:44                      10
/opt/airflow/dags/example_distributed_3.py                           1           0  0.34s           2026-07-04T04:48:31                      10
================================================================================
[2026-07-04T04:49:24.236+0000] {manager.py:997} INFO - 
================================================================================
DAG File Processing Stats

File Path                                   PID    Runtime      # DAGs    # Errors  Last Runtime    Last Run               Last # of DB Queries
------------------------------------------  -----  ---------  --------  ----------  --------------  -------------------  ----------------------
/opt/airflow/dags/example_distributed_3.py                           1           0  0.34s           2026-07-04T04:49:02                      10
/opt/airflow/dags/example_distributed_2.py                           1           0  0.18s           2026-07-04T04:49:15                      10
/opt/airflow/dags/example_distributed.py                             1           0  0.18s           2026-07-04T04:49:15                      10
================================================================================
[2026-07-04T04:49:54.857+0000] {manager.py:997} INFO - 
================================================================================
DAG File Processing Stats

File Path                                   PID    Runtime      # DAGs    # Errors  Last Runtime    Last Run               Last # of DB Queries
------------------------------------------  -----  ---------  --------  ----------  --------------  -------------------  ----------------------
/opt/airflow/dags/example_distributed.py                             1           0  0.15s           2026-07-04T04:49:45                      10
/opt/airflow/dags/example_distributed_2.py                           1           0  0.15s           2026-07-04T04:49:45                      10
/opt/airflow/dags/example_distributed_3.py                           1           0  0.13s           2026-07-04T04:49:32                      10
================================================================================
[2026-07-04T04:50:26.074+0000] {manager.py:997} INFO - 
================================================================================
DAG File Processing Stats

File Path                                   PID    Runtime      # DAGs    # Errors  Last Runtime    Last Run               Last # of DB Queries
------------------------------------------  -----  ---------  --------  ----------  --------------  -------------------  ----------------------
/opt/airflow/dags/example_distributed.py                             1           0  0.21s           2026-07-04T04:50:16                      10
/opt/airflow/dags/example_distributed_2.py                           1           0  0.20s           2026-07-04T04:50:16                      10
/opt/airflow/dags/example_distributed_3.py                           1           0  0.18s           2026-07-04T04:50:03                      10
================================================================================
[2026-07-04T04:50:38.526+0000] {manager.py:465} INFO - Exiting gracefully upon receiving signal 15
[2026-07-04T04:50:38.540+0000] {manager.py:465} INFO - Exiting gracefully upon receiving signal 15
[2026-07-04T05:09:11.099+0000] {manager.py:483} INFO - Processing files using up to 2 processes at a time 
[2026-07-04T05:09:11.132+0000] {manager.py:484} INFO - Process each file at most once every 30 seconds
[2026-07-04T05:09:11.132+0000] {manager.py:485} INFO - Checking for new files in /opt/airflow/dags every 300 seconds
[2026-07-04T05:09:11.133+0000] {manager.py:821} INFO - Searching for files in /opt/airflow/dags
[2026-07-04T05:09:11.135+0000] {manager.py:824} INFO - There are 3 files in /opt/airflow/dags
[2026-07-04T05:09:11.391+0000] {manager.py:997} INFO - 
================================================================================
DAG File Processing Stats

File Path                                     PID  Runtime      # DAGs    # Errors  Last Runtime    Last Run      Last # of DB Queries
------------------------------------------  -----  ---------  --------  ----------  --------------  ----------  ----------------------
/opt/airflow/dags/example_distributed_2.py     49  0.10s             0           0                                                   0
/opt/airflow/dags/example_distributed_3.py     50  0.09s             0           0                                                   0
/opt/airflow/dags/example_distributed.py                             0           0                                                   0
================================================================================
[2026-07-04T05:09:41.954+0000] {manager.py:997} INFO - 
================================================================================
DAG File Processing Stats

File Path                                     PID  Runtime      # DAGs    # Errors  Last Runtime    Last Run               Last # of DB Queries
------------------------------------------  -----  ---------  --------  ----------  --------------  -------------------  ----------------------
/opt/airflow/dags/example_distributed_3.py     59  0.01s             1           0  0.44s           2026-07-04T05:09:11                      10
/opt/airflow/dags/example_distributed_2.py     58  0.01s             1           0  0.43s           2026-07-04T05:09:11                      10
/opt/airflow/dags/example_distributed.py                             1           0  0.29s           2026-07-04T05:09:12                      10
================================================================================
[2026-07-04T05:10:12.357+0000] {manager.py:997} INFO - 
================================================================================
DAG File Processing Stats

File Path                                   PID    Runtime      # DAGs    # Errors  Last Runtime    Last Run               Last # of DB Queries
------------------------------------------  -----  ---------  --------  ----------  --------------  -------------------  ----------------------
/opt/airflow/dags/example_distributed_3.py                           1           0  2.22s           2026-07-04T05:09:44                      10
/opt/airflow/dags/example_distributed_2.py                           1           0  2.22s           2026-07-04T05:09:44                      10
/opt/airflow/dags/example_distributed.py                             1           0  0.54s           2026-07-04T05:09:44                      10
================================================================================
[2026-07-04T05:10:42.553+0000] {manager.py:997} INFO - 
================================================================================
DAG File Processing Stats

File Path                                   PID    Runtime      # DAGs    # Errors  Last Runtime    Last Run               Last # of DB Queries
------------------------------------------  -----  ---------  --------  ----------  --------------  -------------------  ----------------------
/opt/airflow/dags/example_distributed_2.py                           1           0  0.20s           2026-07-04T05:10:14                      10
/opt/airflow/dags/example_distributed_3.py                           1           0  0.18s           2026-07-04T05:10:14                      10
/opt/airflow/dags/example_distributed.py                             1           0  0.14s           2026-07-04T05:10:15                      10
================================================================================
[2026-07-04T05:11:12.983+0000] {manager.py:997} INFO - 
================================================================================
DAG File Processing Stats

File Path                                   PID    Runtime      # DAGs    # Errors  Last Runtime    Last Run               Last # of DB Queries
------------------------------------------  -----  ---------  --------  ----------  --------------  -------------------  ----------------------
/opt/airflow/dags/example_distributed.py                             1           0  0.17s           2026-07-04T05:10:45                      10
/opt/airflow/dags/example_distributed_3.py                           1           0  0.13s           2026-07-04T05:10:44                      10
/opt/airflow/dags/example_distributed_2.py                           1           0  0.12s           2026-07-04T05:10:44                      10
================================================================================
[2026-07-04T05:11:43.830+0000] {manager.py:997} INFO - 
================================================================================
DAG File Processing Stats

File Path                                   PID    Runtime      # DAGs    # Errors  Last Runtime    Last Run               Last # of DB Queries
------------------------------------------  -----  ---------  --------  ----------  --------------  -------------------  ----------------------
/opt/airflow/dags/example_distributed_2.py                           1           0  0.16s           2026-07-04T05:11:15                      10
/opt/airflow/dags/example_distributed_3.py                           1           0  0.14s           2026-07-04T05:11:15                      10
/opt/airflow/dags/example_distributed.py                             1           0  0.13s           2026-07-04T05:11:16                      10
================================================================================
[2026-07-04T05:12:14.194+0000] {manager.py:997} INFO - 
================================================================================
DAG File Processing Stats

File Path                                   PID    Runtime      # DAGs    # Errors  Last Runtime    Last Run               Last # of DB Queries
------------------------------------------  -----  ---------  --------  ----------  --------------  -------------------  ----------------------
/opt/airflow/dags/example_distributed_3.py                           1           0  0.17s           2026-07-04T05:11:46                      10
/opt/airflow/dags/example_distributed_2.py                           1           0  0.15s           2026-07-04T05:11:45                      10
/opt/airflow/dags/example_distributed.py                             1           0  0.14s           2026-07-04T05:11:47                      10
================================================================================
[2026-07-04T05:12:44.561+0000] {manager.py:997} INFO - 
================================================================================
DAG File Processing Stats

File Path                                   PID    Runtime      # DAGs    # Errors  Last Runtime    Last Run               Last # of DB Queries
------------------------------------------  -----  ---------  --------  ----------  --------------  -------------------  ----------------------
/opt/airflow/dags/example_distributed_2.py                           1           0  0.20s           2026-07-04T05:12:16                      10
/opt/airflow/dags/example_distributed_3.py                           1           0  0.18s           2026-07-04T05:12:16                      10
/opt/airflow/dags/example_distributed.py                             1           0  0.12s           2026-07-04T05:12:17                      10
================================================================================
[2026-07-04T05:13:15.518+0000] {manager.py:997} INFO - 
================================================================================
DAG File Processing Stats

File Path                                   PID    Runtime      # DAGs    # Errors  Last Runtime    Last Run               Last # of DB Queries
------------------------------------------  -----  ---------  --------  ----------  --------------  -------------------  ----------------------
/opt/airflow/dags/example_distributed_3.py                           1           0  0.16s           2026-07-04T05:12:46                      10
/opt/airflow/dags/example_distributed_2.py                           1           0  0.15s           2026-07-04T05:12:46                      10
/opt/airflow/dags/example_distributed.py                             1           0  0.13s           2026-07-04T05:12:47                      10
================================================================================
[2026-07-04T05:13:45.684+0000] {manager.py:997} INFO - 
================================================================================
DAG File Processing Stats

File Path                                   PID    Runtime      # DAGs    # Errors  Last Runtime    Last Run               Last # of DB Queries
------------------------------------------  -----  ---------  --------  ----------  --------------  -------------------  ----------------------
/opt/airflow/dags/example_distributed_3.py                           1           0  0.36s           2026-07-04T05:13:17                      10
/opt/airflow/dags/example_distributed_2.py                           1           0  0.14s           2026-07-04T05:13:17                      10
/opt/airflow/dags/example_distributed.py                             1           0  0.13s           2026-07-04T05:13:18                      10
================================================================================
[2026-07-04T05:14:11.986+0000] {manager.py:821} INFO - Searching for files in /opt/airflow/dags
[2026-07-04T05:14:11.989+0000] {manager.py:824} INFO - There are 3 files in /opt/airflow/dags
[2026-07-04T05:14:16.019+0000] {manager.py:997} INFO - 
================================================================================
DAG File Processing Stats

File Path                                   PID    Runtime      # DAGs    # Errors  Last Runtime    Last Run               Last # of DB Queries
------------------------------------------  -----  ---------  --------  ----------  --------------  -------------------  ----------------------
/opt/airflow/dags/example_distributed_3.py                           1           0  0.50s           2026-07-04T05:13:48                      10
/opt/airflow/dags/example_distributed_2.py                           1           0  0.49s           2026-07-04T05:13:48                      10
/opt/airflow/dags/example_distributed.py                             1           0  0.47s           2026-07-04T05:13:48                      10
================================================================================
[2026-07-04T05:14:46.898+0000] {manager.py:997} INFO - 
================================================================================
DAG File Processing Stats

File Path                                   PID    Runtime      # DAGs    # Errors  Last Runtime    Last Run               Last # of DB Queries
------------------------------------------  -----  ---------  --------  ----------  --------------  -------------------  ----------------------
/opt/airflow/dags/example_distributed_3.py                           1           0  3.18s           2026-07-04T05:14:21                      10
/opt/airflow/dags/example_distributed.py                             1           0  1.59s           2026-07-04T05:14:20                      10
/opt/airflow/dags/example_distributed_2.py                           1           0  0.60s           2026-07-04T05:14:18                      10
================================================================================
[2026-07-04T05:15:17.309+0000] {manager.py:997} INFO - 
================================================================================
DAG File Processing Stats

File Path                                   PID    Runtime      # DAGs    # Errors  Last Runtime    Last Run               Last # of DB Queries
------------------------------------------  -----  ---------  --------  ----------  --------------  -------------------  ----------------------
/opt/airflow/dags/example_distributed_2.py                           1           0  4.26s           2026-07-04T05:14:53                      10
/opt/airflow/dags/example_distributed_3.py                           1           0  3.96s           2026-07-04T05:14:57                      10
/opt/airflow/dags/example_distributed.py                             1           0  3.16s           2026-07-04T05:14:53                      10
================================================================================
[2026-07-04T05:15:47.652+0000] {manager.py:997} INFO - 
================================================================================
DAG File Processing Stats

File Path                                     PID  Runtime      # DAGs    # Errors  Last Runtime    Last Run               Last # of DB Queries
------------------------------------------  -----  ---------  --------  ----------  --------------  -------------------  ----------------------
/opt/airflow/dags/example_distributed_2.py                           1           0  11.57s          2026-07-04T05:15:35                      10
/opt/airflow/dags/example_distributed_3.py                           1           0  9.37s           2026-07-04T05:15:44                      10
/opt/airflow/dags/example_distributed.py      161  20.12s            1           0  3.16s           2026-07-04T05:14:53                      10
================================================================================
[2026-07-04T05:16:17.901+0000] {manager.py:997} INFO - 
================================================================================
DAG File Processing Stats

File Path                                     PID  Runtime      # DAGs    # Errors  Last Runtime    Last Run               Last # of DB Queries
------------------------------------------  -----  ---------  --------  ----------  --------------  -------------------  ----------------------
/opt/airflow/dags/example_distributed.py                             1           0  23.07s          2026-07-04T05:15:50                      10
/opt/airflow/dags/example_distributed_3.py    169  3.08s             1           0  9.37s           2026-07-04T05:15:44                      10
/opt/airflow/dags/example_distributed_2.py                           1           0  8.52s           2026-07-04T05:16:14                      10
================================================================================
[2026-07-04T05:16:49.476+0000] {manager.py:997} INFO - 
================================================================================
DAG File Processing Stats

File Path                                     PID  Runtime      # DAGs    # Errors  Last Runtime    Last Run               Last # of DB Queries
------------------------------------------  -----  ---------  --------  ----------  --------------  -------------------  ----------------------
/opt/airflow/dags/example_distributed.py      171  28.52s            1           0  23.07s          2026-07-04T05:15:50                      10
/opt/airflow/dags/example_distributed_3.py    169  34.66s            1           0  9.37s           2026-07-04T05:15:44                      10
/opt/airflow/dags/example_distributed_2.py                           1           0  8.52s           2026-07-04T05:16:14                      10
================================================================================
[2026-07-04T05:17:06.654+0000] {manager.py:1366} ERROR - Processor for /opt/airflow/dags/example_distributed_3.py with PID 169 started at 2026-07-04T05:16:14.818380+00:00 has timed out, killing it.
[2026-07-04T05:17:13.979+0000] {manager.py:1366} ERROR - Processor for /opt/airflow/dags/example_distributed.py with PID 171 started at 2026-07-04T05:16:20.959049+00:00 has timed out, killing it.
[2026-07-04T05:17:21.550+0000] {manager.py:997} INFO - 
================================================================================
DAG File Processing Stats

File Path                                     PID  Runtime      # DAGs    # Errors  Last Runtime    Last Run               Last # of DB Queries
------------------------------------------  -----  ---------  --------  ----------  --------------  -------------------  ----------------------
/opt/airflow/dags/example_distributed.py                             0           1  53.02s          2026-07-04T05:17:13                       0
/opt/airflow/dags/example_distributed_3.py                           0           1  51.84s          2026-07-04T05:17:06                       0
/opt/airflow/dags/example_distributed_2.py    172  14.78s            1           0  8.52s           2026-07-04T05:16:14                      10
================================================================================
[2026-07-04T05:17:52.559+0000] {manager.py:997} INFO - 
================================================================================
DAG File Processing Stats

File Path                                     PID  Runtime      # DAGs    # Errors  Last Runtime    Last Run               Last # of DB Queries
------------------------------------------  -----  ---------  --------  ----------  --------------  -------------------  ----------------------
/opt/airflow/dags/example_distributed.py      180  4.21s             0           1  53.02s          2026-07-04T05:17:13                       0
/opt/airflow/dags/example_distributed_3.py    179  15.05s            0           1  51.84s          2026-07-04T05:17:06                       0
/opt/airflow/dags/example_distributed_2.py                           1           0  15.23s          2026-07-04T05:17:21                      10
================================================================================
[2026-07-04T05:18:27.403+0000] {manager.py:997} INFO - 
================================================================================
DAG File Processing Stats

File Path                                     PID  Runtime      # DAGs    # Errors  Last Runtime    Last Run               Last # of DB Queries
------------------------------------------  -----  ---------  --------  ----------  --------------  -------------------  ----------------------
/opt/airflow/dags/example_distributed.py      180  39.06s            0           1  53.02s          2026-07-04T05:17:13                       0
/opt/airflow/dags/example_distributed_3.py                           1           0  19.90s          2026-07-04T05:17:57                      10
/opt/airflow/dags/example_distributed_2.py                           1           0  16.80s          2026-07-04T05:18:14                      10
================================================================================
[2026-07-04T05:18:47.703+0000] {manager.py:1366} ERROR - Processor for /opt/airflow/dags/example_distributed.py with PID 180 started at 2026-07-04T05:17:48.344675+00:00 has timed out, killing it.
[2026-07-04T05:19:19.370+0000] {manager.py:997} INFO - 
================================================================================
DAG File Processing Stats

File Path                                     PID  Runtime      # DAGs    # Errors  Last Runtime    Last Run               Last # of DB Queries
------------------------------------------  -----  ---------  --------  ----------  --------------  -------------------  ----------------------
/opt/airflow/dags/example_distributed.py                             0           1  59.36s          2026-07-04T05:18:47                       0
/opt/airflow/dags/example_distributed_3.py    188  42.66s            1           0  19.90s          2026-07-04T05:17:57                      10
/opt/airflow/dags/example_distributed_2.py    189  16.22s            1           0  16.80s          2026-07-04T05:18:14                      10
================================================================================
[2026-07-04T05:19:20.786+0000] {manager.py:821} INFO - Searching for files in /opt/airflow/dags
[2026-07-04T05:19:26.741+0000] {manager.py:824} INFO - There are 3 files in /opt/airflow/dags
[2026-07-04T05:19:34.770+0000] {manager.py:1366} ERROR - Processor for /opt/airflow/dags/example_distributed_3.py with PID 188 started at 2026-07-04T05:18:28.834524+00:00 has timed out, killing it.
[2026-07-04T06:27:55.096+0000] {manager.py:483} INFO - Processing files using up to 2 processes at a time 
[2026-07-04T06:27:55.770+0000] {manager.py:484} INFO - Process each file at most once every 30 seconds
[2026-07-04T06:27:55.771+0000] {manager.py:485} INFO - Checking for new files in /opt/airflow/dags every 300 seconds
[2026-07-04T06:27:55.773+0000] {manager.py:821} INFO - Searching for files in /opt/airflow/dags
[2026-07-04T06:28:00.244+0000] {manager.py:824} INFO - There are 4 files in /opt/airflow/dags
[2026-07-04T06:28:23.970+0000] {manager.py:997} INFO - 
================================================================================
DAG File Processing Stats

File Path                                              PID  Runtime      # DAGs    # Errors  Last Runtime    Last Run      Last # of DB Queries
---------------------------------------------------  -----  ---------  --------  ----------  --------------  ----------  ----------------------
/opt/airflow/dags/shopbrasil_panorama_precos.py        122  0.75s             0           0                                                   0
/opt/airflow/dags/exemplos/example_distributed_2.py    123  0.73s             0           0                                                   0
/opt/airflow/dags/exemplos/example_distributed_3.py                           0           0                                                   0
/opt/airflow/dags/exemplos/example_distributed.py                             0           0                                                   0
================================================================================
[2026-07-04T06:28:55.876+0000] {manager.py:997} INFO - 
================================================================================
DAG File Processing Stats

File Path                                              PID  Runtime      # DAGs    # Errors  Last Runtime    Last Run      Last # of DB Queries
---------------------------------------------------  -----  ---------  --------  ----------  --------------  ----------  ----------------------
/opt/airflow/dags/shopbrasil_panorama_precos.py        122  34.57s            0           0                                                   0
/opt/airflow/dags/exemplos/example_distributed_2.py    123  34.55s            0           0                                                   0
/opt/airflow/dags/exemplos/example_distributed_3.py                           0           0                                                   0
/opt/airflow/dags/exemplos/example_distributed.py                             0           0                                                   0
================================================================================
[2026-07-04T06:29:11.101+0000] {manager.py:1366} ERROR - Processor for /opt/airflow/dags/shopbrasil_panorama_precos.py with PID 122 started at 2026-07-04T06:28:20.905920+00:00 has timed out, killing it.
[2026-07-04T06:29:11.637+0000] {manager.py:1366} ERROR - Processor for /opt/airflow/dags/exemplos/example_distributed_2.py with PID 123 started at 2026-07-04T06:28:20.924252+00:00 has timed out, killing it.
[2026-07-04T06:29:26.006+0000] {manager.py:997} INFO - 
================================================================================
DAG File Processing Stats

File Path                                              PID  Runtime      # DAGs    # Errors  Last Runtime    Last Run               Last # of DB Queries
---------------------------------------------------  -----  ---------  --------  ----------  --------------  -------------------  ----------------------
/opt/airflow/dags/shopbrasil_panorama_precos.py                               0           1  50.20s          2026-07-04T06:29:11                       0
/opt/airflow/dags/exemplos/example_distributed_2.py                           0           1  50.18s          2026-07-04T06:29:11                       0
/opt/airflow/dags/exemplos/example_distributed_3.py    130  14.35s            0           0                                                            0
/opt/airflow/dags/exemplos/example_distributed.py      131  14.34s            0           0                                                            0
================================================================================
[2026-07-04T06:29:56.715+0000] {manager.py:997} INFO - 
================================================================================
DAG File Processing Stats

File Path                                              PID  Runtime      # DAGs    # Errors  Last Runtime    Last Run               Last # of DB Queries
---------------------------------------------------  -----  ---------  --------  ----------  --------------  -------------------  ----------------------
/opt/airflow/dags/shopbrasil_panorama_precos.py                               0           1  50.20s          2026-07-04T06:29:11                       0
/opt/airflow/dags/exemplos/example_distributed_2.py                           0           1  50.18s          2026-07-04T06:29:11                       0
/opt/airflow/dags/exemplos/example_distributed_3.py    130  45.06s            0           0                                                            0
/opt/airflow/dags/exemplos/example_distributed.py      131  45.05s            0           0                                                            0
================================================================================
[2026-07-04T06:30:02.007+0000] {manager.py:1366} ERROR - Processor for /opt/airflow/dags/exemplos/example_distributed.py with PID 131 started at 2026-07-04T06:29:11.664561+00:00 has timed out, killing it.
[2026-07-04T06:30:27.457+0000] {manager.py:997} INFO - 
================================================================================
DAG File Processing Stats

File Path                                              PID  Runtime      # DAGs    # Errors  Last Runtime    Last Run               Last # of DB Queries
---------------------------------------------------  -----  ---------  --------  ----------  --------------  -------------------  ----------------------
/opt/airflow/dags/exemplos/example_distributed.py                             0           1  50.34s          2026-07-04T06:30:02                       0
/opt/airflow/dags/exemplos/example_distributed_3.py                           1           0  50.28s          2026-07-04T06:30:01                      32
/opt/airflow/dags/shopbrasil_panorama_precos.py        144  25.36s            0           1  50.20s          2026-07-04T06:29:11                       0
/opt/airflow/dags/exemplos/example_distributed_2.py    145  25.35s            0           1  50.18s          2026-07-04T06:29:11                       0
================================================================================
[2026-07-04T06:30:59.699+0000] {manager.py:997} INFO - 
================================================================================
DAG File Processing Stats

File Path                                              PID  Runtime      # DAGs    # Errors  Last Runtime    Last Run               Last # of DB Queries
---------------------------------------------------  -----  ---------  --------  ----------  --------------  -------------------  ----------------------
/opt/airflow/dags/exemplos/example_distributed.py      153  12.89s            0           1  50.34s          2026-07-04T06:30:02                       0
/opt/airflow/dags/exemplos/example_distributed_3.py    152  13.98s            1           0  50.28s          2026-07-04T06:30:01                      32
/opt/airflow/dags/shopbrasil_panorama_precos.py                               1           0  44.78s          2026-07-04T06:30:46                      45
/opt/airflow/dags/exemplos/example_distributed_2.py                           1           0  43.69s          2026-07-04T06:30:45                      32
================================================================================
[2026-07-04T06:31:40.810+0000] {manager.py:997} INFO - 
================================================================================
DAG File Processing Stats

File Path                                              PID  Runtime      # DAGs    # Errors  Last Runtime    Last Run               Last # of DB Queries
---------------------------------------------------  -----  ---------  --------  ----------  --------------  -------------------  ----------------------
/opt/airflow/dags/exemplos/example_distributed.py      153  45.47s            0           1  50.34s          2026-07-04T06:30:02                       0
/opt/airflow/dags/exemplos/example_distributed_3.py    152  46.55s            1           0  50.28s          2026-07-04T06:30:01                      32
/opt/airflow/dags/shopbrasil_panorama_precos.py                               1           0  44.78s          2026-07-04T06:30:46                      45
/opt/airflow/dags/exemplos/example_distributed_2.py                           1           0  43.69s          2026-07-04T06:30:45                      32
================================================================================
[2026-07-04T06:31:46.803+0000] {manager.py:1366} ERROR - Processor for /opt/airflow/dags/exemplos/example_distributed_3.py with PID 152 started at 2026-07-04T06:30:45.719349+00:00 has timed out, killing it.
[2026-07-04T06:31:47.243+0000] {manager.py:1366} ERROR - Processor for /opt/airflow/dags/exemplos/example_distributed.py with PID 153 started at 2026-07-04T06:30:46.803749+00:00 has timed out, killing it.
[2026-07-04T06:32:12.692+0000] {manager.py:997} INFO - 
================================================================================
DAG File Processing Stats

File Path                                            PID    Runtime      # DAGs    # Errors  Last Runtime    Last Run               Last # of DB Queries
---------------------------------------------------  -----  ---------  --------  ----------  --------------  -------------------  ----------------------
/opt/airflow/dags/exemplos/example_distributed_3.py                           0           1  61.08s          2026-07-04T06:31:46                       0
/opt/airflow/dags/exemplos/example_distributed.py                             0           1  60.00s          2026-07-04T06:31:46                       0
/opt/airflow/dags/shopbrasil_panorama_precos.py                               1           0  5.35s           2026-07-04T06:31:53                      12
/opt/airflow/dags/exemplos/example_distributed_2.py                           1           0  4.67s           2026-07-04T06:31:52                      10
================================================================================
[2026-07-04T06:32:43.649+0000] {manager.py:997} INFO - 
================================================================================
DAG File Processing Stats

File Path                                              PID  Runtime      # DAGs    # Errors  Last Runtime    Last Run               Last # of DB Queries
---------------------------------------------------  -----  ---------  --------  ----------  --------------  -------------------  ----------------------
/opt/airflow/dags/exemplos/example_distributed_3.py    169  24.55s            0           1  61.08s          2026-07-04T06:31:46                       0
/opt/airflow/dags/exemplos/example_distributed.py      170  24.44s            0           1  60.00s          2026-07-04T06:31:46                       0
/opt/airflow/dags/shopbrasil_panorama_precos.py                               1           0  5.35s           2026-07-04T06:31:53                      12
/opt/airflow/dags/exemplos/example_distributed_2.py                           1           0  4.67s           2026-07-04T06:31:52                      10
================================================================================
[2026-07-04T06:32:56.481+0000] {manager.py:821} INFO - Searching for files in /opt/airflow/dags
[2026-07-04T06:33:01.846+0000] {manager.py:824} INFO - There are 4 files in /opt/airflow/dags
[2026-07-04T06:33:09.947+0000] {manager.py:1366} ERROR - Processor for /opt/airflow/dags/exemplos/example_distributed_3.py with PID 169 started at 2026-07-04T06:32:19.096243+00:00 has timed out, killing it.
[2026-07-04T06:33:11.707+0000] {manager.py:1366} ERROR - Processor for /opt/airflow/dags/exemplos/example_distributed.py with PID 170 started at 2026-07-04T06:32:19.209301+00:00 has timed out, killing it.
[2026-07-04T06:33:14.775+0000] {manager.py:997} INFO - 
================================================================================
DAG File Processing Stats

File Path                                              PID  Runtime      # DAGs    # Errors  Last Runtime    Last Run               Last # of DB Queries
---------------------------------------------------  -----  ---------  --------  ----------  --------------  -------------------  ----------------------
/opt/airflow/dags/exemplos/example_distributed_3.py                           0           1  50.85s          2026-07-04T06:33:09                       0
/opt/airflow/dags/exemplos/example_distributed.py                             0           1  50.74s          2026-07-04T06:33:09                       0
/opt/airflow/dags/shopbrasil_panorama_precos.py        171  3.05s             1           0  5.35s           2026-07-04T06:31:53                      12
/opt/airflow/dags/exemplos/example_distributed_2.py    172  3.04s             1           0  4.67s           2026-07-04T06:31:52                      10
================================================================================
[2026-07-04T06:33:45.859+0000] {manager.py:997} INFO - 
================================================================================
DAG File Processing Stats

File Path                                              PID  Runtime      # DAGs    # Errors  Last Runtime    Last Run               Last # of DB Queries
---------------------------------------------------  -----  ---------  --------  ----------  --------------  -------------------  ----------------------
/opt/airflow/dags/exemplos/example_distributed_3.py                           0           1  50.85s          2026-07-04T06:33:09                       0
/opt/airflow/dags/exemplos/example_distributed.py                             0           1  50.74s          2026-07-04T06:33:09                       0
/opt/airflow/dags/shopbrasil_panorama_precos.py        171  33.15s            1           0  5.35s           2026-07-04T06:31:53                      12
/opt/airflow/dags/exemplos/example_distributed_2.py    172  33.14s            1           0  4.67s           2026-07-04T06:31:52                      10
================================================================================
[2026-07-04T06:34:02.315+0000] {manager.py:1366} ERROR - Processor for /opt/airflow/dags/shopbrasil_panorama_precos.py with PID 171 started at 2026-07-04T06:33:11.722924+00:00 has timed out, killing it.
[2026-07-04T06:34:02.346+0000] {manager.py:1366} ERROR - Processor for /opt/airflow/dags/exemplos/example_distributed_2.py with PID 172 started at 2026-07-04T06:33:11.734543+00:00 has timed out, killing it.
[2026-07-04T06:34:16.754+0000] {manager.py:997} INFO - 
================================================================================
DAG File Processing Stats

File Path                                              PID  Runtime      # DAGs    # Errors  Last Runtime    Last Run               Last # of DB Queries
---------------------------------------------------  -----  ---------  --------  ----------  --------------  -------------------  ----------------------
/opt/airflow/dags/exemplos/example_distributed_3.py    173  13.24s            0           1  50.85s          2026-07-04T06:33:09                       0
/opt/airflow/dags/exemplos/example_distributed.py      174  9.14s             0           1  50.74s          2026-07-04T06:33:09                       0
/opt/airflow/dags/shopbrasil_panorama_precos.py                               0           1  50.59s          2026-07-04T06:34:02                       0
/opt/airflow/dags/exemplos/example_distributed_2.py                           0           1  50.58s          2026-07-04T06:34:02                       0
================================================================================
[2026-07-04T06:59:52.227+0000] {manager.py:483} INFO - Processing files using up to 2 processes at a time 
[2026-07-04T06:59:52.329+0000] {manager.py:484} INFO - Process each file at most once every 30 seconds
[2026-07-04T06:59:52.330+0000] {manager.py:485} INFO - Checking for new files in /opt/airflow/dags every 300 seconds
[2026-07-04T06:59:52.330+0000] {manager.py:821} INFO - Searching for files in /opt/airflow/dags
[2026-07-04T06:59:53.275+0000] {manager.py:824} INFO - There are 4 files in /opt/airflow/dags
[2026-07-04T06:59:54.814+0000] {manager.py:997} INFO - 
================================================================================
DAG File Processing Stats

File Path                                              PID  Runtime      # DAGs    # Errors  Last Runtime    Last Run      Last # of DB Queries
---------------------------------------------------  -----  ---------  --------  ----------  --------------  ----------  ----------------------
/opt/airflow/dags/shopbrasil_panorama_precos.py         66  0.59s             0           0                                                   0
/opt/airflow/dags/exemplos/example_distributed_2.py     67  0.58s             0           0                                                   0
/opt/airflow/dags/exemplos/example_distributed_3.py                           0           0                                                   0
/opt/airflow/dags/exemplos/example_distributed.py                             0           0                                                   0
================================================================================
[2026-07-04T07:00:25.250+0000] {manager.py:997} INFO - 
================================================================================
DAG File Processing Stats

File Path                                            PID    Runtime      # DAGs    # Errors  Last Runtime    Last Run               Last # of DB Queries
---------------------------------------------------  -----  ---------  --------  ----------  --------------  -------------------  ----------------------
/opt/airflow/dags/shopbrasil_panorama_precos.py                               1           0  3.01s           2026-07-04T06:59:57                      34
/opt/airflow/dags/exemplos/example_distributed_2.py                           1           0  2.89s           2026-07-04T06:59:57                      10
/opt/airflow/dags/exemplos/example_distributed_3.py                           1           0  0.55s           2026-07-04T06:59:57                      32
/opt/airflow/dags/exemplos/example_distributed.py                             1           0  0.44s           2026-07-04T06:59:57                      32
================================================================================
[2026-07-04T07:00:55.966+0000] {manager.py:997} INFO - 
================================================================================
DAG File Processing Stats

File Path                                            PID    Runtime      # DAGs    # Errors  Last Runtime    Last Run               Last # of DB Queries
---------------------------------------------------  -----  ---------  --------  ----------  --------------  -------------------  ----------------------
/opt/airflow/dags/shopbrasil_panorama_precos.py                               1           0  0.35s           2026-07-04T07:00:27                      12
/opt/airflow/dags/exemplos/example_distributed_2.py                           1           0  0.22s           2026-07-04T07:00:27                      10
/opt/airflow/dags/exemplos/example_distributed.py                             1           0  0.22s           2026-07-04T07:00:28                      10
/opt/airflow/dags/exemplos/example_distributed_3.py                           1           0  0.22s           2026-07-04T07:00:28                      10
================================================================================
[2026-07-04T07:01:26.816+0000] {manager.py:997} INFO - 
================================================================================
DAG File Processing Stats

File Path                                            PID    Runtime      # DAGs    # Errors  Last Runtime    Last Run               Last # of DB Queries
---------------------------------------------------  -----  ---------  --------  ----------  --------------  -------------------  ----------------------
/opt/airflow/dags/exemplos/example_distributed.py                             1           0  0.35s           2026-07-04T07:00:59                      10
/opt/airflow/dags/exemplos/example_distributed_3.py                           1           0  0.34s           2026-07-04T07:00:59                      10
/opt/airflow/dags/exemplos/example_distributed_2.py                           1           0  0.34s           2026-07-04T07:00:58                      10
/opt/airflow/dags/shopbrasil_panorama_precos.py                               1           0  0.27s           2026-07-04T07:00:58                      12
================================================================================
[2026-07-04T07:01:57.694+0000] {manager.py:997} INFO - 
================================================================================
DAG File Processing Stats

File Path                                            PID    Runtime      # DAGs    # Errors  Last Runtime    Last Run               Last # of DB Queries
---------------------------------------------------  -----  ---------  --------  ----------  --------------  -------------------  ----------------------
/opt/airflow/dags/shopbrasil_panorama_precos.py                               1           0  0.37s           2026-07-04T07:01:29                      12
/opt/airflow/dags/exemplos/example_distributed_2.py                           1           0  0.33s           2026-07-04T07:01:29                      10
/opt/airflow/dags/exemplos/example_distributed.py                             1           0  0.18s           2026-07-04T07:01:30                      10
/opt/airflow/dags/exemplos/example_distributed_3.py                           1           0  0.18s           2026-07-04T07:01:30                      10
================================================================================
[2026-07-04T07:02:28.371+0000] {manager.py:997} INFO - 
================================================================================
DAG File Processing Stats

File Path                                            PID    Runtime      # DAGs    # Errors  Last Runtime    Last Run               Last # of DB Queries
---------------------------------------------------  -----  ---------  --------  ----------  --------------  -------------------  ----------------------
/opt/airflow/dags/exemplos/example_distributed_3.py                           1           0  0.25s           2026-07-04T07:02:01                      10
/opt/airflow/dags/exemplos/example_distributed.py                             1           0  0.21s           2026-07-04T07:02:01                      10
/opt/airflow/dags/shopbrasil_panorama_precos.py                               1           0  0.20s           2026-07-04T07:01:59                      12
/opt/airflow/dags/exemplos/example_distributed_2.py                           1           0  0.19s           2026-07-04T07:01:59                      10
================================================================================
[2026-07-04T07:02:58.813+0000] {manager.py:997} INFO - 
================================================================================
DAG File Processing Stats

File Path                                            PID    Runtime      # DAGs    # Errors  Last Runtime    Last Run               Last # of DB Queries
---------------------------------------------------  -----  ---------  --------  ----------  --------------  -------------------  ----------------------
/opt/airflow/dags/shopbrasil_panorama_precos.py                               1           0  0.35s           2026-07-04T07:02:30                      12
/opt/airflow/dags/exemplos/example_distributed_2.py                           1           0  0.34s           2026-07-04T07:02:30                      10
/opt/airflow/dags/exemplos/example_distributed_3.py                           1           0  0.13s           2026-07-04T07:02:31                      10
/opt/airflow/dags/exemplos/example_distributed.py                             1           0  0.12s           2026-07-04T07:02:31                      10
================================================================================
[2026-07-04T07:03:28.955+0000] {manager.py:997} INFO - 
================================================================================
DAG File Processing Stats

File Path                                            PID    Runtime      # DAGs    # Errors  Last Runtime    Last Run               Last # of DB Queries
---------------------------------------------------  -----  ---------  --------  ----------  --------------  -------------------  ----------------------
/opt/airflow/dags/shopbrasil_panorama_precos.py                               1           0  2.19s           2026-07-04T07:03:03                      12
/opt/airflow/dags/exemplos/example_distributed.py                             1           0  0.49s           2026-07-04T07:03:02                      10
/opt/airflow/dags/exemplos/example_distributed_3.py                           1           0  0.29s           2026-07-04T07:03:02                      10
/opt/airflow/dags/exemplos/example_distributed_2.py                           1           0  0.22s           2026-07-04T07:03:01                      10
================================================================================
[2026-07-04T07:03:59.662+0000] {manager.py:997} INFO - 
================================================================================
DAG File Processing Stats

File Path                                            PID    Runtime      # DAGs    # Errors  Last Runtime    Last Run               Last # of DB Queries
---------------------------------------------------  -----  ---------  --------  ----------  --------------  -------------------  ----------------------
/opt/airflow/dags/exemplos/example_distributed_2.py                           1           0  1.15s           2026-07-04T07:03:32                      10
/opt/airflow/dags/exemplos/example_distributed_3.py                           1           0  0.44s           2026-07-04T07:03:32                      10
/opt/airflow/dags/exemplos/example_distributed.py                             1           0  0.30s           2026-07-04T07:03:33                      10
/opt/airflow/dags/shopbrasil_panorama_precos.py                               1           0  0.30s           2026-07-04T07:03:33                      12
================================================================================
[2026-07-04T07:04:29.730+0000] {manager.py:997} INFO - 
================================================================================
DAG File Processing Stats

File Path                                            PID    Runtime      # DAGs    # Errors  Last Runtime    Last Run               Last # of DB Queries
---------------------------------------------------  -----  ---------  --------  ----------  --------------  -------------------  ----------------------
/opt/airflow/dags/exemplos/example_distributed_2.py                           1           0  0.51s           2026-07-04T07:04:03                      10
/opt/airflow/dags/shopbrasil_panorama_precos.py                               1           0  0.42s           2026-07-04T07:04:03                      12
/opt/airflow/dags/exemplos/example_distributed.py                             1           0  0.35s           2026-07-04T07:04:03                      10
/opt/airflow/dags/exemplos/example_distributed_3.py                           1           0  0.35s           2026-07-04T07:04:03                      10
================================================================================
[2026-07-04T07:04:53.200+0000] {manager.py:821} INFO - Searching for files in /opt/airflow/dags
[2026-07-04T07:04:55.346+0000] {manager.py:824} INFO - There are 4 files in /opt/airflow/dags
[2026-07-04T07:05:00.409+0000] {manager.py:997} INFO - 
================================================================================
DAG File Processing Stats

File Path                                            PID    Runtime      # DAGs    # Errors  Last Runtime    Last Run               Last # of DB Queries
---------------------------------------------------  -----  ---------  --------  ----------  --------------  -------------------  ----------------------
/opt/airflow/dags/exemplos/example_distributed_3.py                           1           0  0.15s           2026-07-04T07:04:33                      10
/opt/airflow/dags/shopbrasil_panorama_precos.py                               1           0  0.14s           2026-07-04T07:04:34                      12
/opt/airflow/dags/exemplos/example_distributed_2.py                           1           0  0.13s           2026-07-04T07:04:33                      10
/opt/airflow/dags/exemplos/example_distributed.py                             1           0  0.12s           2026-07-04T07:04:34                      10
================================================================================
[2026-07-04T07:05:30.451+0000] {manager.py:997} INFO - 
================================================================================
DAG File Processing Stats

File Path                                            PID    Runtime      # DAGs    # Errors  Last Runtime    Last Run               Last # of DB Queries
---------------------------------------------------  -----  ---------  --------  ----------  --------------  -------------------  ----------------------
/opt/airflow/dags/exemplos/example_distributed_2.py                           1           0  1.41s           2026-07-04T07:05:05                      10
/opt/airflow/dags/shopbrasil_panorama_precos.py                               1           0  1.22s           2026-07-04T07:05:05                      12
/opt/airflow/dags/exemplos/example_distributed_3.py                           1           0  0.59s           2026-07-04T07:05:06                      10
/opt/airflow/dags/exemplos/example_distributed.py                             1           0  0.32s           2026-07-04T07:05:06                      10
================================================================================
[2026-07-04T07:06:00.932+0000] {manager.py:997} INFO - 
================================================================================
DAG File Processing Stats

File Path                                              PID  Runtime      # DAGs    # Errors  Last Runtime    Last Run               Last # of DB Queries
---------------------------------------------------  -----  ---------  --------  ----------  --------------  -------------------  ----------------------
/opt/airflow/dags/exemplos/example_distributed_2.py    181  24.27s            1           0  1.41s           2026-07-04T07:05:05                      10
/opt/airflow/dags/shopbrasil_panorama_precos.py        180  24.35s            1           0  1.22s           2026-07-04T07:05:05                      12
/opt/airflow/dags/exemplos/example_distributed_3.py                           1           0  0.59s           2026-07-04T07:05:06                      10
/opt/airflow/dags/exemplos/example_distributed.py                             1           0  0.32s           2026-07-04T07:05:06                      10
================================================================================
[2026-07-04T07:06:31.182+0000] {manager.py:997} INFO - 
================================================================================
DAG File Processing Stats

File Path                                            PID    Runtime      # DAGs    # Errors  Last Runtime    Last Run               Last # of DB Queries
---------------------------------------------------  -----  ---------  --------  ----------  --------------  -------------------  ----------------------
/opt/airflow/dags/shopbrasil_panorama_precos.py                               1           0  48.32s          2026-07-04T07:06:24                      12
/opt/airflow/dags/exemplos/example_distributed_2.py                           1           0  48.14s          2026-07-04T07:06:24                      10
/opt/airflow/dags/exemplos/example_distributed_3.py                           1           0  3.22s           2026-07-04T07:06:28                      10
/opt/airflow/dags/exemplos/example_distributed.py                             1           0  2.74s           2026-07-04T07:06:28                      10
================================================================================
[2026-07-04T07:07:02.028+0000] {manager.py:997} INFO - 
================================================================================
DAG File Processing Stats

File Path                                            PID    Runtime      # DAGs    # Errors  Last Runtime    Last Run               Last # of DB Queries
---------------------------------------------------  -----  ---------  --------  ----------  --------------  -------------------  ----------------------
/opt/airflow/dags/shopbrasil_panorama_precos.py                               1           0  0.21s           2026-07-04T07:06:55                      12
/opt/airflow/dags/exemplos/example_distributed_2.py                           1           0  0.18s           2026-07-04T07:06:55                      10
/opt/airflow/dags/exemplos/example_distributed.py                             1           0  0.16s           2026-07-04T07:06:59                      10
/opt/airflow/dags/exemplos/example_distributed_3.py                           1           0  0.16s           2026-07-04T07:06:59                      10
================================================================================
[2026-07-04T07:07:32.173+0000] {manager.py:997} INFO - 
================================================================================
DAG File Processing Stats

File Path                                              PID  Runtime      # DAGs    # Errors  Last Runtime    Last Run               Last # of DB Queries
---------------------------------------------------  -----  ---------  --------  ----------  --------------  -------------------  ----------------------
/opt/airflow/dags/shopbrasil_panorama_precos.py        209  6.03s             1           0  0.21s           2026-07-04T07:06:55                      12
/opt/airflow/dags/exemplos/example_distributed_2.py    210  6.02s             1           0  0.18s           2026-07-04T07:06:55                      10
/opt/airflow/dags/exemplos/example_distributed.py                             1           0  0.16s           2026-07-04T07:06:59                      10
/opt/airflow/dags/exemplos/example_distributed_3.py                           1           0  0.16s           2026-07-04T07:06:59                      10
================================================================================
[2026-07-04T07:08:10.607+0000] {manager.py:997} INFO - 
================================================================================
DAG File Processing Stats

File Path                                              PID  Runtime      # DAGs    # Errors  Last Runtime    Last Run               Last # of DB Queries
---------------------------------------------------  -----  ---------  --------  ----------  --------------  -------------------  ----------------------
/opt/airflow/dags/shopbrasil_panorama_precos.py        209  40.53s            1           0  0.21s           2026-07-04T07:06:55                      12
/opt/airflow/dags/exemplos/example_distributed_2.py    210  40.53s            1           0  0.18s           2026-07-04T07:06:55                      10
/opt/airflow/dags/exemplos/example_distributed.py                             1           0  0.16s           2026-07-04T07:06:59                      10
/opt/airflow/dags/exemplos/example_distributed_3.py                           1           0  0.16s           2026-07-04T07:06:59                      10
================================================================================
[2026-07-04T07:08:59.139+0000] {manager.py:1366} ERROR - Processor for /opt/airflow/dags/shopbrasil_panorama_precos.py with PID 209 started at 2026-07-04T07:07:26.141558+00:00 has timed out, killing it.
[2026-07-04T07:09:01.753+0000] {manager.py:1366} ERROR - Processor for /opt/airflow/dags/exemplos/example_distributed_2.py with PID 210 started at 2026-07-04T07:07:26.147702+00:00 has timed out, killing it.
[2026-07-04T07:09:18.175+0000] {manager.py:997} INFO - 
================================================================================
DAG File Processing Stats

File Path                                              PID  Runtime      # DAGs    # Errors  Last Runtime    Last Run               Last # of DB Queries
---------------------------------------------------  -----  ---------  --------  ----------  --------------  -------------------  ----------------------
/opt/airflow/dags/shopbrasil_panorama_precos.py                               0           1  93.00s          2026-07-04T07:08:59                       0
/opt/airflow/dags/exemplos/example_distributed_2.py                           0           1  92.99s          2026-07-04T07:08:59                       0
/opt/airflow/dags/exemplos/example_distributed.py      212  14.54s            1           0  0.16s           2026-07-04T07:06:59                      10
/opt/airflow/dags/exemplos/example_distributed_3.py    211  15.59s            1           0  0.16s           2026-07-04T07:06:59                      10
================================================================================
[2026-07-04T07:09:50.311+0000] {manager.py:997} INFO - 
================================================================================
DAG File Processing Stats

File Path                                              PID  Runtime      # DAGs    # Errors  Last Runtime    Last Run               Last # of DB Queries
---------------------------------------------------  -----  ---------  --------  ----------  --------------  -------------------  ----------------------
/opt/airflow/dags/shopbrasil_panorama_precos.py                               0           1  93.00s          2026-07-04T07:08:59                       0
/opt/airflow/dags/exemplos/example_distributed_2.py                           0           1  92.99s          2026-07-04T07:08:59                       0
/opt/airflow/dags/exemplos/example_distributed.py      212  46.38s            1           0  0.16s           2026-07-04T07:06:59                      10
/opt/airflow/dags/exemplos/example_distributed_3.py    211  47.42s            1           0  0.16s           2026-07-04T07:06:59                      10
================================================================================
[2026-07-04T07:09:53.356+0000] {manager.py:821} INFO - Searching for files in /opt/airflow/dags
[2026-07-04T07:20:52.357+0000] {manager.py:483} INFO - Processing files using up to 2 processes at a time 
[2026-07-04T07:20:52.375+0000] {manager.py:484} INFO - Process each file at most once every 30 seconds
[2026-07-04T07:20:52.375+0000] {manager.py:485} INFO - Checking for new files in /opt/airflow/dags every 300 seconds
[2026-07-04T07:20:52.376+0000] {manager.py:821} INFO - Searching for files in /opt/airflow/dags
[2026-07-04T07:20:52.515+0000] {manager.py:824} INFO - There are 4 files in /opt/airflow/dags
[2026-07-04T07:20:53.139+0000] {manager.py:997} INFO - 
================================================================================
DAG File Processing Stats

File Path                                              PID  Runtime      # DAGs    # Errors  Last Runtime    Last Run      Last # of DB Queries
---------------------------------------------------  -----  ---------  --------  ----------  --------------  ----------  ----------------------
/opt/airflow/dags/shopbrasil_panorama_precos.py         59  0.16s             0           0                                                   0
/opt/airflow/dags/exemplos/example_distributed_2.py     60  0.15s             0           0                                                   0
/opt/airflow/dags/exemplos/example_distributed_3.py                           0           0                                                   0
/opt/airflow/dags/exemplos/example_distributed.py                             0           0                                                   0
================================================================================
[2026-07-04T07:21:23.230+0000] {manager.py:997} INFO - 
================================================================================
DAG File Processing Stats

File Path                                            PID    Runtime      # DAGs    # Errors  Last Runtime    Last Run               Last # of DB Queries
---------------------------------------------------  -----  ---------  --------  ----------  --------------  -------------------  ----------------------
/opt/airflow/dags/shopbrasil_panorama_precos.py                               1           0  0.91s           2026-07-04T07:20:53                      34
/opt/airflow/dags/exemplos/example_distributed_2.py                           1           0  0.73s           2026-07-04T07:20:53                      32
/opt/airflow/dags/exemplos/example_distributed_3.py                           1           0  0.22s           2026-07-04T07:20:53                      10
/opt/airflow/dags/exemplos/example_distributed.py                             1           0  0.19s           2026-07-04T07:20:54                      10
================================================================================
[2026-07-04T07:21:54.566+0000] {manager.py:997} INFO - 
================================================================================
DAG File Processing Stats

File Path                                            PID    Runtime      # DAGs    # Errors  Last Runtime    Last Run               Last # of DB Queries
---------------------------------------------------  -----  ---------  --------  ----------  --------------  -------------------  ----------------------
/opt/airflow/dags/exemplos/example_distributed_2.py                           1           0  1.08s           2026-07-04T07:21:25                      10
/opt/airflow/dags/shopbrasil_panorama_precos.py                               1           0  1.07s           2026-07-04T07:21:25                      12
/opt/airflow/dags/exemplos/example_distributed_3.py                           1           0  0.33s           2026-07-04T07:21:25                      10
/opt/airflow/dags/exemplos/example_distributed.py                             1           0  0.22s           2026-07-04T07:21:25                      10
================================================================================
[2026-07-04T07:22:24.771+0000] {manager.py:997} INFO - 
================================================================================
DAG File Processing Stats

File Path                                            PID    Runtime      # DAGs    # Errors  Last Runtime    Last Run               Last # of DB Queries
---------------------------------------------------  -----  ---------  --------  ----------  --------------  -------------------  ----------------------
/opt/airflow/dags/exemplos/example_distributed_3.py                           1           0  0.28s           2026-07-04T07:21:56                      10
/opt/airflow/dags/shopbrasil_panorama_precos.py                               1           0  0.25s           2026-07-04T07:21:55                      12
/opt/airflow/dags/exemplos/example_distributed.py                             1           0  0.23s           2026-07-04T07:21:56                      10
/opt/airflow/dags/exemplos/example_distributed_2.py                           1           0  0.21s           2026-07-04T07:21:55                      10
================================================================================
[2026-07-04T07:22:54.931+0000] {manager.py:997} INFO - 
================================================================================
DAG File Processing Stats

File Path                                              PID  Runtime      # DAGs    # Errors  Last Runtime    Last Run               Last # of DB Queries
---------------------------------------------------  -----  ---------  --------  ----------  --------------  -------------------  ----------------------
/opt/airflow/dags/shopbrasil_panorama_precos.py         95  2.02s             1           0  1.35s           2026-07-04T07:22:28                      12
/opt/airflow/dags/exemplos/example_distributed_2.py                           1           0  1.34s           2026-07-04T07:22:28                      10
/opt/airflow/dags/exemplos/example_distributed_3.py                           1           0  0.21s           2026-07-04T07:22:28                      10
/opt/airflow/dags/exemplos/example_distributed.py                             1           0  0.14s           2026-07-04T07:22:28                      10
================================================================================
[2026-07-04T07:23:25.416+0000] {manager.py:997} INFO - 
================================================================================
DAG File Processing Stats

File Path                                              PID  Runtime      # DAGs    # Errors  Last Runtime    Last Run               Last # of DB Queries
---------------------------------------------------  -----  ---------  --------  ----------  --------------  -------------------  ----------------------
/opt/airflow/dags/shopbrasil_panorama_precos.py         95  32.51s            1           0  1.35s           2026-07-04T07:22:28                      12
/opt/airflow/dags/exemplos/example_distributed_2.py                           1           0  0.42s           2026-07-04T07:22:59                      10
/opt/airflow/dags/exemplos/example_distributed.py                             1           0  0.23s           2026-07-04T07:22:59                      10
/opt/airflow/dags/exemplos/example_distributed_3.py                           1           0  0.15s           2026-07-04T07:22:59                      10
================================================================================
[2026-07-04T07:23:43.010+0000] {manager.py:1366} ERROR - Processor for /opt/airflow/dags/shopbrasil_panorama_precos.py with PID 95 started at 2026-07-04T07:22:52.910015+00:00 has timed out, killing it.
[2026-07-04T07:23:57.501+0000] {manager.py:997} INFO - 
================================================================================
DAG File Processing Stats

File Path                                            PID    Runtime      # DAGs    # Errors  Last Runtime    Last Run               Last # of DB Queries
---------------------------------------------------  -----  ---------  --------  ----------  --------------  -------------------  ----------------------
/opt/airflow/dags/shopbrasil_panorama_precos.py                               0           1  50.10s          2026-07-04T07:23:43                       0
/opt/airflow/dags/exemplos/example_distributed_2.py                           1           0  1.02s           2026-07-04T07:23:30                      10
/opt/airflow/dags/exemplos/example_distributed_3.py                           1           0  0.20s           2026-07-04T07:23:30                      10
/opt/airflow/dags/exemplos/example_distributed.py                             1           0  0.16s           2026-07-04T07:23:30                      10
================================================================================
[2026-07-04T07:24:27.723+0000] {manager.py:997} INFO - 
================================================================================
DAG File Processing Stats

File Path                                            PID    Runtime      # DAGs    # Errors  Last Runtime    Last Run               Last # of DB Queries
---------------------------------------------------  -----  ---------  --------  ----------  --------------  -------------------  ----------------------
/opt/airflow/dags/exemplos/example_distributed_2.py                           1           0  8.55s           2026-07-04T07:24:09                      10
/opt/airflow/dags/exemplos/example_distributed_3.py                           1           0  7.55s           2026-07-04T07:24:09                      10
/opt/airflow/dags/shopbrasil_panorama_precos.py                               1           0  5.36s           2026-07-04T07:24:18                      34
/opt/airflow/dags/exemplos/example_distributed.py                             1           0  0.47s           2026-07-04T07:24:09                      10
================================================================================
[2026-07-04T07:24:57.950+0000] {manager.py:997} INFO - 
================================================================================
DAG File Processing Stats

File Path                                            PID    Runtime      # DAGs    # Errors  Last Runtime    Last Run               Last # of DB Queries
---------------------------------------------------  -----  ---------  --------  ----------  --------------  -------------------  ----------------------
/opt/airflow/dags/exemplos/example_distributed_2.py                           1           0  0.69s           2026-07-04T07:24:40                      10
/opt/airflow/dags/exemplos/example_distributed_3.py                           1           0  0.67s           2026-07-04T07:24:40                      10
/opt/airflow/dags/shopbrasil_panorama_precos.py                               1           0  0.48s           2026-07-04T07:24:49                      12
/opt/airflow/dags/exemplos/example_distributed.py                             1           0  0.32s           2026-07-04T07:24:40                      10
================================================================================
[2026-07-04T07:25:28.865+0000] {manager.py:997} INFO - 
================================================================================
DAG File Processing Stats

File Path                                            PID    Runtime      # DAGs    # Errors  Last Runtime    Last Run               Last # of DB Queries
---------------------------------------------------  -----  ---------  --------  ----------  --------------  -------------------  ----------------------
/opt/airflow/dags/exemplos/example_distributed_3.py                           1           0  0.41s           2026-07-04T07:25:11                      10
/opt/airflow/dags/exemplos/example_distributed_2.py                           1           0  0.40s           2026-07-04T07:25:11                      10
/opt/airflow/dags/shopbrasil_panorama_precos.py                               1           0  0.31s           2026-07-04T07:25:19                      12
/opt/airflow/dags/exemplos/example_distributed.py                             1           0  0.26s           2026-07-04T07:25:11                      10
================================================================================
[2026-07-04T07:25:52.630+0000] {manager.py:821} INFO - Searching for files in /opt/airflow/dags
[2026-07-04T07:25:52.736+0000] {manager.py:824} INFO - There are 4 files in /opt/airflow/dags
[2026-07-04T07:25:59.390+0000] {manager.py:997} INFO - 
================================================================================
DAG File Processing Stats

File Path                                            PID    Runtime      # DAGs    # Errors  Last Runtime    Last Run               Last # of DB Queries
---------------------------------------------------  -----  ---------  --------  ----------  --------------  -------------------  ----------------------
/opt/airflow/dags/shopbrasil_panorama_precos.py                               1           0  0.33s           2026-07-04T07:25:50                      12
/opt/airflow/dags/exemplos/example_distributed_2.py                           1           0  0.18s           2026-07-04T07:25:42                      10
/opt/airflow/dags/exemplos/example_distributed_3.py                           1           0  0.17s           2026-07-04T07:25:42                      10
/opt/airflow/dags/exemplos/example_distributed.py                             1           0  0.12s           2026-07-04T07:25:42                      10
================================================================================
[2026-07-04T07:26:29.457+0000] {manager.py:997} INFO - 
================================================================================
DAG File Processing Stats

File Path                                            PID    Runtime      # DAGs    # Errors  Last Runtime    Last Run               Last # of DB Queries
---------------------------------------------------  -----  ---------  --------  ----------  --------------  -------------------  ----------------------
/opt/airflow/dags/shopbrasil_panorama_precos.py                               1           0  0.54s           2026-07-04T07:26:21                      12
/opt/airflow/dags/exemplos/example_distributed_3.py                           1           0  0.15s           2026-07-04T07:26:13                      10
/opt/airflow/dags/exemplos/example_distributed.py                             1           0  0.14s           2026-07-04T07:26:13                      10
/opt/airflow/dags/exemplos/example_distributed_2.py                           1           0  0.13s           2026-07-04T07:26:13                      10
================================================================================
[2026-07-04T07:27:00.059+0000] {manager.py:997} INFO - 
================================================================================
DAG File Processing Stats

File Path                                            PID    Runtime      # DAGs    # Errors  Last Runtime    Last Run               Last # of DB Queries
---------------------------------------------------  -----  ---------  --------  ----------  --------------  -------------------  ----------------------
/opt/airflow/dags/shopbrasil_panorama_precos.py                               1           0  0.43s           2026-07-04T07:26:52                      12
/opt/airflow/dags/exemplos/example_distributed_2.py                           1           0  0.33s           2026-07-04T07:26:44                      10
/opt/airflow/dags/exemplos/example_distributed.py                             1           0  0.32s           2026-07-04T07:26:44                      10
/opt/airflow/dags/exemplos/example_distributed_3.py                           1           0  0.31s           2026-07-04T07:26:44                      10
================================================================================
[2026-07-04T07:27:30.244+0000] {manager.py:997} INFO - 
================================================================================
DAG File Processing Stats

File Path                                            PID    Runtime      # DAGs    # Errors  Last Runtime    Last Run               Last # of DB Queries
---------------------------------------------------  -----  ---------  --------  ----------  --------------  -------------------  ----------------------
/opt/airflow/dags/shopbrasil_panorama_precos.py                               1           0  0.36s           2026-07-04T07:27:23                      12
/opt/airflow/dags/exemplos/example_distributed_3.py                           1           0  0.33s           2026-07-04T07:27:14                      10
/opt/airflow/dags/exemplos/example_distributed_2.py                           1           0  0.31s           2026-07-04T07:27:14                      10
/opt/airflow/dags/exemplos/example_distributed.py                             1           0  0.27s           2026-07-04T07:27:15                      10
================================================================================
[2026-07-04T07:28:00.267+0000] {manager.py:997} INFO - 
================================================================================
DAG File Processing Stats

File Path                                            PID    Runtime      # DAGs    # Errors  Last Runtime    Last Run               Last # of DB Queries
---------------------------------------------------  -----  ---------  --------  ----------  --------------  -------------------  ----------------------
/opt/airflow/dags/exemplos/example_distributed_3.py                           1           0  0.24s           2026-07-04T07:27:45                      10
/opt/airflow/dags/shopbrasil_panorama_precos.py                               1           0  0.18s           2026-07-04T07:27:54                      12
/opt/airflow/dags/exemplos/example_distributed.py                             1           0  0.18s           2026-07-04T07:27:46                      10
/opt/airflow/dags/exemplos/example_distributed_2.py                           1           0  0.16s           2026-07-04T07:27:45                      10
================================================================================
[2026-07-04T07:28:31.047+0000] {manager.py:997} INFO - 
================================================================================
DAG File Processing Stats

File Path                                            PID    Runtime      # DAGs    # Errors  Last Runtime    Last Run               Last # of DB Queries
---------------------------------------------------  -----  ---------  --------  ----------  --------------  -------------------  ----------------------
/opt/airflow/dags/exemplos/example_distributed_3.py                           1           0  0.50s           2026-07-04T07:28:16                      10
/opt/airflow/dags/shopbrasil_panorama_precos.py                               1           0  0.34s           2026-07-04T07:28:25                      12
/opt/airflow/dags/exemplos/example_distributed.py                             1           0  0.24s           2026-07-04T07:28:16                      10
/opt/airflow/dags/exemplos/example_distributed_2.py                           1           0  0.22s           2026-07-04T07:28:16                      10
================================================================================
[2026-07-04T07:29:01.117+0000] {manager.py:997} INFO - 
================================================================================
DAG File Processing Stats

File Path                                            PID    Runtime      # DAGs    # Errors  Last Runtime    Last Run               Last # of DB Queries
---------------------------------------------------  -----  ---------  --------  ----------  --------------  -------------------  ----------------------
/opt/airflow/dags/exemplos/example_distributed.py                             1           0  1.34s           2026-07-04T07:28:49                      10
/opt/airflow/dags/exemplos/example_distributed_3.py                           1           0  0.65s           2026-07-04T07:28:47                      10
/opt/airflow/dags/exemplos/example_distributed_2.py                           1           0  0.64s           2026-07-04T07:28:47                      10
/opt/airflow/dags/shopbrasil_panorama_precos.py                               1           0  0.52s           2026-07-04T07:28:35                      34
================================================================================
[2026-07-04T07:29:31.161+0000] {manager.py:997} INFO - 
================================================================================
DAG File Processing Stats

File Path                                            PID    Runtime      # DAGs    # Errors  Last Runtime    Last Run               Last # of DB Queries
---------------------------------------------------  -----  ---------  --------  ----------  --------------  -------------------  ----------------------
/opt/airflow/dags/exemplos/example_distributed_2.py                           1           0  0.76s           2026-07-04T07:29:18                      10
/opt/airflow/dags/exemplos/example_distributed_3.py                           1           0  0.60s           2026-07-04T07:29:18                      10
/opt/airflow/dags/shopbrasil_panorama_precos.py                               1           0  0.48s           2026-07-04T07:29:06                      12
/opt/airflow/dags/exemplos/example_distributed.py                             1           0  0.35s           2026-07-04T07:29:20                      10
================================================================================
[2026-07-04T07:30:01.954+0000] {manager.py:997} INFO - 
================================================================================
DAG File Processing Stats

File Path                                            PID    Runtime      # DAGs    # Errors  Last Runtime    Last Run               Last # of DB Queries
---------------------------------------------------  -----  ---------  --------  ----------  --------------  -------------------  ----------------------
/opt/airflow/dags/exemplos/example_distributed_2.py                           1           0  1.63s           2026-07-04T07:29:50                      10
/opt/airflow/dags/shopbrasil_panorama_precos.py                               1           0  0.47s           2026-07-04T07:29:38                      12
/opt/airflow/dags/exemplos/example_distributed_3.py                           1           0  0.25s           2026-07-04T07:29:50                      10
/opt/airflow/dags/exemplos/example_distributed.py                             1           0  0.18s           2026-07-04T07:29:50                      10
================================================================================
[2026-07-04T07:30:32.041+0000] {manager.py:997} INFO - 
================================================================================
DAG File Processing Stats

File Path                                            PID    Runtime      # DAGs    # Errors  Last Runtime    Last Run               Last # of DB Queries
---------------------------------------------------  -----  ---------  --------  ----------  --------------  -------------------  ----------------------
/opt/airflow/dags/shopbrasil_panorama_precos.py                               1           0  0.23s           2026-07-04T07:30:09                      12
/opt/airflow/dags/exemplos/example_distributed_3.py                           1           0  0.22s           2026-07-04T07:30:21                      10
/opt/airflow/dags/exemplos/example_distributed.py                             1           0  0.19s           2026-07-04T07:30:21                      10
/opt/airflow/dags/exemplos/example_distributed_2.py                           1           0  0.18s           2026-07-04T07:30:20                      10
================================================================================
[2026-07-04T07:30:53.470+0000] {manager.py:821} INFO - Searching for files in /opt/airflow/dags
[2026-07-04T07:30:53.473+0000] {manager.py:824} INFO - There are 4 files in /opt/airflow/dags
[2026-07-04T07:31:02.756+0000] {manager.py:997} INFO - 
================================================================================
DAG File Processing Stats

File Path                                            PID    Runtime      # DAGs    # Errors  Last Runtime    Last Run               Last # of DB Queries
---------------------------------------------------  -----  ---------  --------  ----------  --------------  -------------------  ----------------------
/opt/airflow/dags/shopbrasil_panorama_precos.py                               1           0  0.26s           2026-07-04T07:30:39                      12
/opt/airflow/dags/exemplos/example_distributed_3.py                           1           0  0.22s           2026-07-04T07:30:51                      10
/opt/airflow/dags/exemplos/example_distributed_2.py                           1           0  0.20s           2026-07-04T07:30:51                      10
/opt/airflow/dags/exemplos/example_distributed.py                             1           0  0.12s           2026-07-04T07:30:51                      10
================================================================================
[2026-07-04T07:31:32.827+0000] {manager.py:997} INFO - 
================================================================================
DAG File Processing Stats

File Path                                            PID    Runtime      # DAGs    # Errors  Last Runtime    Last Run               Last # of DB Queries
---------------------------------------------------  -----  ---------  --------  ----------  --------------  -------------------  ----------------------
/opt/airflow/dags/shopbrasil_panorama_precos.py                               1           0  0.36s           2026-07-04T07:31:10                      12
/opt/airflow/dags/exemplos/example_distributed_3.py                           1           0  0.12s           2026-07-04T07:31:21                      10
/opt/airflow/dags/exemplos/example_distributed_2.py                           1           0  0.11s           2026-07-04T07:31:21                      10
/opt/airflow/dags/exemplos/example_distributed.py                             1           0  0.10s           2026-07-04T07:31:21                      10
================================================================================
[2026-07-04T07:32:03.398+0000] {manager.py:997} INFO - 
================================================================================
DAG File Processing Stats

File Path                                            PID    Runtime      # DAGs    # Errors  Last Runtime    Last Run               Last # of DB Queries
---------------------------------------------------  -----  ---------  --------  ----------  --------------  -------------------  ----------------------
/opt/airflow/dags/exemplos/example_distributed_3.py                           1           0  0.21s           2026-07-04T07:31:52                      10
/opt/airflow/dags/exemplos/example_distributed_2.py                           1           0  0.20s           2026-07-04T07:31:52                      10
/opt/airflow/dags/shopbrasil_panorama_precos.py                               1           0  0.16s           2026-07-04T07:31:41                      12
/opt/airflow/dags/exemplos/example_distributed.py                             1           0  0.14s           2026-07-04T07:31:52                      10
================================================================================
[2026-07-04T07:32:33.908+0000] {manager.py:997} INFO - 
================================================================================
DAG File Processing Stats

File Path                                            PID    Runtime      # DAGs    # Errors  Last Runtime    Last Run               Last # of DB Queries
---------------------------------------------------  -----  ---------  --------  ----------  --------------  -------------------  ----------------------
/opt/airflow/dags/shopbrasil_panorama_precos.py                               1           0  0.17s           2026-07-04T07:32:11                      12
/opt/airflow/dags/exemplos/example_distributed_3.py                           1           0  0.12s           2026-07-04T07:32:22                      10
/opt/airflow/dags/exemplos/example_distributed.py                             1           0  0.12s           2026-07-04T07:32:22                      10
/opt/airflow/dags/exemplos/example_distributed_2.py                           1           0  0.11s           2026-07-04T07:32:22                      10
================================================================================
[2026-07-04T07:33:04.483+0000] {manager.py:997} INFO - 
================================================================================
DAG File Processing Stats

File Path                                            PID    Runtime      # DAGs    # Errors  Last Runtime    Last Run               Last # of DB Queries
---------------------------------------------------  -----  ---------  --------  ----------  --------------  -------------------  ----------------------
/opt/airflow/dags/exemplos/example_distributed_2.py                           1           0  0.21s           2026-07-04T07:32:53                      10
/opt/airflow/dags/exemplos/example_distributed_3.py                           1           0  0.20s           2026-07-04T07:32:53                      10
/opt/airflow/dags/exemplos/example_distributed.py                             1           0  0.17s           2026-07-04T07:32:53                      10
/opt/airflow/dags/shopbrasil_panorama_precos.py                               1           0  0.17s           2026-07-04T07:32:42                      12
================================================================================
[2026-07-04T07:33:35.154+0000] {manager.py:997} INFO - 
================================================================================
DAG File Processing Stats

File Path                                            PID    Runtime      # DAGs    # Errors  Last Runtime    Last Run               Last # of DB Queries
---------------------------------------------------  -----  ---------  --------  ----------  --------------  -------------------  ----------------------
/opt/airflow/dags/shopbrasil_panorama_precos.py                               1           0  0.26s           2026-07-04T07:33:12                      12
/opt/airflow/dags/exemplos/example_distributed_3.py                           1           0  0.14s           2026-07-04T07:33:24                      10
/opt/airflow/dags/exemplos/example_distributed_2.py                           1           0  0.12s           2026-07-04T07:33:24                      10
/opt/airflow/dags/exemplos/example_distributed.py                             1           0  0.10s           2026-07-04T07:33:24                      10
================================================================================
[2026-07-04T07:34:05.630+0000] {manager.py:997} INFO - 
================================================================================
DAG File Processing Stats

File Path                                            PID    Runtime      # DAGs    # Errors  Last Runtime    Last Run               Last # of DB Queries
---------------------------------------------------  -----  ---------  --------  ----------  --------------  -------------------  ----------------------
/opt/airflow/dags/exemplos/example_distributed_3.py                           1           0  0.20s           2026-07-04T07:33:54                      10
/opt/airflow/dags/exemplos/example_distributed_2.py                           1           0  0.19s           2026-07-04T07:33:54                      10
/opt/airflow/dags/shopbrasil_panorama_precos.py                               1           0  0.16s           2026-07-04T07:33:43                      12
/opt/airflow/dags/exemplos/example_distributed.py                             1           0  0.10s           2026-07-04T07:33:54                      10
================================================================================
[2026-07-04T07:34:36.449+0000] {manager.py:997} INFO - 
================================================================================
DAG File Processing Stats

File Path                                            PID    Runtime      # DAGs    # Errors  Last Runtime    Last Run               Last # of DB Queries
---------------------------------------------------  -----  ---------  --------  ----------  --------------  -------------------  ----------------------
/opt/airflow/dags/shopbrasil_panorama_precos.py                               1           0  0.17s           2026-07-04T07:34:13                      12
/opt/airflow/dags/exemplos/example_distributed_3.py                           1           0  0.17s           2026-07-04T07:34:25                      10
/opt/airflow/dags/exemplos/example_distributed_2.py                           1           0  0.14s           2026-07-04T07:34:25                      10
/opt/airflow/dags/exemplos/example_distributed.py                             1           0  0.14s           2026-07-04T07:34:25                      10
================================================================================
[2026-07-04T07:35:07.154+0000] {manager.py:997} INFO - 
================================================================================
DAG File Processing Stats

File Path                                            PID    Runtime      # DAGs    # Errors  Last Runtime    Last Run               Last # of DB Queries
---------------------------------------------------  -----  ---------  --------  ----------  --------------  -------------------  ----------------------
/opt/airflow/dags/exemplos/example_distributed.py                             1           0  0.20s           2026-07-04T07:34:55                      10
/opt/airflow/dags/exemplos/example_distributed_2.py                           1           0  0.13s           2026-07-04T07:34:55                      10
/opt/airflow/dags/shopbrasil_panorama_precos.py                               1           0  0.12s           2026-07-04T07:34:44                      12
/opt/airflow/dags/exemplos/example_distributed_3.py                           1           0  0.11s           2026-07-04T07:34:55                      10
================================================================================
[2026-07-04T07:35:38.085+0000] {manager.py:997} INFO - 
================================================================================
DAG File Processing Stats

File Path                                            PID    Runtime      # DAGs    # Errors  Last Runtime    Last Run               Last # of DB Queries
---------------------------------------------------  -----  ---------  --------  ----------  --------------  -------------------  ----------------------
/opt/airflow/dags/exemplos/example_distributed_3.py                           1           0  0.18s           2026-07-04T07:35:26                      10
/opt/airflow/dags/exemplos/example_distributed.py                             1           0  0.16s           2026-07-04T07:35:26                      10
/opt/airflow/dags/exemplos/example_distributed_2.py                           1           0  0.14s           2026-07-04T07:35:26                      10
/opt/airflow/dags/shopbrasil_panorama_precos.py                               1           0  0.13s           2026-07-04T07:35:15                      12
================================================================================
[2026-07-04T07:35:53.805+0000] {manager.py:821} INFO - Searching for files in /opt/airflow/dags
[2026-07-04T07:35:53.808+0000] {manager.py:824} INFO - There are 4 files in /opt/airflow/dags
[2026-07-04T07:36:08.468+0000] {manager.py:997} INFO - 
================================================================================
DAG File Processing Stats

File Path                                            PID    Runtime      # DAGs    # Errors  Last Runtime    Last Run               Last # of DB Queries
---------------------------------------------------  -----  ---------  --------  ----------  --------------  -------------------  ----------------------
/opt/airflow/dags/exemplos/example_distributed.py                             1           0  1.62s           2026-07-04T07:36:00                      10
/opt/airflow/dags/exemplos/example_distributed_2.py                           1           0  1.47s           2026-07-04T07:35:58                      10
/opt/airflow/dags/exemplos/example_distributed_3.py                           1           0  1.46s           2026-07-04T07:35:58                      10
/opt/airflow/dags/shopbrasil_panorama_precos.py                               1           0  0.42s           2026-07-04T07:35:46                      12
================================================================================
[2026-07-04T07:36:39.033+0000] {manager.py:997} INFO - 
================================================================================
DAG File Processing Stats

File Path                                            PID    Runtime      # DAGs    # Errors  Last Runtime    Last Run               Last # of DB Queries
---------------------------------------------------  -----  ---------  --------  ----------  --------------  -------------------  ----------------------
/opt/airflow/dags/shopbrasil_panorama_precos.py                               1           0  1.29s           2026-07-04T07:36:18                      12
/opt/airflow/dags/exemplos/example_distributed_3.py                           1           0  0.48s           2026-07-04T07:36:29                      10
/opt/airflow/dags/exemplos/example_distributed_2.py                           1           0  0.47s           2026-07-04T07:36:29                      10
/opt/airflow/dags/exemplos/example_distributed.py                             1           0  0.39s           2026-07-04T07:36:31                      10
================================================================================
[2026-07-04T07:37:12.503+0000] {manager.py:997} INFO - 
================================================================================
DAG File Processing Stats

File Path                                              PID  Runtime      # DAGs    # Errors  Last Runtime    Last Run               Last # of DB Queries
---------------------------------------------------  -----  ---------  --------  ----------  --------------  -------------------  ----------------------
/opt/airflow/dags/shopbrasil_panorama_precos.py        465  22.74s            1           0  1.29s           2026-07-04T07:36:18                      12
/opt/airflow/dags/exemplos/example_distributed_3.py                           1           0  0.48s           2026-07-04T07:36:29                      10
/opt/airflow/dags/exemplos/example_distributed_2.py    466  11.10s            1           0  0.47s           2026-07-04T07:36:29                      10
/opt/airflow/dags/exemplos/example_distributed.py                             1           0  0.39s           2026-07-04T07:36:31                      10
================================================================================
[2026-07-04T07:52:17.250+0000] {manager.py:483} INFO - Processing files using up to 2 processes at a time 
[2026-07-04T07:52:17.408+0000] {manager.py:484} INFO - Process each file at most once every 30 seconds
[2026-07-04T07:52:17.409+0000] {manager.py:485} INFO - Checking for new files in /opt/airflow/dags every 300 seconds
[2026-07-04T07:52:17.409+0000] {manager.py:821} INFO - Searching for files in /opt/airflow/dags
[2026-07-04T07:52:18.713+0000] {manager.py:824} INFO - There are 4 files in /opt/airflow/dags
[2026-07-04T07:52:19.633+0000] {manager.py:997} INFO - 
================================================================================
DAG File Processing Stats

File Path                                              PID  Runtime      # DAGs    # Errors  Last Runtime    Last Run      Last # of DB Queries
---------------------------------------------------  -----  ---------  --------  ----------  --------------  ----------  ----------------------
/opt/airflow/dags/shopbrasil_panorama_precos.py         57  0.27s             0           0                                                   0
/opt/airflow/dags/exemplos/example_distributed_2.py     58  0.25s             0           0                                                   0
/opt/airflow/dags/exemplos/example_distributed_3.py                           0           0                                                   0
/opt/airflow/dags/exemplos/example_distributed.py                             0           0                                                   0
================================================================================
[2026-07-04T07:52:50.306+0000] {manager.py:997} INFO - 
================================================================================
DAG File Processing Stats

File Path                                              PID  Runtime      # DAGs    # Errors  Last Runtime    Last Run               Last # of DB Queries
---------------------------------------------------  -----  ---------  --------  ----------  --------------  -------------------  ----------------------
/opt/airflow/dags/shopbrasil_panorama_precos.py                               1           0  1.37s           2026-07-04T07:52:20                      34
/opt/airflow/dags/exemplos/example_distributed_2.py     68  0.01s             1           0  0.74s           2026-07-04T07:52:20                      10
/opt/airflow/dags/exemplos/example_distributed_3.py                           1           0  0.49s           2026-07-04T07:52:20                      10
/opt/airflow/dags/exemplos/example_distributed.py                             1           0  0.19s           2026-07-04T07:52:20                      10
================================================================================
[2026-07-04T07:53:20.890+0000] {manager.py:997} INFO - 
================================================================================
DAG File Processing Stats

File Path                                            PID    Runtime      # DAGs    # Errors  Last Runtime    Last Run               Last # of DB Queries
---------------------------------------------------  -----  ---------  --------  ----------  --------------  -------------------  ----------------------
/opt/airflow/dags/exemplos/example_distributed_2.py                           1           0  2.44s           2026-07-04T07:52:52                      10
/opt/airflow/dags/shopbrasil_panorama_precos.py                               1           0  1.70s           2026-07-04T07:52:53                      12
/opt/airflow/dags/exemplos/example_distributed.py                             1           0  1.60s           2026-07-04T07:52:55                      10
/opt/airflow/dags/exemplos/example_distributed_3.py                           1           0  1.47s           2026-07-04T07:52:54                      10
================================================================================
[2026-07-04T07:53:51.786+0000] {manager.py:997} INFO - 
================================================================================
DAG File Processing Stats

File Path                                            PID    Runtime      # DAGs    # Errors  Last Runtime    Last Run               Last # of DB Queries
---------------------------------------------------  -----  ---------  --------  ----------  --------------  -------------------  ----------------------
/opt/airflow/dags/shopbrasil_panorama_precos.py                               1           0  0.71s           2026-07-04T07:53:24                      12
/opt/airflow/dags/exemplos/example_distributed.py                             1           0  0.63s           2026-07-04T07:53:26                      10
/opt/airflow/dags/exemplos/example_distributed_3.py                           1           0  0.61s           2026-07-04T07:53:25                      10
/opt/airflow/dags/exemplos/example_distributed_2.py                           1           0  0.34s           2026-07-04T07:53:23                      10
================================================================================
[2026-07-04T07:54:26.693+0000] {manager.py:997} INFO - 
================================================================================
DAG File Processing Stats

File Path                                              PID  Runtime      # DAGs    # Errors  Last Runtime    Last Run               Last # of DB Queries
---------------------------------------------------  -----  ---------  --------  ----------  --------------  -------------------  ----------------------
/opt/airflow/dags/shopbrasil_panorama_precos.py         89  31.00s            1           0  0.71s           2026-07-04T07:53:24                      12
/opt/airflow/dags/exemplos/example_distributed.py                             1           0  0.63s           2026-07-04T07:53:26                      10
/opt/airflow/dags/exemplos/example_distributed_3.py                           1           0  0.61s           2026-07-04T07:53:25                      10
/opt/airflow/dags/exemplos/example_distributed_2.py     88  32.32s            1           0  0.34s           2026-07-04T07:53:23                      10
================================================================================
[2026-07-04T07:54:44.983+0000] {manager.py:1366} ERROR - Processor for /opt/airflow/dags/exemplos/example_distributed_2.py with PID 88 started at 2026-07-04T07:53:54.374695+00:00 has timed out, killing it.
[2026-07-04T07:54:46.492+0000] {manager.py:1366} ERROR - Processor for /opt/airflow/dags/shopbrasil_panorama_precos.py with PID 89 started at 2026-07-04T07:53:55.694398+00:00 has timed out, killing it.
[2026-07-04T08:01:10.859+0000] {manager.py:821} INFO - Searching for files in /opt/airflow/dags
[2026-07-04T08:01:14.868+0000] {manager.py:465} INFO - Exiting gracefully upon receiving signal 15
[2026-07-04T08:01:14.868+0000] {manager.py:465} INFO - Exiting gracefully upon receiving signal 15
[2026-07-04T08:01:15.073+0000] {manager.py:465} INFO - Exiting gracefully upon receiving signal 15
[2026-07-04T08:19:38.699+0000] {manager.py:483} INFO - Processing files using up to 2 processes at a time 
[2026-07-04T08:19:38.762+0000] {manager.py:484} INFO - Process each file at most once every 30 seconds
[2026-07-04T08:19:38.762+0000] {manager.py:485} INFO - Checking for new files in /opt/airflow/dags every 300 seconds
[2026-07-04T08:19:38.763+0000] {manager.py:821} INFO - Searching for files in /opt/airflow/dags
[2026-07-04T08:19:39.270+0000] {manager.py:824} INFO - There are 4 files in /opt/airflow/dags
[2026-07-04T08:19:40.532+0000] {manager.py:997} INFO - 
================================================================================
DAG File Processing Stats

File Path                                              PID  Runtime      # DAGs    # Errors  Last Runtime    Last Run      Last # of DB Queries
---------------------------------------------------  -----  ---------  --------  ----------  --------------  ----------  ----------------------
/opt/airflow/dags/shopbrasil_panorama_precos.py         73  0.15s             0           0                                                   0
/opt/airflow/dags/exemplos/example_distributed_2.py     74  0.14s             0           0                                                   0
/opt/airflow/dags/exemplos/example_distributed_3.py                           0           0                                                   0
/opt/airflow/dags/exemplos/example_distributed.py                             0           0                                                   0
================================================================================
[2026-07-04T08:20:10.767+0000] {manager.py:997} INFO - 
================================================================================
DAG File Processing Stats

File Path                                            PID    Runtime      # DAGs    # Errors  Last Runtime    Last Run               Last # of DB Queries
---------------------------------------------------  -----  ---------  --------  ----------  --------------  -------------------  ----------------------
/opt/airflow/dags/shopbrasil_panorama_precos.py                               1           0  0.92s           2026-07-04T08:19:41                      12
/opt/airflow/dags/exemplos/example_distributed_2.py                           1           0  0.76s           2026-07-04T08:19:41                      10
/opt/airflow/dags/exemplos/example_distributed_3.py                           1           0  0.37s           2026-07-04T08:19:41                      10
/opt/airflow/dags/exemplos/example_distributed.py                             1           0  0.21s           2026-07-04T08:19:41                      10
================================================================================
[2026-07-04T08:20:41.286+0000] {manager.py:997} INFO - 
================================================================================
DAG File Processing Stats

File Path                                            PID    Runtime      # DAGs    # Errors  Last Runtime    Last Run               Last # of DB Queries
---------------------------------------------------  -----  ---------  --------  ----------  --------------  -------------------  ----------------------
/opt/airflow/dags/shopbrasil_panorama_precos.py                               1           0  16.40s          2026-07-04T08:20:28                      12
/opt/airflow/dags/exemplos/example_distributed_2.py                           1           0  16.39s          2026-07-04T08:20:28                      10
/opt/airflow/dags/exemplos/example_distributed_3.py                           1           0  2.40s           2026-07-04T08:20:30                      10
/opt/airflow/dags/exemplos/example_distributed.py                             1           0  2.39s           2026-07-04T08:20:30                      10
================================================================================
[2026-07-04T08:21:11.964+0000] {manager.py:997} INFO - 
================================================================================
DAG File Processing Stats

File Path                                            PID    Runtime      # DAGs    # Errors  Last Runtime    Last Run               Last # of DB Queries
---------------------------------------------------  -----  ---------  --------  ----------  --------------  -------------------  ----------------------
/opt/airflow/dags/shopbrasil_panorama_precos.py                               1           0  4.51s           2026-07-04T08:21:02                      12
/opt/airflow/dags/exemplos/example_distributed_2.py                           1           0  2.96s           2026-07-04T08:21:01                      10
/opt/airflow/dags/exemplos/example_distributed.py                             1           0  0.25s           2026-07-04T08:21:01                      10
/opt/airflow/dags/exemplos/example_distributed_3.py                           1           0  0.22s           2026-07-04T08:21:01                      10
================================================================================
[2026-07-04T08:21:42.272+0000] {manager.py:997} INFO - 
================================================================================
DAG File Processing Stats

File Path                                            PID    Runtime      # DAGs    # Errors  Last Runtime    Last Run               Last # of DB Queries
---------------------------------------------------  -----  ---------  --------  ----------  --------------  -------------------  ----------------------
/opt/airflow/dags/exemplos/example_distributed_3.py                           1           0  5.77s           2026-07-04T08:21:37                      10
/opt/airflow/dags/exemplos/example_distributed_2.py                           1           0  5.77s           2026-07-04T08:21:37                      10
/opt/airflow/dags/shopbrasil_panorama_precos.py                               1           0  1.33s           2026-07-04T08:21:39                      12
/opt/airflow/dags/exemplos/example_distributed.py                             1           0  0.99s           2026-07-04T08:21:38                      10
================================================================================
[2026-07-04T08:22:12.421+0000] {manager.py:997} INFO - 
================================================================================
DAG File Processing Stats

File Path                                            PID    Runtime      # DAGs    # Errors  Last Runtime    Last Run               Last # of DB Queries
---------------------------------------------------  -----  ---------  --------  ----------  --------------  -------------------  ----------------------
/opt/airflow/dags/exemplos/example_distributed_3.py                           1           0  1.59s           2026-07-04T08:22:10                      10
/opt/airflow/dags/exemplos/example_distributed_2.py                           1           0  1.58s           2026-07-04T08:22:10                      10
/opt/airflow/dags/shopbrasil_panorama_precos.py                               1           0  0.69s           2026-07-04T08:22:11                      12
/opt/airflow/dags/exemplos/example_distributed.py                             1           0  0.30s           2026-07-04T08:22:10                      10
================================================================================
[2026-07-04T08:22:42.598+0000] {manager.py:997} INFO - 
================================================================================
DAG File Processing Stats

File Path                                              PID  Runtime      # DAGs    # Errors  Last Runtime    Last Run               Last # of DB Queries
---------------------------------------------------  -----  ---------  --------  ----------  --------------  -------------------  ----------------------
/opt/airflow/dags/shopbrasil_panorama_precos.py        125  1.01s             1           0  0.69s           2026-07-04T08:22:11                      12
/opt/airflow/dags/exemplos/example_distributed.py                             1           0  0.31s           2026-07-04T08:22:40                      10
/opt/airflow/dags/exemplos/example_distributed_3.py                           1           0  0.24s           2026-07-04T08:22:40                      10
/opt/airflow/dags/exemplos/example_distributed_2.py                           1           0  0.20s           2026-07-04T08:22:40                      10
================================================================================
[2026-07-04T08:23:13.141+0000] {manager.py:997} INFO - 
================================================================================
DAG File Processing Stats

File Path                                              PID  Runtime      # DAGs    # Errors  Last Runtime    Last Run               Last # of DB Queries
---------------------------------------------------  -----  ---------  --------  ----------  --------------  -------------------  ----------------------
/opt/airflow/dags/shopbrasil_panorama_precos.py                               1           0  26.78s          2026-07-04T08:23:08                      12
/opt/airflow/dags/exemplos/example_distributed_2.py                           1           0  1.35s           2026-07-04T08:23:12                      10
/opt/airflow/dags/exemplos/example_distributed_3.py                           1           0  1.25s           2026-07-04T08:23:12                      10
/opt/airflow/dags/exemplos/example_distributed.py      128  0.71s             1           0  0.31s           2026-07-04T08:22:40                      10
================================================================================
[2026-07-04T08:23:43.258+0000] {manager.py:997} INFO - 
================================================================================
DAG File Processing Stats

File Path                                              PID  Runtime      # DAGs    # Errors  Last Runtime    Last Run               Last # of DB Queries
---------------------------------------------------  -----  ---------  --------  ----------  --------------  -------------------  ----------------------
/opt/airflow/dags/exemplos/example_distributed_3.py    138  0.75s             1           0  1.25s           2026-07-04T08:23:12                      10
/opt/airflow/dags/exemplos/example_distributed_2.py                           1           0  0.74s           2026-07-04T08:23:43                      10
/opt/airflow/dags/exemplos/example_distributed.py      139  0.01s             1           0  0.71s           2026-07-04T08:23:13                      10
/opt/airflow/dags/shopbrasil_panorama_precos.py                               1           0  0.43s           2026-07-04T08:23:38                      12
================================================================================
[2026-07-04T08:24:13.588+0000] {manager.py:997} INFO - 
================================================================================
DAG File Processing Stats

File Path                                              PID  Runtime      # DAGs    # Errors  Last Runtime    Last Run               Last # of DB Queries
---------------------------------------------------  -----  ---------  --------  ----------  --------------  -------------------  ----------------------
/opt/airflow/dags/exemplos/example_distributed_3.py    149  0.01s             1           0  0.76s           2026-07-04T08:23:43                      10
/opt/airflow/dags/exemplos/example_distributed_2.py    148  0.02s             1           0  0.74s           2026-07-04T08:23:43                      10
/opt/airflow/dags/exemplos/example_distributed.py                             1           0  0.39s           2026-07-04T08:23:43                      10
/opt/airflow/dags/shopbrasil_panorama_precos.py                               1           0  0.16s           2026-07-04T08:24:09                      12
================================================================================
[2026-07-04T08:24:38.980+0000] {manager.py:821} INFO - Searching for files in /opt/airflow/dags
[2026-07-04T08:24:39.001+0000] {manager.py:824} INFO - There are 4 files in /opt/airflow/dags
[2026-07-04T08:24:44.130+0000] {manager.py:997} INFO - 
================================================================================
DAG File Processing Stats

File Path                                              PID  Runtime      # DAGs    # Errors  Last Runtime    Last Run               Last # of DB Queries
---------------------------------------------------  -----  ---------  --------  ----------  --------------  -------------------  ----------------------
/opt/airflow/dags/shopbrasil_panorama_precos.py                               1           0  0.36s           2026-07-04T08:24:40                      12
/opt/airflow/dags/exemplos/example_distributed_3.py    160  0.01s             1           0  0.15s           2026-07-04T08:24:13                      10
/opt/airflow/dags/exemplos/example_distributed_2.py    159  0.02s             1           0  0.14s           2026-07-04T08:24:13                      10
/opt/airflow/dags/exemplos/example_distributed.py                             1           0  0.13s           2026-07-04T08:24:13                      10
================================================================================
[2026-07-04T08:25:14.730+0000] {manager.py:997} INFO - 
================================================================================
DAG File Processing Stats

File Path                                              PID  Runtime      # DAGs    # Errors  Last Runtime    Last Run               Last # of DB Queries
---------------------------------------------------  -----  ---------  --------  ----------  --------------  -------------------  ----------------------
/opt/airflow/dags/shopbrasil_panorama_precos.py                               1           0  0.40s           2026-07-04T08:25:11                      12
/opt/airflow/dags/exemplos/example_distributed_3.py    171  0.01s             1           0  0.15s           2026-07-04T08:24:44                      10
/opt/airflow/dags/exemplos/example_distributed_2.py    170  0.02s             1           0  0.15s           2026-07-04T08:24:44                      10
/opt/airflow/dags/exemplos/example_distributed.py                             1           0  0.14s           2026-07-04T08:24:44                      10
================================================================================
[2026-07-04T08:25:45.398+0000] {manager.py:997} INFO - 
================================================================================
DAG File Processing Stats

File Path                                              PID  Runtime      # DAGs    # Errors  Last Runtime    Last Run               Last # of DB Queries
---------------------------------------------------  -----  ---------  --------  ----------  --------------  -------------------  ----------------------
/opt/airflow/dags/exemplos/example_distributed_3.py    183  0.01s             1           0  0.38s           2026-07-04T08:25:15                      10
/opt/airflow/dags/exemplos/example_distributed_2.py    182  0.02s             1           0  0.37s           2026-07-04T08:25:15                      10
/opt/airflow/dags/shopbrasil_panorama_precos.py                               1           0  0.32s           2026-07-04T08:25:41                      12
/opt/airflow/dags/exemplos/example_distributed.py                             1           0  0.31s           2026-07-04T08:25:15                      10
================================================================================
[2026-07-04T08:26:15.481+0000] {manager.py:997} INFO - 
================================================================================
DAG File Processing Stats

File Path                                            PID    Runtime      # DAGs    # Errors  Last Runtime    Last Run               Last # of DB Queries
---------------------------------------------------  -----  ---------  --------  ----------  --------------  -------------------  ----------------------
/opt/airflow/dags/exemplos/example_distributed_2.py                           1           0  0.55s           2026-07-04T08:25:45                      10
/opt/airflow/dags/exemplos/example_distributed_3.py                           1           0  0.46s           2026-07-04T08:25:45                      10
/opt/airflow/dags/shopbrasil_panorama_precos.py                               1           0  0.39s           2026-07-04T08:26:12                      12
/opt/airflow/dags/exemplos/example_distributed.py                             1           0  0.32s           2026-07-04T08:25:46                      10
================================================================================
[2026-07-04T08:26:45.486+0000] {manager.py:997} INFO - 
================================================================================
DAG File Processing Stats

File Path                                            PID    Runtime      # DAGs    # Errors  Last Runtime    Last Run               Last # of DB Queries
---------------------------------------------------  -----  ---------  --------  ----------  --------------  -------------------  ----------------------
/opt/airflow/dags/exemplos/example_distributed_3.py                           1           0  0.62s           2026-07-04T08:26:17                      10
/opt/airflow/dags/exemplos/example_distributed_2.py                           1           0  0.45s           2026-07-04T08:26:16                      10
/opt/airflow/dags/exemplos/example_distributed.py                             1           0  0.15s           2026-07-04T08:26:17                      10
/opt/airflow/dags/shopbrasil_panorama_precos.py                               1           0  0.14s           2026-07-04T08:26:43                      12
================================================================================
[2026-07-04T08:27:15.965+0000] {manager.py:997} INFO - 
================================================================================
DAG File Processing Stats

File Path                                            PID    Runtime      # DAGs    # Errors  Last Runtime    Last Run               Last # of DB Queries
---------------------------------------------------  -----  ---------  --------  ----------  --------------  -------------------  ----------------------
/opt/airflow/dags/exemplos/example_distributed_3.py                           1           0  0.21s           2026-07-04T08:26:47                      10
/opt/airflow/dags/exemplos/example_distributed_2.py                           1           0  0.20s           2026-07-04T08:26:47                      10
/opt/airflow/dags/shopbrasil_panorama_precos.py                               1           0  0.18s           2026-07-04T08:27:14                      12
/opt/airflow/dags/exemplos/example_distributed.py                             1           0  0.18s           2026-07-04T08:26:47                      10
================================================================================
[2026-07-04T08:27:46.805+0000] {manager.py:997} INFO - 
================================================================================
DAG File Processing Stats

File Path                                            PID    Runtime      # DAGs    # Errors  Last Runtime    Last Run               Last # of DB Queries
---------------------------------------------------  -----  ---------  --------  ----------  --------------  -------------------  ----------------------
/opt/airflow/dags/exemplos/example_distributed_2.py                           1           0  0.30s           2026-07-04T08:27:18                      10
/opt/airflow/dags/exemplos/example_distributed_3.py                           1           0  0.30s           2026-07-04T08:27:18                      10
/opt/airflow/dags/exemplos/example_distributed.py                             1           0  0.21s           2026-07-04T08:27:18                      10
/opt/airflow/dags/shopbrasil_panorama_precos.py                               1           0  0.20s           2026-07-04T08:27:44                      12
================================================================================
[2026-07-04T08:28:16.947+0000] {manager.py:997} INFO - 
================================================================================
DAG File Processing Stats

File Path                                            PID    Runtime      # DAGs    # Errors  Last Runtime    Last Run               Last # of DB Queries
---------------------------------------------------  -----  ---------  --------  ----------  --------------  -------------------  ----------------------
/opt/airflow/dags/shopbrasil_panorama_precos.py                               1           0  0.51s           2026-07-04T08:28:15                      12
/opt/airflow/dags/exemplos/example_distributed_3.py                           1           0  0.22s           2026-07-04T08:27:49                      10
/opt/airflow/dags/exemplos/example_distributed.py                             1           0  0.21s           2026-07-04T08:27:49                      10
/opt/airflow/dags/exemplos/example_distributed_2.py                           1           0  0.19s           2026-07-04T08:27:49                      10
================================================================================
[2026-07-04T08:28:47.033+0000] {manager.py:997} INFO - 
================================================================================
DAG File Processing Stats

File Path                                            PID    Runtime      # DAGs    # Errors  Last Runtime    Last Run               Last # of DB Queries
---------------------------------------------------  -----  ---------  --------  ----------  --------------  -------------------  ----------------------
/opt/airflow/dags/exemplos/example_distributed_3.py                           1           0  0.58s           2026-07-04T08:28:20                      10
/opt/airflow/dags/exemplos/example_distributed_2.py                           1           0  0.58s           2026-07-04T08:28:20                      10
/opt/airflow/dags/exemplos/example_distributed.py                             1           0  0.56s           2026-07-04T08:28:20                      10
/opt/airflow/dags/shopbrasil_panorama_precos.py                               1           0  0.25s           2026-07-04T08:28:46                      12
================================================================================
[2026-07-04T08:29:17.737+0000] {manager.py:997} INFO - 
================================================================================
DAG File Processing Stats

File Path                                            PID    Runtime      # DAGs    # Errors  Last Runtime    Last Run               Last # of DB Queries
---------------------------------------------------  -----  ---------  --------  ----------  --------------  -------------------  ----------------------
/opt/airflow/dags/exemplos/example_distributed.py                             1           0  1.08s           2026-07-04T08:28:52                      10
/opt/airflow/dags/exemplos/example_distributed_2.py                           1           0  0.91s           2026-07-04T08:28:51                      10
/opt/airflow/dags/exemplos/example_distributed_3.py                           1           0  0.89s           2026-07-04T08:28:51                      10
/opt/airflow/dags/shopbrasil_panorama_precos.py                               1           0  0.31s           2026-07-04T08:29:16                      12
================================================================================
[2026-07-04T08:29:39.137+0000] {manager.py:821} INFO - Searching for files in /opt/airflow/dags
[2026-07-04T08:29:39.769+0000] {manager.py:824} INFO - There are 4 files in /opt/airflow/dags
[2026-07-04T08:29:48.180+0000] {manager.py:997} INFO - 
================================================================================
DAG File Processing Stats

File Path                                            PID    Runtime      # DAGs    # Errors  Last Runtime    Last Run               Last # of DB Queries
---------------------------------------------------  -----  ---------  --------  ----------  --------------  -------------------  ----------------------
/opt/airflow/dags/exemplos/example_distributed_2.py                           1           0  0.90s           2026-07-04T08:29:22                      10
/opt/airflow/dags/exemplos/example_distributed_3.py                           1           0  0.88s           2026-07-04T08:29:22                      10
/opt/airflow/dags/shopbrasil_panorama_precos.py                               1           0  0.28s           2026-07-04T08:29:47                      12
/opt/airflow/dags/exemplos/example_distributed.py                             1           0  0.20s           2026-07-04T08:29:22                      10
================================================================================
[2026-07-04T08:30:17.770+0000] {manager.py:997} INFO - 
================================================================================
DAG File Processing Stats

File Path                                              PID  Runtime      # DAGs    # Errors  Last Runtime    Last Run               Last # of DB Queries
---------------------------------------------------  -----  ---------  --------  ----------  --------------  -------------------  ----------------------
/opt/airflow/dags/exemplos/example_distributed_3.py                           1           0  0.29s           2026-07-04T08:29:53                      10
/opt/airflow/dags/shopbrasil_panorama_precos.py        275  0.01s             1           0  0.28s           2026-07-04T08:29:47                      12
/opt/airflow/dags/exemplos/example_distributed_2.py                           1           0  0.24s           2026-07-04T08:29:53                      10
/opt/airflow/dags/exemplos/example_distributed.py                             1           0  0.18s           2026-07-04T08:29:53                      10
================================================================================
[2026-07-04T08:30:47.924+0000] {manager.py:997} INFO - 
================================================================================
DAG File Processing Stats

File Path                                            PID    Runtime      # DAGs    # Errors  Last Runtime    Last Run               Last # of DB Queries
---------------------------------------------------  -----  ---------  --------  ----------  --------------  -------------------  ----------------------
/opt/airflow/dags/exemplos/example_distributed.py                             1           0  0.66s           2026-07-04T08:30:24                      10
/opt/airflow/dags/exemplos/example_distributed_2.py                           1           0  0.54s           2026-07-04T08:30:24                      10
/opt/airflow/dags/exemplos/example_distributed_3.py                           1           0  0.32s           2026-07-04T08:30:24                      10
/opt/airflow/dags/shopbrasil_panorama_precos.py                               1           0  0.23s           2026-07-04T08:30:17                      12
================================================================================
[2026-07-04T08:31:17.989+0000] {manager.py:997} INFO - 
================================================================================
DAG File Processing Stats

File Path                                            PID    Runtime      # DAGs    # Errors  Last Runtime    Last Run               Last # of DB Queries
---------------------------------------------------  -----  ---------  --------  ----------  --------------  -------------------  ----------------------
/opt/airflow/dags/shopbrasil_panorama_precos.py                               1           0  0.37s           2026-07-04T08:30:49                      12
/opt/airflow/dags/exemplos/example_distributed.py                             1           0  0.22s           2026-07-04T08:30:55                      10
/opt/airflow/dags/exemplos/example_distributed_3.py                           1           0  0.21s           2026-07-04T08:30:54                      10
/opt/airflow/dags/exemplos/example_distributed_2.py                           1           0  0.18s           2026-07-04T08:30:54                      10
================================================================================
[2026-07-04T08:31:48.482+0000] {manager.py:997} INFO - 
================================================================================
DAG File Processing Stats

File Path                                            PID    Runtime      # DAGs    # Errors  Last Runtime    Last Run               Last # of DB Queries
---------------------------------------------------  -----  ---------  --------  ----------  --------------  -------------------  ----------------------
/opt/airflow/dags/exemplos/example_distributed_2.py                           1           0  0.39s           2026-07-04T08:31:25                      10
/opt/airflow/dags/exemplos/example_distributed_3.py                           1           0  0.34s           2026-07-04T08:31:25                      10
/opt/airflow/dags/exemplos/example_distributed.py                             1           0  0.22s           2026-07-04T08:31:26                      10
/opt/airflow/dags/shopbrasil_panorama_precos.py                               1           0  0.18s           2026-07-04T08:31:20                      12
================================================================================
[2026-07-04T08:32:15.009+0000] {manager.py:465} INFO - Exiting gracefully upon receiving signal 15
[2026-07-04T08:37:41.314+0000] {manager.py:483} INFO - Processing files using up to 2 processes at a time 
[2026-07-04T08:37:41.335+0000] {manager.py:484} INFO - Process each file at most once every 30 seconds
[2026-07-04T08:37:41.336+0000] {manager.py:485} INFO - Checking for new files in /opt/airflow/dags every 300 seconds
[2026-07-04T08:37:41.336+0000] {manager.py:821} INFO - Searching for files in /opt/airflow/dags
[2026-07-04T08:37:41.422+0000] {manager.py:824} INFO - There are 4 files in /opt/airflow/dags
[2026-07-04T08:37:41.943+0000] {manager.py:997} INFO - 
================================================================================
DAG File Processing Stats

File Path                                              PID  Runtime      # DAGs    # Errors  Last Runtime    Last Run      Last # of DB Queries
---------------------------------------------------  -----  ---------  --------  ----------  --------------  ----------  ----------------------
/opt/airflow/dags/shopbrasil_panorama_precos.py         66  0.10s             0           0                                                   0
/opt/airflow/dags/exemplos/example_distributed_2.py     67  0.10s             0           0                                                   0
/opt/airflow/dags/exemplos/example_distributed_3.py                           0           0                                                   0
/opt/airflow/dags/exemplos/example_distributed.py                             0           0                                                   0
================================================================================
[2026-07-04T08:38:12.143+0000] {manager.py:997} INFO - 
================================================================================
DAG File Processing Stats

File Path                                            PID    Runtime      # DAGs    # Errors  Last Runtime    Last Run               Last # of DB Queries
---------------------------------------------------  -----  ---------  --------  ----------  --------------  -------------------  ----------------------
/opt/airflow/dags/shopbrasil_panorama_precos.py                               1           0  0.53s           2026-07-04T08:37:42                      12
/opt/airflow/dags/exemplos/example_distributed_2.py                           1           0  0.43s           2026-07-04T08:37:42                      10
/opt/airflow/dags/exemplos/example_distributed.py                             1           0  0.31s           2026-07-04T08:37:42                      10
/opt/airflow/dags/exemplos/example_distributed_3.py                           1           0  0.24s           2026-07-04T08:37:42                      10
================================================================================
[2026-07-04T08:38:42.232+0000] {manager.py:997} INFO - 
================================================================================
DAG File Processing Stats

File Path                                            PID    Runtime      # DAGs    # Errors  Last Runtime    Last Run               Last # of DB Queries
---------------------------------------------------  -----  ---------  --------  ----------  --------------  -------------------  ----------------------
/opt/airflow/dags/exemplos/example_distributed_2.py                           1           0  0.40s           2026-07-04T08:38:13                      10
/opt/airflow/dags/shopbrasil_panorama_precos.py                               1           0  0.35s           2026-07-04T08:38:13                      12
/opt/airflow/dags/exemplos/example_distributed_3.py                           1           0  0.24s           2026-07-04T08:38:13                      10
/opt/airflow/dags/exemplos/example_distributed.py                             1           0  0.19s           2026-07-04T08:38:14                      10
================================================================================
[2026-07-04T08:39:12.755+0000] {manager.py:997} INFO - 
================================================================================
DAG File Processing Stats

File Path                                            PID    Runtime      # DAGs    # Errors  Last Runtime    Last Run               Last # of DB Queries
---------------------------------------------------  -----  ---------  --------  ----------  --------------  -------------------  ----------------------
/opt/airflow/dags/exemplos/example_distributed_3.py                           1           0  0.42s           2026-07-04T08:38:45                      10
/opt/airflow/dags/exemplos/example_distributed_2.py                           1           0  0.38s           2026-07-04T08:38:44                      10
/opt/airflow/dags/exemplos/example_distributed.py                             1           0  0.34s           2026-07-04T08:38:44                      10
/opt/airflow/dags/shopbrasil_panorama_precos.py                               1           0  0.33s           2026-07-04T08:38:44                      12
================================================================================
[2026-07-04T08:39:43.093+0000] {manager.py:997} INFO - 
================================================================================
DAG File Processing Stats

File Path                                            PID    Runtime      # DAGs    # Errors  Last Runtime    Last Run               Last # of DB Queries
---------------------------------------------------  -----  ---------  --------  ----------  --------------  -------------------  ----------------------
/opt/airflow/dags/exemplos/example_distributed_2.py                           1           0  0.73s           2026-07-04T08:39:15                      10
/opt/airflow/dags/shopbrasil_panorama_precos.py                               1           0  0.72s           2026-07-04T08:39:15                      12
/opt/airflow/dags/exemplos/example_distributed_3.py                           1           0  0.24s           2026-07-04T08:39:15                      10
/opt/airflow/dags/exemplos/example_distributed.py                             1           0  0.22s           2026-07-04T08:39:16                      10
================================================================================
[2026-07-04T08:40:13.857+0000] {manager.py:997} INFO - 
================================================================================
DAG File Processing Stats

File Path                                            PID    Runtime      # DAGs    # Errors  Last Runtime    Last Run               Last # of DB Queries
---------------------------------------------------  -----  ---------  --------  ----------  --------------  -------------------  ----------------------
/opt/airflow/dags/exemplos/example_distributed_2.py                           1           0  0.22s           2026-07-04T08:39:46                      10
/opt/airflow/dags/shopbrasil_panorama_precos.py                               1           0  0.20s           2026-07-04T08:39:46                      12
/opt/airflow/dags/exemplos/example_distributed_3.py                           1           0  0.20s           2026-07-04T08:39:46                      10
/opt/airflow/dags/exemplos/example_distributed.py                             1           0  0.19s           2026-07-04T08:39:46                      10
================================================================================
[2026-07-04T08:40:44.413+0000] {manager.py:997} INFO - 
================================================================================
DAG File Processing Stats

File Path                                            PID    Runtime      # DAGs    # Errors  Last Runtime    Last Run               Last # of DB Queries
---------------------------------------------------  -----  ---------  --------  ----------  --------------  -------------------  ----------------------
/opt/airflow/dags/exemplos/example_distributed_2.py                           1           0  3.30s           2026-07-04T08:40:20                      10
/opt/airflow/dags/shopbrasil_panorama_precos.py                               1           0  3.19s           2026-07-04T08:40:20                      12
/opt/airflow/dags/exemplos/example_distributed_3.py                           1           0  1.10s           2026-07-04T08:40:21                      10
/opt/airflow/dags/exemplos/example_distributed.py                             1           0  0.94s           2026-07-04T08:40:21                      10
================================================================================
[2026-07-04T08:41:15.238+0000] {manager.py:997} INFO - 
================================================================================
DAG File Processing Stats

File Path                                            PID    Runtime      # DAGs    # Errors  Last Runtime    Last Run               Last # of DB Queries
---------------------------------------------------  -----  ---------  --------  ----------  --------------  -------------------  ----------------------
/opt/airflow/dags/shopbrasil_panorama_precos.py                               1           0  10.73s          2026-07-04T08:41:01                      12
/opt/airflow/dags/exemplos/example_distributed_2.py                           1           0  8.65s           2026-07-04T08:40:59                      10
/opt/airflow/dags/exemplos/example_distributed.py                             1           0  0.64s           2026-07-04T08:41:00                      10
/opt/airflow/dags/exemplos/example_distributed_3.py                           1           0  0.36s           2026-07-04T08:40:59                      10
================================================================================
[2026-07-04T08:41:45.619+0000] {manager.py:997} INFO - 
================================================================================
DAG File Processing Stats

File Path                                              PID  Runtime      # DAGs    # Errors  Last Runtime    Last Run               Last # of DB Queries
---------------------------------------------------  -----  ---------  --------  ----------  --------------  -------------------  ----------------------
/opt/airflow/dags/shopbrasil_panorama_precos.py                               1           0  10.73s          2026-07-04T08:41:01                      12
/opt/airflow/dags/exemplos/example_distributed_2.py    131  15.69s            1           0  8.65s           2026-07-04T08:40:59                      10
/opt/airflow/dags/exemplos/example_distributed.py                             1           0  0.64s           2026-07-04T08:41:00                      10
/opt/airflow/dags/exemplos/example_distributed_3.py    132  14.95s            1           0  0.36s           2026-07-04T08:40:59                      10
================================================================================
[2026-07-04T08:42:16.553+0000] {manager.py:997} INFO - 
================================================================================
DAG File Processing Stats

File Path                                            PID    Runtime      # DAGs    # Errors  Last Runtime    Last Run               Last # of DB Queries
---------------------------------------------------  -----  ---------  --------  ----------  --------------  -------------------  ----------------------
/opt/airflow/dags/exemplos/example_distributed_2.py                           1           0  21.33s          2026-07-04T08:41:51                      10
/opt/airflow/dags/exemplos/example_distributed_3.py                           1           0  20.38s          2026-07-04T08:41:50                      10
/opt/airflow/dags/shopbrasil_panorama_precos.py                               1           0  3.25s           2026-07-04T08:41:54                      12
/opt/airflow/dags/exemplos/example_distributed.py                             1           0  2.67s           2026-07-04T08:41:53                      10
================================================================================
[2026-07-04T08:42:41.680+0000] {manager.py:821} INFO - Searching for files in /opt/airflow/dags
[2026-07-04T08:42:41.928+0000] {manager.py:824} INFO - There are 4 files in /opt/airflow/dags
[2026-07-04T08:42:47.134+0000] {manager.py:997} INFO - 
================================================================================
DAG File Processing Stats

File Path                                            PID    Runtime      # DAGs    # Errors  Last Runtime    Last Run               Last # of DB Queries
---------------------------------------------------  -----  ---------  --------  ----------  --------------  -------------------  ----------------------
/opt/airflow/dags/exemplos/example_distributed_3.py                           1           0  0.45s           2026-07-04T08:42:22                      10
/opt/airflow/dags/exemplos/example_distributed_2.py                           1           0  0.41s           2026-07-04T08:42:22                      10
/opt/airflow/dags/shopbrasil_panorama_precos.py                               1           0  0.40s           2026-07-04T08:42:24                      12
/opt/airflow/dags/exemplos/example_distributed.py                             1           0  0.39s           2026-07-04T08:42:24                      10
================================================================================
[2026-07-04T08:43:17.747+0000] {manager.py:997} INFO - 
================================================================================
DAG File Processing Stats

File Path                                            PID    Runtime      # DAGs    # Errors  Last Runtime    Last Run               Last # of DB Queries
---------------------------------------------------  -----  ---------  --------  ----------  --------------  -------------------  ----------------------
/opt/airflow/dags/shopbrasil_panorama_precos.py                               1           0  0.53s           2026-07-04T08:42:55                      12
/opt/airflow/dags/exemplos/example_distributed_3.py                           1           0  0.36s           2026-07-04T08:42:52                      10
/opt/airflow/dags/exemplos/example_distributed_2.py                           1           0  0.36s           2026-07-04T08:42:52                      10
/opt/airflow/dags/exemplos/example_distributed.py                             1           0  0.35s           2026-07-04T08:42:55                      10
================================================================================
[2026-07-04T08:44:16.456+0000] {manager.py:997} INFO - 
================================================================================
DAG File Processing Stats

File Path                                            PID    Runtime      # DAGs    # Errors  Last Runtime    Last Run               Last # of DB Queries
---------------------------------------------------  -----  ---------  --------  ----------  --------------  -------------------  ----------------------
/opt/airflow/dags/shopbrasil_panorama_precos.py                               1           0  1.15s           2026-07-04T08:43:27                      12
/opt/airflow/dags/exemplos/example_distributed_3.py                           1           0  1.06s           2026-07-04T08:43:24                      10
/opt/airflow/dags/exemplos/example_distributed_2.py                           1           0  0.99s           2026-07-04T08:43:24                      10
/opt/airflow/dags/exemplos/example_distributed.py                             1           0  0.64s           2026-07-04T08:43:25                      10
================================================================================
[2026-07-04T08:44:50.977+0000] {manager.py:997} INFO - 
================================================================================
DAG File Processing Stats

File Path                                              PID  Runtime      # DAGs    # Errors  Last Runtime    Last Run               Last # of DB Queries
---------------------------------------------------  -----  ---------  --------  ----------  --------------  -------------------  ----------------------
/opt/airflow/dags/shopbrasil_panorama_precos.py        165  31.62s            1           0  1.15s           2026-07-04T08:43:27                      12
/opt/airflow/dags/exemplos/example_distributed_3.py                           1           0  1.06s           2026-07-04T08:43:24                      10
/opt/airflow/dags/exemplos/example_distributed_2.py    166  30.24s            1           0  0.99s           2026-07-04T08:43:24                      10
/opt/airflow/dags/exemplos/example_distributed.py                             1           0  0.64s           2026-07-04T08:43:25                      10
================================================================================
[2026-07-04T08:45:09.864+0000] {manager.py:1366} ERROR - Processor for /opt/airflow/dags/shopbrasil_panorama_precos.py with PID 165 started at 2026-07-04T08:44:19.302825+00:00 has timed out, killing it.
[2026-07-04T08:45:16.290+0000] {manager.py:1366} ERROR - Processor for /opt/airflow/dags/exemplos/example_distributed_2.py with PID 166 started at 2026-07-04T08:44:20.680593+00:00 has timed out, killing it.
[2026-07-04T08:45:30.063+0000] {manager.py:997} INFO - 
================================================================================
DAG File Processing Stats

File Path                                              PID  Runtime      # DAGs    # Errors  Last Runtime    Last Run               Last # of DB Queries
---------------------------------------------------  -----  ---------  --------  ----------  --------------  -------------------  ----------------------
/opt/airflow/dags/exemplos/example_distributed_2.py                           0           1  55.61s          2026-07-04T08:45:16                       0
/opt/airflow/dags/shopbrasil_panorama_precos.py                               0           1  50.56s          2026-07-04T08:45:09                       0
/opt/airflow/dags/exemplos/example_distributed_3.py    167  11.58s            1           0  1.06s           2026-07-04T08:43:24                      10
/opt/airflow/dags/exemplos/example_distributed.py      168  11.13s            1           0  0.64s           2026-07-04T08:43:25                      10
================================================================================
[2026-07-04T09:18:20.823+0000] {manager.py:483} INFO - Processing files using up to 2 processes at a time 
[2026-07-04T09:18:20.965+0000] {manager.py:484} INFO - Process each file at most once every 30 seconds
[2026-07-04T09:18:20.966+0000] {manager.py:485} INFO - Checking for new files in /opt/airflow/dags every 300 seconds
[2026-07-04T09:18:20.967+0000] {manager.py:821} INFO - Searching for files in /opt/airflow/dags
[2026-07-04T09:18:23.864+0000] {manager.py:824} INFO - There are 4 files in /opt/airflow/dags
[2026-07-04T09:18:27.780+0000] {manager.py:997} INFO - 
================================================================================
DAG File Processing Stats

File Path                                              PID  Runtime      # DAGs    # Errors  Last Runtime    Last Run      Last # of DB Queries
---------------------------------------------------  -----  ---------  --------  ----------  --------------  ----------  ----------------------
/opt/airflow/dags/shopbrasil_panorama_precos.py         73  0.50s             0           0                                                   0
/opt/airflow/dags/exemplos/example_distributed_2.py     74  0.50s             0           0                                                   0
/opt/airflow/dags/exemplos/example_distributed_3.py                           0           0                                                   0
/opt/airflow/dags/exemplos/example_distributed.py                             0           0                                                   0
================================================================================
[2026-07-04T09:18:58.310+0000] {manager.py:997} INFO - 
================================================================================
DAG File Processing Stats

File Path                                            PID    Runtime      # DAGs    # Errors  Last Runtime    Last Run               Last # of DB Queries
---------------------------------------------------  -----  ---------  --------  ----------  --------------  -------------------  ----------------------
/opt/airflow/dags/shopbrasil_panorama_precos.py                               1           0  4.51s           2026-07-04T09:18:31                      12
/opt/airflow/dags/exemplos/example_distributed_2.py                           1           0  3.84s           2026-07-04T09:18:31                      10
/opt/airflow/dags/exemplos/example_distributed_3.py                           1           0  0.74s           2026-07-04T09:18:31                      10
/opt/airflow/dags/exemplos/example_distributed.py                             1           0  0.12s           2026-07-04T09:18:31                      10
================================================================================
[2026-07-04T09:19:29.252+0000] {manager.py:997} INFO - 
================================================================================
DAG File Processing Stats

File Path                                            PID    Runtime      # DAGs    # Errors  Last Runtime    Last Run               Last # of DB Queries
---------------------------------------------------  -----  ---------  --------  ----------  --------------  -------------------  ----------------------
/opt/airflow/dags/exemplos/example_distributed_3.py                           1           0  0.27s           2026-07-04T09:19:02                      10
/opt/airflow/dags/shopbrasil_panorama_precos.py                               1           0  0.20s           2026-07-04T09:19:02                      12
/opt/airflow/dags/exemplos/example_distributed.py                             1           0  0.10s           2026-07-04T09:19:02                      10
/opt/airflow/dags/exemplos/example_distributed_2.py                           1           0  0.09s           2026-07-04T09:19:01                      10
================================================================================
[2026-07-04T09:19:59.959+0000] {manager.py:997} INFO - 
================================================================================
DAG File Processing Stats

File Path                                            PID    Runtime      # DAGs    # Errors  Last Runtime    Last Run               Last # of DB Queries
---------------------------------------------------  -----  ---------  --------  ----------  --------------  -------------------  ----------------------
/opt/airflow/dags/exemplos/example_distributed_2.py                           1           0  0.13s           2026-07-04T09:19:32                      10
/opt/airflow/dags/shopbrasil_panorama_precos.py                               1           0  0.13s           2026-07-04T09:19:33                      12
/opt/airflow/dags/exemplos/example_distributed_3.py                           1           0  0.11s           2026-07-04T09:19:33                      10
/opt/airflow/dags/exemplos/example_distributed.py                             1           0  0.08s           2026-07-04T09:19:33                      10
================================================================================
[2026-07-04T09:20:30.189+0000] {manager.py:997} INFO - 
================================================================================
DAG File Processing Stats

File Path                                            PID    Runtime      # DAGs    # Errors  Last Runtime    Last Run               Last # of DB Queries
---------------------------------------------------  -----  ---------  --------  ----------  --------------  -------------------  ----------------------
/opt/airflow/dags/shopbrasil_panorama_precos.py                               1           0  0.13s           2026-07-04T09:20:03                      12
/opt/airflow/dags/exemplos/example_distributed_3.py                           1           0  0.10s           2026-07-04T09:20:03                      10
/opt/airflow/dags/exemplos/example_distributed_2.py                           1           0  0.09s           2026-07-04T09:20:03                      10
/opt/airflow/dags/exemplos/example_distributed.py                             1           0  0.09s           2026-07-04T09:20:03                      10
================================================================================
[2026-07-04T09:21:00.933+0000] {manager.py:997} INFO - 
================================================================================
DAG File Processing Stats

File Path                                            PID    Runtime      # DAGs    # Errors  Last Runtime    Last Run               Last # of DB Queries
---------------------------------------------------  -----  ---------  --------  ----------  --------------  -------------------  ----------------------
/opt/airflow/dags/shopbrasil_panorama_precos.py                               1           0  0.11s           2026-07-04T09:20:34                      12
/opt/airflow/dags/exemplos/example_distributed_3.py                           1           0  0.10s           2026-07-04T09:20:34                      10
/opt/airflow/dags/exemplos/example_distributed.py                             1           0  0.09s           2026-07-04T09:20:34                      10
/opt/airflow/dags/exemplos/example_distributed_2.py                           1           0  0.09s           2026-07-04T09:20:34                      10
================================================================================
[2026-07-04T09:21:31.725+0000] {manager.py:997} INFO - 
================================================================================
DAG File Processing Stats

File Path                                            PID    Runtime      # DAGs    # Errors  Last Runtime    Last Run               Last # of DB Queries
---------------------------------------------------  -----  ---------  --------  ----------  --------------  -------------------  ----------------------
/opt/airflow/dags/shopbrasil_panorama_precos.py                               1           0  0.24s           2026-07-04T09:21:05                      12
/opt/airflow/dags/exemplos/example_distributed_2.py                           1           0  0.21s           2026-07-04T09:21:05                      10
/opt/airflow/dags/exemplos/example_distributed_3.py                           1           0  0.11s           2026-07-04T09:21:05                      10
/opt/airflow/dags/exemplos/example_distributed.py                             1           0  0.10s           2026-07-04T09:21:05                      10
================================================================================
[2026-07-04T09:22:02.556+0000] {manager.py:997} INFO - 
================================================================================
DAG File Processing Stats

File Path                                            PID    Runtime      # DAGs    # Errors  Last Runtime    Last Run               Last # of DB Queries
---------------------------------------------------  -----  ---------  --------  ----------  --------------  -------------------  ----------------------
/opt/airflow/dags/shopbrasil_panorama_precos.py                               1           0  0.28s           2026-07-04T09:21:36                      12
/opt/airflow/dags/exemplos/example_distributed_2.py                           1           0  0.13s           2026-07-04T09:21:35                      10
/opt/airflow/dags/exemplos/example_distributed_3.py                           1           0  0.12s           2026-07-04T09:21:36                      10
/opt/airflow/dags/exemplos/example_distributed.py                             1           0  0.10s           2026-07-04T09:21:36                      10
================================================================================
[2026-07-04T09:22:32.738+0000] {manager.py:997} INFO - 
================================================================================
DAG File Processing Stats

File Path                                            PID    Runtime      # DAGs    # Errors  Last Runtime    Last Run               Last # of DB Queries
---------------------------------------------------  -----  ---------  --------  ----------  --------------  -------------------  ----------------------
/opt/airflow/dags/shopbrasil_panorama_precos.py                               1           0  0.45s           2026-07-04T09:22:07                      12
/opt/airflow/dags/exemplos/example_distributed_3.py                           1           0  0.44s           2026-07-04T09:22:07                      10
/opt/airflow/dags/exemplos/example_distributed_2.py                           1           0  0.41s           2026-07-04T09:22:07                      10
/opt/airflow/dags/exemplos/example_distributed.py                             1           0  0.39s           2026-07-04T09:22:07                      10
================================================================================
[2026-07-04T09:23:03.326+0000] {manager.py:997} INFO - 
================================================================================
DAG File Processing Stats

File Path                                            PID    Runtime      # DAGs    # Errors  Last Runtime    Last Run               Last # of DB Queries
---------------------------------------------------  -----  ---------  --------  ----------  --------------  -------------------  ----------------------
/opt/airflow/dags/exemplos/example_distributed_3.py                           1           0  0.26s           2026-07-04T09:22:37                      10
/opt/airflow/dags/exemplos/example_distributed.py                             1           0  0.26s           2026-07-04T09:22:37                      10
/opt/airflow/dags/shopbrasil_panorama_precos.py                               1           0  0.24s           2026-07-04T09:22:37                      12
/opt/airflow/dags/exemplos/example_distributed_2.py                           1           0  0.22s           2026-07-04T09:22:37                      10
================================================================================
[2026-07-04T09:23:21.066+0000] {manager.py:821} INFO - Searching for files in /opt/airflow/dags
[2026-07-04T09:23:21.068+0000] {manager.py:824} INFO - There are 4 files in /opt/airflow/dags
[2026-07-04T09:23:33.383+0000] {manager.py:997} INFO - 
================================================================================
DAG File Processing Stats

File Path                                            PID    Runtime      # DAGs    # Errors  Last Runtime    Last Run               Last # of DB Queries
---------------------------------------------------  -----  ---------  --------  ----------  --------------  -------------------  ----------------------
/opt/airflow/dags/exemplos/example_distributed_3.py                           1           0  1.18s           2026-07-04T09:23:10                      10
/opt/airflow/dags/exemplos/example_distributed.py                             1           0  1.16s           2026-07-04T09:23:10                      10
/opt/airflow/dags/shopbrasil_panorama_precos.py                               1           0  0.11s           2026-07-04T09:23:07                      12
/opt/airflow/dags/exemplos/example_distributed_2.py                           1           0  0.10s           2026-07-04T09:23:07                      10
================================================================================
[2026-07-04T09:24:04.401+0000] {manager.py:997} INFO - 
================================================================================
DAG File Processing Stats

File Path                                            PID    Runtime      # DAGs    # Errors  Last Runtime    Last Run               Last # of DB Queries
---------------------------------------------------  -----  ---------  --------  ----------  --------------  -------------------  ----------------------
/opt/airflow/dags/shopbrasil_panorama_precos.py                               1           0  0.25s           2026-07-04T09:23:38                      12
/opt/airflow/dags/exemplos/example_distributed_2.py                           1           0  0.11s           2026-07-04T09:23:38                      10
/opt/airflow/dags/exemplos/example_distributed.py                             1           0  0.11s           2026-07-04T09:23:40                      10
/opt/airflow/dags/exemplos/example_distributed_3.py                           1           0  0.11s           2026-07-04T09:23:40                      10
================================================================================
[2026-07-04T09:24:34.408+0000] {manager.py:997} INFO - 
================================================================================
DAG File Processing Stats

File Path                                            PID    Runtime      # DAGs    # Errors  Last Runtime    Last Run               Last # of DB Queries
---------------------------------------------------  -----  ---------  --------  ----------  --------------  -------------------  ----------------------
/opt/airflow/dags/shopbrasil_panorama_precos.py                               1           0  0.32s           2026-07-04T09:24:09                      12
/opt/airflow/dags/exemplos/example_distributed_2.py                           1           0  0.31s           2026-07-04T09:24:09                      10
/opt/airflow/dags/exemplos/example_distributed_3.py                           1           0  0.26s           2026-07-04T09:24:11                      10
/opt/airflow/dags/exemplos/example_distributed.py                             1           0  0.25s           2026-07-04T09:24:11                      10
================================================================================
[2026-07-04T09:25:04.767+0000] {manager.py:997} INFO - 
================================================================================
DAG File Processing Stats

File Path                                            PID    Runtime      # DAGs    # Errors  Last Runtime    Last Run               Last # of DB Queries
---------------------------------------------------  -----  ---------  --------  ----------  --------------  -------------------  ----------------------
/opt/airflow/dags/exemplos/example_distributed_3.py                           1           0  0.30s           2026-07-04T09:24:42                      10
/opt/airflow/dags/exemplos/example_distributed.py                             1           0  0.30s           2026-07-04T09:24:42                      10
/opt/airflow/dags/shopbrasil_panorama_precos.py                               1           0  0.25s           2026-07-04T09:24:40                      12
/opt/airflow/dags/exemplos/example_distributed_2.py                           1           0  0.24s           2026-07-04T09:24:40                      10
================================================================================
[2026-07-04T09:25:34.825+0000] {manager.py:997} INFO - 
================================================================================
DAG File Processing Stats

File Path                                            PID    Runtime      # DAGs    # Errors  Last Runtime    Last Run               Last # of DB Queries
---------------------------------------------------  -----  ---------  --------  ----------  --------------  -------------------  ----------------------
/opt/airflow/dags/exemplos/example_distributed.py                             1           0  0.12s           2026-07-04T09:25:13                      10
/opt/airflow/dags/exemplos/example_distributed_3.py                           1           0  0.12s           2026-07-04T09:25:13                      10
/opt/airflow/dags/shopbrasil_panorama_precos.py                               1           0  0.11s           2026-07-04T09:25:11                      12
/opt/airflow/dags/exemplos/example_distributed_2.py                           1           0  0.10s           2026-07-04T09:25:11                      10
================================================================================
[2026-07-04T09:26:05.146+0000] {manager.py:997} INFO - 
================================================================================
DAG File Processing Stats

File Path                                            PID    Runtime      # DAGs    # Errors  Last Runtime    Last Run               Last # of DB Queries
---------------------------------------------------  -----  ---------  --------  ----------  --------------  -------------------  ----------------------
/opt/airflow/dags/shopbrasil_panorama_precos.py                               1           0  0.26s           2026-07-04T09:25:42                      12
/opt/airflow/dags/exemplos/example_distributed_3.py                           1           0  0.13s           2026-07-04T09:25:43                      10
/opt/airflow/dags/exemplos/example_distributed.py                             1           0  0.12s           2026-07-04T09:25:43                      10
/opt/airflow/dags/exemplos/example_distributed_2.py                           1           0  0.11s           2026-07-04T09:25:42                      10
================================================================================
[2026-07-04T09:26:35.492+0000] {manager.py:997} INFO - 
================================================================================
DAG File Processing Stats

File Path                                            PID    Runtime      # DAGs    # Errors  Last Runtime    Last Run               Last # of DB Queries
---------------------------------------------------  -----  ---------  --------  ----------  --------------  -------------------  ----------------------
/opt/airflow/dags/shopbrasil_panorama_precos.py                               1           0  0.27s           2026-07-04T09:26:13                      12
/opt/airflow/dags/exemplos/example_distributed_3.py                           1           0  0.26s           2026-07-04T09:26:14                      10
/opt/airflow/dags/exemplos/example_distributed_2.py                           1           0  0.25s           2026-07-04T09:26:13                      10
/opt/airflow/dags/exemplos/example_distributed.py                             1           0  0.25s           2026-07-04T09:26:14                      10
================================================================================
[2026-07-04T09:27:06.470+0000] {manager.py:997} INFO - 
================================================================================
DAG File Processing Stats

File Path                                            PID    Runtime      # DAGs    # Errors  Last Runtime    Last Run               Last # of DB Queries
---------------------------------------------------  -----  ---------  --------  ----------  --------------  -------------------  ----------------------
/opt/airflow/dags/exemplos/example_distributed.py                             1           0  0.27s           2026-07-04T09:26:45                      10
/opt/airflow/dags/exemplos/example_distributed_3.py                           1           0  0.27s           2026-07-04T09:26:45                      10
/opt/airflow/dags/shopbrasil_panorama_precos.py                               1           0  0.26s           2026-07-04T09:26:43                      12
/opt/airflow/dags/exemplos/example_distributed_2.py                           1           0  0.23s           2026-07-04T09:26:43                      10
================================================================================
[2026-07-04T09:27:37.407+0000] {manager.py:997} INFO - 
================================================================================
DAG File Processing Stats

File Path                                            PID    Runtime      # DAGs    # Errors  Last Runtime    Last Run               Last # of DB Queries
---------------------------------------------------  -----  ---------  --------  ----------  --------------  -------------------  ----------------------
/opt/airflow/dags/shopbrasil_panorama_precos.py                               1           0  0.12s           2026-07-04T09:27:14                      12
/opt/airflow/dags/exemplos/example_distributed_3.py                           1           0  0.11s           2026-07-04T09:27:15                      10
/opt/airflow/dags/exemplos/example_distributed_2.py                           1           0  0.11s           2026-07-04T09:27:14                      10
/opt/airflow/dags/exemplos/example_distributed.py                             1           0  0.10s           2026-07-04T09:27:15                      10
================================================================================
[2026-07-04T09:28:08.152+0000] {manager.py:997} INFO - 
================================================================================
DAG File Processing Stats

File Path                                            PID    Runtime      # DAGs    # Errors  Last Runtime    Last Run               Last # of DB Queries
---------------------------------------------------  -----  ---------  --------  ----------  --------------  -------------------  ----------------------
/opt/airflow/dags/shopbrasil_panorama_precos.py                               1           0  0.25s           2026-07-04T09:27:45                      12
/opt/airflow/dags/exemplos/example_distributed_3.py                           1           0  0.15s           2026-07-04T09:27:46                      10
/opt/airflow/dags/exemplos/example_distributed.py                             1           0  0.15s           2026-07-04T09:27:46                      10
/opt/airflow/dags/exemplos/example_distributed_2.py                           1           0  0.09s           2026-07-04T09:27:45                      10
================================================================================
[2026-07-04T09:28:21.660+0000] {manager.py:821} INFO - Searching for files in /opt/airflow/dags
[2026-07-04T09:28:21.662+0000] {manager.py:824} INFO - There are 4 files in /opt/airflow/dags
[2026-07-04T09:28:38.912+0000] {manager.py:997} INFO - 
================================================================================
DAG File Processing Stats

File Path                                            PID    Runtime      # DAGs    # Errors  Last Runtime    Last Run               Last # of DB Queries
---------------------------------------------------  -----  ---------  --------  ----------  --------------  -------------------  ----------------------
/opt/airflow/dags/exemplos/example_distributed_3.py                           1           0  0.31s           2026-07-04T09:28:17                      10
/opt/airflow/dags/exemplos/example_distributed.py                             1           0  0.30s           2026-07-04T09:28:17                      10
/opt/airflow/dags/shopbrasil_panorama_precos.py                               1           0  0.28s           2026-07-04T09:28:16                      12
/opt/airflow/dags/exemplos/example_distributed_2.py                           1           0  0.27s           2026-07-04T09:28:16                      10
================================================================================
[2026-07-04T09:29:09.696+0000] {manager.py:997} INFO - 
================================================================================
DAG File Processing Stats

File Path                                            PID    Runtime      # DAGs    # Errors  Last Runtime    Last Run               Last # of DB Queries
---------------------------------------------------  -----  ---------  --------  ----------  --------------  -------------------  ----------------------
/opt/airflow/dags/shopbrasil_panorama_precos.py                               1           0  0.26s           2026-07-04T09:28:47                      12
/opt/airflow/dags/exemplos/example_distributed_3.py                           1           0  0.26s           2026-07-04T09:28:48                      10
/opt/airflow/dags/exemplos/example_distributed_2.py                           1           0  0.25s           2026-07-04T09:28:47                      10
/opt/airflow/dags/exemplos/example_distributed.py                             1           0  0.24s           2026-07-04T09:28:48                      10
================================================================================
[2026-07-04T09:29:40.370+0000] {manager.py:997} INFO - 
================================================================================
DAG File Processing Stats

File Path                                            PID    Runtime      # DAGs    # Errors  Last Runtime    Last Run               Last # of DB Queries
---------------------------------------------------  -----  ---------  --------  ----------  --------------  -------------------  ----------------------
/opt/airflow/dags/exemplos/example_distributed_3.py                           1           0  0.14s           2026-07-04T09:29:19                      10
/opt/airflow/dags/exemplos/example_distributed.py                             1           0  0.13s           2026-07-04T09:29:19                      10
/opt/airflow/dags/shopbrasil_panorama_precos.py                               1           0  0.11s           2026-07-04T09:29:18                      12
/opt/airflow/dags/exemplos/example_distributed_2.py                           1           0  0.10s           2026-07-04T09:29:18                      10
================================================================================
[2026-07-04T09:30:11.357+0000] {manager.py:997} INFO - 
================================================================================
DAG File Processing Stats

File Path                                            PID    Runtime      # DAGs    # Errors  Last Runtime    Last Run               Last # of DB Queries
---------------------------------------------------  -----  ---------  --------  ----------  --------------  -------------------  ----------------------
/opt/airflow/dags/shopbrasil_panorama_precos.py                               1           0  0.25s           2026-07-04T09:29:49                      12
/opt/airflow/dags/exemplos/example_distributed_2.py                           1           0  0.11s           2026-07-04T09:29:49                      10
/opt/airflow/dags/exemplos/example_distributed.py                             1           0  0.10s           2026-07-04T09:29:49                      10
/opt/airflow/dags/exemplos/example_distributed_3.py                           1           0  0.09s           2026-07-04T09:29:49                      10
================================================================================
[2026-07-04T09:30:41.616+0000] {manager.py:997} INFO - 
================================================================================
DAG File Processing Stats

File Path                                            PID    Runtime      # DAGs    # Errors  Last Runtime    Last Run               Last # of DB Queries
---------------------------------------------------  -----  ---------  --------  ----------  --------------  -------------------  ----------------------
/opt/airflow/dags/shopbrasil_panorama_precos.py                               1           0  0.26s           2026-07-04T09:30:19                      12
/opt/airflow/dags/exemplos/example_distributed_3.py                           1           0  0.26s           2026-07-04T09:30:20                      10
/opt/airflow/dags/exemplos/example_distributed.py                             1           0  0.25s           2026-07-04T09:30:20                      10
/opt/airflow/dags/exemplos/example_distributed_2.py                           1           0  0.24s           2026-07-04T09:30:19                      10
================================================================================
[2026-07-04T09:31:12.020+0000] {manager.py:997} INFO - 
================================================================================
DAG File Processing Stats

File Path                                            PID    Runtime      # DAGs    # Errors  Last Runtime    Last Run               Last # of DB Queries
---------------------------------------------------  -----  ---------  --------  ----------  --------------  -------------------  ----------------------
/opt/airflow/dags/exemplos/example_distributed.py                             1           0  0.23s           2026-07-04T09:30:50                      10
/opt/airflow/dags/exemplos/example_distributed_3.py                           1           0  0.23s           2026-07-04T09:30:50                      10
/opt/airflow/dags/exemplos/example_distributed_2.py                           1           0  0.23s           2026-07-04T09:30:50                      10
/opt/airflow/dags/shopbrasil_panorama_precos.py                               1           0  0.23s           2026-07-04T09:30:50                      12
================================================================================
[2026-07-04T09:31:42.369+0000] {manager.py:997} INFO - 
================================================================================
DAG File Processing Stats

File Path                                            PID    Runtime      # DAGs    # Errors  Last Runtime    Last Run               Last # of DB Queries
---------------------------------------------------  -----  ---------  --------  ----------  --------------  -------------------  ----------------------
/opt/airflow/dags/shopbrasil_panorama_precos.py                               1           0  0.14s           2026-07-04T09:31:20                      12
/opt/airflow/dags/exemplos/example_distributed_3.py                           1           0  0.14s           2026-07-04T09:31:20                      10
/opt/airflow/dags/exemplos/example_distributed_2.py                           1           0  0.12s           2026-07-04T09:31:20                      10
/opt/airflow/dags/exemplos/example_distributed.py                             1           0  0.11s           2026-07-04T09:31:20                      10
================================================================================
[2026-07-04T09:32:13.181+0000] {manager.py:997} INFO - 
================================================================================
DAG File Processing Stats

File Path                                            PID    Runtime      # DAGs    # Errors  Last Runtime    Last Run               Last # of DB Queries
---------------------------------------------------  -----  ---------  --------  ----------  --------------  -------------------  ----------------------
/opt/airflow/dags/shopbrasil_panorama_precos.py                               1           0  0.26s           2026-07-04T09:31:51                      12
/opt/airflow/dags/exemplos/example_distributed_3.py                           1           0  0.10s           2026-07-04T09:31:51                      10
/opt/airflow/dags/exemplos/example_distributed_2.py                           1           0  0.10s           2026-07-04T09:31:51                      10
/opt/airflow/dags/exemplos/example_distributed.py                             1           0  0.10s           2026-07-04T09:31:51                      10
================================================================================
[2026-07-04T09:32:43.644+0000] {manager.py:997} INFO - 
================================================================================
DAG File Processing Stats

File Path                                            PID    Runtime      # DAGs    # Errors  Last Runtime    Last Run               Last # of DB Queries
---------------------------------------------------  -----  ---------  --------  ----------  --------------  -------------------  ----------------------
/opt/airflow/dags/exemplos/example_distributed_3.py                           1           0  0.27s           2026-07-04T09:32:23                      10
/opt/airflow/dags/shopbrasil_panorama_precos.py                               1           0  0.27s           2026-07-04T09:32:22                      12
/opt/airflow/dags/exemplos/example_distributed.py                             1           0  0.26s           2026-07-04T09:32:23                      10
/opt/airflow/dags/exemplos/example_distributed_2.py                           1           0  0.25s           2026-07-04T09:32:22                      10
================================================================================
[2026-07-04T09:33:13.991+0000] {manager.py:997} INFO - 
================================================================================
DAG File Processing Stats

File Path                                            PID    Runtime      # DAGs    # Errors  Last Runtime    Last Run               Last # of DB Queries
---------------------------------------------------  -----  ---------  --------  ----------  --------------  -------------------  ----------------------
/opt/airflow/dags/shopbrasil_panorama_precos.py                               1           0  0.28s           2026-07-04T09:32:53                      12
/opt/airflow/dags/exemplos/example_distributed_2.py                           1           0  0.26s           2026-07-04T09:32:53                      10
/opt/airflow/dags/exemplos/example_distributed_3.py                           1           0  0.26s           2026-07-04T09:32:53                      10
/opt/airflow/dags/exemplos/example_distributed.py                             1           0  0.25s           2026-07-04T09:32:53                      10
================================================================================
[2026-07-04T09:33:22.027+0000] {manager.py:821} INFO - Searching for files in /opt/airflow/dags
[2026-07-04T09:33:22.029+0000] {manager.py:824} INFO - There are 4 files in /opt/airflow/dags
[2026-07-04T09:33:44.712+0000] {manager.py:997} INFO - 
================================================================================
DAG File Processing Stats

File Path                                            PID    Runtime      # DAGs    # Errors  Last Runtime    Last Run               Last # of DB Queries
---------------------------------------------------  -----  ---------  --------  ----------  --------------  -------------------  ----------------------
/opt/airflow/dags/shopbrasil_panorama_precos.py                               1           0  0.36s           2026-07-04T09:33:24                      12
/opt/airflow/dags/exemplos/example_distributed_2.py                           1           0  0.30s           2026-07-04T09:33:24                      10
/opt/airflow/dags/exemplos/example_distributed.py                             1           0  0.24s           2026-07-04T09:33:24                      10
/opt/airflow/dags/exemplos/example_distributed_3.py                           1           0  0.22s           2026-07-04T09:33:24                      10
================================================================================
[2026-07-04T09:34:14.933+0000] {manager.py:997} INFO - 
================================================================================
DAG File Processing Stats

File Path                                            PID    Runtime      # DAGs    # Errors  Last Runtime    Last Run               Last # of DB Queries
---------------------------------------------------  -----  ---------  --------  ----------  --------------  -------------------  ----------------------
/opt/airflow/dags/shopbrasil_panorama_precos.py                               1           0  0.90s           2026-07-04T09:33:55                      12
/opt/airflow/dags/exemplos/example_distributed_2.py                           1           0  0.45s           2026-07-04T09:33:55                      10
/opt/airflow/dags/exemplos/example_distributed_3.py                           1           0  0.25s           2026-07-04T09:33:55                      10
/opt/airflow/dags/exemplos/example_distributed.py                             1           0  0.23s           2026-07-04T09:33:55                      10
================================================================================
[2026-07-04T09:34:45.349+0000] {manager.py:997} INFO - 
================================================================================
DAG File Processing Stats

File Path                                            PID    Runtime      # DAGs    # Errors  Last Runtime    Last Run               Last # of DB Queries
---------------------------------------------------  -----  ---------  --------  ----------  --------------  -------------------  ----------------------
/opt/airflow/dags/exemplos/example_distributed_2.py                           1           0  0.35s           2026-07-04T09:34:26                      10
/opt/airflow/dags/shopbrasil_panorama_precos.py                               1           0  0.34s           2026-07-04T09:34:26                      12
/opt/airflow/dags/exemplos/example_distributed_3.py                           1           0  0.31s           2026-07-04T09:34:26                      10
/opt/airflow/dags/exemplos/example_distributed.py                             1           0  0.30s           2026-07-04T09:34:27                      10
================================================================================
[2026-07-04T09:35:15.719+0000] {manager.py:997} INFO - 
================================================================================
DAG File Processing Stats

File Path                                            PID    Runtime      # DAGs    # Errors  Last Runtime    Last Run               Last # of DB Queries
---------------------------------------------------  -----  ---------  --------  ----------  --------------  -------------------  ----------------------
/opt/airflow/dags/shopbrasil_panorama_precos.py                               1           0  1.89s           2026-07-04T09:34:58                      12
/opt/airflow/dags/exemplos/example_distributed_2.py                           1           0  1.80s           2026-07-04T09:34:58                      10
/opt/airflow/dags/exemplos/example_distributed_3.py                           1           0  0.79s           2026-07-04T09:34:59                      10
/opt/airflow/dags/exemplos/example_distributed.py                             1           0  0.66s           2026-07-04T09:34:59                      10
================================================================================
[2026-07-04T09:35:46.587+0000] {manager.py:997} INFO - 
================================================================================
DAG File Processing Stats

File Path                                              PID  Runtime      # DAGs    # Errors  Last Runtime    Last Run               Last # of DB Queries
---------------------------------------------------  -----  ---------  --------  ----------  --------------  -------------------  ----------------------
/opt/airflow/dags/shopbrasil_panorama_precos.py        424  16.14s            1           0  1.89s           2026-07-04T09:34:58                      12
/opt/airflow/dags/exemplos/example_distributed_2.py    425  16.10s            1           0  1.80s           2026-07-04T09:34:58                      10
/opt/airflow/dags/exemplos/example_distributed_3.py                           1           0  0.79s           2026-07-04T09:34:59                      10
/opt/airflow/dags/exemplos/example_distributed.py                             1           0  0.66s           2026-07-04T09:34:59                      10
================================================================================
[2026-07-04T09:36:18.348+0000] {manager.py:997} INFO - 
================================================================================
DAG File Processing Stats

File Path                                              PID  Runtime      # DAGs    # Errors  Last Runtime    Last Run               Last # of DB Queries
---------------------------------------------------  -----  ---------  --------  ----------  --------------  -------------------  ----------------------
/opt/airflow/dags/shopbrasil_panorama_precos.py        424  47.90s            1           0  1.89s           2026-07-04T09:34:58                      12
/opt/airflow/dags/exemplos/example_distributed_2.py    425  47.86s            1           0  1.80s           2026-07-04T09:34:58                      10
/opt/airflow/dags/exemplos/example_distributed_3.py                           1           0  0.79s           2026-07-04T09:34:59                      10
/opt/airflow/dags/exemplos/example_distributed.py                             1           0  0.66s           2026-07-04T09:34:59                      10
================================================================================
[2026-07-04T09:36:21.375+0000] {manager.py:1366} ERROR - Processor for /opt/airflow/dags/shopbrasil_panorama_precos.py with PID 424 started at 2026-07-04T09:35:30.446778+00:00 has timed out, killing it.
[2026-07-04T09:36:21.980+0000] {manager.py:1366} ERROR - Processor for /opt/airflow/dags/exemplos/example_distributed_2.py with PID 425 started at 2026-07-04T09:35:30.490826+00:00 has timed out, killing it.
[2026-07-04T10:10:17.264+0000] {manager.py:483} INFO - Processing files using up to 2 processes at a time 
[2026-07-04T10:10:17.265+0000] {manager.py:484} INFO - Process each file at most once every 30 seconds
[2026-07-04T10:10:17.266+0000] {manager.py:485} INFO - Checking for new files in /opt/airflow/dags every 300 seconds
[2026-07-04T10:10:17.267+0000] {manager.py:821} INFO - Searching for files in /opt/airflow/dags
[2026-07-04T10:10:17.273+0000] {manager.py:824} INFO - There are 4 files in /opt/airflow/dags
[2026-07-04T10:10:17.551+0000] {manager.py:997} INFO - 
================================================================================
DAG File Processing Stats

File Path                                              PID  Runtime      # DAGs    # Errors  Last Runtime    Last Run      Last # of DB Queries
---------------------------------------------------  -----  ---------  --------  ----------  --------------  ----------  ----------------------
/opt/airflow/dags/shopbrasil_panorama_precos.py         57  0.06s             0           0                                                   0
/opt/airflow/dags/exemplos/example_distributed_3.py     58  0.05s             0           0                                                   0
/opt/airflow/dags/exemplos/example_distributed_2.py                           0           0                                                   0
/opt/airflow/dags/exemplos/example_distributed.py                             0           0                                                   0
================================================================================
[2026-07-04T10:10:48.190+0000] {manager.py:997} INFO - 
================================================================================
DAG File Processing Stats

File Path                                            PID    Runtime      # DAGs    # Errors  Last Runtime    Last Run               Last # of DB Queries
---------------------------------------------------  -----  ---------  --------  ----------  --------------  -------------------  ----------------------
/opt/airflow/dags/shopbrasil_panorama_precos.py                               1           0  0.93s           2026-07-04T10:10:18                      45
/opt/airflow/dags/exemplos/example_distributed_3.py                           1           0  0.89s           2026-07-04T10:10:18                      43
/opt/airflow/dags/exemplos/example_distributed_2.py                           1           0  0.57s           2026-07-04T10:10:18                      43
/opt/airflow/dags/exemplos/example_distributed.py                             1           0  0.55s           2026-07-04T10:10:18                      43
================================================================================
[2026-07-04T10:11:18.422+0000] {manager.py:997} INFO - 
================================================================================
DAG File Processing Stats

File Path                                            PID    Runtime      # DAGs    # Errors  Last Runtime    Last Run               Last # of DB Queries
---------------------------------------------------  -----  ---------  --------  ----------  --------------  -------------------  ----------------------
/opt/airflow/dags/shopbrasil_panorama_precos.py                               1           0  0.55s           2026-07-04T10:10:49                      12
/opt/airflow/dags/exemplos/example_distributed_3.py                           1           0  0.54s           2026-07-04T10:10:49                      10
/opt/airflow/dags/exemplos/example_distributed_2.py                           1           0  0.32s           2026-07-04T10:10:50                      10
/opt/airflow/dags/exemplos/example_distributed.py                             1           0  0.20s           2026-07-04T10:10:50                      10
================================================================================
[2026-07-04T10:11:49.085+0000] {manager.py:997} INFO - 
================================================================================
DAG File Processing Stats

File Path                                            PID    Runtime      # DAGs    # Errors  Last Runtime    Last Run               Last # of DB Queries
---------------------------------------------------  -----  ---------  --------  ----------  --------------  -------------------  ----------------------
/opt/airflow/dags/shopbrasil_panorama_precos.py                               1           0  0.20s           2026-07-04T10:11:20                      12
/opt/airflow/dags/exemplos/example_distributed_3.py                           1           0  0.17s           2026-07-04T10:11:20                      10
/opt/airflow/dags/exemplos/example_distributed_2.py                           1           0  0.14s           2026-07-04T10:11:20                      10
/opt/airflow/dags/exemplos/example_distributed.py                             1           0  0.13s           2026-07-04T10:11:20                      10
================================================================================
[2026-07-04T10:12:19.824+0000] {manager.py:997} INFO - 
================================================================================
DAG File Processing Stats

File Path                                            PID    Runtime      # DAGs    # Errors  Last Runtime    Last Run               Last # of DB Queries
---------------------------------------------------  -----  ---------  --------  ----------  --------------  -------------------  ----------------------
/opt/airflow/dags/shopbrasil_panorama_precos.py                               1           0  0.26s           2026-07-04T10:11:51                      12
/opt/airflow/dags/exemplos/example_distributed_3.py                           1           0  0.23s           2026-07-04T10:11:51                      10
/opt/airflow/dags/exemplos/example_distributed_2.py                           1           0  0.21s           2026-07-04T10:11:51                      10
/opt/airflow/dags/exemplos/example_distributed.py                             1           0  0.20s           2026-07-04T10:11:51                      10
================================================================================
[2026-07-04T10:12:50.602+0000] {manager.py:997} INFO - 
================================================================================
DAG File Processing Stats

File Path                                            PID    Runtime      # DAGs    # Errors  Last Runtime    Last Run               Last # of DB Queries
---------------------------------------------------  -----  ---------  --------  ----------  --------------  -------------------  ----------------------
/opt/airflow/dags/shopbrasil_panorama_precos.py                               1           0  0.31s           2026-07-04T10:12:22                      12
/opt/airflow/dags/exemplos/example_distributed_3.py                           1           0  0.28s           2026-07-04T10:12:22                      10
/opt/airflow/dags/exemplos/example_distributed.py                             1           0  0.18s           2026-07-04T10:12:22                      10
/opt/airflow/dags/exemplos/example_distributed_2.py                           1           0  0.16s           2026-07-04T10:12:22                      10
================================================================================
[2026-07-04T10:13:21.228+0000] {manager.py:997} INFO - 
================================================================================
DAG File Processing Stats

File Path                                            PID    Runtime      # DAGs    # Errors  Last Runtime    Last Run               Last # of DB Queries
---------------------------------------------------  -----  ---------  --------  ----------  --------------  -------------------  ----------------------
/opt/airflow/dags/shopbrasil_panorama_precos.py                               1           0  0.21s           2026-07-04T10:12:52                      12
/opt/airflow/dags/exemplos/example_distributed_3.py                           1           0  0.19s           2026-07-04T10:12:52                      10
/opt/airflow/dags/exemplos/example_distributed_2.py                           1           0  0.14s           2026-07-04T10:12:52                      10
/opt/airflow/dags/exemplos/example_distributed.py                             1           0  0.14s           2026-07-04T10:12:53                      10
================================================================================
[2026-07-04T10:13:52.126+0000] {manager.py:997} INFO - 
================================================================================
DAG File Processing Stats

File Path                                            PID    Runtime      # DAGs    # Errors  Last Runtime    Last Run               Last # of DB Queries
---------------------------------------------------  -----  ---------  --------  ----------  --------------  -------------------  ----------------------
/opt/airflow/dags/shopbrasil_panorama_precos.py                               1           0  0.48s           2026-07-04T10:13:23                      12
/opt/airflow/dags/exemplos/example_distributed_3.py                           1           0  0.23s           2026-07-04T10:13:23                      10
/opt/airflow/dags/exemplos/example_distributed_2.py                           1           0  0.19s           2026-07-04T10:13:23                      10
/opt/airflow/dags/exemplos/example_distributed.py                             1           0  0.15s           2026-07-04T10:13:23                      10
================================================================================
[2026-07-04T10:14:22.749+0000] {manager.py:997} INFO - 
================================================================================
DAG File Processing Stats

File Path                                            PID    Runtime      # DAGs    # Errors  Last Runtime    Last Run               Last # of DB Queries
---------------------------------------------------  -----  ---------  --------  ----------  --------------  -------------------  ----------------------
/opt/airflow/dags/exemplos/example_distributed_3.py                           1           0  2.20s           2026-07-04T10:13:56                      10
/opt/airflow/dags/exemplos/example_distributed_2.py                           1           0  1.65s           2026-07-04T10:13:57                      10
/opt/airflow/dags/exemplos/example_distributed.py                             1           0  1.54s           2026-07-04T10:13:58                      10
/opt/airflow/dags/shopbrasil_panorama_precos.py                               1           0  1.46s           2026-07-04T10:13:55                      12
================================================================================
[2026-07-04T10:14:52.930+0000] {manager.py:997} INFO - 
================================================================================
DAG File Processing Stats

File Path                                            PID    Runtime      # DAGs    # Errors  Last Runtime    Last Run               Last # of DB Queries
---------------------------------------------------  -----  ---------  --------  ----------  --------------  -------------------  ----------------------
/opt/airflow/dags/exemplos/example_distributed_2.py                           1           0  1.28s           2026-07-04T10:14:29                      10
/opt/airflow/dags/exemplos/example_distributed_3.py                           1           0  0.51s           2026-07-04T10:14:27                      10
/opt/airflow/dags/shopbrasil_panorama_precos.py                               1           0  0.49s           2026-07-04T10:14:26                      12
/opt/airflow/dags/exemplos/example_distributed.py                             1           0  0.28s           2026-07-04T10:14:29                      10
================================================================================
[2026-07-04T10:15:17.812+0000] {manager.py:821} INFO - Searching for files in /opt/airflow/dags
[2026-07-04T10:15:17.997+0000] {manager.py:824} INFO - There are 4 files in /opt/airflow/dags
[2026-07-04T10:15:23.536+0000] {manager.py:997} INFO - 
================================================================================
DAG File Processing Stats

File Path                                            PID    Runtime      # DAGs    # Errors  Last Runtime    Last Run               Last # of DB Queries
---------------------------------------------------  -----  ---------  --------  ----------  --------------  -------------------  ----------------------
/opt/airflow/dags/exemplos/example_distributed_2.py                           1           0  0.49s           2026-07-04T10:15:00                      10
/opt/airflow/dags/exemplos/example_distributed.py                             1           0  0.47s           2026-07-04T10:15:00                      10
/opt/airflow/dags/shopbrasil_panorama_precos.py                               1           0  0.32s           2026-07-04T10:14:57                      12
/opt/airflow/dags/exemplos/example_distributed_3.py                           1           0  0.30s           2026-07-04T10:14:58                      10
================================================================================
[2026-07-04T10:15:53.607+0000] {manager.py:997} INFO - 
================================================================================
DAG File Processing Stats

File Path                                            PID    Runtime      # DAGs    # Errors  Last Runtime    Last Run               Last # of DB Queries
---------------------------------------------------  -----  ---------  --------  ----------  --------------  -------------------  ----------------------
/opt/airflow/dags/shopbrasil_panorama_precos.py                               1           0  0.67s           2026-07-04T10:15:28                      12
/opt/airflow/dags/exemplos/example_distributed_3.py                           1           0  0.66s           2026-07-04T10:15:29                      10
/opt/airflow/dags/exemplos/example_distributed.py                             1           0  0.46s           2026-07-04T10:15:31                      10
/opt/airflow/dags/exemplos/example_distributed_2.py                           1           0  0.30s           2026-07-04T10:15:31                      10
================================================================================
[2026-07-04T10:16:23.775+0000] {manager.py:997} INFO - 
================================================================================
DAG File Processing Stats

File Path                                            PID    Runtime      # DAGs    # Errors  Last Runtime    Last Run               Last # of DB Queries
---------------------------------------------------  -----  ---------  --------  ----------  --------------  -------------------  ----------------------
/opt/airflow/dags/exemplos/example_distributed_2.py                           1           0  0.46s           2026-07-04T10:16:02                      10
/opt/airflow/dags/exemplos/example_distributed.py                             1           0  0.45s           2026-07-04T10:16:02                      10
/opt/airflow/dags/exemplos/example_distributed_3.py                           1           0  0.35s           2026-07-04T10:16:00                      10
/opt/airflow/dags/shopbrasil_panorama_precos.py                               1           0  0.35s           2026-07-04T10:15:59                      12
================================================================================
[2026-07-04T10:16:54.500+0000] {manager.py:997} INFO - 
================================================================================
DAG File Processing Stats

File Path                                            PID    Runtime      # DAGs    # Errors  Last Runtime    Last Run               Last # of DB Queries
---------------------------------------------------  -----  ---------  --------  ----------  --------------  -------------------  ----------------------
/opt/airflow/dags/shopbrasil_panorama_precos.py                               1           0  0.22s           2026-07-04T10:16:30                      12
/opt/airflow/dags/exemplos/example_distributed_3.py                           1           0  0.18s           2026-07-04T10:16:31                      10
/opt/airflow/dags/exemplos/example_distributed_2.py                           1           0  0.17s           2026-07-04T10:16:33                      10
/opt/airflow/dags/exemplos/example_distributed.py                             1           0  0.15s           2026-07-04T10:16:33                      10
================================================================================
[2026-07-04T10:17:25.297+0000] {manager.py:997} INFO - 
================================================================================
DAG File Processing Stats

File Path                                            PID    Runtime      # DAGs    # Errors  Last Runtime    Last Run               Last # of DB Queries
---------------------------------------------------  -----  ---------  --------  ----------  --------------  -------------------  ----------------------
/opt/airflow/dags/exemplos/example_distributed_2.py                           1           0  0.34s           2026-07-04T10:17:04                      10
/opt/airflow/dags/exemplos/example_distributed_3.py                           1           0  0.29s           2026-07-04T10:17:01                      10
/opt/airflow/dags/exemplos/example_distributed.py                             1           0  0.27s           2026-07-04T10:17:04                      10
/opt/airflow/dags/shopbrasil_panorama_precos.py                               1           0  0.19s           2026-07-04T10:17:00                      12
================================================================================
[2026-07-04T10:17:55.433+0000] {manager.py:997} INFO - 
================================================================================
DAG File Processing Stats

File Path                                            PID    Runtime      # DAGs    # Errors  Last Runtime    Last Run               Last # of DB Queries
---------------------------------------------------  -----  ---------  --------  ----------  --------------  -------------------  ----------------------
/opt/airflow/dags/exemplos/example_distributed_3.py                           1           0  0.44s           2026-07-04T10:17:32                      10
/opt/airflow/dags/shopbrasil_panorama_precos.py                               1           0  0.44s           2026-07-04T10:17:31                      12
/opt/airflow/dags/exemplos/example_distributed.py                             1           0  0.38s           2026-07-04T10:17:35                      10
/opt/airflow/dags/exemplos/example_distributed_2.py                           1           0  0.22s           2026-07-04T10:17:35                      10
================================================================================
[2026-07-04T10:18:25.447+0000] {manager.py:997} INFO - 
================================================================================
DAG File Processing Stats

File Path                                            PID    Runtime      # DAGs    # Errors  Last Runtime    Last Run               Last # of DB Queries
---------------------------------------------------  -----  ---------  --------  ----------  --------------  -------------------  ----------------------
/opt/airflow/dags/exemplos/example_distributed_2.py                           1           0  2.38s           2026-07-04T10:18:07                      10
/opt/airflow/dags/exemplos/example_distributed_3.py                           1           0  2.28s           2026-07-04T10:18:05                      10
/opt/airflow/dags/exemplos/example_distributed.py                             1           0  2.22s           2026-07-04T10:18:07                      10
/opt/airflow/dags/shopbrasil_panorama_precos.py                               1           0  1.12s           2026-07-04T10:18:03                      12
================================================================================
[2026-07-04T10:18:55.588+0000] {manager.py:997} INFO - 
================================================================================
DAG File Processing Stats

File Path                                            PID    Runtime      # DAGs    # Errors  Last Runtime    Last Run               Last # of DB Queries
---------------------------------------------------  -----  ---------  --------  ----------  --------------  -------------------  ----------------------
/opt/airflow/dags/exemplos/example_distributed_2.py                           1           0  2.16s           2026-07-04T10:18:40                      10
/opt/airflow/dags/exemplos/example_distributed.py                             1           0  1.60s           2026-07-04T10:18:40                      10
/opt/airflow/dags/shopbrasil_panorama_precos.py                               1           0  1.20s           2026-07-04T10:18:34                      12
/opt/airflow/dags/exemplos/example_distributed_3.py                           1           0  0.61s           2026-07-04T10:18:36                      10
================================================================================
[2026-07-04T10:19:25.688+0000] {manager.py:997} INFO - 
================================================================================
DAG File Processing Stats

File Path                                            PID    Runtime      # DAGs    # Errors  Last Runtime    Last Run               Last # of DB Queries
---------------------------------------------------  -----  ---------  --------  ----------  --------------  -------------------  ----------------------
/opt/airflow/dags/exemplos/example_distributed_3.py                           1           0  0.82s           2026-07-04T10:19:07                      10
/opt/airflow/dags/shopbrasil_panorama_precos.py                               1           0  0.73s           2026-07-04T10:19:05                      12
/opt/airflow/dags/exemplos/example_distributed.py                             1           0  0.47s           2026-07-04T10:19:10                      10
/opt/airflow/dags/exemplos/example_distributed_2.py                           1           0  0.36s           2026-07-04T10:19:11                      10
================================================================================
[2026-07-04T10:19:55.778+0000] {manager.py:997} INFO - 
================================================================================
DAG File Processing Stats

File Path                                            PID    Runtime      # DAGs    # Errors  Last Runtime    Last Run               Last # of DB Queries
---------------------------------------------------  -----  ---------  --------  ----------  --------------  -------------------  ----------------------
/opt/airflow/dags/exemplos/example_distributed.py                             1           0  1.59s           2026-07-04T10:19:42                      10
/opt/airflow/dags/shopbrasil_panorama_precos.py                               1           0  1.38s           2026-07-04T10:19:37                      12
/opt/airflow/dags/exemplos/example_distributed_2.py                           1           0  1.14s           2026-07-04T10:19:42                      10
/opt/airflow/dags/exemplos/example_distributed_3.py                           1           0  0.86s           2026-07-04T10:19:39                      10
================================================================================
[2026-07-04T10:20:18.319+0000] {manager.py:821} INFO - Searching for files in /opt/airflow/dags
[2026-07-04T10:20:18.404+0000] {manager.py:824} INFO - There are 4 files in /opt/airflow/dags
[2026-07-04T10:20:26.482+0000] {manager.py:997} INFO - 
================================================================================
DAG File Processing Stats

File Path                                            PID    Runtime      # DAGs    # Errors  Last Runtime    Last Run               Last # of DB Queries
---------------------------------------------------  -----  ---------  --------  ----------  --------------  -------------------  ----------------------
/opt/airflow/dags/shopbrasil_panorama_precos.py                               1           0  0.32s           2026-07-04T10:20:08                      12
/opt/airflow/dags/exemplos/example_distributed_2.py                           1           0  0.22s           2026-07-04T10:20:13                      10
/opt/airflow/dags/exemplos/example_distributed_3.py                           1           0  0.22s           2026-07-04T10:20:09                      10
/opt/airflow/dags/exemplos/example_distributed.py                             1           0  0.21s           2026-07-04T10:20:13                      10
================================================================================
[2026-07-04T10:20:57.027+0000] {manager.py:997} INFO - 
================================================================================
DAG File Processing Stats

File Path                                            PID    Runtime      # DAGs    # Errors  Last Runtime    Last Run               Last # of DB Queries
---------------------------------------------------  -----  ---------  --------  ----------  --------------  -------------------  ----------------------
/opt/airflow/dags/shopbrasil_panorama_precos.py                               1           0  0.24s           2026-07-04T10:20:38                      12
/opt/airflow/dags/exemplos/example_distributed_2.py                           1           0  0.21s           2026-07-04T10:20:43                      10
/opt/airflow/dags/exemplos/example_distributed.py                             1           0  0.21s           2026-07-04T10:20:43                      10
/opt/airflow/dags/exemplos/example_distributed_3.py                           1           0  0.18s           2026-07-04T10:20:39                      10
================================================================================
[2026-07-04T10:21:27.664+0000] {manager.py:997} INFO - 
================================================================================
DAG File Processing Stats

File Path                                            PID    Runtime      # DAGs    # Errors  Last Runtime    Last Run               Last # of DB Queries
---------------------------------------------------  -----  ---------  --------  ----------  --------------  -------------------  ----------------------
/opt/airflow/dags/exemplos/example_distributed_2.py                           1           0  0.31s           2026-07-04T10:21:14                      10
/opt/airflow/dags/shopbrasil_panorama_precos.py                               1           0  0.26s           2026-07-04T10:21:09                      12
/opt/airflow/dags/exemplos/example_distributed.py                             1           0  0.25s           2026-07-04T10:21:14                      10
/opt/airflow/dags/exemplos/example_distributed_3.py                           1           0  0.20s           2026-07-04T10:21:10                      10
================================================================================
[2026-07-04T10:21:58.334+0000] {manager.py:997} INFO - 
================================================================================
DAG File Processing Stats

File Path                                            PID    Runtime      # DAGs    # Errors  Last Runtime    Last Run               Last # of DB Queries
---------------------------------------------------  -----  ---------  --------  ----------  --------------  -------------------  ----------------------
/opt/airflow/dags/exemplos/example_distributed_2.py                           1           0  0.19s           2026-07-04T10:21:45                      10
/opt/airflow/dags/shopbrasil_panorama_precos.py                               1           0  0.17s           2026-07-04T10:21:39                      12
/opt/airflow/dags/exemplos/example_distributed.py                             1           0  0.16s           2026-07-04T10:21:45                      10
/opt/airflow/dags/exemplos/example_distributed_3.py                           1           0  0.16s           2026-07-04T10:21:40                      10
================================================================================
[2026-07-04T10:22:28.404+0000] {manager.py:997} INFO - 
================================================================================
DAG File Processing Stats

File Path                                            PID    Runtime      # DAGs    # Errors  Last Runtime    Last Run               Last # of DB Queries
---------------------------------------------------  -----  ---------  --------  ----------  --------------  -------------------  ----------------------
/opt/airflow/dags/exemplos/example_distributed_2.py                           1           0  0.48s           2026-07-04T10:22:16                      10
/opt/airflow/dags/exemplos/example_distributed.py                             1           0  0.35s           2026-07-04T10:22:16                      10
/opt/airflow/dags/exemplos/example_distributed_3.py                           1           0  0.27s           2026-07-04T10:22:11                      10
/opt/airflow/dags/shopbrasil_panorama_precos.py                               1           0  0.26s           2026-07-04T10:22:10                      12
================================================================================
[2026-07-04T10:22:58.519+0000] {manager.py:997} INFO - 
================================================================================
DAG File Processing Stats

File Path                                            PID    Runtime      # DAGs    # Errors  Last Runtime    Last Run               Last # of DB Queries
---------------------------------------------------  -----  ---------  --------  ----------  --------------  -------------------  ----------------------
/opt/airflow/dags/exemplos/example_distributed_3.py                           1           0  1.30s           2026-07-04T10:22:43                      10
/opt/airflow/dags/exemplos/example_distributed_2.py                           1           0  0.94s           2026-07-04T10:22:47                      10
/opt/airflow/dags/exemplos/example_distributed.py                             1           0  0.93s           2026-07-04T10:22:47                      10
/opt/airflow/dags/shopbrasil_panorama_precos.py                               1           0  0.79s           2026-07-04T10:22:41                      12
================================================================================
[2026-07-04T10:23:29.425+0000] {manager.py:997} INFO - 
================================================================================
DAG File Processing Stats

File Path                                            PID    Runtime      # DAGs    # Errors  Last Runtime    Last Run               Last # of DB Queries
---------------------------------------------------  -----  ---------  --------  ----------  --------------  -------------------  ----------------------
/opt/airflow/dags/exemplos/example_distributed.py                             1           0  0.31s           2026-07-04T10:23:18                      10
/opt/airflow/dags/exemplos/example_distributed_2.py                           1           0  0.28s           2026-07-04T10:23:18                      10
/opt/airflow/dags/shopbrasil_panorama_precos.py                               1           0  0.26s           2026-07-04T10:23:11                      12
/opt/airflow/dags/exemplos/example_distributed_3.py                           1           0  0.25s           2026-07-04T10:23:14                      10
================================================================================
[2026-07-04T10:23:59.975+0000] {manager.py:997} INFO - 
================================================================================
DAG File Processing Stats

File Path                                            PID    Runtime      # DAGs    # Errors  Last Runtime    Last Run               Last # of DB Queries
---------------------------------------------------  -----  ---------  --------  ----------  --------------  -------------------  ----------------------
/opt/airflow/dags/exemplos/example_distributed_3.py                           1           0  0.26s           2026-07-04T10:23:44                      10
/opt/airflow/dags/exemplos/example_distributed_2.py                           1           0  0.23s           2026-07-04T10:23:49                      10
/opt/airflow/dags/exemplos/example_distributed.py                             1           0  0.22s           2026-07-04T10:23:49                      10
/opt/airflow/dags/shopbrasil_panorama_precos.py                               1           0  0.21s           2026-07-04T10:23:42                      12
================================================================================
[2026-07-04T10:24:30.039+0000] {manager.py:997} INFO - 
================================================================================
DAG File Processing Stats

File Path                                            PID    Runtime      # DAGs    # Errors  Last Runtime    Last Run               Last # of DB Queries
---------------------------------------------------  -----  ---------  --------  ----------  --------------  -------------------  ----------------------
/opt/airflow/dags/exemplos/example_distributed_2.py                           1           0  1.24s           2026-07-04T10:24:20                      10
/opt/airflow/dags/exemplos/example_distributed.py                             1           0  1.21s           2026-07-04T10:24:20                      10
/opt/airflow/dags/exemplos/example_distributed_3.py                           1           0  0.53s           2026-07-04T10:24:15                      10
/opt/airflow/dags/shopbrasil_panorama_precos.py                               1           0  0.40s           2026-07-04T10:24:13                      12
================================================================================
[2026-07-04T10:25:00.500+0000] {manager.py:997} INFO - 
================================================================================
DAG File Processing Stats

File Path                                            PID    Runtime      # DAGs    # Errors  Last Runtime    Last Run               Last # of DB Queries
---------------------------------------------------  -----  ---------  --------  ----------  --------------  -------------------  ----------------------
/opt/airflow/dags/exemplos/example_distributed.py                             1           0  1.08s           2026-07-04T10:24:52                      10
/opt/airflow/dags/shopbrasil_panorama_precos.py                               1           0  0.94s           2026-07-04T10:24:45                      12
/opt/airflow/dags/exemplos/example_distributed_3.py                           1           0  0.82s           2026-07-04T10:24:47                      10
/opt/airflow/dags/exemplos/example_distributed_2.py                           1           0  0.78s           2026-07-04T10:24:52                      10
================================================================================
[2026-07-04T10:25:19.006+0000] {manager.py:821} INFO - Searching for files in /opt/airflow/dags
[2026-07-04T10:25:19.013+0000] {manager.py:824} INFO - There are 4 files in /opt/airflow/dags
[2026-07-04T10:25:30.709+0000] {manager.py:997} INFO - 
================================================================================
DAG File Processing Stats

File Path                                            PID    Runtime      # DAGs    # Errors  Last Runtime    Last Run               Last # of DB Queries
---------------------------------------------------  -----  ---------  --------  ----------  --------------  -------------------  ----------------------
/opt/airflow/dags/shopbrasil_panorama_precos.py                               1           0  1.68s           2026-07-04T10:25:17                      12
/opt/airflow/dags/exemplos/example_distributed_2.py                           1           0  0.57s           2026-07-04T10:25:23                      10
/opt/airflow/dags/exemplos/example_distributed_3.py                           1           0  0.53s           2026-07-04T10:25:18                      10
/opt/airflow/dags/exemplos/example_distributed.py                             1           0  0.51s           2026-07-04T10:25:23                      10
================================================================================
[2026-07-04T10:26:01.068+0000] {manager.py:997} INFO - 
================================================================================
DAG File Processing Stats

File Path                                            PID    Runtime      # DAGs    # Errors  Last Runtime    Last Run               Last # of DB Queries
---------------------------------------------------  -----  ---------  --------  ----------  --------------  -------------------  ----------------------
/opt/airflow/dags/exemplos/example_distributed.py                             1           0  1.01s           2026-07-04T10:25:55                      10
/opt/airflow/dags/exemplos/example_distributed_2.py                           1           0  0.76s           2026-07-04T10:25:54                      10
/opt/airflow/dags/shopbrasil_panorama_precos.py                               1           0  0.31s           2026-07-04T10:25:48                      12
/opt/airflow/dags/exemplos/example_distributed_3.py                           1           0  0.24s           2026-07-04T10:25:48                      10
================================================================================
[2026-07-04T10:26:31.721+0000] {manager.py:997} INFO - 
================================================================================
DAG File Processing Stats

File Path                                            PID    Runtime      # DAGs    # Errors  Last Runtime    Last Run               Last # of DB Queries
---------------------------------------------------  -----  ---------  --------  ----------  --------------  -------------------  ----------------------
/opt/airflow/dags/exemplos/example_distributed_2.py                           1           0  0.21s           2026-07-04T10:26:25                      10
/opt/airflow/dags/shopbrasil_panorama_precos.py                               1           0  0.18s           2026-07-04T10:26:18                      12
/opt/airflow/dags/exemplos/example_distributed.py                             1           0  0.18s           2026-07-04T10:26:25                      10
/opt/airflow/dags/exemplos/example_distributed_3.py                           1           0  0.15s           2026-07-04T10:26:18                      10
================================================================================
[2026-07-04T10:27:02.217+0000] {manager.py:997} INFO - 
================================================================================
DAG File Processing Stats

File Path                                            PID    Runtime      # DAGs    # Errors  Last Runtime    Last Run               Last # of DB Queries
---------------------------------------------------  -----  ---------  --------  ----------  --------------  -------------------  ----------------------
/opt/airflow/dags/shopbrasil_panorama_precos.py                               1           0  0.20s           2026-07-04T10:26:49                      12
/opt/airflow/dags/exemplos/example_distributed_3.py                           1           0  0.18s           2026-07-04T10:26:49                      10
/opt/airflow/dags/exemplos/example_distributed_2.py                           1           0  0.16s           2026-07-04T10:26:56                      10
/opt/airflow/dags/exemplos/example_distributed.py                             1           0  0.16s           2026-07-04T10:26:56                      10
================================================================================
[2026-07-04T10:27:32.725+0000] {manager.py:997} INFO - 
================================================================================
DAG File Processing Stats

File Path                                            PID    Runtime      # DAGs    # Errors  Last Runtime    Last Run               Last # of DB Queries
---------------------------------------------------  -----  ---------  --------  ----------  --------------  -------------------  ----------------------
/opt/airflow/dags/shopbrasil_panorama_precos.py                               1           0  0.21s           2026-07-04T10:27:19                      12
/opt/airflow/dags/exemplos/example_distributed_3.py                           1           0  0.19s           2026-07-04T10:27:19                      10
/opt/airflow/dags/exemplos/example_distributed_2.py                           1           0  0.18s           2026-07-04T10:27:26                      10
/opt/airflow/dags/exemplos/example_distributed.py                             1           0  0.16s           2026-07-04T10:27:26                      10
================================================================================
[2026-07-04T10:28:03.097+0000] {manager.py:997} INFO - 
================================================================================
DAG File Processing Stats

File Path                                            PID    Runtime      # DAGs    # Errors  Last Runtime    Last Run               Last # of DB Queries
---------------------------------------------------  -----  ---------  --------  ----------  --------------  -------------------  ----------------------
/opt/airflow/dags/shopbrasil_panorama_precos.py                               1           0  0.28s           2026-07-04T10:27:50                      12
/opt/airflow/dags/exemplos/example_distributed_3.py                           1           0  0.27s           2026-07-04T10:27:50                      10
/opt/airflow/dags/exemplos/example_distributed_2.py                           1           0  0.17s           2026-07-04T10:27:57                      10
/opt/airflow/dags/exemplos/example_distributed.py                             1           0  0.15s           2026-07-04T10:27:57                      10
================================================================================
[2026-07-04T10:28:33.755+0000] {manager.py:997} INFO - 
================================================================================
DAG File Processing Stats

File Path                                            PID    Runtime      # DAGs    # Errors  Last Runtime    Last Run               Last # of DB Queries
---------------------------------------------------  -----  ---------  --------  ----------  --------------  -------------------  ----------------------
/opt/airflow/dags/exemplos/example_distributed_3.py                           1           0  0.23s           2026-07-04T10:28:20                      10
/opt/airflow/dags/exemplos/example_distributed.py                             1           0  0.21s           2026-07-04T10:28:27                      10
/opt/airflow/dags/exemplos/example_distributed_2.py                           1           0  0.19s           2026-07-04T10:28:27                      10
/opt/airflow/dags/shopbrasil_panorama_precos.py                               1           0  0.19s           2026-07-04T10:28:20                      12
================================================================================
[2026-07-04T10:29:04.648+0000] {manager.py:997} INFO - 
================================================================================
DAG File Processing Stats

File Path                                            PID    Runtime      # DAGs    # Errors  Last Runtime    Last Run               Last # of DB Queries
---------------------------------------------------  -----  ---------  --------  ----------  --------------  -------------------  ----------------------
/opt/airflow/dags/exemplos/example_distributed.py                             1           0  0.42s           2026-07-04T10:28:58                      10
/opt/airflow/dags/exemplos/example_distributed_2.py                           1           0  0.41s           2026-07-04T10:28:58                      10
/opt/airflow/dags/shopbrasil_panorama_precos.py                               1           0  0.19s           2026-07-04T10:28:51                      12
/opt/airflow/dags/exemplos/example_distributed_3.py                           1           0  0.18s           2026-07-04T10:28:51                      10
================================================================================
[2026-07-04T10:29:35.337+0000] {manager.py:997} INFO - 
================================================================================
DAG File Processing Stats

File Path                                            PID    Runtime      # DAGs    # Errors  Last Runtime    Last Run               Last # of DB Queries
---------------------------------------------------  -----  ---------  --------  ----------  --------------  -------------------  ----------------------
/opt/airflow/dags/shopbrasil_panorama_precos.py                               1           0  0.21s           2026-07-04T10:29:22                      12
/opt/airflow/dags/exemplos/example_distributed_3.py                           1           0  0.19s           2026-07-04T10:29:22                      10
/opt/airflow/dags/exemplos/example_distributed_2.py                           1           0  0.18s           2026-07-04T10:29:29                      10
/opt/airflow/dags/exemplos/example_distributed.py                             1           0  0.16s           2026-07-04T10:29:29                      10
================================================================================
[2026-07-04T10:30:06.161+0000] {manager.py:997} INFO - 
================================================================================
DAG File Processing Stats

File Path                                            PID    Runtime      # DAGs    # Errors  Last Runtime    Last Run               Last # of DB Queries
---------------------------------------------------  -----  ---------  --------  ----------  --------------  -------------------  ----------------------
/opt/airflow/dags/exemplos/example_distributed_2.py                           1           0  0.30s           2026-07-04T10:30:00                      10
/opt/airflow/dags/shopbrasil_panorama_precos.py                               1           0  0.27s           2026-07-04T10:29:52                      12
/opt/airflow/dags/exemplos/example_distributed.py                             1           0  0.26s           2026-07-04T10:30:00                      10
/opt/airflow/dags/exemplos/example_distributed_3.py                           1           0  0.24s           2026-07-04T10:29:52                      10
================================================================================
[2026-07-04T10:30:19.266+0000] {manager.py:821} INFO - Searching for files in /opt/airflow/dags
[2026-07-04T10:30:19.285+0000] {manager.py:824} INFO - There are 4 files in /opt/airflow/dags
[2026-07-04T10:30:36.843+0000] {manager.py:997} INFO - 
================================================================================
DAG File Processing Stats

File Path                                            PID    Runtime      # DAGs    # Errors  Last Runtime    Last Run               Last # of DB Queries
---------------------------------------------------  -----  ---------  --------  ----------  --------------  -------------------  ----------------------
/opt/airflow/dags/shopbrasil_panorama_precos.py                               1           0  0.19s           2026-07-04T10:30:23                      12
/opt/airflow/dags/exemplos/example_distributed_3.py                           1           0  0.17s           2026-07-04T10:30:23                      10
/opt/airflow/dags/exemplos/example_distributed_2.py                           1           0  0.17s           2026-07-04T10:30:30                      10
/opt/airflow/dags/exemplos/example_distributed.py                             1           0  0.16s           2026-07-04T10:30:30                      10
================================================================================
[2026-07-04T10:31:07.530+0000] {manager.py:997} INFO - 
================================================================================
DAG File Processing Stats

File Path                                            PID    Runtime      # DAGs    # Errors  Last Runtime    Last Run               Last # of DB Queries
---------------------------------------------------  -----  ---------  --------  ----------  --------------  -------------------  ----------------------
/opt/airflow/dags/exemplos/example_distributed.py                             1           0  0.22s           2026-07-04T10:31:01                      10
/opt/airflow/dags/exemplos/example_distributed_2.py                           1           0  0.21s           2026-07-04T10:31:01                      10
/opt/airflow/dags/shopbrasil_panorama_precos.py                               1           0  0.19s           2026-07-04T10:30:54                      12
/opt/airflow/dags/exemplos/example_distributed_3.py                           1           0  0.18s           2026-07-04T10:30:54                      10
================================================================================
[2026-07-04T10:31:38.021+0000] {manager.py:997} INFO - 
================================================================================
DAG File Processing Stats

File Path                                            PID    Runtime      # DAGs    # Errors  Last Runtime    Last Run               Last # of DB Queries
---------------------------------------------------  -----  ---------  --------  ----------  --------------  -------------------  ----------------------
/opt/airflow/dags/shopbrasil_panorama_precos.py                               1           0  0.20s           2026-07-04T10:31:24                      12
/opt/airflow/dags/exemplos/example_distributed_3.py                           1           0  0.17s           2026-07-04T10:31:24                      10
/opt/airflow/dags/exemplos/example_distributed_2.py                           1           0  0.17s           2026-07-04T10:31:31                      10
/opt/airflow/dags/exemplos/example_distributed.py                             1           0  0.16s           2026-07-04T10:31:31                      10
================================================================================
[2026-07-04T10:32:08.621+0000] {manager.py:997} INFO - 
================================================================================
DAG File Processing Stats

File Path                                            PID    Runtime      # DAGs    # Errors  Last Runtime    Last Run               Last # of DB Queries
---------------------------------------------------  -----  ---------  --------  ----------  --------------  -------------------  ----------------------
/opt/airflow/dags/exemplos/example_distributed_3.py                           1           0  0.29s           2026-07-04T10:31:55                      10
/opt/airflow/dags/shopbrasil_panorama_precos.py                               1           0  0.27s           2026-07-04T10:31:55                      12
/opt/airflow/dags/exemplos/example_distributed_2.py                           1           0  0.18s           2026-07-04T10:32:02                      10
/opt/airflow/dags/exemplos/example_distributed.py                             1           0  0.16s           2026-07-04T10:32:02                      10
================================================================================
[2026-07-04T13:26:13.222+0000] {manager.py:821} INFO - Searching for files in /opt/airflow/dags
[2026-07-04T13:26:13.311+0000] {manager.py:824} INFO - There are 4 files in /opt/airflow/dags
[2026-07-04T13:26:27.185+0000] {manager.py:997} INFO - 
================================================================================
DAG File Processing Stats

File Path                                            PID    Runtime      # DAGs    # Errors  Last Runtime    Last Run               Last # of DB Queries
---------------------------------------------------  -----  ---------  --------  ----------  --------------  -------------------  ----------------------
/opt/airflow/dags/exemplos/example_distributed_3.py                           1           0  2.12s           2026-07-04T13:26:15                      10
/opt/airflow/dags/shopbrasil_panorama_precos.py                               1           0  1.69s           2026-07-04T13:26:15                      12
/opt/airflow/dags/exemplos/example_distributed_2.py                           1           0  0.80s           2026-07-04T13:26:16                      10
/opt/airflow/dags/exemplos/example_distributed.py                             1           0  0.63s           2026-07-04T13:26:16                      10
================================================================================
[2026-07-04T13:26:57.728+0000] {manager.py:997} INFO - 
================================================================================
DAG File Processing Stats

File Path                                            PID    Runtime      # DAGs    # Errors  Last Runtime    Last Run               Last # of DB Queries
---------------------------------------------------  -----  ---------  --------  ----------  --------------  -------------------  ----------------------
/opt/airflow/dags/exemplos/example_distributed.py                             1           0  0.38s           2026-07-04T13:26:46                      10
/opt/airflow/dags/exemplos/example_distributed_3.py                           1           0  0.19s           2026-07-04T13:26:46                      10
/opt/airflow/dags/shopbrasil_panorama_precos.py                               1           0  0.17s           2026-07-04T13:26:45                      12
/opt/airflow/dags/exemplos/example_distributed_2.py                           1           0  0.16s           2026-07-04T13:26:46                      10
================================================================================
[2026-07-04T13:27:28.373+0000] {manager.py:997} INFO - 
================================================================================
DAG File Processing Stats

File Path                                            PID    Runtime      # DAGs    # Errors  Last Runtime    Last Run               Last # of DB Queries
---------------------------------------------------  -----  ---------  --------  ----------  --------------  -------------------  ----------------------
/opt/airflow/dags/exemplos/example_distributed_2.py                           1           0  0.33s           2026-07-04T13:27:17                      10
/opt/airflow/dags/exemplos/example_distributed_3.py                           1           0  0.31s           2026-07-04T13:27:17                      10
/opt/airflow/dags/shopbrasil_panorama_precos.py                               1           0  0.18s           2026-07-04T13:27:16                      12
/opt/airflow/dags/exemplos/example_distributed.py                             1           0  0.18s           2026-07-04T13:27:17                      10
================================================================================
[2026-07-04T13:27:58.710+0000] {manager.py:997} INFO - 
================================================================================
DAG File Processing Stats

File Path                                            PID    Runtime      # DAGs    # Errors  Last Runtime    Last Run               Last # of DB Queries
---------------------------------------------------  -----  ---------  --------  ----------  --------------  -------------------  ----------------------
/opt/airflow/dags/shopbrasil_panorama_precos.py                               1           0  4.46s           2026-07-04T13:27:51                      12
/opt/airflow/dags/exemplos/example_distributed_3.py                           1           0  3.18s           2026-07-04T13:27:51                      10
/opt/airflow/dags/exemplos/example_distributed_2.py                           1           0  0.86s           2026-07-04T13:27:52                      10
/opt/airflow/dags/exemplos/example_distributed.py                             1           0  0.64s           2026-07-04T13:27:52                      10
================================================================================
[2026-07-04T13:28:29.077+0000] {manager.py:997} INFO - 
================================================================================
DAG File Processing Stats

File Path                                            PID    Runtime      # DAGs    # Errors  Last Runtime    Last Run               Last # of DB Queries
---------------------------------------------------  -----  ---------  --------  ----------  --------------  -------------------  ----------------------
/opt/airflow/dags/shopbrasil_panorama_precos.py                               1           0  0.33s           2026-07-04T13:28:21                      12
/opt/airflow/dags/exemplos/example_distributed.py                             1           0  0.30s           2026-07-04T13:28:23                      10
/opt/airflow/dags/exemplos/example_distributed_2.py                           1           0  0.30s           2026-07-04T13:28:23                      10
/opt/airflow/dags/exemplos/example_distributed_3.py                           1           0  0.28s           2026-07-04T13:28:21                      10
================================================================================
[2026-07-04T13:28:59.590+0000] {manager.py:997} INFO - 
================================================================================
DAG File Processing Stats

File Path                                              PID  Runtime      # DAGs    # Errors  Last Runtime    Last Run               Last # of DB Queries
---------------------------------------------------  -----  ---------  --------  ----------  --------------  -------------------  ----------------------
/opt/airflow/dags/exemplos/example_distributed_3.py                           1           0  4.50s           2026-07-04T13:28:56                      10
/opt/airflow/dags/shopbrasil_panorama_precos.py                               1           0  4.15s           2026-07-04T13:28:56                      12
/opt/airflow/dags/exemplos/example_distributed.py      534  2.28s             1           0  0.30s           2026-07-04T13:28:23                      10
/opt/airflow/dags/exemplos/example_distributed_2.py    533  2.71s             1           0  0.30s           2026-07-04T13:28:23                      10
================================================================================
[2026-07-04T13:29:30.469+0000] {manager.py:997} INFO - 
================================================================================
DAG File Processing Stats

File Path                                            PID    Runtime      # DAGs    # Errors  Last Runtime    Last Run               Last # of DB Queries
---------------------------------------------------  -----  ---------  --------  ----------  --------------  -------------------  ----------------------
/opt/airflow/dags/exemplos/example_distributed_2.py                           1           0  6.64s           2026-07-04T13:29:03                      10
/opt/airflow/dags/exemplos/example_distributed.py                             1           0  5.89s           2026-07-04T13:29:02                      10
/opt/airflow/dags/shopbrasil_panorama_precos.py                               1           0  0.25s           2026-07-04T13:29:27                      12
/opt/airflow/dags/exemplos/example_distributed_3.py                           1           0  0.25s           2026-07-04T13:29:27                      10
================================================================================
[2026-07-04T13:30:01.352+0000] {manager.py:997} INFO - 
================================================================================
DAG File Processing Stats

File Path                                            PID    Runtime      # DAGs    # Errors  Last Runtime    Last Run               Last # of DB Queries
---------------------------------------------------  -----  ---------  --------  ----------  --------------  -------------------  ----------------------
/opt/airflow/dags/shopbrasil_panorama_precos.py                               1           0  0.29s           2026-07-04T13:29:58                      12
/opt/airflow/dags/exemplos/example_distributed_3.py                           1           0  0.29s           2026-07-04T13:29:58                      10
/opt/airflow/dags/exemplos/example_distributed_2.py                           1           0  0.26s           2026-07-04T13:29:33                      10
/opt/airflow/dags/exemplos/example_distributed.py                             1           0  0.26s           2026-07-04T13:29:33                      10
================================================================================
[2026-07-04T13:30:32.062+0000] {manager.py:997} INFO - 
================================================================================
DAG File Processing Stats

File Path                                            PID    Runtime      # DAGs    # Errors  Last Runtime    Last Run               Last # of DB Queries
---------------------------------------------------  -----  ---------  --------  ----------  --------------  -------------------  ----------------------
/opt/airflow/dags/exemplos/example_distributed_2.py                           1           0  0.41s           2026-07-04T13:30:04                      10
/opt/airflow/dags/exemplos/example_distributed.py                             1           0  0.29s           2026-07-04T13:30:04                      10
/opt/airflow/dags/shopbrasil_panorama_precos.py                               1           0  0.24s           2026-07-04T13:30:29                      12
/opt/airflow/dags/exemplos/example_distributed_3.py                           1           0  0.21s           2026-07-04T13:30:29                      10
================================================================================
[2026-07-04T13:31:02.770+0000] {manager.py:997} INFO - 
================================================================================
DAG File Processing Stats

File Path                                            PID    Runtime      # DAGs    # Errors  Last Runtime    Last Run               Last # of DB Queries
---------------------------------------------------  -----  ---------  --------  ----------  --------------  -------------------  ----------------------
/opt/airflow/dags/shopbrasil_panorama_precos.py                               1           0  0.25s           2026-07-04T13:30:59                      12
/opt/airflow/dags/exemplos/example_distributed_3.py                           1           0  0.23s           2026-07-04T13:30:59                      10
/opt/airflow/dags/exemplos/example_distributed_2.py                           1           0  0.23s           2026-07-04T13:30:35                      10
/opt/airflow/dags/exemplos/example_distributed.py                             1           0  0.19s           2026-07-04T13:30:35                      10
================================================================================
[2026-07-04T13:31:14.102+0000] {manager.py:821} INFO - Searching for files in /opt/airflow/dags
[2026-07-04T13:31:14.120+0000] {manager.py:824} INFO - There are 4 files in /opt/airflow/dags
[2026-07-04T13:31:33.743+0000] {manager.py:997} INFO - 
================================================================================
DAG File Processing Stats

File Path                                            PID    Runtime      # DAGs    # Errors  Last Runtime    Last Run               Last # of DB Queries
---------------------------------------------------  -----  ---------  --------  ----------  --------------  -------------------  ----------------------
/opt/airflow/dags/shopbrasil_panorama_precos.py                               1           0  0.38s           2026-07-04T13:31:30                      12
/opt/airflow/dags/exemplos/example_distributed_3.py                           1           0  0.37s           2026-07-04T13:31:30                      10
/opt/airflow/dags/exemplos/example_distributed_2.py                           1           0  0.20s           2026-07-04T13:31:06                      10
/opt/airflow/dags/exemplos/example_distributed.py                             1           0  0.17s           2026-07-04T13:31:05                      10
================================================================================
[2026-07-04T13:32:04.355+0000] {manager.py:997} INFO - 
================================================================================
DAG File Processing Stats

File Path                                            PID    Runtime      # DAGs    # Errors  Last Runtime    Last Run               Last # of DB Queries
---------------------------------------------------  -----  ---------  --------  ----------  --------------  -------------------  ----------------------
/opt/airflow/dags/exemplos/example_distributed_2.py                           1           0  0.25s           2026-07-04T13:31:37                      10
/opt/airflow/dags/shopbrasil_panorama_precos.py                               1           0  0.25s           2026-07-04T13:32:01                      12
/opt/airflow/dags/exemplos/example_distributed_3.py                           1           0  0.24s           2026-07-04T13:32:01                      10
/opt/airflow/dags/exemplos/example_distributed.py                             1           0  0.21s           2026-07-04T13:31:37                      10
================================================================================
[2026-07-04T13:32:34.455+0000] {manager.py:997} INFO - 
================================================================================
DAG File Processing Stats

File Path                                            PID    Runtime      # DAGs    # Errors  Last Runtime    Last Run               Last # of DB Queries
---------------------------------------------------  -----  ---------  --------  ----------  --------------  -------------------  ----------------------
/opt/airflow/dags/shopbrasil_panorama_precos.py                               1           0  0.71s           2026-07-04T13:32:32                      12
/opt/airflow/dags/exemplos/example_distributed_3.py                           1           0  0.49s           2026-07-04T13:32:32                      10
/opt/airflow/dags/exemplos/example_distributed.py                             1           0  0.28s           2026-07-04T13:32:07                      10
/opt/airflow/dags/exemplos/example_distributed_2.py                           1           0  0.26s           2026-07-04T13:32:07                      10
================================================================================
[2026-07-04T13:33:05.406+0000] {manager.py:997} INFO - 
================================================================================
DAG File Processing Stats

File Path                                            PID    Runtime      # DAGs    # Errors  Last Runtime    Last Run               Last # of DB Queries
---------------------------------------------------  -----  ---------  --------  ----------  --------------  -------------------  ----------------------
/opt/airflow/dags/shopbrasil_panorama_precos.py                               1           0  0.25s           2026-07-04T13:33:03                      12
/opt/airflow/dags/exemplos/example_distributed.py                             1           0  0.24s           2026-07-04T13:32:38                      10
/opt/airflow/dags/exemplos/example_distributed_3.py                           1           0  0.22s           2026-07-04T13:33:03                      10
/opt/airflow/dags/exemplos/example_distributed_2.py                           1           0  0.20s           2026-07-04T13:32:37                      10
================================================================================
[2026-07-04T13:33:35.416+0000] {manager.py:997} INFO - 
================================================================================
DAG File Processing Stats

File Path                                            PID    Runtime      # DAGs    # Errors  Last Runtime    Last Run               Last # of DB Queries
---------------------------------------------------  -----  ---------  --------  ----------  --------------  -------------------  ----------------------
/opt/airflow/dags/exemplos/example_distributed.py                             1           0  0.45s           2026-07-04T13:33:08                      10
/opt/airflow/dags/shopbrasil_panorama_precos.py                               1           0  0.33s           2026-07-04T13:33:34                      12
/opt/airflow/dags/exemplos/example_distributed_2.py                           1           0  0.33s           2026-07-04T13:33:08                      10
/opt/airflow/dags/exemplos/example_distributed_3.py                           1           0  0.30s           2026-07-04T13:33:34                      10
================================================================================
[2026-07-04T13:34:06.019+0000] {manager.py:997} INFO - 
================================================================================
DAG File Processing Stats

File Path                                            PID    Runtime      # DAGs    # Errors  Last Runtime    Last Run               Last # of DB Queries
---------------------------------------------------  -----  ---------  --------  ----------  --------------  -------------------  ----------------------
/opt/airflow/dags/shopbrasil_panorama_precos.py                               1           0  0.24s           2026-07-04T13:34:04                      12
/opt/airflow/dags/exemplos/example_distributed_3.py                           1           0  0.22s           2026-07-04T13:34:05                      10
/opt/airflow/dags/exemplos/example_distributed_2.py                           1           0  0.21s           2026-07-04T13:33:39                      10
/opt/airflow/dags/exemplos/example_distributed.py                             1           0  0.19s           2026-07-04T13:33:39                      10
================================================================================
[2026-07-04T13:34:36.616+0000] {manager.py:997} INFO - 
================================================================================
DAG File Processing Stats

File Path                                            PID    Runtime      # DAGs    # Errors  Last Runtime    Last Run               Last # of DB Queries
---------------------------------------------------  -----  ---------  --------  ----------  --------------  -------------------  ----------------------
/opt/airflow/dags/shopbrasil_panorama_precos.py                               1           0  0.27s           2026-07-04T13:34:35                      12
/opt/airflow/dags/exemplos/example_distributed_3.py                           1           0  0.23s           2026-07-04T13:34:35                      10
/opt/airflow/dags/exemplos/example_distributed_2.py                           1           0  0.18s           2026-07-04T13:34:10                      10
/opt/airflow/dags/exemplos/example_distributed.py                             1           0  0.18s           2026-07-04T13:34:10                      10
================================================================================
[2026-07-04T13:35:06.888+0000] {manager.py:997} INFO - 
================================================================================
DAG File Processing Stats

File Path                                            PID    Runtime      # DAGs    # Errors  Last Runtime    Last Run               Last # of DB Queries
---------------------------------------------------  -----  ---------  --------  ----------  --------------  -------------------  ----------------------
/opt/airflow/dags/shopbrasil_panorama_precos.py                               1           0  0.66s           2026-07-04T13:35:06                      12
/opt/airflow/dags/exemplos/example_distributed_3.py                           1           0  0.65s           2026-07-04T13:35:06                      10
/opt/airflow/dags/exemplos/example_distributed_2.py                           1           0  0.23s           2026-07-04T13:34:40                      10
/opt/airflow/dags/exemplos/example_distributed.py                             1           0  0.20s           2026-07-04T13:34:40                      10
================================================================================
[2026-07-04T13:35:37.440+0000] {manager.py:997} INFO - 
================================================================================
DAG File Processing Stats

File Path                                              PID  Runtime      # DAGs    # Errors  Last Runtime    Last Run               Last # of DB Queries
---------------------------------------------------  -----  ---------  --------  ----------  --------------  -------------------  ----------------------
/opt/airflow/dags/shopbrasil_panorama_precos.py        659  0.03s             1           0  0.66s           2026-07-04T13:35:06                      12
/opt/airflow/dags/exemplos/example_distributed_3.py    660  0.01s             1           0  0.65s           2026-07-04T13:35:06                      10
/opt/airflow/dags/exemplos/example_distributed_2.py                           1           0  0.21s           2026-07-04T13:35:11                      10
/opt/airflow/dags/exemplos/example_distributed.py                             1           0  0.19s           2026-07-04T13:35:11                      10
================================================================================
[2026-07-04T13:36:08.359+0000] {manager.py:997} INFO - 
================================================================================
DAG File Processing Stats

File Path                                              PID  Runtime      # DAGs    # Errors  Last Runtime    Last Run               Last # of DB Queries
---------------------------------------------------  -----  ---------  --------  ----------  --------------  -------------------  ----------------------
/opt/airflow/dags/exemplos/example_distributed.py                             1           0  0.38s           2026-07-04T13:35:42                      10
/opt/airflow/dags/exemplos/example_distributed_3.py    671  0.02s             1           0  0.35s           2026-07-04T13:35:37                      10
/opt/airflow/dags/shopbrasil_panorama_precos.py        670  0.04s             1           0  0.34s           2026-07-04T13:35:37                      12
/opt/airflow/dags/exemplos/example_distributed_2.py                           1           0  0.31s           2026-07-04T13:35:42                      10
================================================================================
[2026-07-04T13:36:14.999+0000] {manager.py:821} INFO - Searching for files in /opt/airflow/dags
[2026-07-04T13:36:15.008+0000] {manager.py:824} INFO - There are 4 files in /opt/airflow/dags
[2026-07-04T13:36:39.253+0000] {manager.py:997} INFO - 
================================================================================
DAG File Processing Stats

File Path                                              PID  Runtime      # DAGs    # Errors  Last Runtime    Last Run               Last # of DB Queries
---------------------------------------------------  -----  ---------  --------  ----------  --------------  -------------------  ----------------------
/opt/airflow/dags/exemplos/example_distributed.py                             1           0  0.38s           2026-07-04T13:36:13                      10
/opt/airflow/dags/exemplos/example_distributed_2.py                           1           0  0.36s           2026-07-04T13:36:12                      10
/opt/airflow/dags/exemplos/example_distributed_3.py    682  0.01s             1           0  0.31s           2026-07-04T13:36:08                      10
/opt/airflow/dags/shopbrasil_panorama_precos.py        681  0.02s             1           0  0.28s           2026-07-04T13:36:08                      12
================================================================================
[2026-07-04T13:37:10.178+0000] {manager.py:997} INFO - 
================================================================================
DAG File Processing Stats

File Path                                              PID  Runtime      # DAGs    # Errors  Last Runtime    Last Run               Last # of DB Queries
---------------------------------------------------  -----  ---------  --------  ----------  --------------  -------------------  ----------------------
/opt/airflow/dags/exemplos/example_distributed.py                             1           0  0.29s           2026-07-04T13:36:43                      10
/opt/airflow/dags/exemplos/example_distributed_2.py                           1           0  0.29s           2026-07-04T13:36:43                      10
/opt/airflow/dags/shopbrasil_panorama_precos.py        692  0.06s             1           0  0.27s           2026-07-04T13:36:39                      12
/opt/airflow/dags/exemplos/example_distributed_3.py    693  0.03s             1           0  0.25s           2026-07-04T13:36:39                      10
================================================================================
[2026-07-04T13:37:40.870+0000] {manager.py:997} INFO - 
================================================================================
DAG File Processing Stats

File Path                                              PID  Runtime      # DAGs    # Errors  Last Runtime    Last Run               Last # of DB Queries
---------------------------------------------------  -----  ---------  --------  ----------  --------------  -------------------  ----------------------
/opt/airflow/dags/shopbrasil_panorama_precos.py        703  0.06s             1           0  0.39s           2026-07-04T13:37:10                      12
/opt/airflow/dags/exemplos/example_distributed_2.py                           1           0  0.36s           2026-07-04T13:37:14                      10
/opt/airflow/dags/exemplos/example_distributed_3.py    704  0.03s             1           0  0.35s           2026-07-04T13:37:10                      10
/opt/airflow/dags/exemplos/example_distributed.py                             1           0  0.32s           2026-07-04T13:37:14                      10
================================================================================
[2026-07-04T13:38:10.887+0000] {manager.py:997} INFO - 
================================================================================
DAG File Processing Stats

File Path                                            PID    Runtime      # DAGs    # Errors  Last Runtime    Last Run               Last # of DB Queries
---------------------------------------------------  -----  ---------  --------  ----------  --------------  -------------------  ----------------------
/opt/airflow/dags/shopbrasil_panorama_precos.py                               1           0  0.42s           2026-07-04T13:37:41                      12
/opt/airflow/dags/exemplos/example_distributed_2.py                           1           0  0.37s           2026-07-04T13:37:45                      10
/opt/airflow/dags/exemplos/example_distributed_3.py                           1           0  0.37s           2026-07-04T13:37:41                      10
/opt/airflow/dags/exemplos/example_distributed.py                             1           0  0.30s           2026-07-04T13:37:45                      10
================================================================================
[2026-07-04T13:38:41.840+0000] {manager.py:997} INFO - 
================================================================================
DAG File Processing Stats

File Path                                            PID    Runtime      # DAGs    # Errors  Last Runtime    Last Run               Last # of DB Queries
---------------------------------------------------  -----  ---------  --------  ----------  --------------  -------------------  ----------------------
/opt/airflow/dags/exemplos/example_distributed_2.py                           1           0  0.34s           2026-07-04T13:38:16                      10
/opt/airflow/dags/shopbrasil_panorama_precos.py                               1           0  0.31s           2026-07-04T13:38:12                      12
/opt/airflow/dags/exemplos/example_distributed.py                             1           0  0.29s           2026-07-04T13:38:16                      10
/opt/airflow/dags/exemplos/example_distributed_3.py                           1           0  0.27s           2026-07-04T13:38:12                      10
================================================================================
[2026-07-04T13:39:11.930+0000] {manager.py:997} INFO - 
================================================================================
DAG File Processing Stats

File Path                                            PID    Runtime      # DAGs    # Errors  Last Runtime    Last Run               Last # of DB Queries
---------------------------------------------------  -----  ---------  --------  ----------  --------------  -------------------  ----------------------
/opt/airflow/dags/shopbrasil_panorama_precos.py                               1           0  0.62s           2026-07-04T13:38:43                      12
/opt/airflow/dags/exemplos/example_distributed_3.py                           1           0  0.37s           2026-07-04T13:38:43                      10
/opt/airflow/dags/exemplos/example_distributed_2.py                           1           0  0.27s           2026-07-04T13:38:47                      10
/opt/airflow/dags/exemplos/example_distributed.py                             1           0  0.24s           2026-07-04T13:38:47                      10
================================================================================
[2026-07-04T13:39:42.582+0000] {manager.py:997} INFO - 
================================================================================
DAG File Processing Stats

File Path                                            PID    Runtime      # DAGs    # Errors  Last Runtime    Last Run               Last # of DB Queries
---------------------------------------------------  -----  ---------  --------  ----------  --------------  -------------------  ----------------------
/opt/airflow/dags/exemplos/example_distributed_2.py                           1           0  0.32s           2026-07-04T13:39:18                      10
/opt/airflow/dags/shopbrasil_panorama_precos.py                               1           0  0.28s           2026-07-04T13:39:14                      12
/opt/airflow/dags/exemplos/example_distributed_3.py                           1           0  0.26s           2026-07-04T13:39:14                      10
/opt/airflow/dags/exemplos/example_distributed.py                             1           0  0.26s           2026-07-04T13:39:18                      10
================================================================================
[2026-07-04T13:40:12.626+0000] {manager.py:997} INFO - 
================================================================================
DAG File Processing Stats

File Path                                            PID    Runtime      # DAGs    # Errors  Last Runtime    Last Run               Last # of DB Queries
---------------------------------------------------  -----  ---------  --------  ----------  --------------  -------------------  ----------------------
/opt/airflow/dags/exemplos/example_distributed.py                             1           0  0.52s           2026-07-04T13:39:49                      10
/opt/airflow/dags/shopbrasil_panorama_precos.py                               1           0  0.46s           2026-07-04T13:39:45                      12
/opt/airflow/dags/exemplos/example_distributed_3.py                           1           0  0.38s           2026-07-04T13:39:44                      10
/opt/airflow/dags/exemplos/example_distributed_2.py                           1           0  0.36s           2026-07-04T13:39:49                      10
================================================================================
[2026-07-04T13:40:42.636+0000] {manager.py:997} INFO - 
================================================================================
DAG File Processing Stats

File Path                                            PID    Runtime      # DAGs    # Errors  Last Runtime    Last Run               Last # of DB Queries
---------------------------------------------------  -----  ---------  --------  ----------  --------------  -------------------  ----------------------
/opt/airflow/dags/shopbrasil_panorama_precos.py                               1           0  0.38s           2026-07-04T13:40:16                      12
/opt/airflow/dags/exemplos/example_distributed_3.py                           1           0  0.38s           2026-07-04T13:40:16                      10
/opt/airflow/dags/exemplos/example_distributed.py                             1           0  0.32s           2026-07-04T13:40:20                      10
/opt/airflow/dags/exemplos/example_distributed_2.py                           1           0  0.23s           2026-07-04T13:40:20                      10
================================================================================
[2026-07-04T13:41:12.960+0000] {manager.py:997} INFO - 
================================================================================
DAG File Processing Stats

File Path                                            PID    Runtime      # DAGs    # Errors  Last Runtime    Last Run               Last # of DB Queries
---------------------------------------------------  -----  ---------  --------  ----------  --------------  -------------------  ----------------------
/opt/airflow/dags/shopbrasil_panorama_precos.py                               1           0  0.56s           2026-07-04T13:40:47                      12
/opt/airflow/dags/exemplos/example_distributed_3.py                           1           0  0.54s           2026-07-04T13:40:47                      10
/opt/airflow/dags/exemplos/example_distributed_2.py                           1           0  0.51s           2026-07-04T13:40:51                      10
/opt/airflow/dags/exemplos/example_distributed.py                             1           0  0.48s           2026-07-04T13:40:51                      10
================================================================================
[2026-07-04T13:41:15.427+0000] {manager.py:821} INFO - Searching for files in /opt/airflow/dags
[2026-07-04T13:41:15.436+0000] {manager.py:824} INFO - There are 4 files in /opt/airflow/dags
[2026-07-04T13:41:43.117+0000] {manager.py:997} INFO - 
================================================================================
DAG File Processing Stats

File Path                                            PID    Runtime      # DAGs    # Errors  Last Runtime    Last Run               Last # of DB Queries
---------------------------------------------------  -----  ---------  --------  ----------  --------------  -------------------  ----------------------
/opt/airflow/dags/exemplos/example_distributed.py                             1           0  0.22s           2026-07-04T13:41:21                      10
/opt/airflow/dags/exemplos/example_distributed_2.py                           1           0  0.21s           2026-07-04T13:41:21                      10
/opt/airflow/dags/shopbrasil_panorama_precos.py                               1           0  0.20s           2026-07-04T13:41:17                      12
/opt/airflow/dags/exemplos/example_distributed_3.py                           1           0  0.19s           2026-07-04T13:41:17                      10
================================================================================
[2026-07-04T13:42:13.810+0000] {manager.py:997} INFO - 
================================================================================
DAG File Processing Stats

File Path                                            PID    Runtime      # DAGs    # Errors  Last Runtime    Last Run               Last # of DB Queries
---------------------------------------------------  -----  ---------  --------  ----------  --------------  -------------------  ----------------------
/opt/airflow/dags/shopbrasil_panorama_precos.py                               1           0  0.26s           2026-07-04T13:41:48                      12
/opt/airflow/dags/exemplos/example_distributed_3.py                           1           0  0.21s           2026-07-04T13:41:48                      10
/opt/airflow/dags/exemplos/example_distributed_2.py                           1           0  0.20s           2026-07-04T13:41:52                      10
/opt/airflow/dags/exemplos/example_distributed.py                             1           0  0.19s           2026-07-04T13:41:52                      10
================================================================================
[2026-07-04T13:42:44.621+0000] {manager.py:997} INFO - 
================================================================================
DAG File Processing Stats

File Path                                            PID    Runtime      # DAGs    # Errors  Last Runtime    Last Run               Last # of DB Queries
---------------------------------------------------  -----  ---------  --------  ----------  --------------  -------------------  ----------------------
/opt/airflow/dags/exemplos/example_distributed.py                             1           0  0.31s           2026-07-04T13:42:23                      10
/opt/airflow/dags/exemplos/example_distributed_2.py                           1           0  0.29s           2026-07-04T13:42:23                      10
/opt/airflow/dags/exemplos/example_distributed_3.py                           1           0  0.25s           2026-07-04T13:42:19                      10
/opt/airflow/dags/shopbrasil_panorama_precos.py                               1           0  0.23s           2026-07-04T13:42:19                      12
================================================================================
[2026-07-04T13:43:14.627+0000] {manager.py:997} INFO - 
================================================================================
DAG File Processing Stats

File Path                                            PID    Runtime      # DAGs    # Errors  Last Runtime    Last Run               Last # of DB Queries
---------------------------------------------------  -----  ---------  --------  ----------  --------------  -------------------  ----------------------
/opt/airflow/dags/shopbrasil_panorama_precos.py                               1           0  0.59s           2026-07-04T13:42:50                      12
/opt/airflow/dags/exemplos/example_distributed_3.py                           1           0  0.50s           2026-07-04T13:42:50                      10
/opt/airflow/dags/exemplos/example_distributed.py                             1           0  0.22s           2026-07-04T13:42:54                      10
/opt/airflow/dags/exemplos/example_distributed_2.py                           1           0  0.20s           2026-07-04T13:42:54                      10
================================================================================
[2026-07-04T13:43:45.304+0000] {manager.py:997} INFO - 
================================================================================
DAG File Processing Stats

File Path                                            PID    Runtime      # DAGs    # Errors  Last Runtime    Last Run               Last # of DB Queries
---------------------------------------------------  -----  ---------  --------  ----------  --------------  -------------------  ----------------------
/opt/airflow/dags/exemplos/example_distributed.py                             1           0  0.25s           2026-07-04T13:43:25                      10
/opt/airflow/dags/exemplos/example_distributed_3.py                           1           0  0.24s           2026-07-04T13:43:20                      10
/opt/airflow/dags/shopbrasil_panorama_precos.py                               1           0  0.22s           2026-07-04T13:43:20                      12
/opt/airflow/dags/exemplos/example_distributed_2.py                           1           0  0.21s           2026-07-04T13:43:25                      10
================================================================================
[2026-07-04T13:44:16.090+0000] {manager.py:997} INFO - 
================================================================================
DAG File Processing Stats

File Path                                            PID    Runtime      # DAGs    # Errors  Last Runtime    Last Run               Last # of DB Queries
---------------------------------------------------  -----  ---------  --------  ----------  --------------  -------------------  ----------------------
/opt/airflow/dags/shopbrasil_panorama_precos.py                               1           0  0.32s           2026-07-04T13:43:51                      12
/opt/airflow/dags/exemplos/example_distributed_2.py                           1           0  0.28s           2026-07-04T13:43:55                      10
/opt/airflow/dags/exemplos/example_distributed_3.py                           1           0  0.25s           2026-07-04T13:43:51                      10
/opt/airflow/dags/exemplos/example_distributed.py                             1           0  0.25s           2026-07-04T13:43:55                      10
================================================================================
[2026-07-04T13:44:46.853+0000] {manager.py:997} INFO - 
================================================================================
DAG File Processing Stats

File Path                                            PID    Runtime      # DAGs    # Errors  Last Runtime    Last Run               Last # of DB Queries
---------------------------------------------------  -----  ---------  --------  ----------  --------------  -------------------  ----------------------
/opt/airflow/dags/exemplos/example_distributed_3.py                           1           0  0.30s           2026-07-04T13:44:22                      10
/opt/airflow/dags/shopbrasil_panorama_precos.py                               1           0  0.28s           2026-07-04T13:44:22                      12
/opt/airflow/dags/exemplos/example_distributed.py                             1           0  0.27s           2026-07-04T13:44:26                      10
/opt/airflow/dags/exemplos/example_distributed_2.py                           1           0  0.24s           2026-07-04T13:44:26                      10
================================================================================
[2026-07-04T13:45:17.410+0000] {manager.py:997} INFO - 
================================================================================
DAG File Processing Stats

File Path                                            PID    Runtime      # DAGs    # Errors  Last Runtime    Last Run               Last # of DB Queries
---------------------------------------------------  -----  ---------  --------  ----------  --------------  -------------------  ----------------------
/opt/airflow/dags/exemplos/example_distributed_2.py                           1           0  0.37s           2026-07-04T13:44:57                      10
/opt/airflow/dags/exemplos/example_distributed.py                             1           0  0.37s           2026-07-04T13:44:57                      10
/opt/airflow/dags/shopbrasil_panorama_precos.py                               1           0  0.33s           2026-07-04T13:44:53                      12
/opt/airflow/dags/exemplos/example_distributed_3.py                           1           0  0.29s           2026-07-04T13:44:53                      10
================================================================================
[2026-07-04T13:45:47.922+0000] {manager.py:997} INFO - 
================================================================================
DAG File Processing Stats

File Path                                            PID    Runtime      # DAGs    # Errors  Last Runtime    Last Run               Last # of DB Queries
---------------------------------------------------  -----  ---------  --------  ----------  --------------  -------------------  ----------------------
/opt/airflow/dags/shopbrasil_panorama_precos.py                               1           0  0.23s           2026-07-04T13:45:23                      12
/opt/airflow/dags/exemplos/example_distributed_3.py                           1           0  0.23s           2026-07-04T13:45:23                      10
/opt/airflow/dags/exemplos/example_distributed_2.py                           1           0  0.21s           2026-07-04T13:45:27                      10
/opt/airflow/dags/exemplos/example_distributed.py                             1           0  0.20s           2026-07-04T13:45:27                      10
================================================================================
[2026-07-04T13:46:15.523+0000] {manager.py:821} INFO - Searching for files in /opt/airflow/dags
[2026-07-04T13:46:15.532+0000] {manager.py:824} INFO - There are 4 files in /opt/airflow/dags
[2026-07-04T13:46:18.403+0000] {manager.py:997} INFO - 
================================================================================
DAG File Processing Stats

File Path                                            PID    Runtime      # DAGs    # Errors  Last Runtime    Last Run               Last # of DB Queries
---------------------------------------------------  -----  ---------  --------  ----------  --------------  -------------------  ----------------------
/opt/airflow/dags/exemplos/example_distributed_2.py                           1           0  0.20s           2026-07-04T13:45:58                      10
/opt/airflow/dags/shopbrasil_panorama_precos.py                               1           0  0.19s           2026-07-04T13:45:54                      12
/opt/airflow/dags/exemplos/example_distributed_3.py                           1           0  0.19s           2026-07-04T13:45:54                      10
/opt/airflow/dags/exemplos/example_distributed.py                             1           0  0.18s           2026-07-04T13:45:58                      10
================================================================================
[2026-07-04T13:46:49.060+0000] {manager.py:997} INFO - 
================================================================================
DAG File Processing Stats

File Path                                            PID    Runtime      # DAGs    # Errors  Last Runtime    Last Run               Last # of DB Queries
---------------------------------------------------  -----  ---------  --------  ----------  --------------  -------------------  ----------------------
/opt/airflow/dags/shopbrasil_panorama_precos.py                               1           0  0.26s           2026-07-04T13:46:24                      12
/opt/airflow/dags/exemplos/example_distributed_3.py                           1           0  0.21s           2026-07-04T13:46:24                      10
/opt/airflow/dags/exemplos/example_distributed_2.py                           1           0  0.21s           2026-07-04T13:46:28                      10
/opt/airflow/dags/exemplos/example_distributed.py                             1           0  0.19s           2026-07-04T13:46:28                      10
================================================================================
[2026-07-04T13:47:19.790+0000] {manager.py:997} INFO - 
================================================================================
DAG File Processing Stats

File Path                                            PID    Runtime      # DAGs    # Errors  Last Runtime    Last Run               Last # of DB Queries
---------------------------------------------------  -----  ---------  --------  ----------  --------------  -------------------  ----------------------
/opt/airflow/dags/exemplos/example_distributed_3.py                           1           0  0.28s           2026-07-04T13:46:55                      10
/opt/airflow/dags/shopbrasil_panorama_precos.py                               1           0  0.28s           2026-07-04T13:46:55                      12
/opt/airflow/dags/exemplos/example_distributed.py                             1           0  0.23s           2026-07-04T13:46:59                      10
/opt/airflow/dags/exemplos/example_distributed_2.py                           1           0  0.19s           2026-07-04T13:46:59                      10
================================================================================
[2026-07-04T13:47:50.132+0000] {manager.py:997} INFO - 
================================================================================
DAG File Processing Stats

File Path                                            PID    Runtime      # DAGs    # Errors  Last Runtime    Last Run               Last # of DB Queries
---------------------------------------------------  -----  ---------  --------  ----------  --------------  -------------------  ----------------------
/opt/airflow/dags/exemplos/example_distributed_2.py                           1           0  3.19s           2026-07-04T13:47:33                      10
/opt/airflow/dags/exemplos/example_distributed.py                             1           0  3.14s           2026-07-04T13:47:33                      10
/opt/airflow/dags/shopbrasil_panorama_precos.py                               1           0  0.30s           2026-07-04T13:47:26                      12
/opt/airflow/dags/exemplos/example_distributed_3.py                           1           0  0.29s           2026-07-04T13:47:26                      10
================================================================================
[2026-07-04T13:48:20.752+0000] {manager.py:997} INFO - 
================================================================================
DAG File Processing Stats

File Path                                            PID    Runtime      # DAGs    # Errors  Last Runtime    Last Run               Last # of DB Queries
---------------------------------------------------  -----  ---------  --------  ----------  --------------  -------------------  ----------------------
/opt/airflow/dags/shopbrasil_panorama_precos.py                               1           0  0.25s           2026-07-04T13:47:56                      12
/opt/airflow/dags/exemplos/example_distributed_3.py                           1           0  0.20s           2026-07-04T13:47:56                      10
/opt/airflow/dags/exemplos/example_distributed_2.py                           1           0  0.17s           2026-07-04T13:48:03                      10
/opt/airflow/dags/exemplos/example_distributed.py                             1           0  0.17s           2026-07-04T13:48:03                      10
================================================================================
[2026-07-04T13:48:51.659+0000] {manager.py:997} INFO - 
================================================================================
DAG File Processing Stats

File Path                                            PID    Runtime      # DAGs    # Errors  Last Runtime    Last Run               Last # of DB Queries
---------------------------------------------------  -----  ---------  --------  ----------  --------------  -------------------  ----------------------
/opt/airflow/dags/shopbrasil_panorama_precos.py                               1           0  0.39s           2026-07-04T13:48:27                      12
/opt/airflow/dags/exemplos/example_distributed_3.py                           1           0  0.35s           2026-07-04T13:48:27                      10
/opt/airflow/dags/exemplos/example_distributed_2.py                           1           0  0.17s           2026-07-04T13:48:34                      10
/opt/airflow/dags/exemplos/example_distributed.py                             1           0  0.17s           2026-07-04T13:48:34                      10
================================================================================
[2026-07-04T13:49:22.138+0000] {manager.py:997} INFO - 
================================================================================
DAG File Processing Stats

File Path                                            PID    Runtime      # DAGs    # Errors  Last Runtime    Last Run               Last # of DB Queries
---------------------------------------------------  -----  ---------  --------  ----------  --------------  -------------------  ----------------------
/opt/airflow/dags/shopbrasil_panorama_precos.py                               1           0  0.21s           2026-07-04T13:48:57                      12
/opt/airflow/dags/exemplos/example_distributed.py                             1           0  0.21s           2026-07-04T13:49:05                      10
/opt/airflow/dags/exemplos/example_distributed_3.py                           1           0  0.20s           2026-07-04T13:48:57                      10
/opt/airflow/dags/exemplos/example_distributed_2.py                           1           0  0.19s           2026-07-04T13:49:05                      10
================================================================================
[2026-07-04T13:49:52.671+0000] {manager.py:997} INFO - 
================================================================================
DAG File Processing Stats

File Path                                            PID    Runtime      # DAGs    # Errors  Last Runtime    Last Run               Last # of DB Queries
---------------------------------------------------  -----  ---------  --------  ----------  --------------  -------------------  ----------------------
/opt/airflow/dags/exemplos/example_distributed_2.py                           1           0  0.27s           2026-07-04T13:49:35                      10
/opt/airflow/dags/exemplos/example_distributed_3.py                           1           0  0.26s           2026-07-04T13:49:28                      10
/opt/airflow/dags/exemplos/example_distributed.py                             1           0  0.26s           2026-07-04T13:49:35                      10
/opt/airflow/dags/shopbrasil_panorama_precos.py                               1           0  0.26s           2026-07-04T13:49:28                      12
================================================================================
[2026-07-04T13:50:23.444+0000] {manager.py:997} INFO - 
================================================================================
DAG File Processing Stats

File Path                                            PID    Runtime      # DAGs    # Errors  Last Runtime    Last Run               Last # of DB Queries
---------------------------------------------------  -----  ---------  --------  ----------  --------------  -------------------  ----------------------
/opt/airflow/dags/exemplos/example_distributed_2.py                           1           0  0.25s           2026-07-04T13:50:06                      10
/opt/airflow/dags/shopbrasil_panorama_precos.py                               1           0  0.24s           2026-07-04T13:49:58                      12
/opt/airflow/dags/exemplos/example_distributed_3.py                           1           0  0.22s           2026-07-04T13:49:58                      10
/opt/airflow/dags/exemplos/example_distributed.py                             1           0  0.22s           2026-07-04T13:50:06                      10
================================================================================
[2026-07-04T13:50:54.153+0000] {manager.py:997} INFO - 
================================================================================
DAG File Processing Stats

File Path                                            PID    Runtime      # DAGs    # Errors  Last Runtime    Last Run               Last # of DB Queries
---------------------------------------------------  -----  ---------  --------  ----------  --------------  -------------------  ----------------------
/opt/airflow/dags/shopbrasil_panorama_precos.py                               1           0  0.27s           2026-07-04T13:50:29                      12
/opt/airflow/dags/exemplos/example_distributed_3.py                           1           0  0.23s           2026-07-04T13:50:29                      10
/opt/airflow/dags/exemplos/example_distributed_2.py                           1           0  0.22s           2026-07-04T13:50:37                      10
/opt/airflow/dags/exemplos/example_distributed.py                             1           0  0.19s           2026-07-04T13:50:37                      10
================================================================================
[2026-07-04T13:51:15.736+0000] {manager.py:821} INFO - Searching for files in /opt/airflow/dags
[2026-07-04T13:51:15.742+0000] {manager.py:824} INFO - There are 4 files in /opt/airflow/dags
[2026-07-04T13:51:24.823+0000] {manager.py:997} INFO - 
================================================================================
DAG File Processing Stats

File Path                                            PID    Runtime      # DAGs    # Errors  Last Runtime    Last Run               Last # of DB Queries
---------------------------------------------------  -----  ---------  --------  ----------  --------------  -------------------  ----------------------
/opt/airflow/dags/exemplos/example_distributed_3.py                           1           0  0.26s           2026-07-04T13:51:00                      10
/opt/airflow/dags/shopbrasil_panorama_precos.py                               1           0  0.22s           2026-07-04T13:51:00                      12
/opt/airflow/dags/exemplos/example_distributed.py                             1           0  0.21s           2026-07-04T13:51:07                      10
/opt/airflow/dags/exemplos/example_distributed_2.py                           1           0  0.20s           2026-07-04T13:51:07                      10
================================================================================
[2026-07-04T13:51:55.328+0000] {manager.py:997} INFO - 
================================================================================
DAG File Processing Stats

File Path                                            PID    Runtime      # DAGs    # Errors  Last Runtime    Last Run               Last # of DB Queries
---------------------------------------------------  -----  ---------  --------  ----------  --------------  -------------------  ----------------------
/opt/airflow/dags/exemplos/example_distributed_2.py                           1           0  0.20s           2026-07-04T13:51:38                      10
/opt/airflow/dags/exemplos/example_distributed_3.py                           1           0  0.19s           2026-07-04T13:51:31                      10
/opt/airflow/dags/shopbrasil_panorama_precos.py                               1           0  0.19s           2026-07-04T13:51:31                      12
/opt/airflow/dags/exemplos/example_distributed.py                             1           0  0.19s           2026-07-04T13:51:38                      10
================================================================================
[2026-07-04T13:52:25.968+0000] {manager.py:997} INFO - 
================================================================================
DAG File Processing Stats

File Path                                            PID    Runtime      # DAGs    # Errors  Last Runtime    Last Run               Last # of DB Queries
---------------------------------------------------  -----  ---------  --------  ----------  --------------  -------------------  ----------------------
/opt/airflow/dags/exemplos/example_distributed_3.py                           1           0  0.24s           2026-07-04T13:52:01                      10
/opt/airflow/dags/exemplos/example_distributed.py                             1           0  0.20s           2026-07-04T13:52:08                      10
/opt/airflow/dags/shopbrasil_panorama_precos.py                               1           0  0.19s           2026-07-04T13:52:01                      12
/opt/airflow/dags/exemplos/example_distributed_2.py                           1           0  0.17s           2026-07-04T13:52:08                      10
================================================================================
[2026-07-04T13:52:56.672+0000] {manager.py:997} INFO - 
================================================================================
DAG File Processing Stats

File Path                                            PID    Runtime      # DAGs    # Errors  Last Runtime    Last Run               Last # of DB Queries
---------------------------------------------------  -----  ---------  --------  ----------  --------------  -------------------  ----------------------
/opt/airflow/dags/shopbrasil_panorama_precos.py                               1           0  0.28s           2026-07-04T13:52:32                      12
/opt/airflow/dags/exemplos/example_distributed_3.py                           1           0  0.26s           2026-07-04T13:52:32                      10
/opt/airflow/dags/exemplos/example_distributed_2.py                           1           0  0.17s           2026-07-04T13:52:39                      10
/opt/airflow/dags/exemplos/example_distributed.py                             1           0  0.15s           2026-07-04T13:52:39                      10
================================================================================
[2026-07-04T13:53:27.288+0000] {manager.py:997} INFO - 
================================================================================
DAG File Processing Stats

File Path                                            PID    Runtime      # DAGs    # Errors  Last Runtime    Last Run               Last # of DB Queries
---------------------------------------------------  -----  ---------  --------  ----------  --------------  -------------------  ----------------------
/opt/airflow/dags/exemplos/example_distributed_3.py                           1           0  0.23s           2026-07-04T13:53:02                      10
/opt/airflow/dags/exemplos/example_distributed.py                             1           0  0.20s           2026-07-04T13:53:10                      10
/opt/airflow/dags/shopbrasil_panorama_precos.py                               1           0  0.19s           2026-07-04T13:53:02                      12
/opt/airflow/dags/exemplos/example_distributed_2.py                           1           0  0.17s           2026-07-04T13:53:10                      10
================================================================================
[2026-07-04T13:53:57.856+0000] {manager.py:997} INFO - 
================================================================================
DAG File Processing Stats

File Path                                            PID    Runtime      # DAGs    # Errors  Last Runtime    Last Run               Last # of DB Queries
---------------------------------------------------  -----  ---------  --------  ----------  --------------  -------------------  ----------------------
/opt/airflow/dags/shopbrasil_panorama_precos.py                               1           0  0.28s           2026-07-04T13:53:33                      12
/opt/airflow/dags/exemplos/example_distributed.py                             1           0  0.25s           2026-07-04T13:53:40                      10
/opt/airflow/dags/exemplos/example_distributed_3.py                           1           0  0.25s           2026-07-04T13:53:33                      10
/opt/airflow/dags/exemplos/example_distributed_2.py                           1           0  0.23s           2026-07-04T13:53:40                      10
================================================================================
[2026-07-04T13:54:28.661+0000] {manager.py:997} INFO - 
================================================================================
DAG File Processing Stats

File Path                                            PID    Runtime      # DAGs    # Errors  Last Runtime    Last Run               Last # of DB Queries
---------------------------------------------------  -----  ---------  --------  ----------  --------------  -------------------  ----------------------
/opt/airflow/dags/shopbrasil_panorama_precos.py                               1           0  0.30s           2026-07-04T13:54:04                      12
/opt/airflow/dags/exemplos/example_distributed_3.py                           1           0  0.29s           2026-07-04T13:54:04                      10
/opt/airflow/dags/exemplos/example_distributed_2.py                           1           0  0.23s           2026-07-04T13:54:11                      10
/opt/airflow/dags/exemplos/example_distributed.py                             1           0  0.20s           2026-07-04T13:54:11                      10
================================================================================
[2026-07-04T13:54:59.171+0000] {manager.py:997} INFO - 
================================================================================
DAG File Processing Stats

File Path                                            PID    Runtime      # DAGs    # Errors  Last Runtime    Last Run               Last # of DB Queries
---------------------------------------------------  -----  ---------  --------  ----------  --------------  -------------------  ----------------------
/opt/airflow/dags/shopbrasil_panorama_precos.py                               1           0  0.26s           2026-07-04T13:54:34                      12
/opt/airflow/dags/exemplos/example_distributed_3.py                           1           0  0.24s           2026-07-04T13:54:34                      10
/opt/airflow/dags/exemplos/example_distributed_2.py                           1           0  0.20s           2026-07-04T13:54:42                      10
/opt/airflow/dags/exemplos/example_distributed.py                             1           0  0.18s           2026-07-04T13:54:42                      10
================================================================================
[2026-07-04T13:55:29.387+0000] {manager.py:997} INFO - 
================================================================================
DAG File Processing Stats

File Path                                            PID    Runtime      # DAGs    # Errors  Last Runtime    Last Run               Last # of DB Queries
---------------------------------------------------  -----  ---------  --------  ----------  --------------  -------------------  ----------------------
/opt/airflow/dags/exemplos/example_distributed_2.py                           1           0  0.66s           2026-07-04T13:55:13                      10
/opt/airflow/dags/exemplos/example_distributed_3.py                           1           0  0.36s           2026-07-04T13:55:05                      10
/opt/airflow/dags/exemplos/example_distributed.py                             1           0  0.35s           2026-07-04T13:55:12                      10
/opt/airflow/dags/shopbrasil_panorama_precos.py                               1           0  0.30s           2026-07-04T13:55:05                      12
================================================================================
[2026-07-04T13:55:59.550+0000] {manager.py:997} INFO - 
================================================================================
DAG File Processing Stats

File Path                                            PID    Runtime      # DAGs    # Errors  Last Runtime    Last Run               Last # of DB Queries
---------------------------------------------------  -----  ---------  --------  ----------  --------------  -------------------  ----------------------
/opt/airflow/dags/shopbrasil_panorama_precos.py                               1           0  0.26s           2026-07-04T13:55:36                      12
/opt/airflow/dags/exemplos/example_distributed_3.py                           1           0  0.26s           2026-07-04T13:55:36                      10
/opt/airflow/dags/exemplos/example_distributed.py                             1           0  0.19s           2026-07-04T13:55:43                      10
/opt/airflow/dags/exemplos/example_distributed_2.py                           1           0  0.18s           2026-07-04T13:55:43                      10
================================================================================
[2026-07-04T13:56:15.771+0000] {manager.py:821} INFO - Searching for files in /opt/airflow/dags
[2026-07-04T13:56:15.784+0000] {manager.py:824} INFO - There are 4 files in /opt/airflow/dags
[2026-07-04T13:56:29.599+0000] {manager.py:997} INFO - 
================================================================================
DAG File Processing Stats

File Path                                            PID    Runtime      # DAGs    # Errors  Last Runtime    Last Run               Last # of DB Queries
---------------------------------------------------  -----  ---------  --------  ----------  --------------  -------------------  ----------------------
/opt/airflow/dags/exemplos/example_distributed_2.py                           1           0  0.74s           2026-07-04T13:56:14                      10
/opt/airflow/dags/exemplos/example_distributed_3.py                           1           0  0.55s           2026-07-04T13:56:07                      10
/opt/airflow/dags/exemplos/example_distributed.py                             1           0  0.45s           2026-07-04T13:56:14                      10
/opt/airflow/dags/shopbrasil_panorama_precos.py                               1           0  0.35s           2026-07-04T13:56:06                      12
================================================================================
[2026-07-04T13:57:00.409+0000] {manager.py:997} INFO - 
================================================================================
DAG File Processing Stats

File Path                                            PID    Runtime      # DAGs    # Errors  Last Runtime    Last Run               Last # of DB Queries
---------------------------------------------------  -----  ---------  --------  ----------  --------------  -------------------  ----------------------
/opt/airflow/dags/shopbrasil_panorama_precos.py                               1           0  0.36s           2026-07-04T13:56:38                      12
/opt/airflow/dags/exemplos/example_distributed_2.py                           1           0  0.34s           2026-07-04T13:56:45                      10
/opt/airflow/dags/exemplos/example_distributed.py                             1           0  0.30s           2026-07-04T13:56:45                      10
/opt/airflow/dags/exemplos/example_distributed_3.py                           1           0  0.26s           2026-07-04T13:56:37                      10
================================================================================
[2026-07-04T13:57:31.228+0000] {manager.py:997} INFO - 
================================================================================
DAG File Processing Stats

File Path                                            PID    Runtime      # DAGs    # Errors  Last Runtime    Last Run               Last # of DB Queries
---------------------------------------------------  -----  ---------  --------  ----------  --------------  -------------------  ----------------------
/opt/airflow/dags/exemplos/example_distributed.py                             1           0  0.33s           2026-07-04T13:57:16                      10
/opt/airflow/dags/exemplos/example_distributed_2.py                           1           0  0.32s           2026-07-04T13:57:16                      10
/opt/airflow/dags/shopbrasil_panorama_precos.py                               1           0  0.28s           2026-07-04T13:57:08                      12
/opt/airflow/dags/exemplos/example_distributed_3.py                           1           0  0.24s           2026-07-04T13:57:08                      10
================================================================================
[2026-07-04T13:58:02.046+0000] {manager.py:997} INFO - 
================================================================================
DAG File Processing Stats

File Path                                            PID    Runtime      # DAGs    # Errors  Last Runtime    Last Run               Last # of DB Queries
---------------------------------------------------  -----  ---------  --------  ----------  --------------  -------------------  ----------------------
/opt/airflow/dags/exemplos/example_distributed_3.py                           1           0  0.39s           2026-07-04T13:57:39                      10
/opt/airflow/dags/shopbrasil_panorama_precos.py                               1           0  0.30s           2026-07-04T13:57:39                      12
/opt/airflow/dags/exemplos/example_distributed_2.py                           1           0  0.26s           2026-07-04T13:57:46                      10
/opt/airflow/dags/exemplos/example_distributed.py                             1           0  0.25s           2026-07-04T13:57:46                      10
================================================================================
[2026-07-04T13:58:32.628+0000] {manager.py:997} INFO - 
================================================================================
DAG File Processing Stats

File Path                                            PID    Runtime      # DAGs    # Errors  Last Runtime    Last Run               Last # of DB Queries
---------------------------------------------------  -----  ---------  --------  ----------  --------------  -------------------  ----------------------
/opt/airflow/dags/exemplos/example_distributed_2.py                           1           0  0.40s           2026-07-04T13:58:17                      10
/opt/airflow/dags/exemplos/example_distributed.py                             1           0  0.37s           2026-07-04T13:58:17                      10
/opt/airflow/dags/shopbrasil_panorama_precos.py                               1           0  0.29s           2026-07-04T13:58:10                      12
/opt/airflow/dags/exemplos/example_distributed_3.py                           1           0  0.27s           2026-07-04T13:58:10                      10
================================================================================
[2026-07-04T13:59:03.482+0000] {manager.py:997} INFO - 
================================================================================
DAG File Processing Stats

File Path                                            PID    Runtime      # DAGs    # Errors  Last Runtime    Last Run               Last # of DB Queries
---------------------------------------------------  -----  ---------  --------  ----------  --------------  -------------------  ----------------------
/opt/airflow/dags/shopbrasil_panorama_precos.py                               1           0  0.39s           2026-07-04T13:58:41                      12
/opt/airflow/dags/exemplos/example_distributed_2.py                           1           0  0.32s           2026-07-04T13:58:48                      10
/opt/airflow/dags/exemplos/example_distributed_3.py                           1           0  0.32s           2026-07-04T13:58:41                      10
/opt/airflow/dags/exemplos/example_distributed.py                             1           0  0.28s           2026-07-04T13:58:48                      10
================================================================================
[2026-07-04T13:59:34.303+0000] {manager.py:997} INFO - 
================================================================================
DAG File Processing Stats

File Path                                            PID    Runtime      # DAGs    # Errors  Last Runtime    Last Run               Last # of DB Queries
---------------------------------------------------  -----  ---------  --------  ----------  --------------  -------------------  ----------------------
/opt/airflow/dags/exemplos/example_distributed_3.py                           1           0  0.31s           2026-07-04T13:59:11                      10
/opt/airflow/dags/shopbrasil_panorama_precos.py                               1           0  0.30s           2026-07-04T13:59:11                      12
/opt/airflow/dags/exemplos/example_distributed_2.py                           1           0  0.26s           2026-07-04T13:59:19                      10
/opt/airflow/dags/exemplos/example_distributed.py                             1           0  0.22s           2026-07-04T13:59:19                      10
================================================================================
[2026-07-04T14:00:05.081+0000] {manager.py:997} INFO - 
================================================================================
DAG File Processing Stats

File Path                                            PID    Runtime      # DAGs    # Errors  Last Runtime    Last Run               Last # of DB Queries
---------------------------------------------------  -----  ---------  --------  ----------  --------------  -------------------  ----------------------
/opt/airflow/dags/exemplos/example_distributed_3.py                           1           0  0.31s           2026-07-04T13:59:42                      10
/opt/airflow/dags/shopbrasil_panorama_precos.py                               1           0  0.29s           2026-07-04T13:59:42                      12
/opt/airflow/dags/exemplos/example_distributed.py                             1           0  0.26s           2026-07-04T13:59:49                      10
/opt/airflow/dags/exemplos/example_distributed_2.py                           1           0  0.25s           2026-07-04T13:59:49                      10
================================================================================
[2026-07-04T14:00:35.807+0000] {manager.py:997} INFO - 
================================================================================
DAG File Processing Stats

File Path                                            PID    Runtime      # DAGs    # Errors  Last Runtime    Last Run               Last # of DB Queries
---------------------------------------------------  -----  ---------  --------  ----------  --------------  -------------------  ----------------------
/opt/airflow/dags/exemplos/example_distributed_3.py                           1           0  0.29s           2026-07-04T14:00:13                      10
/opt/airflow/dags/shopbrasil_panorama_precos.py                               1           0  0.27s           2026-07-04T14:00:13                      12
/opt/airflow/dags/exemplos/example_distributed.py                             1           0  0.21s           2026-07-04T14:00:20                      10
/opt/airflow/dags/exemplos/example_distributed_2.py                           1           0  0.21s           2026-07-04T14:00:20                      10
================================================================================
[2026-07-04T14:01:06.602+0000] {manager.py:997} INFO - 
================================================================================
DAG File Processing Stats

File Path                                            PID    Runtime      # DAGs    # Errors  Last Runtime    Last Run               Last # of DB Queries
---------------------------------------------------  -----  ---------  --------  ----------  --------------  -------------------  ----------------------
/opt/airflow/dags/exemplos/example_distributed_3.py                           1           0  0.31s           2026-07-04T14:00:44                      10
/opt/airflow/dags/shopbrasil_panorama_precos.py                               1           0  0.31s           2026-07-04T14:00:44                      12
/opt/airflow/dags/exemplos/example_distributed.py                             1           0  0.25s           2026-07-04T14:00:51                      10
/opt/airflow/dags/exemplos/example_distributed_2.py                           1           0  0.25s           2026-07-04T14:00:51                      10
================================================================================
[2026-07-04T14:01:15.939+0000] {manager.py:821} INFO - Searching for files in /opt/airflow/dags
[2026-07-04T14:01:15.946+0000] {manager.py:824} INFO - There are 4 files in /opt/airflow/dags
[2026-07-04T14:01:37.396+0000] {manager.py:997} INFO - 
================================================================================
DAG File Processing Stats

File Path                                            PID    Runtime      # DAGs    # Errors  Last Runtime    Last Run               Last # of DB Queries
---------------------------------------------------  -----  ---------  --------  ----------  --------------  -------------------  ----------------------
/opt/airflow/dags/exemplos/example_distributed_3.py                           1           0  0.35s           2026-07-04T14:01:15                      10
/opt/airflow/dags/exemplos/example_distributed_2.py                           1           0  0.29s           2026-07-04T14:01:22                      10
/opt/airflow/dags/shopbrasil_panorama_precos.py                               1           0  0.26s           2026-07-04T14:01:14                      12
/opt/airflow/dags/exemplos/example_distributed.py                             1           0  0.26s           2026-07-04T14:01:22                      10
================================================================================
[2026-07-04T14:02:08.137+0000] {manager.py:997} INFO - 
================================================================================
DAG File Processing Stats

File Path                                            PID    Runtime      # DAGs    # Errors  Last Runtime    Last Run               Last # of DB Queries
---------------------------------------------------  -----  ---------  --------  ----------  --------------  -------------------  ----------------------
/opt/airflow/dags/exemplos/example_distributed_3.py                           1           0  0.30s           2026-07-04T14:01:45                      10
/opt/airflow/dags/shopbrasil_panorama_precos.py                               1           0  0.28s           2026-07-04T14:01:45                      12
/opt/airflow/dags/exemplos/example_distributed_2.py                           1           0  0.27s           2026-07-04T14:01:53                      10
/opt/airflow/dags/exemplos/example_distributed.py                             1           0  0.22s           2026-07-04T14:01:53                      10
================================================================================
[2026-07-04T14:02:38.648+0000] {manager.py:997} INFO - 
================================================================================
DAG File Processing Stats

File Path                                            PID    Runtime      # DAGs    # Errors  Last Runtime    Last Run               Last # of DB Queries
---------------------------------------------------  -----  ---------  --------  ----------  --------------  -------------------  ----------------------
/opt/airflow/dags/exemplos/example_distributed_2.py                           1           0  0.26s           2026-07-04T14:02:23                      10
/opt/airflow/dags/exemplos/example_distributed.py                             1           0  0.25s           2026-07-04T14:02:23                      10
/opt/airflow/dags/shopbrasil_panorama_precos.py                               1           0  0.25s           2026-07-04T14:02:16                      12
/opt/airflow/dags/exemplos/example_distributed_3.py                           1           0  0.23s           2026-07-04T14:02:16                      10
================================================================================
[2026-07-04T14:03:09.366+0000] {manager.py:997} INFO - 
================================================================================
DAG File Processing Stats

File Path                                            PID    Runtime      # DAGs    # Errors  Last Runtime    Last Run               Last # of DB Queries
---------------------------------------------------  -----  ---------  --------  ----------  --------------  -------------------  ----------------------
/opt/airflow/dags/exemplos/example_distributed_3.py                           1           0  0.30s           2026-07-04T14:02:47                      10
/opt/airflow/dags/shopbrasil_panorama_precos.py                               1           0  0.27s           2026-07-04T14:02:46                      12
/opt/airflow/dags/exemplos/example_distributed_2.py                           1           0  0.20s           2026-07-04T14:02:54                      10
/opt/airflow/dags/exemplos/example_distributed.py                             1           0  0.20s           2026-07-04T14:02:54                      10
================================================================================
[2026-07-04T14:03:40.107+0000] {manager.py:997} INFO - 
================================================================================
DAG File Processing Stats

File Path                                            PID    Runtime      # DAGs    # Errors  Last Runtime    Last Run               Last # of DB Queries
---------------------------------------------------  -----  ---------  --------  ----------  --------------  -------------------  ----------------------
/opt/airflow/dags/exemplos/example_distributed_2.py                           1           0  0.29s           2026-07-04T14:03:24                      10
/opt/airflow/dags/exemplos/example_distributed.py                             1           0  0.29s           2026-07-04T14:03:25                      10
/opt/airflow/dags/shopbrasil_panorama_precos.py                               1           0  0.24s           2026-07-04T14:03:17                      12
/opt/airflow/dags/exemplos/example_distributed_3.py                           1           0  0.21s           2026-07-04T14:03:17                      10
================================================================================
[2026-07-04T14:04:10.952+0000] {manager.py:997} INFO - 
================================================================================
DAG File Processing Stats

File Path                                            PID    Runtime      # DAGs    # Errors  Last Runtime    Last Run               Last # of DB Queries
---------------------------------------------------  -----  ---------  --------  ----------  --------------  -------------------  ----------------------
/opt/airflow/dags/shopbrasil_panorama_precos.py                               1           0  0.32s           2026-07-04T14:03:48                      12
/opt/airflow/dags/exemplos/example_distributed_3.py                           1           0  0.29s           2026-07-04T14:03:48                      10
/opt/airflow/dags/exemplos/example_distributed.py                             1           0  0.28s           2026-07-04T14:03:55                      10
/opt/airflow/dags/exemplos/example_distributed_2.py                           1           0  0.28s           2026-07-04T14:03:55                      10
================================================================================
[2026-07-04T14:04:41.861+0000] {manager.py:997} INFO - 
================================================================================
DAG File Processing Stats

File Path                                            PID    Runtime      # DAGs    # Errors  Last Runtime    Last Run               Last # of DB Queries
---------------------------------------------------  -----  ---------  --------  ----------  --------------  -------------------  ----------------------
/opt/airflow/dags/shopbrasil_panorama_precos.py                               1           0  0.40s           2026-07-04T14:04:19                      12
/opt/airflow/dags/exemplos/example_distributed_3.py                           1           0  0.32s           2026-07-04T14:04:19                      10
/opt/airflow/dags/exemplos/example_distributed_2.py                           1           0  0.29s           2026-07-04T14:04:26                      10
/opt/airflow/dags/exemplos/example_distributed.py                             1           0  0.26s           2026-07-04T14:04:26                      10
================================================================================
[2026-07-04T14:05:12.767+0000] {manager.py:997} INFO - 
================================================================================
DAG File Processing Stats

File Path                                            PID    Runtime      # DAGs    # Errors  Last Runtime    Last Run               Last # of DB Queries
---------------------------------------------------  -----  ---------  --------  ----------  --------------  -------------------  ----------------------
/opt/airflow/dags/exemplos/example_distributed.py                             1           0  0.36s           2026-07-04T14:04:57                      10
/opt/airflow/dags/exemplos/example_distributed_2.py                           1           0  0.35s           2026-07-04T14:04:57                      10
/opt/airflow/dags/shopbrasil_panorama_precos.py                               1           0  0.28s           2026-07-04T14:04:50                      12
/opt/airflow/dags/exemplos/example_distributed_3.py                           1           0  0.25s           2026-07-04T14:04:50                      10
================================================================================
[2026-07-04T14:05:43.314+0000] {manager.py:997} INFO - 
================================================================================
DAG File Processing Stats

File Path                                            PID    Runtime      # DAGs    # Errors  Last Runtime    Last Run               Last # of DB Queries
---------------------------------------------------  -----  ---------  --------  ----------  --------------  -------------------  ----------------------
/opt/airflow/dags/shopbrasil_panorama_precos.py                               1           0  0.28s           2026-07-04T14:05:21                      12
/opt/airflow/dags/exemplos/example_distributed_2.py                           1           0  0.24s           2026-07-04T14:05:28                      10
/opt/airflow/dags/exemplos/example_distributed_3.py                           1           0  0.24s           2026-07-04T14:05:21                      10
/opt/airflow/dags/exemplos/example_distributed.py                             1           0  0.22s           2026-07-04T14:05:28                      10
================================================================================
[2026-07-04T14:06:14.140+0000] {manager.py:997} INFO - 
================================================================================
DAG File Processing Stats

File Path                                            PID    Runtime      # DAGs    # Errors  Last Runtime    Last Run               Last # of DB Queries
---------------------------------------------------  -----  ---------  --------  ----------  --------------  -------------------  ----------------------
/opt/airflow/dags/shopbrasil_panorama_precos.py                               1           0  0.29s           2026-07-04T14:05:51                      12
/opt/airflow/dags/exemplos/example_distributed.py                             1           0  0.29s           2026-07-04T14:05:59                      10
/opt/airflow/dags/exemplos/example_distributed_3.py                           1           0  0.27s           2026-07-04T14:05:51                      10
/opt/airflow/dags/exemplos/example_distributed_2.py                           1           0  0.27s           2026-07-04T14:05:59                      10
================================================================================
[2026-07-04T14:06:16.156+0000] {manager.py:821} INFO - Searching for files in /opt/airflow/dags
[2026-07-04T14:06:16.162+0000] {manager.py:824} INFO - There are 4 files in /opt/airflow/dags
[2026-07-04T14:06:44.155+0000] {manager.py:997} INFO - 
================================================================================
DAG File Processing Stats

File Path                                            PID    Runtime      # DAGs    # Errors  Last Runtime    Last Run               Last # of DB Queries
---------------------------------------------------  -----  ---------  --------  ----------  --------------  -------------------  ----------------------
/opt/airflow/dags/exemplos/example_distributed_3.py                           1           0  0.51s           2026-07-04T14:06:22                      10
/opt/airflow/dags/shopbrasil_panorama_precos.py                               1           0  0.42s           2026-07-04T14:06:22                      12
/opt/airflow/dags/exemplos/example_distributed_2.py                           1           0  0.26s           2026-07-04T14:06:30                      10
/opt/airflow/dags/exemplos/example_distributed.py                             1           0  0.24s           2026-07-04T14:06:30                      10
================================================================================
[2026-07-04T14:07:14.445+0000] {manager.py:997} INFO - 
================================================================================
DAG File Processing Stats

File Path                                            PID    Runtime      # DAGs    # Errors  Last Runtime    Last Run               Last # of DB Queries
---------------------------------------------------  -----  ---------  --------  ----------  --------------  -------------------  ----------------------
/opt/airflow/dags/shopbrasil_panorama_precos.py                               1           0  0.24s           2026-07-04T14:06:53                      12
/opt/airflow/dags/exemplos/example_distributed_3.py                           1           0  0.22s           2026-07-04T14:06:53                      10
/opt/airflow/dags/exemplos/example_distributed_2.py                           1           0  0.21s           2026-07-04T14:07:00                      10
/opt/airflow/dags/exemplos/example_distributed.py                             1           0  0.19s           2026-07-04T14:07:00                      10
================================================================================
[2026-07-04T14:07:45.068+0000] {manager.py:997} INFO - 
================================================================================
DAG File Processing Stats

File Path                                            PID    Runtime      # DAGs    # Errors  Last Runtime    Last Run               Last # of DB Queries
---------------------------------------------------  -----  ---------  --------  ----------  --------------  -------------------  ----------------------
/opt/airflow/dags/shopbrasil_panorama_precos.py                               1           0  0.27s           2026-07-04T14:07:23                      12
/opt/airflow/dags/exemplos/example_distributed.py                             1           0  0.26s           2026-07-04T14:07:30                      10
/opt/airflow/dags/exemplos/example_distributed_3.py                           1           0  0.25s           2026-07-04T14:07:23                      10
/opt/airflow/dags/exemplos/example_distributed_2.py                           1           0  0.24s           2026-07-04T14:07:30                      10
================================================================================
[2026-07-04T14:08:15.744+0000] {manager.py:997} INFO - 
================================================================================
DAG File Processing Stats

File Path                                            PID    Runtime      # DAGs    # Errors  Last Runtime    Last Run               Last # of DB Queries
---------------------------------------------------  -----  ---------  --------  ----------  --------------  -------------------  ----------------------
/opt/airflow/dags/shopbrasil_panorama_precos.py                               1           0  0.22s           2026-07-04T14:07:54                      12
/opt/airflow/dags/exemplos/example_distributed_3.py                           1           0  0.21s           2026-07-04T14:07:54                      10
/opt/airflow/dags/exemplos/example_distributed_2.py                           1           0  0.19s           2026-07-04T14:08:01                      10
/opt/airflow/dags/exemplos/example_distributed.py                             1           0  0.18s           2026-07-04T14:08:01                      10
================================================================================
[2026-07-04T14:08:46.218+0000] {manager.py:997} INFO - 
================================================================================
DAG File Processing Stats

File Path                                            PID    Runtime      # DAGs    # Errors  Last Runtime    Last Run               Last # of DB Queries
---------------------------------------------------  -----  ---------  --------  ----------  --------------  -------------------  ----------------------
/opt/airflow/dags/exemplos/example_distributed_2.py                           1           0  0.22s           2026-07-04T14:08:32                      10
/opt/airflow/dags/shopbrasil_panorama_precos.py                               1           0  0.19s           2026-07-04T14:08:25                      12
/opt/airflow/dags/exemplos/example_distributed.py                             1           0  0.18s           2026-07-04T14:08:32                      10
/opt/airflow/dags/exemplos/example_distributed_3.py                           1           0  0.18s           2026-07-04T14:08:25                      10
================================================================================
[2026-07-04T14:09:16.594+0000] {manager.py:997} INFO - 
================================================================================
DAG File Processing Stats

File Path                                            PID    Runtime      # DAGs    # Errors  Last Runtime    Last Run               Last # of DB Queries
---------------------------------------------------  -----  ---------  --------  ----------  --------------  -------------------  ----------------------
/opt/airflow/dags/shopbrasil_panorama_precos.py                               1           0  0.84s           2026-07-04T14:08:56                      12
/opt/airflow/dags/exemplos/example_distributed_3.py                           1           0  0.59s           2026-07-04T14:08:55                      10
/opt/airflow/dags/exemplos/example_distributed_2.py                           1           0  0.22s           2026-07-04T14:09:02                      10
/opt/airflow/dags/exemplos/example_distributed.py                             1           0  0.20s           2026-07-04T14:09:02                      10
================================================================================
[2026-07-04T14:09:46.611+0000] {manager.py:997} INFO - 
================================================================================
DAG File Processing Stats

File Path                                            PID    Runtime      # DAGs    # Errors  Last Runtime    Last Run               Last # of DB Queries
---------------------------------------------------  -----  ---------  --------  ----------  --------------  -------------------  ----------------------
/opt/airflow/dags/exemplos/example_distributed_2.py                           1           0  0.39s           2026-07-04T14:09:33                      10
/opt/airflow/dags/exemplos/example_distributed_3.py                           1           0  0.35s           2026-07-04T14:09:27                      10
/opt/airflow/dags/exemplos/example_distributed.py                             1           0  0.34s           2026-07-04T14:09:33                      10
/opt/airflow/dags/shopbrasil_panorama_precos.py                               1           0  0.32s           2026-07-04T14:09:27                      12
================================================================================
[2026-07-04T14:10:17.396+0000] {manager.py:997} INFO - 
================================================================================
DAG File Processing Stats

File Path                                            PID    Runtime      # DAGs    # Errors  Last Runtime    Last Run               Last # of DB Queries
---------------------------------------------------  -----  ---------  --------  ----------  --------------  -------------------  ----------------------
/opt/airflow/dags/shopbrasil_panorama_precos.py                               1           0  0.29s           2026-07-04T14:09:58                      12
/opt/airflow/dags/exemplos/example_distributed_3.py                           1           0  0.28s           2026-07-04T14:09:58                      10
/opt/airflow/dags/exemplos/example_distributed_2.py                           1           0  0.21s           2026-07-04T14:10:04                      10
/opt/airflow/dags/exemplos/example_distributed.py                             1           0  0.18s           2026-07-04T14:10:04                      10
================================================================================
[2026-07-04T14:10:48.177+0000] {manager.py:997} INFO - 
================================================================================
DAG File Processing Stats

File Path                                            PID    Runtime      # DAGs    # Errors  Last Runtime    Last Run               Last # of DB Queries
---------------------------------------------------  -----  ---------  --------  ----------  --------------  -------------------  ----------------------
/opt/airflow/dags/shopbrasil_panorama_precos.py                               1           0  0.26s           2026-07-04T14:10:28                      12
/opt/airflow/dags/exemplos/example_distributed_3.py                           1           0  0.22s           2026-07-04T14:10:28                      10
/opt/airflow/dags/exemplos/example_distributed_2.py                           1           0  0.20s           2026-07-04T14:10:35                      10
/opt/airflow/dags/exemplos/example_distributed.py                             1           0  0.19s           2026-07-04T14:10:35                      10
================================================================================
[2026-07-04T14:11:17.041+0000] {manager.py:821} INFO - Searching for files in /opt/airflow/dags
[2026-07-04T14:11:17.048+0000] {manager.py:824} INFO - There are 4 files in /opt/airflow/dags
[2026-07-04T14:11:19.080+0000] {manager.py:997} INFO - 
================================================================================
DAG File Processing Stats

File Path                                            PID    Runtime      # DAGs    # Errors  Last Runtime    Last Run               Last # of DB Queries
---------------------------------------------------  -----  ---------  --------  ----------  --------------  -------------------  ----------------------
/opt/airflow/dags/exemplos/example_distributed_3.py                           1           0  0.31s           2026-07-04T14:10:59                      10
/opt/airflow/dags/shopbrasil_panorama_precos.py                               1           0  0.30s           2026-07-04T14:10:59                      12
/opt/airflow/dags/exemplos/example_distributed_2.py                           1           0  0.25s           2026-07-04T14:11:05                      10
/opt/airflow/dags/exemplos/example_distributed.py                             1           0  0.22s           2026-07-04T14:11:05                      10
================================================================================
[2026-07-04T14:11:49.921+0000] {manager.py:997} INFO - 
================================================================================
DAG File Processing Stats

File Path                                            PID    Runtime      # DAGs    # Errors  Last Runtime    Last Run               Last # of DB Queries
---------------------------------------------------  -----  ---------  --------  ----------  --------------  -------------------  ----------------------
/opt/airflow/dags/exemplos/example_distributed_3.py                           1           0  0.28s           2026-07-04T14:11:30                      10
/opt/airflow/dags/shopbrasil_panorama_precos.py                               1           0  0.27s           2026-07-04T14:11:30                      12
/opt/airflow/dags/exemplos/example_distributed_2.py                           1           0  0.26s           2026-07-04T14:11:36                      10
/opt/airflow/dags/exemplos/example_distributed.py                             1           0  0.22s           2026-07-04T14:11:36                      10
================================================================================
[2026-07-04T14:12:20.024+0000] {manager.py:997} INFO - 
================================================================================
DAG File Processing Stats

File Path                                            PID    Runtime      # DAGs    # Errors  Last Runtime    Last Run               Last # of DB Queries
---------------------------------------------------  -----  ---------  --------  ----------  --------------  -------------------  ----------------------
/opt/airflow/dags/exemplos/example_distributed.py                             1           0  0.54s           2026-07-04T14:12:07                      10
/opt/airflow/dags/exemplos/example_distributed_2.py                           1           0  0.36s           2026-07-04T14:12:07                      10
/opt/airflow/dags/exemplos/example_distributed_3.py                           1           0  0.26s           2026-07-04T14:12:01                      10
/opt/airflow/dags/shopbrasil_panorama_precos.py                               1           0  0.26s           2026-07-04T14:12:01                      12
================================================================================
[2026-07-04T14:12:50.806+0000] {manager.py:997} INFO - 
================================================================================
DAG File Processing Stats

File Path                                            PID    Runtime      # DAGs    # Errors  Last Runtime    Last Run               Last # of DB Queries
---------------------------------------------------  -----  ---------  --------  ----------  --------------  -------------------  ----------------------
/opt/airflow/dags/exemplos/example_distributed_3.py                           1           0  0.52s           2026-07-04T14:12:32                      10
/opt/airflow/dags/shopbrasil_panorama_precos.py                               1           0  0.51s           2026-07-04T14:12:32                      12
/opt/airflow/dags/exemplos/example_distributed.py                             1           0  0.23s           2026-07-04T14:12:38                      10
/opt/airflow/dags/exemplos/example_distributed_2.py                           1           0  0.22s           2026-07-04T14:12:38                      10
================================================================================
[2026-07-04T14:13:21.220+0000] {manager.py:997} INFO - 
================================================================================
DAG File Processing Stats

File Path                                            PID    Runtime      # DAGs    # Errors  Last Runtime    Last Run               Last # of DB Queries
---------------------------------------------------  -----  ---------  --------  ----------  --------------  -------------------  ----------------------
/opt/airflow/dags/shopbrasil_panorama_precos.py                               1           0  0.32s           2026-07-04T14:13:03                      12
/opt/airflow/dags/exemplos/example_distributed_3.py                           1           0  0.31s           2026-07-04T14:13:03                      10
/opt/airflow/dags/exemplos/example_distributed_2.py                           1           0  0.23s           2026-07-04T14:13:09                      10
/opt/airflow/dags/exemplos/example_distributed.py                             1           0  0.21s           2026-07-04T14:13:09                      10
================================================================================
[2026-07-04T14:13:52.024+0000] {manager.py:997} INFO - 
================================================================================
DAG File Processing Stats

File Path                                            PID    Runtime      # DAGs    # Errors  Last Runtime    Last Run               Last # of DB Queries
---------------------------------------------------  -----  ---------  --------  ----------  --------------  -------------------  ----------------------
/opt/airflow/dags/exemplos/example_distributed_2.py                           1           0  0.31s           2026-07-04T14:13:39                      10
/opt/airflow/dags/shopbrasil_panorama_precos.py                               1           0  0.25s           2026-07-04T14:13:33                      12
/opt/airflow/dags/exemplos/example_distributed.py                             1           0  0.25s           2026-07-04T14:13:39                      10
/opt/airflow/dags/exemplos/example_distributed_3.py                           1           0  0.22s           2026-07-04T14:13:33                      10
================================================================================
[2026-07-04T14:14:22.729+0000] {manager.py:997} INFO - 
================================================================================
DAG File Processing Stats

File Path                                            PID    Runtime      # DAGs    # Errors  Last Runtime    Last Run               Last # of DB Queries
---------------------------------------------------  -----  ---------  --------  ----------  --------------  -------------------  ----------------------
/opt/airflow/dags/shopbrasil_panorama_precos.py                               1           0  0.23s           2026-07-04T14:14:04                      12
/opt/airflow/dags/exemplos/example_distributed_3.py                           1           0  0.22s           2026-07-04T14:14:04                      10
/opt/airflow/dags/exemplos/example_distributed_2.py                           1           0  0.17s           2026-07-04T14:14:10                      10
/opt/airflow/dags/exemplos/example_distributed.py                             1           0  0.17s           2026-07-04T14:14:10                      10
================================================================================
[2026-07-04T14:14:53.357+0000] {manager.py:997} INFO - 
================================================================================
DAG File Processing Stats

File Path                                            PID    Runtime      # DAGs    # Errors  Last Runtime    Last Run               Last # of DB Queries
---------------------------------------------------  -----  ---------  --------  ----------  --------------  -------------------  ----------------------
/opt/airflow/dags/shopbrasil_panorama_precos.py                               1           0  0.27s           2026-07-04T14:14:35                      12
/opt/airflow/dags/exemplos/example_distributed_3.py                           1           0  0.24s           2026-07-04T14:14:35                      10
/opt/airflow/dags/exemplos/example_distributed_2.py                           1           0  0.23s           2026-07-04T14:14:41                      10
/opt/airflow/dags/exemplos/example_distributed.py                             1           0  0.20s           2026-07-04T14:14:41                      10
================================================================================
[2026-07-04T14:15:24.074+0000] {manager.py:997} INFO - 
================================================================================
DAG File Processing Stats

File Path                                            PID    Runtime      # DAGs    # Errors  Last Runtime    Last Run               Last # of DB Queries
---------------------------------------------------  -----  ---------  --------  ----------  --------------  -------------------  ----------------------
/opt/airflow/dags/exemplos/example_distributed_3.py                           1           0  0.26s           2026-07-04T14:15:05                      10
/opt/airflow/dags/shopbrasil_panorama_precos.py                               1           0  0.23s           2026-07-04T14:15:05                      12
/opt/airflow/dags/exemplos/example_distributed_2.py                           1           0  0.19s           2026-07-04T14:15:11                      10
/opt/airflow/dags/exemplos/example_distributed.py                             1           0  0.19s           2026-07-04T14:15:11                      10
================================================================================
[2026-07-04T14:15:54.614+0000] {manager.py:997} INFO - 
================================================================================
DAG File Processing Stats

File Path                                            PID    Runtime      # DAGs    # Errors  Last Runtime    Last Run               Last # of DB Queries
---------------------------------------------------  -----  ---------  --------  ----------  --------------  -------------------  ----------------------
/opt/airflow/dags/exemplos/example_distributed_2.py                           1           0  0.26s           2026-07-04T14:15:42                      10
/opt/airflow/dags/exemplos/example_distributed.py                             1           0  0.24s           2026-07-04T14:15:42                      10
/opt/airflow/dags/shopbrasil_panorama_precos.py                               1           0  0.22s           2026-07-04T14:15:36                      12
/opt/airflow/dags/exemplos/example_distributed_3.py                           1           0  0.19s           2026-07-04T14:15:36                      10
================================================================================
[2026-07-04T14:16:17.226+0000] {manager.py:821} INFO - Searching for files in /opt/airflow/dags
[2026-07-04T14:16:17.232+0000] {manager.py:824} INFO - There are 4 files in /opt/airflow/dags
[2026-07-04T14:16:25.141+0000] {manager.py:997} INFO - 
================================================================================
DAG File Processing Stats

File Path                                            PID    Runtime      # DAGs    # Errors  Last Runtime    Last Run               Last # of DB Queries
---------------------------------------------------  -----  ---------  --------  ----------  --------------  -------------------  ----------------------
/opt/airflow/dags/exemplos/example_distributed_2.py                           1           0  0.27s           2026-07-04T14:16:13                      10
/opt/airflow/dags/shopbrasil_panorama_precos.py                               1           0  0.26s           2026-07-04T14:16:06                      12
/opt/airflow/dags/exemplos/example_distributed.py                             1           0  0.24s           2026-07-04T14:16:13                      10
/opt/airflow/dags/exemplos/example_distributed_3.py                           1           0  0.23s           2026-07-04T14:16:06                      10
================================================================================
[2026-07-04T14:16:56.009+0000] {manager.py:997} INFO - 
================================================================================
DAG File Processing Stats

File Path                                            PID    Runtime      # DAGs    # Errors  Last Runtime    Last Run               Last # of DB Queries
---------------------------------------------------  -----  ---------  --------  ----------  --------------  -------------------  ----------------------
/opt/airflow/dags/shopbrasil_panorama_precos.py                               1           0  0.35s           2026-07-04T14:16:37                      12
/opt/airflow/dags/exemplos/example_distributed_3.py                           1           0  0.34s           2026-07-04T14:16:37                      10
/opt/airflow/dags/exemplos/example_distributed_2.py                           1           0  0.26s           2026-07-04T14:16:43                      10
/opt/airflow/dags/exemplos/example_distributed.py                             1           0  0.20s           2026-07-04T14:16:43                      10
================================================================================
[2026-07-04T14:17:26.541+0000] {manager.py:997} INFO - 
================================================================================
DAG File Processing Stats

File Path                                            PID    Runtime      # DAGs    # Errors  Last Runtime    Last Run               Last # of DB Queries
---------------------------------------------------  -----  ---------  --------  ----------  --------------  -------------------  ----------------------
/opt/airflow/dags/exemplos/example_distributed_2.py                           1           0  0.33s           2026-07-04T14:17:14                      10
/opt/airflow/dags/exemplos/example_distributed.py                             1           0  0.30s           2026-07-04T14:17:14                      10
/opt/airflow/dags/shopbrasil_panorama_precos.py                               1           0  0.22s           2026-07-04T14:17:08                      12
/opt/airflow/dags/exemplos/example_distributed_3.py                           1           0  0.20s           2026-07-04T14:17:08                      10
================================================================================
[2026-07-04T14:17:57.039+0000] {manager.py:997} INFO - 
================================================================================
DAG File Processing Stats

File Path                                            PID    Runtime      # DAGs    # Errors  Last Runtime    Last Run               Last # of DB Queries
---------------------------------------------------  -----  ---------  --------  ----------  --------------  -------------------  ----------------------
/opt/airflow/dags/shopbrasil_panorama_precos.py                               1           0  0.22s           2026-07-04T14:17:38                      12
/opt/airflow/dags/exemplos/example_distributed_3.py                           1           0  0.20s           2026-07-04T14:17:38                      10
/opt/airflow/dags/exemplos/example_distributed_2.py                           1           0  0.17s           2026-07-04T14:17:44                      10
/opt/airflow/dags/exemplos/example_distributed.py                             1           0  0.17s           2026-07-04T14:17:44                      10
================================================================================
[2026-07-04T14:18:27.589+0000] {manager.py:997} INFO - 
================================================================================
DAG File Processing Stats

File Path                                            PID    Runtime      # DAGs    # Errors  Last Runtime    Last Run               Last # of DB Queries
---------------------------------------------------  -----  ---------  --------  ----------  --------------  -------------------  ----------------------
/opt/airflow/dags/exemplos/example_distributed_2.py                           1           0  0.24s           2026-07-04T14:18:15                      10
/opt/airflow/dags/shopbrasil_panorama_precos.py                               1           0  0.21s           2026-07-04T14:18:09                      12
/opt/airflow/dags/exemplos/example_distributed.py                             1           0  0.20s           2026-07-04T14:18:15                      10
/opt/airflow/dags/exemplos/example_distributed_3.py                           1           0  0.20s           2026-07-04T14:18:09                      10
================================================================================
[2026-07-04T14:18:58.132+0000] {manager.py:997} INFO - 
================================================================================
DAG File Processing Stats

File Path                                            PID    Runtime      # DAGs    # Errors  Last Runtime    Last Run               Last # of DB Queries
---------------------------------------------------  -----  ---------  --------  ----------  --------------  -------------------  ----------------------
/opt/airflow/dags/shopbrasil_panorama_precos.py                               1           0  0.23s           2026-07-04T14:18:39                      12
/opt/airflow/dags/exemplos/example_distributed_3.py                           1           0  0.21s           2026-07-04T14:18:39                      10
/opt/airflow/dags/exemplos/example_distributed_2.py                           1           0  0.20s           2026-07-04T14:18:46                      10
/opt/airflow/dags/exemplos/example_distributed.py                             1           0  0.18s           2026-07-04T14:18:46                      10
================================================================================
[2026-07-04T14:19:28.858+0000] {manager.py:997} INFO - 
================================================================================
DAG File Processing Stats

File Path                                            PID    Runtime      # DAGs    # Errors  Last Runtime    Last Run               Last # of DB Queries
---------------------------------------------------  -----  ---------  --------  ----------  --------------  -------------------  ----------------------
/opt/airflow/dags/shopbrasil_panorama_precos.py                               1           0  0.27s           2026-07-04T14:19:10                      12
/opt/airflow/dags/exemplos/example_distributed_3.py                           1           0  0.23s           2026-07-04T14:19:10                      10
/opt/airflow/dags/exemplos/example_distributed_2.py                           1           0  0.19s           2026-07-04T14:19:16                      10
/opt/airflow/dags/exemplos/example_distributed.py                             1           0  0.18s           2026-07-04T14:19:16                      10
================================================================================
[2026-07-04T14:19:59.606+0000] {manager.py:997} INFO - 
================================================================================
DAG File Processing Stats

File Path                                            PID    Runtime      # DAGs    # Errors  Last Runtime    Last Run               Last # of DB Queries
---------------------------------------------------  -----  ---------  --------  ----------  --------------  -------------------  ----------------------
/opt/airflow/dags/shopbrasil_panorama_precos.py                               1           0  0.25s           2026-07-04T14:19:41                      12
/opt/airflow/dags/exemplos/example_distributed_2.py                           1           0  0.25s           2026-07-04T14:19:47                      10
/opt/airflow/dags/exemplos/example_distributed_3.py                           1           0  0.24s           2026-07-04T14:19:41                      10
/opt/airflow/dags/exemplos/example_distributed.py                             1           0  0.18s           2026-07-04T14:19:47                      10
================================================================================
[2026-07-04T14:20:29.625+0000] {manager.py:997} INFO - 
================================================================================
DAG File Processing Stats

File Path                                            PID    Runtime      # DAGs    # Errors  Last Runtime    Last Run               Last # of DB Queries
---------------------------------------------------  -----  ---------  --------  ----------  --------------  -------------------  ----------------------
/opt/airflow/dags/exemplos/example_distributed_3.py                           1           0  0.51s           2026-07-04T14:20:12                      10
/opt/airflow/dags/shopbrasil_panorama_precos.py                               1           0  0.48s           2026-07-04T14:20:12                      12
/opt/airflow/dags/exemplos/example_distributed_2.py                           1           0  0.24s           2026-07-04T14:20:18                      10
/opt/airflow/dags/exemplos/example_distributed.py                             1           0  0.23s           2026-07-04T14:20:18                      10
================================================================================
[2026-07-04T14:21:00.427+0000] {manager.py:997} INFO - 
================================================================================
DAG File Processing Stats

File Path                                            PID    Runtime      # DAGs    # Errors  Last Runtime    Last Run               Last # of DB Queries
---------------------------------------------------  -----  ---------  --------  ----------  --------------  -------------------  ----------------------
/opt/airflow/dags/exemplos/example_distributed_2.py                           1           0  0.30s           2026-07-04T14:20:49                      10
/opt/airflow/dags/exemplos/example_distributed.py                             1           0  0.30s           2026-07-04T14:20:49                      10
/opt/airflow/dags/shopbrasil_panorama_precos.py                               1           0  0.30s           2026-07-04T14:20:43                      12
/opt/airflow/dags/exemplos/example_distributed_3.py                           1           0  0.21s           2026-07-04T14:20:42                      10
================================================================================
[2026-07-04T14:21:17.821+0000] {manager.py:821} INFO - Searching for files in /opt/airflow/dags
[2026-07-04T14:21:17.825+0000] {manager.py:824} INFO - There are 4 files in /opt/airflow/dags
[2026-07-04T14:21:31.145+0000] {manager.py:997} INFO - 
================================================================================
DAG File Processing Stats

File Path                                            PID    Runtime      # DAGs    # Errors  Last Runtime    Last Run               Last # of DB Queries
---------------------------------------------------  -----  ---------  --------  ----------  --------------  -------------------  ----------------------
/opt/airflow/dags/shopbrasil_panorama_precos.py                               1           0  0.23s           2026-07-04T14:21:13                      12
/opt/airflow/dags/exemplos/example_distributed_3.py                           1           0  0.20s           2026-07-04T14:21:13                      10
/opt/airflow/dags/exemplos/example_distributed_2.py                           1           0  0.19s           2026-07-04T14:21:20                      10
/opt/airflow/dags/exemplos/example_distributed.py                             1           0  0.19s           2026-07-04T14:21:20                      10
================================================================================
[2026-07-04T14:22:01.861+0000] {manager.py:997} INFO - 
================================================================================
DAG File Processing Stats

File Path                                            PID    Runtime      # DAGs    # Errors  Last Runtime    Last Run               Last # of DB Queries
---------------------------------------------------  -----  ---------  --------  ----------  --------------  -------------------  ----------------------
/opt/airflow/dags/exemplos/example_distributed_2.py                           1           0  0.24s           2026-07-04T14:21:50                      10
/opt/airflow/dags/exemplos/example_distributed.py                             1           0  0.21s           2026-07-04T14:21:50                      10
/opt/airflow/dags/exemplos/example_distributed_3.py                           1           0  0.20s           2026-07-04T14:21:44                      10
/opt/airflow/dags/shopbrasil_panorama_precos.py                               1           0  0.20s           2026-07-04T14:21:44                      12
================================================================================
[2026-07-04T14:22:32.467+0000] {manager.py:997} INFO - 
================================================================================
DAG File Processing Stats

File Path                                            PID    Runtime      # DAGs    # Errors  Last Runtime    Last Run               Last # of DB Queries
---------------------------------------------------  -----  ---------  --------  ----------  --------------  -------------------  ----------------------
/opt/airflow/dags/shopbrasil_panorama_precos.py                               1           0  0.23s           2026-07-04T14:22:15                      12
/opt/airflow/dags/exemplos/example_distributed_3.py                           1           0  0.22s           2026-07-04T14:22:15                      10
/opt/airflow/dags/exemplos/example_distributed_2.py                           1           0  0.18s           2026-07-04T14:22:21                      10
/opt/airflow/dags/exemplos/example_distributed.py                             1           0  0.17s           2026-07-04T14:22:21                      10
================================================================================
[2026-07-04T14:23:03.191+0000] {manager.py:997} INFO - 
================================================================================
DAG File Processing Stats

File Path                                            PID    Runtime      # DAGs    # Errors  Last Runtime    Last Run               Last # of DB Queries
---------------------------------------------------  -----  ---------  --------  ----------  --------------  -------------------  ----------------------
/opt/airflow/dags/exemplos/example_distributed_3.py                           1           0  0.24s           2026-07-04T14:22:45                      10
/opt/airflow/dags/shopbrasil_panorama_precos.py                               1           0  0.23s           2026-07-04T14:22:45                      12
/opt/airflow/dags/exemplos/example_distributed_2.py                           1           0  0.19s           2026-07-04T14:22:52                      10
/opt/airflow/dags/exemplos/example_distributed.py                             1           0  0.18s           2026-07-04T14:22:52                      10
================================================================================
[2026-07-04T14:23:33.872+0000] {manager.py:997} INFO - 
================================================================================
DAG File Processing Stats

File Path                                            PID    Runtime      # DAGs    # Errors  Last Runtime    Last Run               Last # of DB Queries
---------------------------------------------------  -----  ---------  --------  ----------  --------------  -------------------  ----------------------
/opt/airflow/dags/shopbrasil_panorama_precos.py                               1           0  0.34s           2026-07-04T14:23:16                      12
/opt/airflow/dags/exemplos/example_distributed_3.py                           1           0  0.33s           2026-07-04T14:23:16                      10
/opt/airflow/dags/exemplos/example_distributed_2.py                           1           0  0.21s           2026-07-04T14:23:22                      10
/opt/airflow/dags/exemplos/example_distributed.py                             1           0  0.18s           2026-07-04T14:23:22                      10
================================================================================
[2026-07-04T14:24:04.695+0000] {manager.py:997} INFO - 
================================================================================
DAG File Processing Stats

File Path                                            PID    Runtime      # DAGs    # Errors  Last Runtime    Last Run               Last # of DB Queries
---------------------------------------------------  -----  ---------  --------  ----------  --------------  -------------------  ----------------------
/opt/airflow/dags/exemplos/example_distributed_3.py                           1           0  0.31s           2026-07-04T14:23:47                      10
/opt/airflow/dags/shopbrasil_panorama_precos.py                               1           0  0.30s           2026-07-04T14:23:47                      12
/opt/airflow/dags/exemplos/example_distributed_2.py                           1           0  0.23s           2026-07-04T14:23:53                      10
/opt/airflow/dags/exemplos/example_distributed.py                             1           0  0.23s           2026-07-04T14:23:53                      10
================================================================================
[2026-07-04T15:07:52.233+0000] {manager.py:821} INFO - Searching for files in /opt/airflow/dags
[2026-07-04T15:07:52.255+0000] {manager.py:824} INFO - There are 4 files in /opt/airflow/dags
[2026-07-04T15:08:15.766+0000] {manager.py:997} INFO - 
================================================================================
DAG File Processing Stats

File Path                                            PID    Runtime      # DAGs    # Errors  Last Runtime    Last Run               Last # of DB Queries
---------------------------------------------------  -----  ---------  --------  ----------  --------------  -------------------  ----------------------
/opt/airflow/dags/exemplos/example_distributed_2.py                           1           0  1.57s           2026-07-04T15:07:54                      10
/opt/airflow/dags/exemplos/example_distributed.py                             1           0  1.33s           2026-07-04T15:07:54                      10
/opt/airflow/dags/exemplos/example_distributed_3.py                           1           0  0.96s           2026-07-04T15:07:53                      10
/opt/airflow/dags/shopbrasil_panorama_precos.py                               1           0  0.70s           2026-07-04T15:07:53                      12
================================================================================
[2026-07-04T15:08:46.508+0000] {manager.py:997} INFO - 
================================================================================
DAG File Processing Stats

File Path                                            PID    Runtime      # DAGs    # Errors  Last Runtime    Last Run               Last # of DB Queries
---------------------------------------------------  -----  ---------  --------  ----------  --------------  -------------------  ----------------------
/opt/airflow/dags/exemplos/example_distributed_2.py                           1           0  0.28s           2026-07-04T15:08:25                      10
/opt/airflow/dags/exemplos/example_distributed.py                             1           0  0.24s           2026-07-04T15:08:25                      10
/opt/airflow/dags/shopbrasil_panorama_precos.py                               1           0  0.20s           2026-07-04T15:08:24                      12
/opt/airflow/dags/exemplos/example_distributed_3.py                           1           0  0.17s           2026-07-04T15:08:24                      10
================================================================================
[2026-07-04T15:09:16.969+0000] {manager.py:997} INFO - 
================================================================================
DAG File Processing Stats

File Path                                            PID    Runtime      # DAGs    # Errors  Last Runtime    Last Run               Last # of DB Queries
---------------------------------------------------  -----  ---------  --------  ----------  --------------  -------------------  ----------------------
/opt/airflow/dags/shopbrasil_panorama_precos.py                               1           0  0.19s           2026-07-04T15:08:54                      12
/opt/airflow/dags/exemplos/example_distributed_3.py                           1           0  0.17s           2026-07-04T15:08:54                      10
/opt/airflow/dags/exemplos/example_distributed_2.py                           1           0  0.15s           2026-07-04T15:08:55                      10
/opt/airflow/dags/exemplos/example_distributed.py                             1           0  0.15s           2026-07-04T15:08:55                      10
================================================================================
[2026-07-04T15:09:47.625+0000] {manager.py:997} INFO - 
================================================================================
DAG File Processing Stats

File Path                                            PID    Runtime      # DAGs    # Errors  Last Runtime    Last Run               Last # of DB Queries
---------------------------------------------------  -----  ---------  --------  ----------  --------------  -------------------  ----------------------
/opt/airflow/dags/shopbrasil_panorama_precos.py                               1           0  0.20s           2026-07-04T15:09:25                      12
/opt/airflow/dags/exemplos/example_distributed_3.py                           1           0  0.18s           2026-07-04T15:09:25                      10
/opt/airflow/dags/exemplos/example_distributed_2.py                           1           0  0.16s           2026-07-04T15:09:26                      10
/opt/airflow/dags/exemplos/example_distributed.py                             1           0  0.15s           2026-07-04T15:09:26                      10
================================================================================
[2026-07-04T15:10:18.287+0000] {manager.py:997} INFO - 
================================================================================
DAG File Processing Stats

File Path                                            PID    Runtime      # DAGs    # Errors  Last Runtime    Last Run               Last # of DB Queries
---------------------------------------------------  -----  ---------  --------  ----------  --------------  -------------------  ----------------------
/opt/airflow/dags/exemplos/example_distributed_2.py                           1           0  0.20s           2026-07-04T15:09:57                      10
/opt/airflow/dags/shopbrasil_panorama_precos.py                               1           0  0.18s           2026-07-04T15:09:55                      12
/opt/airflow/dags/exemplos/example_distributed_3.py                           1           0  0.18s           2026-07-04T15:09:55                      10
/opt/airflow/dags/exemplos/example_distributed.py                             1           0  0.17s           2026-07-04T15:09:57                      10
================================================================================
[2026-07-04T15:10:48.885+0000] {manager.py:997} INFO - 
================================================================================
DAG File Processing Stats

File Path                                            PID    Runtime      # DAGs    # Errors  Last Runtime    Last Run               Last # of DB Queries
---------------------------------------------------  -----  ---------  --------  ----------  --------------  -------------------  ----------------------
/opt/airflow/dags/shopbrasil_panorama_precos.py                               1           0  0.30s           2026-07-04T15:10:26                      12
/opt/airflow/dags/exemplos/example_distributed_3.py                           1           0  0.28s           2026-07-04T15:10:26                      10
/opt/airflow/dags/exemplos/example_distributed_2.py                           1           0  0.26s           2026-07-04T15:10:27                      10
/opt/airflow/dags/exemplos/example_distributed.py                             1           0  0.23s           2026-07-04T15:10:27                      10
================================================================================
[2026-07-04T15:11:19.226+0000] {manager.py:997} INFO - 
================================================================================
DAG File Processing Stats

File Path                                            PID    Runtime      # DAGs    # Errors  Last Runtime    Last Run               Last # of DB Queries
---------------------------------------------------  -----  ---------  --------  ----------  --------------  -------------------  ----------------------
/opt/airflow/dags/shopbrasil_panorama_precos.py                               1           0  0.21s           2026-07-04T15:10:57                      12
/opt/airflow/dags/exemplos/example_distributed_3.py                           1           0  0.21s           2026-07-04T15:10:57                      10
/opt/airflow/dags/exemplos/example_distributed_2.py                           1           0  0.17s           2026-07-04T15:10:58                      10
/opt/airflow/dags/exemplos/example_distributed.py                             1           0  0.16s           2026-07-04T15:10:58                      10
================================================================================
[2026-07-04T15:11:49.720+0000] {manager.py:997} INFO - 
================================================================================
DAG File Processing Stats

File Path                                            PID    Runtime      # DAGs    # Errors  Last Runtime    Last Run               Last # of DB Queries
---------------------------------------------------  -----  ---------  --------  ----------  --------------  -------------------  ----------------------
/opt/airflow/dags/exemplos/example_distributed_2.py                           1           0  0.35s           2026-07-04T15:11:28                      10
/opt/airflow/dags/exemplos/example_distributed.py                             1           0  0.33s           2026-07-04T15:11:28                      10
/opt/airflow/dags/shopbrasil_panorama_precos.py                               1           0  0.22s           2026-07-04T15:11:27                      12
/opt/airflow/dags/exemplos/example_distributed_3.py                           1           0  0.19s           2026-07-04T15:11:27                      10
================================================================================
[2026-07-04T15:12:20.294+0000] {manager.py:997} INFO - 
================================================================================
DAG File Processing Stats

File Path                                            PID    Runtime      # DAGs    # Errors  Last Runtime    Last Run               Last # of DB Queries
---------------------------------------------------  -----  ---------  --------  ----------  --------------  -------------------  ----------------------
/opt/airflow/dags/shopbrasil_panorama_precos.py                               1           0  0.26s           2026-07-04T15:11:58                      12
/opt/airflow/dags/exemplos/example_distributed_3.py                           1           0  0.25s           2026-07-04T15:11:58                      10
/opt/airflow/dags/exemplos/example_distributed_2.py                           1           0  0.23s           2026-07-04T15:11:59                      10
/opt/airflow/dags/exemplos/example_distributed.py                             1           0  0.23s           2026-07-04T15:11:59                      10
================================================================================
[2026-07-04T15:12:50.925+0000] {manager.py:997} INFO - 
================================================================================
DAG File Processing Stats

File Path                                            PID    Runtime      # DAGs    # Errors  Last Runtime    Last Run               Last # of DB Queries
---------------------------------------------------  -----  ---------  --------  ----------  --------------  -------------------  ----------------------
/opt/airflow/dags/shopbrasil_panorama_precos.py                               1           0  0.24s           2026-07-04T15:12:28                      12
/opt/airflow/dags/exemplos/example_distributed_3.py                           1           0  0.21s           2026-07-04T15:12:28                      10
/opt/airflow/dags/exemplos/example_distributed_2.py                           1           0  0.18s           2026-07-04T15:12:29                      10
/opt/airflow/dags/exemplos/example_distributed.py                             1           0  0.18s           2026-07-04T15:12:29                      10
================================================================================
[2026-07-04T15:12:52.943+0000] {manager.py:821} INFO - Searching for files in /opt/airflow/dags
[2026-07-04T15:12:52.955+0000] {manager.py:824} INFO - There are 4 files in /opt/airflow/dags
[2026-07-04T15:13:21.598+0000] {manager.py:997} INFO - 
================================================================================
DAG File Processing Stats

File Path                                            PID    Runtime      # DAGs    # Errors  Last Runtime    Last Run               Last # of DB Queries
---------------------------------------------------  -----  ---------  --------  ----------  --------------  -------------------  ----------------------
/opt/airflow/dags/shopbrasil_panorama_precos.py                               1           0  0.32s           2026-07-04T15:12:59                      12
/opt/airflow/dags/exemplos/example_distributed_3.py                           1           0  0.29s           2026-07-04T15:12:59                      10
/opt/airflow/dags/exemplos/example_distributed_2.py                           1           0  0.26s           2026-07-04T15:13:00                      10
/opt/airflow/dags/exemplos/example_distributed.py                             1           0  0.25s           2026-07-04T15:13:00                      10
================================================================================
[2026-07-04T15:13:52.299+0000] {manager.py:997} INFO - 
================================================================================
DAG File Processing Stats

File Path                                            PID    Runtime      # DAGs    # Errors  Last Runtime    Last Run               Last # of DB Queries
---------------------------------------------------  -----  ---------  --------  ----------  --------------  -------------------  ----------------------
/opt/airflow/dags/shopbrasil_panorama_precos.py                               1           0  0.27s           2026-07-04T15:13:29                      12
/opt/airflow/dags/exemplos/example_distributed_3.py                           1           0  0.26s           2026-07-04T15:13:29                      10
/opt/airflow/dags/exemplos/example_distributed_2.py                           1           0  0.16s           2026-07-04T15:13:31                      10
/opt/airflow/dags/exemplos/example_distributed.py                             1           0  0.15s           2026-07-04T15:13:31                      10
================================================================================
[2026-07-04T15:14:22.958+0000] {manager.py:997} INFO - 
================================================================================
DAG File Processing Stats

File Path                                            PID    Runtime      # DAGs    # Errors  Last Runtime    Last Run               Last # of DB Queries
---------------------------------------------------  -----  ---------  --------  ----------  --------------  -------------------  ----------------------
/opt/airflow/dags/exemplos/example_distributed_3.py                           1           0  0.21s           2026-07-04T15:14:00                      10
/opt/airflow/dags/shopbrasil_panorama_precos.py                               1           0  0.21s           2026-07-04T15:14:00                      12
/opt/airflow/dags/exemplos/example_distributed_2.py                           1           0  0.17s           2026-07-04T15:14:01                      10
/opt/airflow/dags/exemplos/example_distributed.py                             1           0  0.16s           2026-07-04T15:14:01                      10
================================================================================
[2026-07-04T15:14:53.736+0000] {manager.py:997} INFO - 
================================================================================
DAG File Processing Stats

File Path                                            PID    Runtime      # DAGs    # Errors  Last Runtime    Last Run               Last # of DB Queries
---------------------------------------------------  -----  ---------  --------  ----------  --------------  -------------------  ----------------------
/opt/airflow/dags/shopbrasil_panorama_precos.py                               1           0  0.34s           2026-07-04T15:14:31                      12
/opt/airflow/dags/exemplos/example_distributed_3.py                           1           0  0.27s           2026-07-04T15:14:31                      10
/opt/airflow/dags/exemplos/example_distributed_2.py                           1           0  0.22s           2026-07-04T15:14:32                      10
/opt/airflow/dags/exemplos/example_distributed.py                             1           0  0.17s           2026-07-04T15:14:32                      10
================================================================================
[2026-07-04T15:15:24.500+0000] {manager.py:997} INFO - 
================================================================================
DAG File Processing Stats

File Path                                            PID    Runtime      # DAGs    # Errors  Last Runtime    Last Run               Last # of DB Queries
---------------------------------------------------  -----  ---------  --------  ----------  --------------  -------------------  ----------------------
/opt/airflow/dags/exemplos/example_distributed.py                             1           0  0.26s           2026-07-04T15:15:03                      10
/opt/airflow/dags/exemplos/example_distributed_2.py                           1           0  0.26s           2026-07-04T15:15:03                      10
/opt/airflow/dags/shopbrasil_panorama_precos.py                               1           0  0.22s           2026-07-04T15:15:02                      12
/opt/airflow/dags/exemplos/example_distributed_3.py                           1           0  0.22s           2026-07-04T15:15:02                      10
================================================================================
[2026-07-04T15:15:54.999+0000] {manager.py:997} INFO - 
================================================================================
DAG File Processing Stats

File Path                                            PID    Runtime      # DAGs    # Errors  Last Runtime    Last Run               Last # of DB Queries
---------------------------------------------------  -----  ---------  --------  ----------  --------------  -------------------  ----------------------
/opt/airflow/dags/shopbrasil_panorama_precos.py                               1           0  0.27s           2026-07-04T15:15:32                      12
/opt/airflow/dags/exemplos/example_distributed_3.py                           1           0  0.26s           2026-07-04T15:15:32                      10
/opt/airflow/dags/exemplos/example_distributed.py                             1           0  0.26s           2026-07-04T15:15:33                      10
/opt/airflow/dags/exemplos/example_distributed_2.py                           1           0  0.20s           2026-07-04T15:15:33                      10
================================================================================
[2026-07-04T15:16:25.723+0000] {manager.py:997} INFO - 
================================================================================
DAG File Processing Stats

File Path                                            PID    Runtime      # DAGs    # Errors  Last Runtime    Last Run               Last # of DB Queries
---------------------------------------------------  -----  ---------  --------  ----------  --------------  -------------------  ----------------------
/opt/airflow/dags/exemplos/example_distributed_2.py                           1           0  0.24s           2026-07-04T15:16:04                      10
/opt/airflow/dags/shopbrasil_panorama_precos.py                               1           0  0.23s           2026-07-04T15:16:03                      12
/opt/airflow/dags/exemplos/example_distributed_3.py                           1           0  0.23s           2026-07-04T15:16:03                      10
/opt/airflow/dags/exemplos/example_distributed.py                             1           0  0.20s           2026-07-04T15:16:04                      10
================================================================================
[2026-07-04T15:16:56.517+0000] {manager.py:997} INFO - 
================================================================================
DAG File Processing Stats

File Path                                            PID    Runtime      # DAGs    # Errors  Last Runtime    Last Run               Last # of DB Queries
---------------------------------------------------  -----  ---------  --------  ----------  --------------  -------------------  ----------------------
/opt/airflow/dags/exemplos/example_distributed_3.py                           1           0  0.29s           2026-07-04T15:16:34                      10
/opt/airflow/dags/shopbrasil_panorama_precos.py                               1           0  0.29s           2026-07-04T15:16:34                      12
/opt/airflow/dags/exemplos/example_distributed_2.py                           1           0  0.25s           2026-07-04T15:16:35                      10
/opt/airflow/dags/exemplos/example_distributed.py                             1           0  0.20s           2026-07-04T15:16:35                      10
================================================================================
[2026-07-04T15:17:27.382+0000] {manager.py:997} INFO - 
================================================================================
DAG File Processing Stats

File Path                                            PID    Runtime      # DAGs    # Errors  Last Runtime    Last Run               Last # of DB Queries
---------------------------------------------------  -----  ---------  --------  ----------  --------------  -------------------  ----------------------
/opt/airflow/dags/shopbrasil_panorama_precos.py                               1           0  0.34s           2026-07-04T15:17:04                      12
/opt/airflow/dags/exemplos/example_distributed_3.py                           1           0  0.32s           2026-07-04T15:17:04                      10
/opt/airflow/dags/exemplos/example_distributed_2.py                           1           0  0.28s           2026-07-04T15:17:06                      10
/opt/airflow/dags/exemplos/example_distributed.py                             1           0  0.24s           2026-07-04T15:17:06                      10
================================================================================
[2026-07-04T15:17:53.144+0000] {manager.py:821} INFO - Searching for files in /opt/airflow/dags
[2026-07-04T15:17:53.165+0000] {manager.py:824} INFO - There are 4 files in /opt/airflow/dags
[2026-07-04T15:17:58.231+0000] {manager.py:997} INFO - 
================================================================================
DAG File Processing Stats

File Path                                            PID    Runtime      # DAGs    # Errors  Last Runtime    Last Run               Last # of DB Queries
---------------------------------------------------  -----  ---------  --------  ----------  --------------  -------------------  ----------------------
/opt/airflow/dags/exemplos/example_distributed.py                             1           0  0.31s           2026-07-04T15:17:37                      10
/opt/airflow/dags/exemplos/example_distributed_2.py                           1           0  0.29s           2026-07-04T15:17:37                      10
/opt/airflow/dags/shopbrasil_panorama_precos.py                               1           0  0.24s           2026-07-04T15:17:35                      12
/opt/airflow/dags/exemplos/example_distributed_3.py                           1           0  0.22s           2026-07-04T15:17:35                      10
================================================================================
[2026-07-04T15:18:29.038+0000] {manager.py:997} INFO - 
================================================================================
DAG File Processing Stats

File Path                                            PID    Runtime      # DAGs    # Errors  Last Runtime    Last Run               Last # of DB Queries
---------------------------------------------------  -----  ---------  --------  ----------  --------------  -------------------  ----------------------
/opt/airflow/dags/shopbrasil_panorama_precos.py                               1           0  0.30s           2026-07-04T15:18:06                      12
/opt/airflow/dags/exemplos/example_distributed_3.py                           1           0  0.26s           2026-07-04T15:18:06                      10
/opt/airflow/dags/exemplos/example_distributed_2.py                           1           0  0.25s           2026-07-04T15:18:07                      10
/opt/airflow/dags/exemplos/example_distributed.py                             1           0  0.24s           2026-07-04T15:18:07                      10
================================================================================
[2026-07-04T15:18:59.995+0000] {manager.py:997} INFO - 
================================================================================
DAG File Processing Stats

File Path                                            PID    Runtime      # DAGs    # Errors  Last Runtime    Last Run               Last # of DB Queries
---------------------------------------------------  -----  ---------  --------  ----------  --------------  -------------------  ----------------------
/opt/airflow/dags/shopbrasil_panorama_precos.py                               1           0  0.70s           2026-07-04T15:18:37                      12
/opt/airflow/dags/exemplos/example_distributed_3.py                           1           0  0.36s           2026-07-04T15:18:37                      10
/opt/airflow/dags/exemplos/example_distributed_2.py                           1           0  0.28s           2026-07-04T15:18:38                      10
/opt/airflow/dags/exemplos/example_distributed.py                             1           0  0.25s           2026-07-04T15:18:38                      10
================================================================================
[2026-07-04T15:19:30.895+0000] {manager.py:997} INFO - 
================================================================================
DAG File Processing Stats

File Path                                            PID    Runtime      # DAGs    # Errors  Last Runtime    Last Run               Last # of DB Queries
---------------------------------------------------  -----  ---------  --------  ----------  --------------  -------------------  ----------------------
/opt/airflow/dags/shopbrasil_panorama_precos.py                               1           0  0.43s           2026-07-04T15:19:08                      12
/opt/airflow/dags/exemplos/example_distributed_3.py                           1           0  0.38s           2026-07-04T15:19:08                      10
/opt/airflow/dags/exemplos/example_distributed_2.py                           1           0  0.22s           2026-07-04T15:19:09                      10
/opt/airflow/dags/exemplos/example_distributed.py                             1           0  0.22s           2026-07-04T15:19:09                      10
================================================================================
[2026-07-04T15:20:01.642+0000] {manager.py:997} INFO - 
================================================================================
DAG File Processing Stats

File Path                                            PID    Runtime      # DAGs    # Errors  Last Runtime    Last Run               Last # of DB Queries
---------------------------------------------------  -----  ---------  --------  ----------  --------------  -------------------  ----------------------
/opt/airflow/dags/shopbrasil_panorama_precos.py                               1           0  0.33s           2026-07-04T15:19:39                      12
/opt/airflow/dags/exemplos/example_distributed_3.py                           1           0  0.27s           2026-07-04T15:19:39                      10
/opt/airflow/dags/exemplos/example_distributed.py                             1           0  0.23s           2026-07-04T15:19:40                      10
/opt/airflow/dags/exemplos/example_distributed_2.py                           1           0  0.22s           2026-07-04T15:19:40                      10
================================================================================
[2026-07-04T15:20:32.094+0000] {manager.py:997} INFO - 
================================================================================
DAG File Processing Stats

File Path                                            PID    Runtime      # DAGs    # Errors  Last Runtime    Last Run               Last # of DB Queries
---------------------------------------------------  -----  ---------  --------  ----------  --------------  -------------------  ----------------------
/opt/airflow/dags/shopbrasil_panorama_precos.py                               1           0  0.20s           2026-07-04T15:20:09                      12
/opt/airflow/dags/exemplos/example_distributed_3.py                           1           0  0.19s           2026-07-04T15:20:09                      10
/opt/airflow/dags/exemplos/example_distributed_2.py                           1           0  0.18s           2026-07-04T15:20:11                      10
/opt/airflow/dags/exemplos/example_distributed.py                             1           0  0.16s           2026-07-04T15:20:11                      10
================================================================================
[2026-07-04T15:21:02.907+0000] {manager.py:997} INFO - 
================================================================================
DAG File Processing Stats

File Path                                            PID    Runtime      # DAGs    # Errors  Last Runtime    Last Run               Last # of DB Queries
---------------------------------------------------  -----  ---------  --------  ----------  --------------  -------------------  ----------------------
/opt/airflow/dags/shopbrasil_panorama_precos.py                               1           0  0.33s           2026-07-04T15:20:40                      12
/opt/airflow/dags/exemplos/example_distributed_2.py                           1           0  0.30s           2026-07-04T15:20:41                      10
/opt/airflow/dags/exemplos/example_distributed_3.py                           1           0  0.28s           2026-07-04T15:20:40                      10
/opt/airflow/dags/exemplos/example_distributed.py                             1           0  0.24s           2026-07-04T15:20:41                      10
================================================================================
[2026-07-04T15:21:33.448+0000] {manager.py:997} INFO - 
================================================================================
DAG File Processing Stats

File Path                                            PID    Runtime      # DAGs    # Errors  Last Runtime    Last Run               Last # of DB Queries
---------------------------------------------------  -----  ---------  --------  ----------  --------------  -------------------  ----------------------
/opt/airflow/dags/shopbrasil_panorama_precos.py                               1           0  0.23s           2026-07-04T15:21:11                      12
/opt/airflow/dags/exemplos/example_distributed_3.py                           1           0  0.20s           2026-07-04T15:21:11                      10
/opt/airflow/dags/exemplos/example_distributed_2.py                           1           0  0.18s           2026-07-04T15:21:12                      10
/opt/airflow/dags/exemplos/example_distributed.py                             1           0  0.15s           2026-07-04T15:21:12                      10
================================================================================
[2026-07-04T15:22:03.998+0000] {manager.py:997} INFO - 
================================================================================
DAG File Processing Stats

File Path                                            PID    Runtime      # DAGs    # Errors  Last Runtime    Last Run               Last # of DB Queries
---------------------------------------------------  -----  ---------  --------  ----------  --------------  -------------------  ----------------------
/opt/airflow/dags/shopbrasil_panorama_precos.py                               1           0  0.24s           2026-07-04T15:21:41                      12
/opt/airflow/dags/exemplos/example_distributed_3.py                           1           0  0.23s           2026-07-04T15:21:41                      10
/opt/airflow/dags/exemplos/example_distributed.py                             1           0  0.22s           2026-07-04T15:21:42                      10
/opt/airflow/dags/exemplos/example_distributed_2.py                           1           0  0.20s           2026-07-04T15:21:42                      10
================================================================================
[2026-07-04T15:22:34.703+0000] {manager.py:997} INFO - 
================================================================================
DAG File Processing Stats

File Path                                            PID    Runtime      # DAGs    # Errors  Last Runtime    Last Run               Last # of DB Queries
---------------------------------------------------  -----  ---------  --------  ----------  --------------  -------------------  ----------------------
/opt/airflow/dags/exemplos/example_distributed_3.py                           1           0  0.26s           2026-07-04T15:22:12                      10
/opt/airflow/dags/exemplos/example_distributed_2.py                           1           0  0.23s           2026-07-04T15:22:13                      10
/opt/airflow/dags/shopbrasil_panorama_precos.py                               1           0  0.22s           2026-07-04T15:22:12                      12
/opt/airflow/dags/exemplos/example_distributed.py                             1           0  0.20s           2026-07-04T15:22:13                      10
================================================================================
[2026-07-04T15:22:53.278+0000] {manager.py:821} INFO - Searching for files in /opt/airflow/dags
[2026-07-04T15:22:53.289+0000] {manager.py:824} INFO - There are 4 files in /opt/airflow/dags
[2026-07-04T15:23:05.405+0000] {manager.py:997} INFO - 
================================================================================
DAG File Processing Stats

File Path                                            PID    Runtime      # DAGs    # Errors  Last Runtime    Last Run               Last # of DB Queries
---------------------------------------------------  -----  ---------  --------  ----------  --------------  -------------------  ----------------------
/opt/airflow/dags/exemplos/example_distributed_3.py                           1           0  0.25s           2026-07-04T15:22:43                      10
/opt/airflow/dags/shopbrasil_panorama_precos.py                               1           0  0.23s           2026-07-04T15:22:43                      12
/opt/airflow/dags/exemplos/example_distributed.py                             1           0  0.20s           2026-07-04T15:22:44                      10
/opt/airflow/dags/exemplos/example_distributed_2.py                           1           0  0.19s           2026-07-04T15:22:44                      10
================================================================================
[2026-07-04T15:23:36.034+0000] {manager.py:997} INFO - 
================================================================================
DAG File Processing Stats

File Path                                            PID    Runtime      # DAGs    # Errors  Last Runtime    Last Run               Last # of DB Queries
---------------------------------------------------  -----  ---------  --------  ----------  --------------  -------------------  ----------------------
/opt/airflow/dags/shopbrasil_panorama_precos.py                               1           0  0.19s           2026-07-04T15:23:13                      12
/opt/airflow/dags/exemplos/example_distributed_2.py                           1           0  0.18s           2026-07-04T15:23:14                      10
/opt/airflow/dags/exemplos/example_distributed_3.py                           1           0  0.18s           2026-07-04T15:23:13                      10
/opt/airflow/dags/exemplos/example_distributed.py                             1           0  0.16s           2026-07-04T15:23:14                      10
================================================================================
[2026-07-04T15:24:06.688+0000] {manager.py:997} INFO - 
================================================================================
DAG File Processing Stats

File Path                                            PID    Runtime      # DAGs    # Errors  Last Runtime    Last Run               Last # of DB Queries
---------------------------------------------------  -----  ---------  --------  ----------  --------------  -------------------  ----------------------
/opt/airflow/dags/exemplos/example_distributed_2.py                           1           0  0.22s           2026-07-04T15:23:45                      10
/opt/airflow/dags/shopbrasil_panorama_precos.py                               1           0  0.21s           2026-07-04T15:23:44                      12
/opt/airflow/dags/exemplos/example_distributed_3.py                           1           0  0.19s           2026-07-04T15:23:44                      10
/opt/airflow/dags/exemplos/example_distributed.py                             1           0  0.18s           2026-07-04T15:23:45                      10
================================================================================
[2026-07-04T15:24:37.418+0000] {manager.py:997} INFO - 
================================================================================
DAG File Processing Stats

File Path                                            PID    Runtime      # DAGs    # Errors  Last Runtime    Last Run               Last # of DB Queries
---------------------------------------------------  -----  ---------  --------  ----------  --------------  -------------------  ----------------------
/opt/airflow/dags/exemplos/example_distributed.py                             1           0  0.30s           2026-07-04T15:24:16                      10
/opt/airflow/dags/exemplos/example_distributed_2.py                           1           0  0.26s           2026-07-04T15:24:16                      10
/opt/airflow/dags/exemplos/example_distributed_3.py                           1           0  0.25s           2026-07-04T15:24:15                      10
/opt/airflow/dags/shopbrasil_panorama_precos.py                               1           0  0.24s           2026-07-04T15:24:14                      12
================================================================================
[2026-07-04T15:25:08.205+0000] {manager.py:997} INFO - 
================================================================================
DAG File Processing Stats

File Path                                            PID    Runtime      # DAGs    # Errors  Last Runtime    Last Run               Last # of DB Queries
---------------------------------------------------  -----  ---------  --------  ----------  --------------  -------------------  ----------------------
/opt/airflow/dags/shopbrasil_panorama_precos.py                               1           0  0.31s           2026-07-04T15:24:45                      12
/opt/airflow/dags/exemplos/example_distributed_3.py                           1           0  0.26s           2026-07-04T15:24:45                      10
/opt/airflow/dags/exemplos/example_distributed.py                             1           0  0.26s           2026-07-04T15:24:47                      10
/opt/airflow/dags/exemplos/example_distributed_2.py                           1           0  0.25s           2026-07-04T15:24:47                      10
================================================================================
[2026-07-04T15:25:38.892+0000] {manager.py:997} INFO - 
================================================================================
DAG File Processing Stats

File Path                                            PID    Runtime      # DAGs    # Errors  Last Runtime    Last Run               Last # of DB Queries
---------------------------------------------------  -----  ---------  --------  ----------  --------------  -------------------  ----------------------
/opt/airflow/dags/exemplos/example_distributed_3.py                           1           0  0.27s           2026-07-04T15:25:16                      10
/opt/airflow/dags/shopbrasil_panorama_precos.py                               1           0  0.26s           2026-07-04T15:25:16                      12
/opt/airflow/dags/exemplos/example_distributed_2.py                           1           0  0.18s           2026-07-04T15:25:17                      10
/opt/airflow/dags/exemplos/example_distributed.py                             1           0  0.17s           2026-07-04T15:25:17                      10
================================================================================
[2026-07-04T15:26:09.378+0000] {manager.py:997} INFO - 
================================================================================
DAG File Processing Stats

File Path                                            PID    Runtime      # DAGs    # Errors  Last Runtime    Last Run               Last # of DB Queries
---------------------------------------------------  -----  ---------  --------  ----------  --------------  -------------------  ----------------------
/opt/airflow/dags/shopbrasil_panorama_precos.py                               1           0  0.20s           2026-07-04T15:25:47                      12
/opt/airflow/dags/exemplos/example_distributed_3.py                           1           0  0.19s           2026-07-04T15:25:47                      10
/opt/airflow/dags/exemplos/example_distributed_2.py                           1           0  0.19s           2026-07-04T15:25:48                      10
/opt/airflow/dags/exemplos/example_distributed.py                             1           0  0.16s           2026-07-04T15:25:48                      10
================================================================================
[2026-07-04T15:26:40.084+0000] {manager.py:997} INFO - 
================================================================================
DAG File Processing Stats

File Path                                            PID    Runtime      # DAGs    # Errors  Last Runtime    Last Run               Last # of DB Queries
---------------------------------------------------  -----  ---------  --------  ----------  --------------  -------------------  ----------------------
/opt/airflow/dags/exemplos/example_distributed_3.py                           1           0  0.27s           2026-07-04T15:26:17                      10
/opt/airflow/dags/shopbrasil_panorama_precos.py                               1           0  0.24s           2026-07-04T15:26:17                      12
/opt/airflow/dags/exemplos/example_distributed_2.py                           1           0  0.22s           2026-07-04T15:26:18                      10
/opt/airflow/dags/exemplos/example_distributed.py                             1           0  0.22s           2026-07-04T15:26:18                      10
================================================================================
[2026-07-04T15:27:10.838+0000] {manager.py:997} INFO - 
================================================================================
DAG File Processing Stats

File Path                                            PID    Runtime      # DAGs    # Errors  Last Runtime    Last Run               Last # of DB Queries
---------------------------------------------------  -----  ---------  --------  ----------  --------------  -------------------  ----------------------
/opt/airflow/dags/exemplos/example_distributed_2.py                           1           0  0.28s           2026-07-04T15:26:49                      10
/opt/airflow/dags/exemplos/example_distributed.py                             1           0  0.27s           2026-07-04T15:26:49                      10
/opt/airflow/dags/exemplos/example_distributed_3.py                           1           0  0.24s           2026-07-04T15:26:48                      10
/opt/airflow/dags/shopbrasil_panorama_precos.py                               1           0  0.24s           2026-07-04T15:26:48                      12
================================================================================
[2026-07-04T15:27:41.284+0000] {manager.py:997} INFO - 
================================================================================
DAG File Processing Stats

File Path                                            PID    Runtime      # DAGs    # Errors  Last Runtime    Last Run               Last # of DB Queries
---------------------------------------------------  -----  ---------  --------  ----------  --------------  -------------------  ----------------------
/opt/airflow/dags/shopbrasil_panorama_precos.py                               1           0  0.21s           2026-07-04T15:27:19                      12
/opt/airflow/dags/exemplos/example_distributed_3.py                           1           0  0.20s           2026-07-04T15:27:19                      10
/opt/airflow/dags/exemplos/example_distributed.py                             1           0  0.20s           2026-07-04T15:27:20                      10
/opt/airflow/dags/exemplos/example_distributed_2.py                           1           0  0.19s           2026-07-04T15:27:20                      10
================================================================================
[2026-07-04T15:27:53.658+0000] {manager.py:821} INFO - Searching for files in /opt/airflow/dags
[2026-07-04T15:27:53.670+0000] {manager.py:824} INFO - There are 4 files in /opt/airflow/dags
[2026-07-04T15:28:11.829+0000] {manager.py:997} INFO - 
================================================================================
DAG File Processing Stats

File Path                                            PID    Runtime      # DAGs    # Errors  Last Runtime    Last Run               Last # of DB Queries
---------------------------------------------------  -----  ---------  --------  ----------  --------------  -------------------  ----------------------
/opt/airflow/dags/shopbrasil_panorama_precos.py                               1           0  0.21s           2026-07-04T15:27:49                      12
/opt/airflow/dags/exemplos/example_distributed.py                             1           0  0.21s           2026-07-04T15:27:50                      10
/opt/airflow/dags/exemplos/example_distributed_2.py                           1           0  0.21s           2026-07-04T15:27:50                      10
/opt/airflow/dags/exemplos/example_distributed_3.py                           1           0  0.19s           2026-07-04T15:27:49                      10
================================================================================
[2026-07-04T15:28:42.504+0000] {manager.py:997} INFO - 
================================================================================
DAG File Processing Stats

File Path                                            PID    Runtime      # DAGs    # Errors  Last Runtime    Last Run               Last # of DB Queries
---------------------------------------------------  -----  ---------  --------  ----------  --------------  -------------------  ----------------------
/opt/airflow/dags/exemplos/example_distributed_3.py                           1           0  0.29s           2026-07-04T15:28:20                      10
/opt/airflow/dags/shopbrasil_panorama_precos.py                               1           0  0.26s           2026-07-04T15:28:20                      12
/opt/airflow/dags/exemplos/example_distributed.py                             1           0  0.21s           2026-07-04T15:28:21                      10
/opt/airflow/dags/exemplos/example_distributed_2.py                           1           0  0.18s           2026-07-04T15:28:21                      10
================================================================================
[2026-07-04T15:29:13.322+0000] {manager.py:997} INFO - 
================================================================================
DAG File Processing Stats

File Path                                            PID    Runtime      # DAGs    # Errors  Last Runtime    Last Run               Last # of DB Queries
---------------------------------------------------  -----  ---------  --------  ----------  --------------  -------------------  ----------------------
/opt/airflow/dags/exemplos/example_distributed_3.py                           1           0  0.27s           2026-07-04T15:28:50                      10
/opt/airflow/dags/shopbrasil_panorama_precos.py                               1           0  0.26s           2026-07-04T15:28:50                      12
/opt/airflow/dags/exemplos/example_distributed.py                             1           0  0.22s           2026-07-04T15:28:52                      10
/opt/airflow/dags/exemplos/example_distributed_2.py                           1           0  0.22s           2026-07-04T15:28:52                      10
================================================================================
[2026-07-04T15:29:43.994+0000] {manager.py:997} INFO - 
================================================================================
DAG File Processing Stats

File Path                                            PID    Runtime      # DAGs    # Errors  Last Runtime    Last Run               Last # of DB Queries
---------------------------------------------------  -----  ---------  --------  ----------  --------------  -------------------  ----------------------
/opt/airflow/dags/shopbrasil_panorama_precos.py                               1           0  0.20s           2026-07-04T15:29:21                      12
/opt/airflow/dags/exemplos/example_distributed_3.py                           1           0  0.19s           2026-07-04T15:29:21                      10
/opt/airflow/dags/exemplos/example_distributed_2.py                           1           0  0.18s           2026-07-04T15:29:22                      10
/opt/airflow/dags/exemplos/example_distributed.py                             1           0  0.16s           2026-07-04T15:29:22                      10
================================================================================
[2026-07-04T15:30:14.589+0000] {manager.py:997} INFO - 
================================================================================
DAG File Processing Stats

File Path                                            PID    Runtime      # DAGs    # Errors  Last Runtime    Last Run               Last # of DB Queries
---------------------------------------------------  -----  ---------  --------  ----------  --------------  -------------------  ----------------------
/opt/airflow/dags/shopbrasil_panorama_precos.py                               1           0  0.27s           2026-07-04T15:29:52                      12
/opt/airflow/dags/exemplos/example_distributed_3.py                           1           0  0.27s           2026-07-04T15:29:52                      10
/opt/airflow/dags/exemplos/example_distributed_2.py                           1           0  0.18s           2026-07-04T15:29:53                      10
/opt/airflow/dags/exemplos/example_distributed.py                             1           0  0.17s           2026-07-04T15:29:53                      10
================================================================================
[2026-07-04T15:30:22.800+0000] {manager.py:465} INFO - Exiting gracefully upon receiving signal 15
[2026-07-04T15:30:22.802+0000] {manager.py:465} INFO - Exiting gracefully upon receiving signal 15
[2026-07-04T15:30:22.803+0000] {manager.py:465} INFO - Exiting gracefully upon receiving signal 15
[2026-07-04T15:30:25.854+0000] {manager.py:465} INFO - Exiting gracefully upon receiving signal 15
[2026-07-04T15:30:25.888+0000] {manager.py:465} INFO - Exiting gracefully upon receiving signal 15
[2026-07-04T15:30:25.999+0000] {manager.py:465} INFO - Exiting gracefully upon receiving signal 15
[2026-07-04T15:33:26.920+0000] {manager.py:483} INFO - Processing files using up to 2 processes at a time 
[2026-07-04T15:33:26.921+0000] {manager.py:484} INFO - Process each file at most once every 30 seconds
[2026-07-04T15:33:26.922+0000] {manager.py:485} INFO - Checking for new files in /opt/airflow/dags every 300 seconds
[2026-07-04T15:33:26.924+0000] {manager.py:821} INFO - Searching for files in /opt/airflow/dags
[2026-07-04T15:33:26.937+0000] {manager.py:824} INFO - There are 4 files in /opt/airflow/dags
[2026-07-04T15:33:27.323+0000] {manager.py:997} INFO - 
================================================================================
DAG File Processing Stats

File Path                                              PID  Runtime      # DAGs    # Errors  Last Runtime    Last Run      Last # of DB Queries
---------------------------------------------------  -----  ---------  --------  ----------  --------------  ----------  ----------------------
/opt/airflow/dags/shopbrasil_panorama_precos.py         64  0.07s             0           0                                                   0
/opt/airflow/dags/exemplos/example_distributed_3.py     65  0.06s             0           0                                                   0
/opt/airflow/dags/exemplos/example_distributed_2.py                           0           0                                                   0
/opt/airflow/dags/exemplos/example_distributed.py                             0           0                                                   0
================================================================================
[2026-07-04T15:33:58.015+0000] {manager.py:997} INFO - 
================================================================================
DAG File Processing Stats

File Path                                              PID  Runtime      # DAGs    # Errors  Last Runtime    Last Run               Last # of DB Queries
---------------------------------------------------  -----  ---------  --------  ----------  --------------  -------------------  ----------------------
/opt/airflow/dags/shopbrasil_panorama_precos.py         74  0.03s             1           0  0.35s           2026-07-04T15:33:27                      12
/opt/airflow/dags/exemplos/example_distributed_3.py     75  0.01s             1           0  0.31s           2026-07-04T15:33:27                      10
/opt/airflow/dags/exemplos/example_distributed_2.py                           1           0  0.16s           2026-07-04T15:33:27                      10
/opt/airflow/dags/exemplos/example_distributed.py                             1           0  0.15s           2026-07-04T15:33:27                      10
================================================================================
[2026-07-04T15:34:28.728+0000] {manager.py:997} INFO - 
================================================================================
DAG File Processing Stats

File Path                                              PID  Runtime      # DAGs    # Errors  Last Runtime    Last Run               Last # of DB Queries
---------------------------------------------------  -----  ---------  --------  ----------  --------------  -------------------  ----------------------
/opt/airflow/dags/exemplos/example_distributed_3.py     80  0.01s             1           0  0.29s           2026-07-04T15:33:58                      10
/opt/airflow/dags/shopbrasil_panorama_precos.py         79  0.02s             1           0  0.28s           2026-07-04T15:33:58                      12
/opt/airflow/dags/exemplos/example_distributed.py                             1           0  0.18s           2026-07-04T15:33:58                      10
/opt/airflow/dags/exemplos/example_distributed_2.py                           1           0  0.18s           2026-07-04T15:33:58                      10
================================================================================
[2026-07-04T15:34:59.347+0000] {manager.py:997} INFO - 
================================================================================
DAG File Processing Stats

File Path                                              PID  Runtime      # DAGs    # Errors  Last Runtime    Last Run               Last # of DB Queries
---------------------------------------------------  -----  ---------  --------  ----------  --------------  -------------------  ----------------------
/opt/airflow/dags/exemplos/example_distributed_3.py     91  0.01s             1           0  0.20s           2026-07-04T15:34:28                      10
/opt/airflow/dags/shopbrasil_panorama_precos.py         90  0.03s             1           0  0.20s           2026-07-04T15:34:28                      12
/opt/airflow/dags/exemplos/example_distributed_2.py                           1           0  0.15s           2026-07-04T15:34:29                      10
/opt/airflow/dags/exemplos/example_distributed.py                             1           0  0.13s           2026-07-04T15:34:29                      10
================================================================================
[2026-07-04T15:35:29.979+0000] {manager.py:997} INFO - 
================================================================================
DAG File Processing Stats

File Path                                              PID  Runtime      # DAGs    # Errors  Last Runtime    Last Run               Last # of DB Queries
---------------------------------------------------  -----  ---------  --------  ----------  --------------  -------------------  ----------------------
/opt/airflow/dags/shopbrasil_panorama_precos.py        101  0.03s             1           0  0.19s           2026-07-04T15:34:59                      12
/opt/airflow/dags/exemplos/example_distributed_3.py    102  0.01s             1           0  0.19s           2026-07-04T15:34:59                      10
/opt/airflow/dags/exemplos/example_distributed_2.py                           1           0  0.15s           2026-07-04T15:34:59                      10
/opt/airflow/dags/exemplos/example_distributed.py                             1           0  0.14s           2026-07-04T15:34:59                      10
================================================================================
[2026-07-04T15:36:00.628+0000] {manager.py:997} INFO - 
================================================================================
DAG File Processing Stats

File Path                                              PID  Runtime      # DAGs    # Errors  Last Runtime    Last Run               Last # of DB Queries
---------------------------------------------------  -----  ---------  --------  ----------  --------------  -------------------  ----------------------
/opt/airflow/dags/shopbrasil_panorama_precos.py        112  0.06s             1           0  0.21s           2026-07-04T15:35:30                      12
/opt/airflow/dags/exemplos/example_distributed_3.py    113  0.02s             1           0  0.19s           2026-07-04T15:35:30                      10
/opt/airflow/dags/exemplos/example_distributed_2.py                           1           0  0.15s           2026-07-04T15:35:30                      10
/opt/airflow/dags/exemplos/example_distributed.py                             1           0  0.14s           2026-07-04T15:35:30                      10
================================================================================
[2026-07-04T15:36:31.326+0000] {manager.py:997} INFO - 
================================================================================
DAG File Processing Stats

File Path                                              PID  Runtime      # DAGs    # Errors  Last Runtime    Last Run               Last # of DB Queries
---------------------------------------------------  -----  ---------  --------  ----------  --------------  -------------------  ----------------------
/opt/airflow/dags/shopbrasil_panorama_precos.py        123  0.03s             1           0  0.28s           2026-07-04T15:36:00                      12
/opt/airflow/dags/exemplos/example_distributed_3.py    124  0.01s             1           0  0.22s           2026-07-04T15:36:00                      10
/opt/airflow/dags/exemplos/example_distributed.py                             1           0  0.19s           2026-07-04T15:36:01                      10
/opt/airflow/dags/exemplos/example_distributed_2.py                           1           0  0.18s           2026-07-04T15:36:01                      10
================================================================================
[2026-07-04T15:37:02.017+0000] {manager.py:997} INFO - 
================================================================================
DAG File Processing Stats

File Path                                              PID  Runtime      # DAGs    # Errors  Last Runtime    Last Run               Last # of DB Queries
---------------------------------------------------  -----  ---------  --------  ----------  --------------  -------------------  ----------------------
/opt/airflow/dags/shopbrasil_panorama_precos.py        134  0.02s             1           0  0.39s           2026-07-04T15:36:31                      12
/opt/airflow/dags/exemplos/example_distributed_3.py    135  0.01s             1           0  0.19s           2026-07-04T15:36:31                      10
/opt/airflow/dags/exemplos/example_distributed_2.py                           1           0  0.16s           2026-07-04T15:36:31                      10
/opt/airflow/dags/exemplos/example_distributed.py                             1           0  0.13s           2026-07-04T15:36:31                      10
================================================================================
[2026-07-04T15:37:32.046+0000] {manager.py:997} INFO - 
================================================================================
DAG File Processing Stats

File Path                                            PID    Runtime      # DAGs    # Errors  Last Runtime    Last Run               Last # of DB Queries
---------------------------------------------------  -----  ---------  --------  ----------  --------------  -------------------  ----------------------
/opt/airflow/dags/exemplos/example_distributed_3.py                           1           0  0.41s           2026-07-04T15:37:02                      10
/opt/airflow/dags/shopbrasil_panorama_precos.py                               1           0  0.40s           2026-07-04T15:37:02                      12
/opt/airflow/dags/exemplos/example_distributed_2.py                           1           0  0.39s           2026-07-04T15:37:02                      10
/opt/airflow/dags/exemplos/example_distributed.py                             1           0  0.36s           2026-07-04T15:37:02                      10
================================================================================
[2026-07-04T15:38:02.181+0000] {manager.py:997} INFO - 
================================================================================
DAG File Processing Stats

File Path                                            PID    Runtime      # DAGs    # Errors  Last Runtime    Last Run               Last # of DB Queries
---------------------------------------------------  -----  ---------  --------  ----------  --------------  -------------------  ----------------------
/opt/airflow/dags/exemplos/example_distributed.py                             1           0  0.60s           2026-07-04T15:37:34                      10
/opt/airflow/dags/exemplos/example_distributed_2.py                           1           0  0.45s           2026-07-04T15:37:33                      10
/opt/airflow/dags/exemplos/example_distributed_3.py                           1           0  0.40s           2026-07-04T15:37:33                      10
/opt/airflow/dags/shopbrasil_panorama_precos.py                               1           0  0.37s           2026-07-04T15:37:33                      12
================================================================================
[2026-07-04T15:38:26.928+0000] {manager.py:821} INFO - Searching for files in /opt/airflow/dags
[2026-07-04T15:38:26.934+0000] {manager.py:824} INFO - There are 4 files in /opt/airflow/dags
[2026-07-04T15:38:32.866+0000] {manager.py:997} INFO - 
================================================================================
DAG File Processing Stats

File Path                                            PID    Runtime      # DAGs    # Errors  Last Runtime    Last Run               Last # of DB Queries
---------------------------------------------------  -----  ---------  --------  ----------  --------------  -------------------  ----------------------
/opt/airflow/dags/exemplos/example_distributed_3.py                           1           0  0.26s           2026-07-04T15:38:04                      10
/opt/airflow/dags/shopbrasil_panorama_precos.py                               1           0  0.25s           2026-07-04T15:38:04                      12
/opt/airflow/dags/exemplos/example_distributed_2.py                           1           0  0.16s           2026-07-04T15:38:04                      10
/opt/airflow/dags/exemplos/example_distributed.py                             1           0  0.15s           2026-07-04T15:38:04                      10
================================================================================
[2026-07-04T15:39:03.539+0000] {manager.py:997} INFO - 
================================================================================
DAG File Processing Stats

File Path                                            PID    Runtime      # DAGs    # Errors  Last Runtime    Last Run               Last # of DB Queries
---------------------------------------------------  -----  ---------  --------  ----------  --------------  -------------------  ----------------------
/opt/airflow/dags/shopbrasil_panorama_precos.py                               1           0  0.38s           2026-07-04T15:38:35                      12
/opt/airflow/dags/exemplos/example_distributed_3.py                           1           0  0.19s           2026-07-04T15:38:35                      10
/opt/airflow/dags/exemplos/example_distributed_2.py                           1           0  0.15s           2026-07-04T15:38:35                      10
/opt/airflow/dags/exemplos/example_distributed.py                             1           0  0.13s           2026-07-04T15:38:35                      10
================================================================================
[2026-07-04T15:39:33.773+0000] {manager.py:997} INFO - 
================================================================================
DAG File Processing Stats

File Path                                            PID    Runtime      # DAGs    # Errors  Last Runtime    Last Run               Last # of DB Queries
---------------------------------------------------  -----  ---------  --------  ----------  --------------  -------------------  ----------------------
/opt/airflow/dags/shopbrasil_panorama_precos.py                               1           0  0.36s           2026-07-04T15:39:05                      12
/opt/airflow/dags/exemplos/example_distributed_3.py                           1           0  0.36s           2026-07-04T15:39:05                      10
/opt/airflow/dags/exemplos/example_distributed_2.py                           1           0  0.30s           2026-07-04T15:39:06                      10
/opt/airflow/dags/exemplos/example_distributed.py                             1           0  0.29s           2026-07-04T15:39:06                      10
================================================================================
[2026-07-04T15:40:04.617+0000] {manager.py:997} INFO - 
================================================================================
DAG File Processing Stats

File Path                                            PID    Runtime      # DAGs    # Errors  Last Runtime    Last Run               Last # of DB Queries
---------------------------------------------------  -----  ---------  --------  ----------  --------------  -------------------  ----------------------
/opt/airflow/dags/exemplos/example_distributed_3.py                           1           0  0.52s           2026-07-04T15:39:37                      10
/opt/airflow/dags/shopbrasil_panorama_precos.py                               1           0  0.49s           2026-07-04T15:39:37                      12
/opt/airflow/dags/exemplos/example_distributed_2.py                           1           0  0.40s           2026-07-04T15:39:37                      10
/opt/airflow/dags/exemplos/example_distributed.py                             1           0  0.36s           2026-07-04T15:39:37                      10
================================================================================
[2026-07-04T15:40:35.263+0000] {manager.py:997} INFO - 
================================================================================
DAG File Processing Stats

File Path                                            PID    Runtime      # DAGs    # Errors  Last Runtime    Last Run               Last # of DB Queries
---------------------------------------------------  -----  ---------  --------  ----------  --------------  -------------------  ----------------------
/opt/airflow/dags/shopbrasil_panorama_precos.py                               1           0  0.22s           2026-07-04T15:40:07                      12
/opt/airflow/dags/exemplos/example_distributed_3.py                           1           0  0.19s           2026-07-04T15:40:07                      10
/opt/airflow/dags/exemplos/example_distributed_2.py                           1           0  0.15s           2026-07-04T15:40:08                      10
/opt/airflow/dags/exemplos/example_distributed.py                             1           0  0.13s           2026-07-04T15:40:08                      10
================================================================================
[2026-07-04T15:41:05.997+0000] {manager.py:997} INFO - 
================================================================================
DAG File Processing Stats

File Path                                            PID    Runtime      # DAGs    # Errors  Last Runtime    Last Run               Last # of DB Queries
---------------------------------------------------  -----  ---------  --------  ----------  --------------  -------------------  ----------------------
/opt/airflow/dags/shopbrasil_panorama_precos.py                               1           0  0.42s           2026-07-04T15:40:38                      12
/opt/airflow/dags/exemplos/example_distributed_3.py                           1           0  0.25s           2026-07-04T15:40:38                      10
/opt/airflow/dags/exemplos/example_distributed_2.py                           1           0  0.21s           2026-07-04T15:40:38                      10
/opt/airflow/dags/exemplos/example_distributed.py                             1           0  0.17s           2026-07-04T15:40:38                      10
================================================================================
[2026-07-04T15:41:36.065+0000] {manager.py:997} INFO - 
================================================================================
DAG File Processing Stats

File Path                                            PID    Runtime      # DAGs    # Errors  Last Runtime    Last Run               Last # of DB Queries
---------------------------------------------------  -----  ---------  --------  ----------  --------------  -------------------  ----------------------
/opt/airflow/dags/exemplos/example_distributed_3.py                           1           0  0.48s           2026-07-04T15:41:09                      10
/opt/airflow/dags/shopbrasil_panorama_precos.py                               1           0  0.46s           2026-07-04T15:41:09                      12
/opt/airflow/dags/exemplos/example_distributed_2.py                           1           0  0.37s           2026-07-04T15:41:09                      10
/opt/airflow/dags/exemplos/example_distributed.py                             1           0  0.36s           2026-07-04T15:41:09                      10
================================================================================
[2026-07-04T15:42:06.334+0000] {manager.py:997} INFO - 
================================================================================
DAG File Processing Stats

File Path                                            PID    Runtime      # DAGs    # Errors  Last Runtime    Last Run               Last # of DB Queries
---------------------------------------------------  -----  ---------  --------  ----------  --------------  -------------------  ----------------------
/opt/airflow/dags/exemplos/example_distributed_3.py                           1           0  0.43s           2026-07-04T15:41:40                      10
/opt/airflow/dags/shopbrasil_panorama_precos.py                               1           0  0.42s           2026-07-04T15:41:40                      12
/opt/airflow/dags/exemplos/example_distributed_2.py                           1           0  0.33s           2026-07-04T15:41:40                      10
/opt/airflow/dags/exemplos/example_distributed.py                             1           0  0.30s           2026-07-04T15:41:41                      10
================================================================================
[2026-07-04T15:42:36.722+0000] {manager.py:997} INFO - 
================================================================================
DAG File Processing Stats

File Path                                            PID    Runtime      # DAGs    # Errors  Last Runtime    Last Run               Last # of DB Queries
---------------------------------------------------  -----  ---------  --------  ----------  --------------  -------------------  ----------------------
/opt/airflow/dags/exemplos/example_distributed_3.py                           1           0  0.27s           2026-07-04T15:42:11                      10
/opt/airflow/dags/shopbrasil_panorama_precos.py                               1           0  0.24s           2026-07-04T15:42:11                      12
/opt/airflow/dags/exemplos/example_distributed.py                             1           0  0.20s           2026-07-04T15:42:11                      10
/opt/airflow/dags/exemplos/example_distributed_2.py                           1           0  0.18s           2026-07-04T15:42:11                      10
================================================================================
[2026-07-04T15:43:07.478+0000] {manager.py:997} INFO - 
================================================================================
DAG File Processing Stats

File Path                                            PID    Runtime      # DAGs    # Errors  Last Runtime    Last Run               Last # of DB Queries
---------------------------------------------------  -----  ---------  --------  ----------  --------------  -------------------  ----------------------
/opt/airflow/dags/shopbrasil_panorama_precos.py                               1           0  0.49s           2026-07-04T15:42:42                      12
/opt/airflow/dags/exemplos/example_distributed_3.py                           1           0  0.30s           2026-07-04T15:42:42                      10
/opt/airflow/dags/exemplos/example_distributed_2.py                           1           0  0.19s           2026-07-04T15:42:42                      10
/opt/airflow/dags/exemplos/example_distributed.py                             1           0  0.13s           2026-07-04T15:42:42                      10
================================================================================
[2026-07-04T15:43:27.531+0000] {manager.py:821} INFO - Searching for files in /opt/airflow/dags
[2026-07-04T15:43:27.537+0000] {manager.py:824} INFO - There are 4 files in /opt/airflow/dags
[2026-07-04T15:43:37.632+0000] {manager.py:997} INFO - 
================================================================================
DAG File Processing Stats

File Path                                            PID    Runtime      # DAGs    # Errors  Last Runtime    Last Run               Last # of DB Queries
---------------------------------------------------  -----  ---------  --------  ----------  --------------  -------------------  ----------------------
/opt/airflow/dags/exemplos/example_distributed_3.py                           1           0  0.48s           2026-07-04T15:43:13                      10
/opt/airflow/dags/shopbrasil_panorama_precos.py                               1           0  0.47s           2026-07-04T15:43:12                      12
/opt/airflow/dags/exemplos/example_distributed_2.py                           1           0  0.37s           2026-07-04T15:43:13                      10
/opt/airflow/dags/exemplos/example_distributed.py                             1           0  0.31s           2026-07-04T15:43:13                      10
================================================================================
[2026-07-04T15:44:07.669+0000] {manager.py:997} INFO - 
================================================================================
DAG File Processing Stats

File Path                                            PID    Runtime      # DAGs    # Errors  Last Runtime    Last Run               Last # of DB Queries
---------------------------------------------------  -----  ---------  --------  ----------  --------------  -------------------  ----------------------
/opt/airflow/dags/shopbrasil_panorama_precos.py                               1           0  0.40s           2026-07-04T15:43:44                      12
/opt/airflow/dags/exemplos/example_distributed_2.py                           1           0  0.40s           2026-07-04T15:43:44                      10
/opt/airflow/dags/exemplos/example_distributed.py                             1           0  0.39s           2026-07-04T15:43:44                      10
/opt/airflow/dags/exemplos/example_distributed_3.py                           1           0  0.37s           2026-07-04T15:43:44                      10
================================================================================
[2026-07-04T15:44:38.365+0000] {manager.py:997} INFO - 
================================================================================
DAG File Processing Stats

File Path                                            PID    Runtime      # DAGs    # Errors  Last Runtime    Last Run               Last # of DB Queries
---------------------------------------------------  -----  ---------  --------  ----------  --------------  -------------------  ----------------------
/opt/airflow/dags/shopbrasil_panorama_precos.py                               1           0  0.24s           2026-07-04T15:44:14                      12
/opt/airflow/dags/exemplos/example_distributed_3.py                           1           0  0.23s           2026-07-04T15:44:14                      10
/opt/airflow/dags/exemplos/example_distributed_2.py                           1           0  0.14s           2026-07-04T15:44:15                      10
/opt/airflow/dags/exemplos/example_distributed.py                             1           0  0.14s           2026-07-04T15:44:15                      10
================================================================================
[2026-07-04T15:45:08.380+0000] {manager.py:997} INFO - 
================================================================================
DAG File Processing Stats

File Path                                            PID    Runtime      # DAGs    # Errors  Last Runtime    Last Run               Last # of DB Queries
---------------------------------------------------  -----  ---------  --------  ----------  --------------  -------------------  ----------------------
/opt/airflow/dags/shopbrasil_panorama_precos.py                               1           0  0.42s           2026-07-04T15:44:45                      12
/opt/airflow/dags/exemplos/example_distributed_2.py                           1           0  0.24s           2026-07-04T15:44:45                      10
/opt/airflow/dags/exemplos/example_distributed.py                             1           0  0.21s           2026-07-04T15:44:46                      10
/opt/airflow/dags/exemplos/example_distributed_3.py                           1           0  0.17s           2026-07-04T15:44:45                      10
================================================================================
[2026-07-04T15:45:39.056+0000] {manager.py:997} INFO - 
================================================================================
DAG File Processing Stats

File Path                                            PID    Runtime      # DAGs    # Errors  Last Runtime    Last Run               Last # of DB Queries
---------------------------------------------------  -----  ---------  --------  ----------  --------------  -------------------  ----------------------
/opt/airflow/dags/exemplos/example_distributed_3.py                           1           0  2.10s           2026-07-04T15:45:18                      10
/opt/airflow/dags/shopbrasil_panorama_precos.py                               1           0  1.75s           2026-07-04T15:45:18                      12
/opt/airflow/dags/exemplos/example_distributed_2.py                           1           0  1.68s           2026-07-04T15:45:19                      10
/opt/airflow/dags/exemplos/example_distributed.py                             1           0  1.48s           2026-07-04T15:45:20                      10
================================================================================
[2026-07-04T15:46:09.090+0000] {manager.py:997} INFO - 
================================================================================
DAG File Processing Stats

File Path                                            PID    Runtime      # DAGs    # Errors  Last Runtime    Last Run               Last # of DB Queries
---------------------------------------------------  -----  ---------  --------  ----------  --------------  -------------------  ----------------------
/opt/airflow/dags/exemplos/example_distributed.py                             1           0  0.70s           2026-07-04T15:45:50                      10
/opt/airflow/dags/exemplos/example_distributed_2.py                           1           0  0.69s           2026-07-04T15:45:50                      10
/opt/airflow/dags/exemplos/example_distributed_3.py                           1           0  0.54s           2026-07-04T15:45:49                      10
/opt/airflow/dags/shopbrasil_panorama_precos.py                               1           0  0.52s           2026-07-04T15:45:48                      12
================================================================================
[2026-07-04T15:46:39.628+0000] {manager.py:997} INFO - 
================================================================================
DAG File Processing Stats

File Path                                            PID    Runtime      # DAGs    # Errors  Last Runtime    Last Run               Last # of DB Queries
---------------------------------------------------  -----  ---------  --------  ----------  --------------  -------------------  ----------------------
/opt/airflow/dags/shopbrasil_panorama_precos.py                               1           0  0.27s           2026-07-04T15:46:19                      12
/opt/airflow/dags/exemplos/example_distributed_3.py                           1           0  0.23s           2026-07-04T15:46:19                      10
/opt/airflow/dags/exemplos/example_distributed_2.py                           1           0  0.21s           2026-07-04T15:46:21                      10
/opt/airflow/dags/exemplos/example_distributed.py                             1           0  0.20s           2026-07-04T15:46:21                      10
================================================================================
[2026-07-04T15:47:10.304+0000] {manager.py:997} INFO - 
================================================================================
DAG File Processing Stats

File Path                                            PID    Runtime      # DAGs    # Errors  Last Runtime    Last Run               Last # of DB Queries
---------------------------------------------------  -----  ---------  --------  ----------  --------------  -------------------  ----------------------
/opt/airflow/dags/shopbrasil_panorama_precos.py                               1           0  0.44s           2026-07-04T15:46:50                      12
/opt/airflow/dags/exemplos/example_distributed_3.py                           1           0  0.23s           2026-07-04T15:46:49                      10
/opt/airflow/dags/exemplos/example_distributed_2.py                           1           0  0.19s           2026-07-04T15:46:52                      10
/opt/airflow/dags/exemplos/example_distributed.py                             1           0  0.17s           2026-07-04T15:46:52                      10
================================================================================
[2026-07-04T15:47:40.628+0000] {manager.py:997} INFO - 
================================================================================
DAG File Processing Stats

File Path                                            PID    Runtime      # DAGs    # Errors  Last Runtime    Last Run               Last # of DB Queries
---------------------------------------------------  -----  ---------  --------  ----------  --------------  -------------------  ----------------------
/opt/airflow/dags/shopbrasil_panorama_precos.py                               1           0  0.61s           2026-07-04T15:47:20                      12
/opt/airflow/dags/exemplos/example_distributed_3.py                           1           0  0.59s           2026-07-04T15:47:20                      10
/opt/airflow/dags/exemplos/example_distributed.py                             1           0  0.49s           2026-07-04T15:47:22                      10
/opt/airflow/dags/exemplos/example_distributed_2.py                           1           0  0.49s           2026-07-04T15:47:22                      10
================================================================================
[2026-07-04T15:48:11.275+0000] {manager.py:997} INFO - 
================================================================================
DAG File Processing Stats

File Path                                            PID    Runtime      # DAGs    # Errors  Last Runtime    Last Run               Last # of DB Queries
---------------------------------------------------  -----  ---------  --------  ----------  --------------  -------------------  ----------------------
/opt/airflow/dags/shopbrasil_panorama_precos.py                               1           0  0.52s           2026-07-04T15:47:51                      12
/opt/airflow/dags/exemplos/example_distributed_3.py                           1           0  0.46s           2026-07-04T15:47:51                      10
/opt/airflow/dags/exemplos/example_distributed_2.py                           1           0  0.42s           2026-07-04T15:47:54                      10
/opt/airflow/dags/exemplos/example_distributed.py                             1           0  0.42s           2026-07-04T15:47:54                      10
================================================================================
[2026-07-04T15:48:28.253+0000] {manager.py:821} INFO - Searching for files in /opt/airflow/dags
[2026-07-04T15:48:28.260+0000] {manager.py:824} INFO - There are 4 files in /opt/airflow/dags
[2026-07-04T15:48:41.382+0000] {manager.py:997} INFO - 
================================================================================
DAG File Processing Stats

File Path                                            PID    Runtime      # DAGs    # Errors  Last Runtime    Last Run               Last # of DB Queries
---------------------------------------------------  -----  ---------  --------  ----------  --------------  -------------------  ----------------------
/opt/airflow/dags/shopbrasil_panorama_precos.py                               1           0  0.54s           2026-07-04T15:48:22                      12
/opt/airflow/dags/exemplos/example_distributed_3.py                           1           0  0.47s           2026-07-04T15:48:22                      10
/opt/airflow/dags/exemplos/example_distributed_2.py                           1           0  0.26s           2026-07-04T15:48:25                      10
/opt/airflow/dags/exemplos/example_distributed.py                             1           0  0.24s           2026-07-04T15:48:25                      10
================================================================================
[2026-07-04T15:49:11.594+0000] {manager.py:997} INFO - 
================================================================================
DAG File Processing Stats

File Path                                            PID    Runtime      # DAGs    # Errors  Last Runtime    Last Run               Last # of DB Queries
---------------------------------------------------  -----  ---------  --------  ----------  --------------  -------------------  ----------------------
/opt/airflow/dags/exemplos/example_distributed_2.py                           1           0  1.42s           2026-07-04T15:48:57                      10
/opt/airflow/dags/exemplos/example_distributed.py                             1           0  1.12s           2026-07-04T15:48:57                      10
/opt/airflow/dags/shopbrasil_panorama_precos.py                               1           0  0.61s           2026-07-04T15:48:54                      12
/opt/airflow/dags/exemplos/example_distributed_3.py                           1           0  0.35s           2026-07-04T15:48:53                      10
================================================================================
[2026-07-04T15:49:41.653+0000] {manager.py:997} INFO - 
================================================================================
DAG File Processing Stats

File Path                                            PID    Runtime      # DAGs    # Errors  Last Runtime    Last Run               Last # of DB Queries
---------------------------------------------------  -----  ---------  --------  ----------  --------------  -------------------  ----------------------
/opt/airflow/dags/exemplos/example_distributed_3.py                           1           0  0.45s           2026-07-04T15:49:25                      10
/opt/airflow/dags/shopbrasil_panorama_precos.py                               1           0  0.44s           2026-07-04T15:49:25                      12
/opt/airflow/dags/exemplos/example_distributed_2.py                           1           0  0.32s           2026-07-04T15:49:27                      10
/opt/airflow/dags/exemplos/example_distributed.py                             1           0  0.31s           2026-07-04T15:49:27                      10
================================================================================
[2026-07-04T15:50:11.793+0000] {manager.py:997} INFO - 
================================================================================
DAG File Processing Stats

File Path                                            PID    Runtime      # DAGs    # Errors  Last Runtime    Last Run               Last # of DB Queries
---------------------------------------------------  -----  ---------  --------  ----------  --------------  -------------------  ----------------------
/opt/airflow/dags/shopbrasil_panorama_precos.py                               1           0  0.50s           2026-07-04T15:49:56                      12
/opt/airflow/dags/exemplos/example_distributed_3.py                           1           0  0.48s           2026-07-04T15:49:56                      10
/opt/airflow/dags/exemplos/example_distributed.py                             1           0  0.45s           2026-07-04T15:49:58                      10
/opt/airflow/dags/exemplos/example_distributed_2.py                           1           0  0.41s           2026-07-04T15:49:58                      10
================================================================================
[2026-07-04T15:50:42.144+0000] {manager.py:997} INFO - 
================================================================================
DAG File Processing Stats

File Path                                            PID    Runtime      # DAGs    # Errors  Last Runtime    Last Run               Last # of DB Queries
---------------------------------------------------  -----  ---------  --------  ----------  --------------  -------------------  ----------------------
/opt/airflow/dags/shopbrasil_panorama_precos.py                               1           0  0.28s           2026-07-04T15:50:27                      12
/opt/airflow/dags/exemplos/example_distributed_3.py                           1           0  0.27s           2026-07-04T15:50:27                      10
/opt/airflow/dags/exemplos/example_distributed_2.py                           1           0  0.19s           2026-07-04T15:50:29                      10
/opt/airflow/dags/exemplos/example_distributed.py                             1           0  0.18s           2026-07-04T15:50:29                      10
================================================================================
[2026-07-04T15:51:12.848+0000] {manager.py:997} INFO - 
================================================================================
DAG File Processing Stats

File Path                                            PID    Runtime      # DAGs    # Errors  Last Runtime    Last Run               Last # of DB Queries
---------------------------------------------------  -----  ---------  --------  ----------  --------------  -------------------  ----------------------
/opt/airflow/dags/shopbrasil_panorama_precos.py                               1           0  0.37s           2026-07-04T15:50:57                      12
/opt/airflow/dags/exemplos/example_distributed_2.py                           1           0  0.21s           2026-07-04T15:50:59                      10
/opt/airflow/dags/exemplos/example_distributed.py                             1           0  0.21s           2026-07-04T15:50:59                      10
/opt/airflow/dags/exemplos/example_distributed_3.py                           1           0  0.19s           2026-07-04T15:50:57                      10
================================================================================
[2026-07-04T15:51:43.349+0000] {manager.py:997} INFO - 
================================================================================
DAG File Processing Stats

File Path                                            PID    Runtime      # DAGs    # Errors  Last Runtime    Last Run               Last # of DB Queries
---------------------------------------------------  -----  ---------  --------  ----------  --------------  -------------------  ----------------------
/opt/airflow/dags/shopbrasil_panorama_precos.py                               1           0  0.69s           2026-07-04T15:51:28                      12
/opt/airflow/dags/exemplos/example_distributed_3.py                           1           0  0.68s           2026-07-04T15:51:28                      10
/opt/airflow/dags/exemplos/example_distributed_2.py                           1           0  0.50s           2026-07-04T15:51:30                      10
/opt/airflow/dags/exemplos/example_distributed.py                             1           0  0.39s           2026-07-04T15:51:30                      10
================================================================================
[2026-07-04T15:52:13.877+0000] {manager.py:997} INFO - 
================================================================================
DAG File Processing Stats

File Path                                            PID    Runtime      # DAGs    # Errors  Last Runtime    Last Run               Last # of DB Queries
---------------------------------------------------  -----  ---------  --------  ----------  --------------  -------------------  ----------------------
/opt/airflow/dags/shopbrasil_panorama_precos.py                               1           0  0.48s           2026-07-04T15:51:59                      12
/opt/airflow/dags/exemplos/example_distributed_3.py                           1           0  0.48s           2026-07-04T15:51:59                      10
/opt/airflow/dags/exemplos/example_distributed.py                             1           0  0.44s           2026-07-04T15:52:01                      10
/opt/airflow/dags/exemplos/example_distributed_2.py                           1           0  0.41s           2026-07-04T15:52:00                      10
================================================================================
[2026-07-04T15:52:44.782+0000] {manager.py:997} INFO - 
================================================================================
DAG File Processing Stats

File Path                                            PID    Runtime      # DAGs    # Errors  Last Runtime    Last Run               Last # of DB Queries
---------------------------------------------------  -----  ---------  --------  ----------  --------------  -------------------  ----------------------
/opt/airflow/dags/shopbrasil_panorama_precos.py                               1           0  0.25s           2026-07-04T15:52:29                      12
/opt/airflow/dags/exemplos/example_distributed_2.py                           1           0  0.23s           2026-07-04T15:52:31                      10
/opt/airflow/dags/exemplos/example_distributed_3.py                           1           0  0.22s           2026-07-04T15:52:29                      10
/opt/airflow/dags/exemplos/example_distributed.py                             1           0  0.20s           2026-07-04T15:52:31                      10
================================================================================
[2026-07-04T15:53:15.514+0000] {manager.py:997} INFO - 
================================================================================
DAG File Processing Stats

File Path                                            PID    Runtime      # DAGs    # Errors  Last Runtime    Last Run               Last # of DB Queries
---------------------------------------------------  -----  ---------  --------  ----------  --------------  -------------------  ----------------------
/opt/airflow/dags/shopbrasil_panorama_precos.py                               1           0  0.50s           2026-07-04T15:53:00                      12
/opt/airflow/dags/exemplos/example_distributed_3.py                           1           0  0.30s           2026-07-04T15:53:00                      10
/opt/airflow/dags/exemplos/example_distributed_2.py                           1           0  0.17s           2026-07-04T15:53:02                      10
/opt/airflow/dags/exemplos/example_distributed.py                             1           0  0.17s           2026-07-04T15:53:02                      10
================================================================================
[2026-07-04T15:53:28.612+0000] {manager.py:821} INFO - Searching for files in /opt/airflow/dags
[2026-07-04T15:53:28.617+0000] {manager.py:824} INFO - There are 4 files in /opt/airflow/dags
[2026-07-04T15:53:45.616+0000] {manager.py:997} INFO - 
================================================================================
DAG File Processing Stats

File Path                                            PID    Runtime      # DAGs    # Errors  Last Runtime    Last Run               Last # of DB Queries
---------------------------------------------------  -----  ---------  --------  ----------  --------------  -------------------  ----------------------
/opt/airflow/dags/exemplos/example_distributed_2.py                           1           0  0.44s           2026-07-04T15:53:33                      10
/opt/airflow/dags/exemplos/example_distributed.py                             1           0  0.43s           2026-07-04T15:53:33                      10
/opt/airflow/dags/shopbrasil_panorama_precos.py                               1           0  0.39s           2026-07-04T15:53:31                      12
/opt/airflow/dags/exemplos/example_distributed_3.py                           1           0  0.38s           2026-07-04T15:53:31                      10
================================================================================
[2026-07-04T15:54:15.913+0000] {manager.py:997} INFO - 
================================================================================
DAG File Processing Stats

File Path                                            PID    Runtime      # DAGs    # Errors  Last Runtime    Last Run               Last # of DB Queries
---------------------------------------------------  -----  ---------  --------  ----------  --------------  -------------------  ----------------------
/opt/airflow/dags/exemplos/example_distributed_2.py                           1           0  0.58s           2026-07-04T15:54:04                      10
/opt/airflow/dags/shopbrasil_panorama_precos.py                               1           0  0.56s           2026-07-04T15:54:02                      12
/opt/airflow/dags/exemplos/example_distributed.py                             1           0  0.54s           2026-07-04T15:54:04                      10
/opt/airflow/dags/exemplos/example_distributed_3.py                           1           0  0.49s           2026-07-04T15:54:02                      10
================================================================================
[2026-07-04T15:54:46.639+0000] {manager.py:997} INFO - 
================================================================================
DAG File Processing Stats

File Path                                            PID    Runtime      # DAGs    # Errors  Last Runtime    Last Run               Last # of DB Queries
---------------------------------------------------  -----  ---------  --------  ----------  --------------  -------------------  ----------------------
/opt/airflow/dags/exemplos/example_distributed_3.py                           1           0  0.21s           2026-07-04T15:54:33                      10
/opt/airflow/dags/shopbrasil_panorama_precos.py                               1           0  0.21s           2026-07-04T15:54:33                      12
/opt/airflow/dags/exemplos/example_distributed_2.py                           1           0  0.18s           2026-07-04T15:54:35                      10
/opt/airflow/dags/exemplos/example_distributed.py                             1           0  0.16s           2026-07-04T15:54:35                      10
================================================================================
[2026-07-04T15:55:17.334+0000] {manager.py:997} INFO - 
================================================================================
DAG File Processing Stats

File Path                                            PID    Runtime      # DAGs    # Errors  Last Runtime    Last Run               Last # of DB Queries
---------------------------------------------------  -----  ---------  --------  ----------  --------------  -------------------  ----------------------
/opt/airflow/dags/exemplos/example_distributed_3.py                           1           0  0.29s           2026-07-04T15:55:04                      10
/opt/airflow/dags/shopbrasil_panorama_precos.py                               1           0  0.27s           2026-07-04T15:55:04                      12
/opt/airflow/dags/exemplos/example_distributed.py                             1           0  0.17s           2026-07-04T15:55:06                      10
/opt/airflow/dags/exemplos/example_distributed_2.py                           1           0  0.17s           2026-07-04T15:55:06                      10
================================================================================
[2026-07-04T15:55:47.916+0000] {manager.py:997} INFO - 
================================================================================
DAG File Processing Stats

File Path                                            PID    Runtime      # DAGs    # Errors  Last Runtime    Last Run               Last # of DB Queries
---------------------------------------------------  -----  ---------  --------  ----------  --------------  -------------------  ----------------------
/opt/airflow/dags/exemplos/example_distributed_3.py                           1           0  0.30s           2026-07-04T15:55:34                      10
/opt/airflow/dags/shopbrasil_panorama_precos.py                               1           0  0.27s           2026-07-04T15:55:34                      12
/opt/airflow/dags/exemplos/example_distributed_2.py                           1           0  0.24s           2026-07-04T15:55:37                      10
/opt/airflow/dags/exemplos/example_distributed.py                             1           0  0.24s           2026-07-04T15:55:37                      10
================================================================================
[2026-07-04T15:56:18.604+0000] {manager.py:997} INFO - 
================================================================================
DAG File Processing Stats

File Path                                            PID    Runtime      # DAGs    # Errors  Last Runtime    Last Run               Last # of DB Queries
---------------------------------------------------  -----  ---------  --------  ----------  --------------  -------------------  ----------------------
/opt/airflow/dags/exemplos/example_distributed_2.py                           1           0  0.23s           2026-07-04T15:56:07                      10
/opt/airflow/dags/exemplos/example_distributed_3.py                           1           0  0.22s           2026-07-04T15:56:05                      10
/opt/airflow/dags/exemplos/example_distributed.py                             1           0  0.22s           2026-07-04T15:56:07                      10
/opt/airflow/dags/shopbrasil_panorama_precos.py                               1           0  0.19s           2026-07-04T15:56:05                      12
================================================================================
[2026-07-04T15:56:49.057+0000] {manager.py:997} INFO - 
================================================================================
DAG File Processing Stats

File Path                                            PID    Runtime      # DAGs    # Errors  Last Runtime    Last Run               Last # of DB Queries
---------------------------------------------------  -----  ---------  --------  ----------  --------------  -------------------  ----------------------
/opt/airflow/dags/shopbrasil_panorama_precos.py                               1           0  0.22s           2026-07-04T15:56:35                      12
/opt/airflow/dags/exemplos/example_distributed_2.py                           1           0  0.22s           2026-07-04T15:56:38                      10
/opt/airflow/dags/exemplos/example_distributed_3.py                           1           0  0.20s           2026-07-04T15:56:35                      10
/opt/airflow/dags/exemplos/example_distributed.py                             1           0  0.20s           2026-07-04T15:56:38                      10
================================================================================
[2026-07-04T15:57:19.807+0000] {manager.py:997} INFO - 
================================================================================
DAG File Processing Stats

File Path                                            PID    Runtime      # DAGs    # Errors  Last Runtime    Last Run               Last # of DB Queries
---------------------------------------------------  -----  ---------  --------  ----------  --------------  -------------------  ----------------------
/opt/airflow/dags/exemplos/example_distributed_2.py                           1           0  0.24s           2026-07-04T15:57:08                      10
/opt/airflow/dags/shopbrasil_panorama_precos.py                               1           0  0.22s           2026-07-04T15:57:06                      12
/opt/airflow/dags/exemplos/example_distributed_3.py                           1           0  0.21s           2026-07-04T15:57:06                      10
/opt/airflow/dags/exemplos/example_distributed.py                             1           0  0.19s           2026-07-04T15:57:08                      10
================================================================================
[2026-07-04T15:57:50.317+0000] {manager.py:997} INFO - 
================================================================================
DAG File Processing Stats

File Path                                            PID    Runtime      # DAGs    # Errors  Last Runtime    Last Run               Last # of DB Queries
---------------------------------------------------  -----  ---------  --------  ----------  --------------  -------------------  ----------------------
/opt/airflow/dags/shopbrasil_panorama_precos.py                               1           0  0.25s           2026-07-04T15:57:37                      12
/opt/airflow/dags/exemplos/example_distributed_3.py                           1           0  0.23s           2026-07-04T15:57:37                      10
/opt/airflow/dags/exemplos/example_distributed_2.py                           1           0  0.23s           2026-07-04T15:57:39                      10
/opt/airflow/dags/exemplos/example_distributed.py                             1           0  0.20s           2026-07-04T15:57:39                      10
================================================================================
[2026-07-04T15:58:20.995+0000] {manager.py:997} INFO - 
================================================================================
DAG File Processing Stats

File Path                                            PID    Runtime      # DAGs    # Errors  Last Runtime    Last Run               Last # of DB Queries
---------------------------------------------------  -----  ---------  --------  ----------  --------------  -------------------  ----------------------
/opt/airflow/dags/shopbrasil_panorama_precos.py                               1           0  0.26s           2026-07-04T15:58:07                      12
/opt/airflow/dags/exemplos/example_distributed.py                             1           0  0.22s           2026-07-04T15:58:09                      10
/opt/airflow/dags/exemplos/example_distributed_2.py                           1           0  0.21s           2026-07-04T15:58:09                      10
/opt/airflow/dags/exemplos/example_distributed_3.py                           1           0  0.21s           2026-07-04T15:58:07                      10
================================================================================
[2026-07-04T15:58:29.060+0000] {manager.py:821} INFO - Searching for files in /opt/airflow/dags
[2026-07-04T15:58:29.073+0000] {manager.py:824} INFO - There are 4 files in /opt/airflow/dags
[2026-07-04T15:58:51.871+0000] {manager.py:997} INFO - 
================================================================================
DAG File Processing Stats

File Path                                            PID    Runtime      # DAGs    # Errors  Last Runtime    Last Run               Last # of DB Queries
---------------------------------------------------  -----  ---------  --------  ----------  --------------  -------------------  ----------------------
/opt/airflow/dags/exemplos/example_distributed_3.py                           1           0  0.34s           2026-07-04T15:58:38                      10
/opt/airflow/dags/shopbrasil_panorama_precos.py                               1           0  0.33s           2026-07-04T15:58:38                      12
/opt/airflow/dags/exemplos/example_distributed.py                             1           0  0.22s           2026-07-04T15:58:40                      10
/opt/airflow/dags/exemplos/example_distributed_2.py                           1           0  0.21s           2026-07-04T15:58:40                      10
================================================================================
[2026-07-04T15:59:22.751+0000] {manager.py:997} INFO - 
================================================================================
DAG File Processing Stats

File Path                                            PID    Runtime      # DAGs    # Errors  Last Runtime    Last Run               Last # of DB Queries
---------------------------------------------------  -----  ---------  --------  ----------  --------------  -------------------  ----------------------
/opt/airflow/dags/shopbrasil_panorama_precos.py                               1           0  0.61s           2026-07-04T15:59:09                      12
/opt/airflow/dags/exemplos/example_distributed_3.py                           1           0  0.41s           2026-07-04T15:59:09                      10
/opt/airflow/dags/exemplos/example_distributed_2.py                           1           0  0.19s           2026-07-04T15:59:11                      10
/opt/airflow/dags/exemplos/example_distributed.py                             1           0  0.17s           2026-07-04T15:59:11                      10
================================================================================
[2026-07-04T15:59:52.812+0000] {manager.py:997} INFO - 
================================================================================
DAG File Processing Stats

File Path                                            PID    Runtime      # DAGs    # Errors  Last Runtime    Last Run               Last # of DB Queries
---------------------------------------------------  -----  ---------  --------  ----------  --------------  -------------------  ----------------------
/opt/airflow/dags/exemplos/example_distributed_3.py                           1           0  0.54s           2026-07-04T15:59:40                      10
/opt/airflow/dags/shopbrasil_panorama_precos.py                               1           0  0.50s           2026-07-04T15:59:40                      12
/opt/airflow/dags/exemplos/example_distributed.py                             1           0  0.37s           2026-07-04T15:59:42                      10
/opt/airflow/dags/exemplos/example_distributed_2.py                           1           0  0.26s           2026-07-04T15:59:42                      10
================================================================================
[2026-07-04T16:00:23.389+0000] {manager.py:997} INFO - 
================================================================================
DAG File Processing Stats

File Path                                            PID    Runtime      # DAGs    # Errors  Last Runtime    Last Run               Last # of DB Queries
---------------------------------------------------  -----  ---------  --------  ----------  --------------  -------------------  ----------------------
/opt/airflow/dags/shopbrasil_panorama_precos.py                               1           0  0.21s           2026-07-04T16:00:11                      12
/opt/airflow/dags/exemplos/example_distributed_3.py                           1           0  0.19s           2026-07-04T16:00:11                      10
/opt/airflow/dags/exemplos/example_distributed_2.py                           1           0  0.17s           2026-07-04T16:00:13                      10
/opt/airflow/dags/exemplos/example_distributed.py                             1           0  0.16s           2026-07-04T16:00:13                      10
================================================================================
[2026-07-04T16:00:54.048+0000] {manager.py:997} INFO - 
================================================================================
DAG File Processing Stats

File Path                                            PID    Runtime      # DAGs    # Errors  Last Runtime    Last Run               Last # of DB Queries
---------------------------------------------------  -----  ---------  --------  ----------  --------------  -------------------  ----------------------
/opt/airflow/dags/exemplos/example_distributed_3.py                           1           0  0.23s           2026-07-04T16:00:41                      10
/opt/airflow/dags/exemplos/example_distributed.py                             1           0  0.22s           2026-07-04T16:00:43                      10
/opt/airflow/dags/exemplos/example_distributed_2.py                           1           0  0.20s           2026-07-04T16:00:43                      10
/opt/airflow/dags/shopbrasil_panorama_precos.py                               1           0  0.19s           2026-07-04T16:00:41                      12
================================================================================
[2026-07-04T16:01:24.556+0000] {manager.py:997} INFO - 
================================================================================
DAG File Processing Stats

File Path                                            PID    Runtime      # DAGs    # Errors  Last Runtime    Last Run               Last # of DB Queries
---------------------------------------------------  -----  ---------  --------  ----------  --------------  -------------------  ----------------------
/opt/airflow/dags/shopbrasil_panorama_precos.py                               1           0  0.20s           2026-07-04T16:01:12                      12
/opt/airflow/dags/exemplos/example_distributed_3.py                           1           0  0.18s           2026-07-04T16:01:12                      10
/opt/airflow/dags/exemplos/example_distributed_2.py                           1           0  0.18s           2026-07-04T16:01:14                      10
/opt/airflow/dags/exemplos/example_distributed.py                             1           0  0.16s           2026-07-04T16:01:14                      10
================================================================================
[2026-07-04T16:01:55.076+0000] {manager.py:997} INFO - 
================================================================================
DAG File Processing Stats

File Path                                            PID    Runtime      # DAGs    # Errors  Last Runtime    Last Run               Last # of DB Queries
---------------------------------------------------  -----  ---------  --------  ----------  --------------  -------------------  ----------------------
/opt/airflow/dags/shopbrasil_panorama_precos.py                               1           0  0.24s           2026-07-04T16:01:42                      12
/opt/airflow/dags/exemplos/example_distributed_3.py                           1           0  0.20s           2026-07-04T16:01:42                      10
/opt/airflow/dags/exemplos/example_distributed_2.py                           1           0  0.16s           2026-07-04T16:01:45                      10
/opt/airflow/dags/exemplos/example_distributed.py                             1           0  0.15s           2026-07-04T16:01:45                      10
================================================================================
[2026-07-04T16:02:25.779+0000] {manager.py:997} INFO - 
================================================================================
DAG File Processing Stats

File Path                                            PID    Runtime      # DAGs    # Errors  Last Runtime    Last Run               Last # of DB Queries
---------------------------------------------------  -----  ---------  --------  ----------  --------------  -------------------  ----------------------
/opt/airflow/dags/shopbrasil_panorama_precos.py                               1           0  0.24s           2026-07-04T16:02:13                      12
/opt/airflow/dags/exemplos/example_distributed_3.py                           1           0  0.21s           2026-07-04T16:02:13                      10
/opt/airflow/dags/exemplos/example_distributed_2.py                           1           0  0.20s           2026-07-04T16:02:15                      10
/opt/airflow/dags/exemplos/example_distributed.py                             1           0  0.18s           2026-07-04T16:02:15                      10
================================================================================
[2026-07-04T16:02:56.473+0000] {manager.py:997} INFO - 
================================================================================
DAG File Processing Stats

File Path                                            PID    Runtime      # DAGs    # Errors  Last Runtime    Last Run               Last # of DB Queries
---------------------------------------------------  -----  ---------  --------  ----------  --------------  -------------------  ----------------------
/opt/airflow/dags/shopbrasil_panorama_precos.py                               1           0  0.22s           2026-07-04T16:02:44                      12
/opt/airflow/dags/exemplos/example_distributed.py                             1           0  0.22s           2026-07-04T16:02:46                      10
/opt/airflow/dags/exemplos/example_distributed_2.py                           1           0  0.21s           2026-07-04T16:02:46                      10
/opt/airflow/dags/exemplos/example_distributed_3.py                           1           0  0.20s           2026-07-04T16:02:44                      10
================================================================================
[2026-07-04T16:03:27.400+0000] {manager.py:997} INFO - 
================================================================================
DAG File Processing Stats

File Path                                            PID    Runtime      # DAGs    # Errors  Last Runtime    Last Run               Last # of DB Queries
---------------------------------------------------  -----  ---------  --------  ----------  --------------  -------------------  ----------------------
/opt/airflow/dags/exemplos/example_distributed_3.py                           1           0  0.39s           2026-07-04T16:03:15                      10
/opt/airflow/dags/shopbrasil_panorama_precos.py                               1           0  0.36s           2026-07-04T16:03:14                      12
/opt/airflow/dags/exemplos/example_distributed_2.py                           1           0  0.26s           2026-07-04T16:03:17                      10
/opt/airflow/dags/exemplos/example_distributed.py                             1           0  0.25s           2026-07-04T16:03:17                      10
================================================================================
[2026-07-04T16:03:29.411+0000] {manager.py:821} INFO - Searching for files in /opt/airflow/dags
[2026-07-04T16:03:29.417+0000] {manager.py:824} INFO - There are 4 files in /opt/airflow/dags
[2026-07-04T16:03:57.483+0000] {manager.py:997} INFO - 
================================================================================
DAG File Processing Stats

File Path                                            PID    Runtime      # DAGs    # Errors  Last Runtime    Last Run               Last # of DB Queries
---------------------------------------------------  -----  ---------  --------  ----------  --------------  -------------------  ----------------------
/opt/airflow/dags/exemplos/example_distributed.py                             1           0  0.56s           2026-07-04T16:03:48                      10
/opt/airflow/dags/exemplos/example_distributed_3.py                           1           0  0.50s           2026-07-04T16:03:46                      10
/opt/airflow/dags/exemplos/example_distributed_2.py                           1           0  0.45s           2026-07-04T16:03:48                      10
/opt/airflow/dags/shopbrasil_panorama_precos.py                               1           0  0.32s           2026-07-04T16:03:45                      12
================================================================================
[2026-07-04T16:04:27.972+0000] {manager.py:997} INFO - 
================================================================================
DAG File Processing Stats

File Path                                            PID    Runtime      # DAGs    # Errors  Last Runtime    Last Run               Last # of DB Queries
---------------------------------------------------  -----  ---------  --------  ----------  --------------  -------------------  ----------------------
/opt/airflow/dags/shopbrasil_panorama_precos.py                               1           0  0.21s           2026-07-04T16:04:16                      12
/opt/airflow/dags/exemplos/example_distributed_3.py                           1           0  0.19s           2026-07-04T16:04:16                      10
/opt/airflow/dags/exemplos/example_distributed_2.py                           1           0  0.17s           2026-07-04T16:04:19                      10
/opt/airflow/dags/exemplos/example_distributed.py                             1           0  0.17s           2026-07-04T16:04:19                      10
================================================================================
[2026-07-04T16:04:58.732+0000] {manager.py:997} INFO - 
================================================================================
DAG File Processing Stats

File Path                                            PID    Runtime      # DAGs    # Errors  Last Runtime    Last Run               Last # of DB Queries
---------------------------------------------------  -----  ---------  --------  ----------  --------------  -------------------  ----------------------
/opt/airflow/dags/exemplos/example_distributed_3.py                           1           0  0.28s           2026-07-04T16:04:47                      10
/opt/airflow/dags/shopbrasil_panorama_precos.py                               1           0  0.26s           2026-07-04T16:04:47                      12
/opt/airflow/dags/exemplos/example_distributed_2.py                           1           0  0.23s           2026-07-04T16:04:49                      10
/opt/airflow/dags/exemplos/example_distributed.py                             1           0  0.20s           2026-07-04T16:04:49                      10
================================================================================
[2026-07-04T16:05:29.373+0000] {manager.py:997} INFO - 
================================================================================
DAG File Processing Stats

File Path                                            PID    Runtime      # DAGs    # Errors  Last Runtime    Last Run               Last # of DB Queries
---------------------------------------------------  -----  ---------  --------  ----------  --------------  -------------------  ----------------------
/opt/airflow/dags/exemplos/example_distributed.py                             1           0  0.21s           2026-07-04T16:05:20                      10
/opt/airflow/dags/exemplos/example_distributed_3.py                           1           0  0.20s           2026-07-04T16:05:18                      10
/opt/airflow/dags/shopbrasil_panorama_precos.py                               1           0  0.20s           2026-07-04T16:05:18                      12
/opt/airflow/dags/exemplos/example_distributed_2.py                           1           0  0.19s           2026-07-04T16:05:20                      10
================================================================================
[2026-07-04T16:06:00.055+0000] {manager.py:997} INFO - 
================================================================================
DAG File Processing Stats

File Path                                            PID    Runtime      # DAGs    # Errors  Last Runtime    Last Run               Last # of DB Queries
---------------------------------------------------  -----  ---------  --------  ----------  --------------  -------------------  ----------------------
/opt/airflow/dags/shopbrasil_panorama_precos.py                               1           0  0.21s           2026-07-04T16:05:48                      12
/opt/airflow/dags/exemplos/example_distributed_3.py                           1           0  0.20s           2026-07-04T16:05:48                      10
/opt/airflow/dags/exemplos/example_distributed_2.py                           1           0  0.18s           2026-07-04T16:05:50                      10
/opt/airflow/dags/exemplos/example_distributed.py                             1           0  0.17s           2026-07-04T16:05:50                      10
================================================================================
[2026-07-04T16:06:30.598+0000] {manager.py:997} INFO - 
================================================================================
DAG File Processing Stats

File Path                                            PID    Runtime      # DAGs    # Errors  Last Runtime    Last Run               Last # of DB Queries
---------------------------------------------------  -----  ---------  --------  ----------  --------------  -------------------  ----------------------
/opt/airflow/dags/exemplos/example_distributed_3.py                           1           0  0.23s           2026-07-04T16:06:19                      10
/opt/airflow/dags/shopbrasil_panorama_precos.py                               1           0  0.20s           2026-07-04T16:06:19                      12
/opt/airflow/dags/exemplos/example_distributed_2.py                           1           0  0.19s           2026-07-04T16:06:21                      10
/opt/airflow/dags/exemplos/example_distributed.py                             1           0  0.17s           2026-07-04T16:06:21                      10
================================================================================
[2026-07-04T16:07:01.188+0000] {manager.py:997} INFO - 
================================================================================
DAG File Processing Stats

File Path                                            PID    Runtime      # DAGs    # Errors  Last Runtime    Last Run               Last # of DB Queries
---------------------------------------------------  -----  ---------  --------  ----------  --------------  -------------------  ----------------------
/opt/airflow/dags/exemplos/example_distributed.py                             1           0  0.23s           2026-07-04T16:06:52                      10
/opt/airflow/dags/exemplos/example_distributed_2.py                           1           0  0.22s           2026-07-04T16:06:52                      10
/opt/airflow/dags/shopbrasil_panorama_precos.py                               1           0  0.20s           2026-07-04T16:06:49                      12
/opt/airflow/dags/exemplos/example_distributed_3.py                           1           0  0.19s           2026-07-04T16:06:49                      10
================================================================================
[2026-07-04T16:07:31.780+0000] {manager.py:997} INFO - 
================================================================================
DAG File Processing Stats

File Path                                            PID    Runtime      # DAGs    # Errors  Last Runtime    Last Run               Last # of DB Queries
---------------------------------------------------  -----  ---------  --------  ----------  --------------  -------------------  ----------------------
/opt/airflow/dags/shopbrasil_panorama_precos.py                               1           0  0.29s           2026-07-04T16:07:20                      12
/opt/airflow/dags/exemplos/example_distributed_3.py                           1           0  0.29s           2026-07-04T16:07:20                      10
/opt/airflow/dags/exemplos/example_distributed_2.py                           1           0  0.18s           2026-07-04T16:07:22                      10
/opt/airflow/dags/exemplos/example_distributed.py                             1           0  0.16s           2026-07-04T16:07:22                      10
================================================================================
[2026-07-04T16:08:02.559+0000] {manager.py:997} INFO - 
================================================================================
DAG File Processing Stats

File Path                                            PID    Runtime      # DAGs    # Errors  Last Runtime    Last Run               Last # of DB Queries
---------------------------------------------------  -----  ---------  --------  ----------  --------------  -------------------  ----------------------
/opt/airflow/dags/shopbrasil_panorama_precos.py                               1           0  0.29s           2026-07-04T16:07:51                      12
/opt/airflow/dags/exemplos/example_distributed_3.py                           1           0  0.24s           2026-07-04T16:07:51                      10
/opt/airflow/dags/exemplos/example_distributed_2.py                           1           0  0.23s           2026-07-04T16:07:53                      10
/opt/airflow/dags/exemplos/example_distributed.py                             1           0  0.23s           2026-07-04T16:07:53                      10
================================================================================
[2026-07-04T16:08:30.075+0000] {manager.py:821} INFO - Searching for files in /opt/airflow/dags
[2026-07-04T16:08:30.087+0000] {manager.py:824} INFO - There are 4 files in /opt/airflow/dags
[2026-07-04T16:08:33.134+0000] {manager.py:997} INFO - 
================================================================================
DAG File Processing Stats

File Path                                            PID    Runtime      # DAGs    # Errors  Last Runtime    Last Run               Last # of DB Queries
---------------------------------------------------  -----  ---------  --------  ----------  --------------  -------------------  ----------------------
/opt/airflow/dags/exemplos/example_distributed_3.py                           1           0  0.20s           2026-07-04T16:08:21                      10
/opt/airflow/dags/shopbrasil_panorama_precos.py                               1           0  0.20s           2026-07-04T16:08:21                      12
/opt/airflow/dags/exemplos/example_distributed_2.py                           1           0  0.20s           2026-07-04T16:08:24                      10
/opt/airflow/dags/exemplos/example_distributed.py                             1           0  0.16s           2026-07-04T16:08:24                      10
================================================================================
[2026-07-04T16:09:03.781+0000] {manager.py:997} INFO - 
================================================================================
DAG File Processing Stats

File Path                                            PID    Runtime      # DAGs    # Errors  Last Runtime    Last Run               Last # of DB Queries
---------------------------------------------------  -----  ---------  --------  ----------  --------------  -------------------  ----------------------
/opt/airflow/dags/shopbrasil_panorama_precos.py                               1           0  0.22s           2026-07-04T16:08:52                      12
/opt/airflow/dags/exemplos/example_distributed_3.py                           1           0  0.20s           2026-07-04T16:08:52                      10
/opt/airflow/dags/exemplos/example_distributed_2.py                           1           0  0.17s           2026-07-04T16:08:54                      10
/opt/airflow/dags/exemplos/example_distributed.py                             1           0  0.16s           2026-07-04T16:08:54                      10
================================================================================
[2026-07-04T16:09:34.545+0000] {manager.py:997} INFO - 
================================================================================
DAG File Processing Stats

File Path                                            PID    Runtime      # DAGs    # Errors  Last Runtime    Last Run               Last # of DB Queries
---------------------------------------------------  -----  ---------  --------  ----------  --------------  -------------------  ----------------------
/opt/airflow/dags/exemplos/example_distributed_3.py                           1           0  0.30s           2026-07-04T16:09:23                      10
/opt/airflow/dags/shopbrasil_panorama_precos.py                               1           0  0.29s           2026-07-04T16:09:23                      12
/opt/airflow/dags/exemplos/example_distributed_2.py                           1           0  0.21s           2026-07-04T16:09:25                      10
/opt/airflow/dags/exemplos/example_distributed.py                             1           0  0.21s           2026-07-04T16:09:25                      10
================================================================================
[2026-07-04T16:10:05.021+0000] {manager.py:997} INFO - 
================================================================================
DAG File Processing Stats

File Path                                            PID    Runtime      # DAGs    # Errors  Last Runtime    Last Run               Last # of DB Queries
---------------------------------------------------  -----  ---------  --------  ----------  --------------  -------------------  ----------------------
/opt/airflow/dags/shopbrasil_panorama_precos.py                               1           0  0.20s           2026-07-04T16:09:53                      12
/opt/airflow/dags/exemplos/example_distributed.py                             1           0  0.19s           2026-07-04T16:09:55                      10
/opt/airflow/dags/exemplos/example_distributed_2.py                           1           0  0.19s           2026-07-04T16:09:55                      10
/opt/airflow/dags/exemplos/example_distributed_3.py                           1           0  0.18s           2026-07-04T16:09:53                      10
================================================================================
[2026-07-04T16:10:35.697+0000] {manager.py:997} INFO - 
================================================================================
DAG File Processing Stats

File Path                                            PID    Runtime      # DAGs    # Errors  Last Runtime    Last Run               Last # of DB Queries
---------------------------------------------------  -----  ---------  --------  ----------  --------------  -------------------  ----------------------
/opt/airflow/dags/shopbrasil_panorama_precos.py                               1           0  0.22s           2026-07-04T16:10:24                      12
/opt/airflow/dags/exemplos/example_distributed_3.py                           1           0  0.21s           2026-07-04T16:10:24                      10
/opt/airflow/dags/exemplos/example_distributed_2.py                           1           0  0.19s           2026-07-04T16:10:26                      10
/opt/airflow/dags/exemplos/example_distributed.py                             1           0  0.18s           2026-07-04T16:10:26                      10
================================================================================
[2026-07-04T16:11:06.421+0000] {manager.py:997} INFO - 
================================================================================
DAG File Processing Stats

File Path                                            PID    Runtime      # DAGs    # Errors  Last Runtime    Last Run               Last # of DB Queries
---------------------------------------------------  -----  ---------  --------  ----------  --------------  -------------------  ----------------------
/opt/airflow/dags/exemplos/example_distributed_3.py                           1           0  0.25s           2026-07-04T16:10:55                      10
/opt/airflow/dags/shopbrasil_panorama_precos.py                               1           0  0.22s           2026-07-04T16:10:55                      12
/opt/airflow/dags/exemplos/example_distributed.py                             1           0  0.20s           2026-07-04T16:10:57                      10
/opt/airflow/dags/exemplos/example_distributed_2.py                           1           0  0.20s           2026-07-04T16:10:57                      10
================================================================================
[2026-07-04T16:11:37.175+0000] {manager.py:997} INFO - 
================================================================================
DAG File Processing Stats

File Path                                            PID    Runtime      # DAGs    # Errors  Last Runtime    Last Run               Last # of DB Queries
---------------------------------------------------  -----  ---------  --------  ----------  --------------  -------------------  ----------------------
/opt/airflow/dags/exemplos/example_distributed_3.py                           1           0  0.30s           2026-07-04T16:11:25                      10
/opt/airflow/dags/shopbrasil_panorama_precos.py                               1           0  0.27s           2026-07-04T16:11:25                      12
/opt/airflow/dags/exemplos/example_distributed_2.py                           1           0  0.21s           2026-07-04T16:11:28                      10
/opt/airflow/dags/exemplos/example_distributed.py                             1           0  0.20s           2026-07-04T16:11:28                      10
================================================================================
[2026-07-04T16:12:07.941+0000] {manager.py:997} INFO - 
================================================================================
DAG File Processing Stats

File Path                                            PID    Runtime      # DAGs    # Errors  Last Runtime    Last Run               Last # of DB Queries
---------------------------------------------------  -----  ---------  --------  ----------  --------------  -------------------  ----------------------
/opt/airflow/dags/exemplos/example_distributed_2.py                           1           0  0.30s           2026-07-04T16:11:58                      10
/opt/airflow/dags/exemplos/example_distributed.py                             1           0  0.28s           2026-07-04T16:11:58                      10
/opt/airflow/dags/shopbrasil_panorama_precos.py                               1           0  0.22s           2026-07-04T16:11:56                      12
/opt/airflow/dags/exemplos/example_distributed_3.py                           1           0  0.21s           2026-07-04T16:11:56                      10
================================================================================
[2026-07-04T16:12:38.747+0000] {manager.py:997} INFO - 
================================================================================
DAG File Processing Stats

File Path                                            PID    Runtime      # DAGs    # Errors  Last Runtime    Last Run               Last # of DB Queries
---------------------------------------------------  -----  ---------  --------  ----------  --------------  -------------------  ----------------------
/opt/airflow/dags/exemplos/example_distributed_2.py                           1           0  1.56s           2026-07-04T16:12:30                      10
/opt/airflow/dags/exemplos/example_distributed.py                             1           0  1.51s           2026-07-04T16:12:30                      10
/opt/airflow/dags/exemplos/example_distributed_3.py                           1           0  1.29s           2026-07-04T16:12:28                      10
/opt/airflow/dags/shopbrasil_panorama_precos.py                               1           0  1.10s           2026-07-04T16:12:28                      12
================================================================================
[2026-07-04T16:13:09.528+0000] {manager.py:997} INFO - 
================================================================================
DAG File Processing Stats

File Path                                            PID    Runtime      # DAGs    # Errors  Last Runtime    Last Run               Last # of DB Queries
---------------------------------------------------  -----  ---------  --------  ----------  --------------  -------------------  ----------------------
/opt/airflow/dags/exemplos/example_distributed_3.py                           1           0  2.70s           2026-07-04T16:13:02                      10
/opt/airflow/dags/shopbrasil_panorama_precos.py                               1           0  2.45s           2026-07-04T16:13:01                      12
/opt/airflow/dags/exemplos/example_distributed_2.py                           1           0  0.94s           2026-07-04T16:13:02                      10
/opt/airflow/dags/exemplos/example_distributed.py                             1           0  0.46s           2026-07-04T16:13:03                      10
================================================================================
[2026-07-04T16:13:30.246+0000] {manager.py:821} INFO - Searching for files in /opt/airflow/dags
[2026-07-04T16:13:30.305+0000] {manager.py:824} INFO - There are 4 files in /opt/airflow/dags
[2026-07-04T16:13:40.098+0000] {manager.py:997} INFO - 
================================================================================
DAG File Processing Stats

File Path                                            PID    Runtime      # DAGs    # Errors  Last Runtime    Last Run               Last # of DB Queries
---------------------------------------------------  -----  ---------  --------  ----------  --------------  -------------------  ----------------------
/opt/airflow/dags/exemplos/example_distributed_3.py                           1           0  1.59s           2026-07-04T16:13:34                      10
/opt/airflow/dags/shopbrasil_panorama_precos.py                               1           0  1.38s           2026-07-04T16:13:34                      12
/opt/airflow/dags/exemplos/example_distributed_2.py                           1           0  1.18s           2026-07-04T16:13:35                      10
/opt/airflow/dags/exemplos/example_distributed.py                             1           0  0.63s           2026-07-04T16:13:34                      10
================================================================================
[2026-07-04T16:14:10.293+0000] {manager.py:997} INFO - 
================================================================================
DAG File Processing Stats

File Path                                            PID    Runtime      # DAGs    # Errors  Last Runtime    Last Run               Last # of DB Queries
---------------------------------------------------  -----  ---------  --------  ----------  --------------  -------------------  ----------------------
/opt/airflow/dags/exemplos/example_distributed.py                             1           0  2.01s           2026-07-04T16:14:08                      10
/opt/airflow/dags/exemplos/example_distributed_3.py                           1           0  1.97s           2026-07-04T16:14:06                      10
/opt/airflow/dags/shopbrasil_panorama_precos.py                               1           0  1.39s           2026-07-04T16:14:06                      12
/opt/airflow/dags/exemplos/example_distributed_2.py                           1           0  1.12s           2026-07-04T16:14:07                      10
================================================================================
[2026-07-04T16:14:41.005+0000] {manager.py:997} INFO - 
================================================================================
DAG File Processing Stats

File Path                                            PID    Runtime      # DAGs    # Errors  Last Runtime    Last Run               Last # of DB Queries
---------------------------------------------------  -----  ---------  --------  ----------  --------------  -------------------  ----------------------
/opt/airflow/dags/exemplos/example_distributed_3.py                           1           0  1.19s           2026-07-04T16:14:37                      10
/opt/airflow/dags/shopbrasil_panorama_precos.py                               1           0  1.19s           2026-07-04T16:14:37                      12
/opt/airflow/dags/exemplos/example_distributed_2.py                           1           0  0.25s           2026-07-04T16:14:38                      10
/opt/airflow/dags/exemplos/example_distributed.py                             1           0  0.24s           2026-07-04T16:14:39                      10
================================================================================
[2026-07-04T16:15:11.066+0000] {manager.py:997} INFO - 
================================================================================
DAG File Processing Stats

File Path                                            PID    Runtime      # DAGs    # Errors  Last Runtime    Last Run               Last # of DB Queries
---------------------------------------------------  -----  ---------  --------  ----------  --------------  -------------------  ----------------------
/opt/airflow/dags/shopbrasil_panorama_precos.py                               1           0  0.31s           2026-07-04T16:15:08                      12
/opt/airflow/dags/exemplos/example_distributed_3.py                           1           0  0.25s           2026-07-04T16:15:08                      10
/opt/airflow/dags/exemplos/example_distributed.py                             1           0  0.20s           2026-07-04T16:15:10                      10
/opt/airflow/dags/exemplos/example_distributed_2.py                           1           0  0.19s           2026-07-04T16:15:08                      10
================================================================================
[2026-07-04T16:15:41.703+0000] {manager.py:997} INFO - 
================================================================================
DAG File Processing Stats

File Path                                            PID    Runtime      # DAGs    # Errors  Last Runtime    Last Run               Last # of DB Queries
---------------------------------------------------  -----  ---------  --------  ----------  --------------  -------------------  ----------------------
/opt/airflow/dags/shopbrasil_panorama_precos.py                               1           0  0.58s           2026-07-04T16:15:40                      12
/opt/airflow/dags/exemplos/example_distributed_2.py                           1           0  0.56s           2026-07-04T16:15:40                      10
/opt/airflow/dags/exemplos/example_distributed.py                             1           0  0.48s           2026-07-04T16:15:40                      10
/opt/airflow/dags/exemplos/example_distributed_3.py                           1           0  0.48s           2026-07-04T16:15:40                      10
================================================================================
[2026-07-04T16:16:12.010+0000] {manager.py:997} INFO - 
================================================================================
DAG File Processing Stats

File Path                                            PID    Runtime      # DAGs    # Errors  Last Runtime    Last Run               Last # of DB Queries
---------------------------------------------------  -----  ---------  --------  ----------  --------------  -------------------  ----------------------
/opt/airflow/dags/exemplos/example_distributed_2.py                           1           0  0.45s           2026-07-04T16:16:11                      10
/opt/airflow/dags/exemplos/example_distributed.py                             1           0  0.43s           2026-07-04T16:16:11                      10
/opt/airflow/dags/shopbrasil_panorama_precos.py                               1           0  0.40s           2026-07-04T16:16:10                      12
/opt/airflow/dags/exemplos/example_distributed_3.py                           1           0  0.32s           2026-07-04T16:16:10                      10
================================================================================
[2026-07-04T16:16:42.028+0000] {manager.py:997} INFO - 
================================================================================
DAG File Processing Stats

File Path                                            PID    Runtime      # DAGs    # Errors  Last Runtime    Last Run               Last # of DB Queries
---------------------------------------------------  -----  ---------  --------  ----------  --------------  -------------------  ----------------------
/opt/airflow/dags/shopbrasil_panorama_precos.py                               1           0  0.25s           2026-07-04T16:16:41                      12
/opt/airflow/dags/exemplos/example_distributed_2.py                           1           0  0.23s           2026-07-04T16:16:41                      10
/opt/airflow/dags/exemplos/example_distributed_3.py                           1           0  0.18s           2026-07-04T16:16:40                      10
/opt/airflow/dags/exemplos/example_distributed.py                             1           0  0.15s           2026-07-04T16:16:42                      10
================================================================================
[2026-07-04T16:17:12.394+0000] {manager.py:997} INFO - 
================================================================================
DAG File Processing Stats

File Path                                              PID  Runtime      # DAGs    # Errors  Last Runtime    Last Run               Last # of DB Queries
---------------------------------------------------  -----  ---------  --------  ----------  --------------  -------------------  ----------------------
/opt/airflow/dags/shopbrasil_panorama_precos.py        927  0.02s             1           0  0.25s           2026-07-04T16:16:41                      12
/opt/airflow/dags/exemplos/example_distributed_2.py    928  0.01s             1           0  0.23s           2026-07-04T16:16:41                      10
/opt/airflow/dags/exemplos/example_distributed_3.py                           1           0  0.17s           2026-07-04T16:17:11                      10
/opt/airflow/dags/exemplos/example_distributed.py                             1           0  0.15s           2026-07-04T16:16:42                      10
================================================================================
[2026-07-04T16:17:43.046+0000] {manager.py:997} INFO - 
================================================================================
DAG File Processing Stats

File Path                                              PID  Runtime      # DAGs    # Errors  Last Runtime    Last Run               Last # of DB Queries
---------------------------------------------------  -----  ---------  --------  ----------  --------------  -------------------  ----------------------
/opt/airflow/dags/shopbrasil_panorama_precos.py        937  0.03s             1           0  0.20s           2026-07-04T16:17:12                      12
/opt/airflow/dags/exemplos/example_distributed_3.py                           1           0  0.19s           2026-07-04T16:17:42                      10
/opt/airflow/dags/exemplos/example_distributed_2.py    938  0.01s             1           0  0.17s           2026-07-04T16:17:12                      10
/opt/airflow/dags/exemplos/example_distributed.py                             1           0  0.14s           2026-07-04T16:17:12                      10
================================================================================
[2026-07-04T16:18:13.651+0000] {manager.py:997} INFO - 
================================================================================
DAG File Processing Stats

File Path                                              PID  Runtime      # DAGs    # Errors  Last Runtime    Last Run               Last # of DB Queries
---------------------------------------------------  -----  ---------  --------  ----------  --------------  -------------------  ----------------------
/opt/airflow/dags/shopbrasil_panorama_precos.py        948  0.03s             1           0  0.21s           2026-07-04T16:17:43                      12
/opt/airflow/dags/exemplos/example_distributed_2.py    949  0.01s             1           0  0.17s           2026-07-04T16:17:43                      10
/opt/airflow/dags/exemplos/example_distributed_3.py                           1           0  0.16s           2026-07-04T16:18:12                      10
/opt/airflow/dags/exemplos/example_distributed.py                             1           0  0.14s           2026-07-04T16:17:43                      10
================================================================================
[2026-07-04T16:18:30.970+0000] {manager.py:821} INFO - Searching for files in /opt/airflow/dags
[2026-07-04T16:18:30.980+0000] {manager.py:824} INFO - There are 4 files in /opt/airflow/dags
[2026-07-04T16:18:43.743+0000] {manager.py:997} INFO - 
================================================================================
DAG File Processing Stats

File Path                                            PID    Runtime      # DAGs    # Errors  Last Runtime    Last Run               Last # of DB Queries
---------------------------------------------------  -----  ---------  --------  ----------  --------------  -------------------  ----------------------
/opt/airflow/dags/exemplos/example_distributed_3.py                           1           0  0.63s           2026-07-04T16:18:43                      10
/opt/airflow/dags/shopbrasil_panorama_precos.py                               1           0  0.20s           2026-07-04T16:18:13                      12
/opt/airflow/dags/exemplos/example_distributed_2.py                           1           0  0.17s           2026-07-04T16:18:13                      10
/opt/airflow/dags/exemplos/example_distributed.py                             1           0  0.14s           2026-07-04T16:18:13                      10
================================================================================
[2026-07-04T16:19:14.168+0000] {manager.py:997} INFO - 
================================================================================
DAG File Processing Stats

File Path                                              PID  Runtime      # DAGs    # Errors  Last Runtime    Last Run               Last # of DB Queries
---------------------------------------------------  -----  ---------  --------  ----------  --------------  -------------------  ----------------------
/opt/airflow/dags/shopbrasil_panorama_precos.py                               1           0  0.64s           2026-07-04T16:18:44                      12
/opt/airflow/dags/exemplos/example_distributed_3.py    962  0.02s             1           0  0.63s           2026-07-04T16:18:43                      10
/opt/airflow/dags/exemplos/example_distributed_2.py                           1           0  0.56s           2026-07-04T16:18:44                      10
/opt/airflow/dags/exemplos/example_distributed.py                             1           0  0.28s           2026-07-04T16:18:45                      10
================================================================================
[2026-07-04T16:19:44.747+0000] {manager.py:997} INFO - 
================================================================================
DAG File Processing Stats

File Path                                              PID  Runtime      # DAGs    # Errors  Last Runtime    Last Run               Last # of DB Queries
---------------------------------------------------  -----  ---------  --------  ----------  --------------  -------------------  ----------------------
/opt/airflow/dags/shopbrasil_panorama_precos.py                               1           0  0.26s           2026-07-04T16:19:15                      12
/opt/airflow/dags/exemplos/example_distributed_2.py                           1           0  0.22s           2026-07-04T16:19:15                      10
/opt/airflow/dags/exemplos/example_distributed_3.py    973  0.03s             1           0  0.17s           2026-07-04T16:19:14                      10
/opt/airflow/dags/exemplos/example_distributed.py                             1           0  0.14s           2026-07-04T16:19:15                      10
================================================================================
[2026-07-04T16:20:15.394+0000] {manager.py:997} INFO - 
================================================================================
DAG File Processing Stats

File Path                                              PID  Runtime      # DAGs    # Errors  Last Runtime    Last Run               Last # of DB Queries
---------------------------------------------------  -----  ---------  --------  ----------  --------------  -------------------  ----------------------
/opt/airflow/dags/exemplos/example_distributed_3.py    983  0.02s             1           0  0.39s           2026-07-04T16:19:45                      10
/opt/airflow/dags/shopbrasil_panorama_precos.py                               1           0  0.26s           2026-07-04T16:19:46                      12
/opt/airflow/dags/exemplos/example_distributed_2.py                           1           0  0.22s           2026-07-04T16:19:46                      10
/opt/airflow/dags/exemplos/example_distributed.py                             1           0  0.17s           2026-07-04T16:19:46                      10
================================================================================
[2026-07-04T16:20:46.151+0000] {manager.py:997} INFO - 
================================================================================
DAG File Processing Stats

File Path                                              PID  Runtime      # DAGs    # Errors  Last Runtime    Last Run               Last # of DB Queries
---------------------------------------------------  -----  ---------  --------  ----------  --------------  -------------------  ----------------------
/opt/airflow/dags/shopbrasil_panorama_precos.py                               1           0  0.26s           2026-07-04T16:20:16                      12
/opt/airflow/dags/exemplos/example_distributed_2.py                           1           0  0.23s           2026-07-04T16:20:16                      10
/opt/airflow/dags/exemplos/example_distributed_3.py    994  0.01s             1           0  0.20s           2026-07-04T16:20:15                      10
/opt/airflow/dags/exemplos/example_distributed.py                             1           0  0.16s           2026-07-04T16:20:16                      10
================================================================================
[2026-07-04T16:21:16.537+0000] {manager.py:997} INFO - 
================================================================================
DAG File Processing Stats

File Path                                            PID    Runtime      # DAGs    # Errors  Last Runtime    Last Run               Last # of DB Queries
---------------------------------------------------  -----  ---------  --------  ----------  --------------  -------------------  ----------------------
/opt/airflow/dags/shopbrasil_panorama_precos.py                               1           0  1.13s           2026-07-04T16:20:47                      12
/opt/airflow/dags/exemplos/example_distributed_2.py                           1           0  0.88s           2026-07-04T16:20:47                      10
/opt/airflow/dags/exemplos/example_distributed_3.py                           1           0  0.67s           2026-07-04T16:20:46                      10
/opt/airflow/dags/exemplos/example_distributed.py                             1           0  0.49s           2026-07-04T16:20:48                      10
================================================================================
[2026-07-04T16:21:46.820+0000] {manager.py:997} INFO - 
================================================================================
DAG File Processing Stats

File Path                                            PID    Runtime      # DAGs    # Errors  Last Runtime    Last Run               Last # of DB Queries
---------------------------------------------------  -----  ---------  --------  ----------  --------------  -------------------  ----------------------
/opt/airflow/dags/exemplos/example_distributed.py                             1           0  0.89s           2026-07-04T16:21:19                      10
/opt/airflow/dags/exemplos/example_distributed_3.py                           1           0  0.85s           2026-07-04T16:21:17                      10
/opt/airflow/dags/shopbrasil_panorama_precos.py                               1           0  0.82s           2026-07-04T16:21:19                      12
/opt/airflow/dags/exemplos/example_distributed_2.py                           1           0  0.68s           2026-07-04T16:21:18                      10
================================================================================
[2026-07-04T16:22:17.178+0000] {manager.py:997} INFO - 
================================================================================
DAG File Processing Stats

File Path                                            PID    Runtime      # DAGs    # Errors  Last Runtime    Last Run               Last # of DB Queries
---------------------------------------------------  -----  ---------  --------  ----------  --------------  -------------------  ----------------------
/opt/airflow/dags/shopbrasil_panorama_precos.py                               1           0  1.35s           2026-07-04T16:21:50                      12
/opt/airflow/dags/exemplos/example_distributed.py                             1           0  1.14s           2026-07-04T16:21:50                      10
/opt/airflow/dags/exemplos/example_distributed_2.py                           1           0  0.82s           2026-07-04T16:21:49                      10
/opt/airflow/dags/exemplos/example_distributed_3.py                           1           0  0.80s           2026-07-04T16:21:48                      10
================================================================================
[2026-07-04T16:22:47.285+0000] {manager.py:997} INFO - 
================================================================================
DAG File Processing Stats

File Path                                            PID    Runtime      # DAGs    # Errors  Last Runtime    Last Run               Last # of DB Queries
---------------------------------------------------  -----  ---------  --------  ----------  --------------  -------------------  ----------------------
/opt/airflow/dags/exemplos/example_distributed_3.py                           1           0  0.59s           2026-07-04T16:22:19                      10
/opt/airflow/dags/shopbrasil_panorama_precos.py                               1           0  0.54s           2026-07-04T16:22:21                      12
/opt/airflow/dags/exemplos/example_distributed.py                             1           0  0.49s           2026-07-04T16:22:21                      10
/opt/airflow/dags/exemplos/example_distributed_2.py                           1           0  0.47s           2026-07-04T16:22:20                      10
================================================================================
[2026-07-04T16:23:17.480+0000] {manager.py:997} INFO - 
================================================================================
DAG File Processing Stats

File Path                                            PID    Runtime      # DAGs    # Errors  Last Runtime    Last Run               Last # of DB Queries
---------------------------------------------------  -----  ---------  --------  ----------  --------------  -------------------  ----------------------
/opt/airflow/dags/exemplos/example_distributed_3.py                           1           0  0.41s           2026-07-04T16:22:50                      10
/opt/airflow/dags/exemplos/example_distributed_2.py                           1           0  0.28s           2026-07-04T16:22:51                      10
/opt/airflow/dags/shopbrasil_panorama_precos.py                               1           0  0.24s           2026-07-04T16:22:52                      12
/opt/airflow/dags/exemplos/example_distributed.py                             1           0  0.22s           2026-07-04T16:22:51                      10
================================================================================
[2026-07-04T16:23:31.592+0000] {manager.py:821} INFO - Searching for files in /opt/airflow/dags
[2026-07-04T16:23:31.600+0000] {manager.py:824} INFO - There are 4 files in /opt/airflow/dags
[2026-07-04T16:23:47.745+0000] {manager.py:997} INFO - 
================================================================================
DAG File Processing Stats

File Path                                            PID    Runtime      # DAGs    # Errors  Last Runtime    Last Run               Last # of DB Queries
---------------------------------------------------  -----  ---------  --------  ----------  --------------  -------------------  ----------------------
/opt/airflow/dags/shopbrasil_panorama_precos.py                               1           0  0.86s           2026-07-04T16:23:23                      12
/opt/airflow/dags/exemplos/example_distributed.py                             1           0  0.82s           2026-07-04T16:23:23                      10
/opt/airflow/dags/exemplos/example_distributed_2.py                           1           0  0.40s           2026-07-04T16:23:21                      10
/opt/airflow/dags/exemplos/example_distributed_3.py                           1           0  0.29s           2026-07-04T16:23:21                      10
================================================================================
[2026-07-04T16:24:18.378+0000] {manager.py:997} INFO - 
================================================================================
DAG File Processing Stats

File Path                                            PID    Runtime      # DAGs    # Errors  Last Runtime    Last Run               Last # of DB Queries
---------------------------------------------------  -----  ---------  --------  ----------  --------------  -------------------  ----------------------
/opt/airflow/dags/shopbrasil_panorama_precos.py                               1           0  0.19s           2026-07-04T16:23:54                      12
/opt/airflow/dags/exemplos/example_distributed_3.py                           1           0  0.19s           2026-07-04T16:23:51                      10
/opt/airflow/dags/exemplos/example_distributed.py                             1           0  0.17s           2026-07-04T16:23:54                      10
/opt/airflow/dags/exemplos/example_distributed_2.py                           1           0  0.16s           2026-07-04T16:23:51                      10
================================================================================
[2026-07-04T16:24:49.105+0000] {manager.py:997} INFO - 
================================================================================
DAG File Processing Stats

File Path                                            PID    Runtime      # DAGs    # Errors  Last Runtime    Last Run               Last # of DB Queries
---------------------------------------------------  -----  ---------  --------  ----------  --------------  -------------------  ----------------------
/opt/airflow/dags/shopbrasil_panorama_precos.py                               1           0  0.20s           2026-07-04T16:24:24                      12
/opt/airflow/dags/exemplos/example_distributed_3.py                           1           0  0.18s           2026-07-04T16:24:22                      10
/opt/airflow/dags/exemplos/example_distributed.py                             1           0  0.16s           2026-07-04T16:24:24                      10
/opt/airflow/dags/exemplos/example_distributed_2.py                           1           0  0.16s           2026-07-04T16:24:22                      10
================================================================================
[2026-07-04T16:25:19.773+0000] {manager.py:997} INFO - 
================================================================================
DAG File Processing Stats

File Path                                            PID    Runtime      # DAGs    # Errors  Last Runtime    Last Run               Last # of DB Queries
---------------------------------------------------  -----  ---------  --------  ----------  --------------  -------------------  ----------------------
/opt/airflow/dags/exemplos/example_distributed_3.py                           1           0  0.23s           2026-07-04T16:24:53                      10
/opt/airflow/dags/exemplos/example_distributed_2.py                           1           0  0.22s           2026-07-04T16:24:53                      10
/opt/airflow/dags/shopbrasil_panorama_precos.py                               1           0  0.20s           2026-07-04T16:24:55                      12
/opt/airflow/dags/exemplos/example_distributed.py                             1           0  0.16s           2026-07-04T16:24:55                      10
================================================================================
[2026-07-04T16:25:50.337+0000] {manager.py:997} INFO - 
================================================================================
DAG File Processing Stats

File Path                                            PID    Runtime      # DAGs    # Errors  Last Runtime    Last Run               Last # of DB Queries
---------------------------------------------------  -----  ---------  --------  ----------  --------------  -------------------  ----------------------
/opt/airflow/dags/exemplos/example_distributed_3.py                           1           0  0.33s           2026-07-04T16:25:24                      10
/opt/airflow/dags/exemplos/example_distributed_2.py                           1           0  0.30s           2026-07-04T16:25:24                      10
/opt/airflow/dags/exemplos/example_distributed.py                             1           0  0.22s           2026-07-04T16:25:26                      10
/opt/airflow/dags/shopbrasil_panorama_precos.py                               1           0  0.22s           2026-07-04T16:25:26                      12
================================================================================
[2026-07-04T16:26:20.352+0000] {manager.py:997} INFO - 
================================================================================
DAG File Processing Stats

File Path                                            PID    Runtime      # DAGs    # Errors  Last Runtime    Last Run               Last # of DB Queries
---------------------------------------------------  -----  ---------  --------  ----------  --------------  -------------------  ----------------------
/opt/airflow/dags/exemplos/example_distributed.py                             1           0  0.50s           2026-07-04T16:25:57                      10
/opt/airflow/dags/shopbrasil_panorama_precos.py                               1           0  0.45s           2026-07-04T16:25:57                      12
/opt/airflow/dags/exemplos/example_distributed_2.py                           1           0  0.23s           2026-07-04T16:25:54                      10
/opt/airflow/dags/exemplos/example_distributed_3.py                           1           0  0.22s           2026-07-04T16:25:54                      10
================================================================================
[2026-07-04T16:26:51.127+0000] {manager.py:997} INFO - 
================================================================================
DAG File Processing Stats

File Path                                            PID    Runtime      # DAGs    # Errors  Last Runtime    Last Run               Last # of DB Queries
---------------------------------------------------  -----  ---------  --------  ----------  --------------  -------------------  ----------------------
/opt/airflow/dags/exemplos/example_distributed_2.py                           1           0  0.28s           2026-07-04T16:26:25                      10
/opt/airflow/dags/exemplos/example_distributed_3.py                           1           0  0.28s           2026-07-04T16:26:25                      10
/opt/airflow/dags/shopbrasil_panorama_precos.py                               1           0  0.25s           2026-07-04T16:26:27                      12
/opt/airflow/dags/exemplos/example_distributed.py                             1           0  0.22s           2026-07-04T16:26:27                      10
================================================================================
[2026-07-04T16:27:21.823+0000] {manager.py:997} INFO - 
================================================================================
DAG File Processing Stats

File Path                                            PID    Runtime      # DAGs    # Errors  Last Runtime    Last Run               Last # of DB Queries
---------------------------------------------------  -----  ---------  --------  ----------  --------------  -------------------  ----------------------
/opt/airflow/dags/shopbrasil_panorama_precos.py                               1           0  0.26s           2026-07-04T16:26:58                      12
/opt/airflow/dags/exemplos/example_distributed_3.py                           1           0  0.25s           2026-07-04T16:26:56                      10
/opt/airflow/dags/exemplos/example_distributed.py                             1           0  0.22s           2026-07-04T16:26:58                      10
/opt/airflow/dags/exemplos/example_distributed_2.py                           1           0  0.20s           2026-07-04T16:26:56                      10
================================================================================
[2026-07-04T16:27:52.642+0000] {manager.py:997} INFO - 
================================================================================
DAG File Processing Stats

File Path                                            PID    Runtime      # DAGs    # Errors  Last Runtime    Last Run               Last # of DB Queries
---------------------------------------------------  -----  ---------  --------  ----------  --------------  -------------------  ----------------------
/opt/airflow/dags/shopbrasil_panorama_precos.py                               1           0  0.49s           2026-07-04T16:27:29                      12
/opt/airflow/dags/exemplos/example_distributed.py                             1           0  0.41s           2026-07-04T16:27:29                      10
/opt/airflow/dags/exemplos/example_distributed_3.py                           1           0  0.18s           2026-07-04T16:27:27                      10
/opt/airflow/dags/exemplos/example_distributed_2.py                           1           0  0.17s           2026-07-04T16:27:27                      10
================================================================================
[2026-07-04T16:28:23.109+0000] {manager.py:997} INFO - 
================================================================================
DAG File Processing Stats

File Path                                            PID    Runtime      # DAGs    # Errors  Last Runtime    Last Run               Last # of DB Queries
---------------------------------------------------  -----  ---------  --------  ----------  --------------  -------------------  ----------------------
/opt/airflow/dags/shopbrasil_panorama_precos.py                               1           0  0.26s           2026-07-04T16:28:00                      12
/opt/airflow/dags/exemplos/example_distributed.py                             1           0  0.24s           2026-07-04T16:28:00                      10
/opt/airflow/dags/exemplos/example_distributed_3.py                           1           0  0.20s           2026-07-04T16:27:57                      10
/opt/airflow/dags/exemplos/example_distributed_2.py                           1           0  0.18s           2026-07-04T16:27:57                      10
================================================================================
[2026-07-04T16:28:32.549+0000] {manager.py:821} INFO - Searching for files in /opt/airflow/dags
[2026-07-04T16:28:32.561+0000] {manager.py:824} INFO - There are 4 files in /opt/airflow/dags
[2026-07-04T16:28:53.752+0000] {manager.py:997} INFO - 
================================================================================
DAG File Processing Stats

File Path                                            PID    Runtime      # DAGs    # Errors  Last Runtime    Last Run               Last # of DB Queries
---------------------------------------------------  -----  ---------  --------  ----------  --------------  -------------------  ----------------------
/opt/airflow/dags/exemplos/example_distributed_3.py                           1           0  0.25s           2026-07-04T16:28:28                      10
/opt/airflow/dags/shopbrasil_panorama_precos.py                               1           0  0.19s           2026-07-04T16:28:30                      12
/opt/airflow/dags/exemplos/example_distributed_2.py                           1           0  0.18s           2026-07-04T16:28:28                      10
/opt/airflow/dags/exemplos/example_distributed.py                             1           0  0.16s           2026-07-04T16:28:30                      10
================================================================================
[2026-07-04T16:29:24.355+0000] {manager.py:997} INFO - 
================================================================================
DAG File Processing Stats

File Path                                            PID    Runtime      # DAGs    # Errors  Last Runtime    Last Run               Last # of DB Queries
---------------------------------------------------  -----  ---------  --------  ----------  --------------  -------------------  ----------------------
/opt/airflow/dags/shopbrasil_panorama_precos.py                               1           0  0.38s           2026-07-04T16:29:01                      12
/opt/airflow/dags/exemplos/example_distributed_3.py                           1           0  0.28s           2026-07-04T16:28:59                      10
/opt/airflow/dags/exemplos/example_distributed_2.py                           1           0  0.26s           2026-07-04T16:28:59                      10
/opt/airflow/dags/exemplos/example_distributed.py                             1           0  0.25s           2026-07-04T16:29:01                      10
================================================================================
[2026-07-04T16:29:55.170+0000] {manager.py:997} INFO - 
================================================================================
DAG File Processing Stats

File Path                                            PID    Runtime      # DAGs    # Errors  Last Runtime    Last Run               Last # of DB Queries
---------------------------------------------------  -----  ---------  --------  ----------  --------------  -------------------  ----------------------
/opt/airflow/dags/shopbrasil_panorama_precos.py                               1           0  0.36s           2026-07-04T16:29:32                      12
/opt/airflow/dags/exemplos/example_distributed.py                             1           0  0.29s           2026-07-04T16:29:31                      10
/opt/airflow/dags/exemplos/example_distributed_3.py                           1           0  0.25s           2026-07-04T16:29:29                      10
/opt/airflow/dags/exemplos/example_distributed_2.py                           1           0  0.23s           2026-07-04T16:29:29                      10
================================================================================
[2026-07-04T16:30:25.811+0000] {manager.py:997} INFO - 
================================================================================
DAG File Processing Stats

File Path                                            PID    Runtime      # DAGs    # Errors  Last Runtime    Last Run               Last # of DB Queries
---------------------------------------------------  -----  ---------  --------  ----------  --------------  -------------------  ----------------------
/opt/airflow/dags/exemplos/example_distributed_3.py                           1           0  0.27s           2026-07-04T16:30:00                      10
/opt/airflow/dags/shopbrasil_panorama_precos.py                               1           0  0.24s           2026-07-04T16:30:02                      12
/opt/airflow/dags/exemplos/example_distributed_2.py                           1           0  0.19s           2026-07-04T16:30:00                      10
/opt/airflow/dags/exemplos/example_distributed.py                             1           0  0.17s           2026-07-04T16:30:02                      10
================================================================================
[2026-07-04T16:30:56.552+0000] {manager.py:997} INFO - 
================================================================================
DAG File Processing Stats

File Path                                            PID    Runtime      # DAGs    # Errors  Last Runtime    Last Run               Last # of DB Queries
---------------------------------------------------  -----  ---------  --------  ----------  --------------  -------------------  ----------------------
/opt/airflow/dags/exemplos/example_distributed_3.py                           1           0  0.31s           2026-07-04T16:30:31                      10
/opt/airflow/dags/exemplos/example_distributed_2.py                           1           0  0.30s           2026-07-04T16:30:31                      10
/opt/airflow/dags/shopbrasil_panorama_precos.py                               1           0  0.20s           2026-07-04T16:30:33                      12
/opt/airflow/dags/exemplos/example_distributed.py                             1           0  0.17s           2026-07-04T16:30:33                      10
================================================================================
[2026-07-04T16:31:27.276+0000] {manager.py:997} INFO - 
================================================================================
DAG File Processing Stats

File Path                                            PID    Runtime      # DAGs    # Errors  Last Runtime    Last Run               Last # of DB Queries
---------------------------------------------------  -----  ---------  --------  ----------  --------------  -------------------  ----------------------
/opt/airflow/dags/shopbrasil_panorama_precos.py                               1           0  0.31s           2026-07-04T16:31:04                      12
/opt/airflow/dags/exemplos/example_distributed.py                             1           0  0.29s           2026-07-04T16:31:04                      10
/opt/airflow/dags/exemplos/example_distributed_3.py                           1           0  0.21s           2026-07-04T16:31:01                      10
/opt/airflow/dags/exemplos/example_distributed_2.py                           1           0  0.18s           2026-07-04T16:31:01                      10
================================================================================
[2026-07-04T16:31:57.809+0000] {manager.py:997} INFO - 
================================================================================
DAG File Processing Stats

File Path                                            PID    Runtime      # DAGs    # Errors  Last Runtime    Last Run               Last # of DB Queries
---------------------------------------------------  -----  ---------  --------  ----------  --------------  -------------------  ----------------------
/opt/airflow/dags/shopbrasil_panorama_precos.py                               1           0  0.26s           2026-07-04T16:31:34                      12
/opt/airflow/dags/exemplos/example_distributed_3.py                           1           0  0.25s           2026-07-04T16:31:32                      10
/opt/airflow/dags/exemplos/example_distributed_2.py                           1           0  0.23s           2026-07-04T16:31:32                      10
/opt/airflow/dags/exemplos/example_distributed.py                             1           0  0.23s           2026-07-04T16:31:34                      10
================================================================================
[2026-07-04T16:32:28.424+0000] {manager.py:997} INFO - 
================================================================================
DAG File Processing Stats

File Path                                            PID    Runtime      # DAGs    # Errors  Last Runtime    Last Run               Last # of DB Queries
---------------------------------------------------  -----  ---------  --------  ----------  --------------  -------------------  ----------------------
/opt/airflow/dags/shopbrasil_panorama_precos.py                               1           0  0.22s           2026-07-04T16:32:05                      12
/opt/airflow/dags/exemplos/example_distributed_3.py                           1           0  0.19s           2026-07-04T16:32:03                      10
/opt/airflow/dags/exemplos/example_distributed.py                             1           0  0.17s           2026-07-04T16:32:05                      10
/opt/airflow/dags/exemplos/example_distributed_2.py                           1           0  0.16s           2026-07-04T16:32:03                      10
================================================================================
[2026-07-04T16:32:59.174+0000] {manager.py:997} INFO - 
================================================================================
DAG File Processing Stats

File Path                                            PID    Runtime      # DAGs    # Errors  Last Runtime    Last Run               Last # of DB Queries
---------------------------------------------------  -----  ---------  --------  ----------  --------------  -------------------  ----------------------
/opt/airflow/dags/shopbrasil_panorama_precos.py                               1           0  0.46s           2026-07-04T16:32:36                      12
/opt/airflow/dags/exemplos/example_distributed_2.py                           1           0  0.24s           2026-07-04T16:32:33                      10
/opt/airflow/dags/exemplos/example_distributed.py                             1           0  0.23s           2026-07-04T16:32:35                      10
/opt/airflow/dags/exemplos/example_distributed_3.py                           1           0  0.22s           2026-07-04T16:32:33                      10
================================================================================
[2026-07-04T16:33:29.874+0000] {manager.py:997} INFO - 
================================================================================
DAG File Processing Stats

File Path                                            PID    Runtime      # DAGs    # Errors  Last Runtime    Last Run               Last # of DB Queries
---------------------------------------------------  -----  ---------  --------  ----------  --------------  -------------------  ----------------------
/opt/airflow/dags/shopbrasil_panorama_precos.py                               1           0  0.28s           2026-07-04T16:33:06                      12
/opt/airflow/dags/exemplos/example_distributed.py                             1           0  0.24s           2026-07-04T16:33:06                      10
/opt/airflow/dags/exemplos/example_distributed_3.py                           1           0  0.18s           2026-07-04T16:33:04                      10
/opt/airflow/dags/exemplos/example_distributed_2.py                           1           0  0.16s           2026-07-04T16:33:04                      10
================================================================================
[2026-07-04T16:33:32.888+0000] {manager.py:821} INFO - Searching for files in /opt/airflow/dags
[2026-07-04T16:33:32.892+0000] {manager.py:824} INFO - There are 4 files in /opt/airflow/dags
[2026-07-04T16:34:00.382+0000] {manager.py:997} INFO - 
================================================================================
DAG File Processing Stats

File Path                                            PID    Runtime      # DAGs    # Errors  Last Runtime    Last Run               Last # of DB Queries
---------------------------------------------------  -----  ---------  --------  ----------  --------------  -------------------  ----------------------
/opt/airflow/dags/exemplos/example_distributed_3.py                           1           0  0.22s           2026-07-04T16:33:35                      10
/opt/airflow/dags/shopbrasil_panorama_precos.py                               1           0  0.20s           2026-07-04T16:33:37                      12
/opt/airflow/dags/exemplos/example_distributed_2.py                           1           0  0.20s           2026-07-04T16:33:35                      10
/opt/airflow/dags/exemplos/example_distributed.py                             1           0  0.17s           2026-07-04T16:33:37                      10
================================================================================
[2026-07-04T16:34:30.919+0000] {manager.py:997} INFO - 
================================================================================
DAG File Processing Stats

File Path                                            PID    Runtime      # DAGs    # Errors  Last Runtime    Last Run               Last # of DB Queries
---------------------------------------------------  -----  ---------  --------  ----------  --------------  -------------------  ----------------------
/opt/airflow/dags/exemplos/example_distributed_3.py                           1           0  0.30s           2026-07-04T16:34:05                      10
/opt/airflow/dags/shopbrasil_panorama_precos.py                               1           0  0.29s           2026-07-04T16:34:07                      12
/opt/airflow/dags/exemplos/example_distributed_2.py                           1           0  0.28s           2026-07-04T16:34:05                      10
/opt/airflow/dags/exemplos/example_distributed.py                             1           0  0.23s           2026-07-04T16:34:07                      10
================================================================================
[2026-07-04T16:35:01.633+0000] {manager.py:997} INFO - 
================================================================================
DAG File Processing Stats

File Path                                            PID    Runtime      # DAGs    # Errors  Last Runtime    Last Run               Last # of DB Queries
---------------------------------------------------  -----  ---------  --------  ----------  --------------  -------------------  ----------------------
/opt/airflow/dags/exemplos/example_distributed_3.py                           1           0  0.28s           2026-07-04T16:34:36                      10
/opt/airflow/dags/exemplos/example_distributed_2.py                           1           0  0.23s           2026-07-04T16:34:36                      10
/opt/airflow/dags/shopbrasil_panorama_precos.py                               1           0  0.20s           2026-07-04T16:34:38                      12
/opt/airflow/dags/exemplos/example_distributed.py                             1           0  0.16s           2026-07-04T16:34:38                      10
================================================================================
[2026-07-04T16:35:32.253+0000] {manager.py:997} INFO - 
================================================================================
DAG File Processing Stats

File Path                                            PID    Runtime      # DAGs    # Errors  Last Runtime    Last Run               Last # of DB Queries
---------------------------------------------------  -----  ---------  --------  ----------  --------------  -------------------  ----------------------
/opt/airflow/dags/shopbrasil_panorama_precos.py                               1           0  0.19s           2026-07-04T16:35:09                      12
/opt/airflow/dags/exemplos/example_distributed_3.py                           1           0  0.19s           2026-07-04T16:35:06                      10
/opt/airflow/dags/exemplos/example_distributed_2.py                           1           0  0.17s           2026-07-04T16:35:06                      10
/opt/airflow/dags/exemplos/example_distributed.py                             1           0  0.16s           2026-07-04T16:35:09                      10
================================================================================
[2026-07-04T16:36:02.915+0000] {manager.py:997} INFO - 
================================================================================
DAG File Processing Stats

File Path                                            PID    Runtime      # DAGs    # Errors  Last Runtime    Last Run               Last # of DB Queries
---------------------------------------------------  -----  ---------  --------  ----------  --------------  -------------------  ----------------------
/opt/airflow/dags/exemplos/example_distributed_3.py                           1           0  0.26s           2026-07-04T16:35:37                      10
/opt/airflow/dags/exemplos/example_distributed_2.py                           1           0  0.22s           2026-07-04T16:35:37                      10
/opt/airflow/dags/shopbrasil_panorama_precos.py                               1           0  0.19s           2026-07-04T16:35:39                      12
/opt/airflow/dags/exemplos/example_distributed.py                             1           0  0.16s           2026-07-04T16:35:39                      10
================================================================================
